ISO-10303-21;
HEADER;
FILE_DESCRIPTION (( 'STEP AP203' ),
    '1' );
FILE_NAME ('stamp_arm.stp',
    '2026-06-06T14:14:50',
    ( '' ),
    ( '' ),
    'SwSTEP 2.0',
    'SolidWorks 2024',
    '' );
FILE_SCHEMA (( 'CONFIG_CONTROL_DESIGN' ));
ENDSEC;

DATA;
#1 = DIRECTION ( 'NONE',  ( 0.000000000000000000, 1.000000000000000000, 0.000000000000000000 ) ) ;
#2 = AXIS2_PLACEMENT_3D ( 'NONE', #4705, #3371, #2984 ) ;
#3 = PRODUCT_DEFINITION ( 'ๆ', '', #3195, #347 ) ;
#4 = VERTEX_POINT ( 'NONE', #1716 ) ;
#5 = ORIENTED_EDGE ( 'NONE', *, *, #3932, .T. ) ;
#6 = AXIS2_PLACEMENT_3D ( 'NONE', #3520, #2746, #2774 ) ;
#7 = CARTESIAN_POINT ( 'NONE',  ( 0.000000000000000000, 300.0000000000000000, 25.00000000000000000 ) ) ;
#8 = SHAPE_REPRESENTATION_RELATIONSHIP ( 'NONE' , 'NONE' ,  #3944, #1847 ) ;
#9 = CC_DESIGN_APPROVAL ( #2706, ( #1958 ) ) ;
#10 = VECTOR ( 'NONE', #4111, 1000.000000000000000 ) ;
#11 = ADVANCED_FACE ( 'NONE', ( #4369 ), #122, .F. ) ;
#12 = DATE_AND_TIME ( #1123, #2234 ) ;
#13 = ORIENTED_EDGE ( 'NONE', *, *, #2392, .T. ) ;
#14 = CARTESIAN_POINT ( 'NONE',  ( 0.000000000000000000, 75.00000000000000000, 0.000000000000000000 ) ) ;
#15 = ORIENTED_EDGE ( 'NONE', *, *, #2911, .F. ) ;
#16 = LOCAL_TIME ( 22, 14, 50.00000000000000000, #3946 ) ;
#17 = VECTOR ( 'NONE', #4771, 1000.000000000000000 ) ;
#18 = CARTESIAN_POINT ( 'NONE',  ( -25.00000000000000000, 50.00000000000000000, 12.50000000000000000 ) ) ;
#19 = CARTESIAN_POINT ( 'NONE',  ( -299.9999999999998863, -800.0000000000000000, -249.9999999999999432 ) ) ;
#20 = ADVANCED_FACE ( 'NONE', ( #1757, #1007 ), #4280, .F. ) ;
#21 = CC_DESIGN_SECURITY_CLASSIFICATION ( #3990, ( #175 ) ) ;
#22 = DIRECTION ( 'NONE',  ( 1.000000000000000000, 0.000000000000000000, 0.000000000000000000 ) ) ;
#23 = COORDINATED_UNIVERSAL_TIME_OFFSET ( 8, 0, .AHEAD. ) ;
#24 = ORIENTED_EDGE ( 'NONE', *, *, #1819, .T. ) ;
#25 = CARTESIAN_POINT ( 'NONE',  ( 0.000000000000000000, 0.000000000000000000, 50.00000000000000000 ) ) ;
#26 = CARTESIAN_POINT ( 'NONE',  ( -299.9999999999998295, -800.0000000000000000, 250.0000000000000568 ) ) ;
#27 = LOCAL_TIME ( 22, 14, 50.00000000000000000, #566 ) ;
#28 = DIRECTION ( 'NONE',  ( -0.000000000000000000, -0.000000000000000000, 1.000000000000000000 ) ) ;
#29 = DATE_TIME_ROLE ( 'classification_date' ) ;
#30 = CYLINDRICAL_SURFACE ( 'NONE', #4680, 7.500000000000000000 ) ;
#31 = ORIENTED_EDGE ( 'NONE', *, *, #1291, .T. ) ;
#32 = FACE_OUTER_BOUND ( 'NONE', #893, .T. ) ;
#33 = CC_DESIGN_DATE_AND_TIME_ASSIGNMENT ( #3934, #475, ( #1270 ) ) ;
#34 = ORIENTED_EDGE ( 'NONE', *, *, #2632, .T. ) ;
#35 = DIRECTION ( 'NONE',  ( -0.000000000000000000, 1.000000000000000000, 0.000000000000000000 ) ) ;
#36 = ORIENTED_EDGE ( 'NONE', *, *, #3661, .T. ) ;
#37 = LINE ( 'NONE', #3414, #3263 ) ;
#38 = ADVANCED_FACE ( 'NONE', ( #572 ), #1533, .T. ) ;
#39 = FACE_OUTER_BOUND ( 'NONE', #2494, .T. ) ;
#40 = CARTESIAN_POINT ( 'NONE',  ( 7.500000000000000000, 2.101339093494567144E-15, 5.000000000000000000 ) ) ;
#41 = ORIENTED_EDGE ( 'NONE', *, *, #3724, .T. ) ;
#42 = DIRECTION ( 'NONE',  ( -0.000000000000000000, 1.000000000000000000, -0.000000000000000000 ) ) ;
#43 = EDGE_CURVE ( 'NONE', #2199, #3993, #1001, .T. ) ;
#44 = CARTESIAN_POINT ( 'NONE',  ( -2.499999999999992895, -20.00000000000000355, 0.000000000000000000 ) ) ;
#45 = DATE_AND_TIME ( #3930, #2961 ) ;
#46 = CARTESIAN_POINT ( 'NONE',  ( 0.000000000000000000, 80.00000000000000000, 0.000000000000000000 ) ) ;
#47 = EDGE_CURVE ( 'NONE', #2516, #1613, #2446, .T. ) ;
#48 = ORIENTED_EDGE ( 'NONE', *, *, #4212, .T. ) ;
#49 = ORIENTED_EDGE ( 'NONE', *, *, #4007, .T. ) ;
#50 = CARTESIAN_POINT ( 'NONE',  ( 1.224646799147353256E-15, 75.00000000000000000, 10.00000000000000000 ) ) ;
#51 = VERTEX_POINT ( 'NONE', #4524 ) ;
#52 = DIRECTION ( 'NONE',  ( 1.000000000000000000, 0.000000000000000000, 0.000000000000000000 ) ) ;
#53 = CLOSED_SHELL ( 'NONE', ( #4003, #2425, #3482, #1551, #293, #1771, #707, #3539, #281, #3409, #562, #2537, #4242, #2867, #2658, #59, #4611, #1655 ) ) ;
#54 = VERTEX_POINT ( 'NONE', #2046 ) ;
#55 = CARTESIAN_POINT ( 'NONE',  ( 7.500000000000000000, 300.0000000000000000, 15.00000000000001421 ) ) ;
#56 = PLANE ( 'NONE',  #1030 ) ;
#57 = CARTESIAN_POINT ( 'NONE',  ( 4.791528850480152211E-15, 20.00000000000000355, 5.000000000000000000 ) ) ;
#58 = CIRCLE ( 'NONE', #3797, 7.500000000000000000 ) ;
#59 = ADVANCED_FACE ( 'NONE', ( #1605 ), #1229, .F. ) ;
#60 = DIRECTION ( 'NONE',  ( -0.9583168983834733368, -1.325222725203258067E-19, -0.2857074067515221749 ) ) ;
#61 = DIRECTION ( 'NONE',  ( 1.239088197126290570E-16, 0.000000000000000000, 1.000000000000000000 ) ) ;
#62 = ORIENTED_EDGE ( 'NONE', *, *, #3228, .F. ) ;
#63 = CARTESIAN_POINT ( 'NONE',  ( 0.000000000000000000, 250.0000000000000000, 37.50000000000000711 ) ) ;
#64 = CIRCLE ( 'NONE', #1875, 7.500000000000000888 ) ;
#65 = EDGE_CURVE ( 'NONE', #2544, #4117, #3451, .T. ) ;
#66 = DIRECTION ( 'NONE',  ( 0.000000000000000000, -0.000000000000000000, 1.000000000000000000 ) ) ;
#67 = DIRECTION ( 'NONE',  ( 1.000000000000000000, -0.000000000000000000, -0.000000000000000000 ) ) ;
#68 = AXIS2_PLACEMENT_3D ( 'NONE', #403, #3430, #4106 ) ;
#70 = ORIENTED_EDGE ( 'NONE', *, *, #1735, .F. ) ;
#69 = EDGE_CURVE ( 'NONE', #1791, #1618, #567, .T. ) ;
#71 = APPLICATION_CONTEXT ( 'configuration controlled 3d designs of mechanical parts and assemblies' ) ;
#72 = ORIENTED_EDGE ( 'NONE', *, *, #3533, .T. ) ;
#73 = CARTESIAN_POINT ( 'NONE',  ( 5.000000000000000000, 0.000000000000000000, 0.000000000000000000 ) ) ;
#74 = VECTOR ( 'NONE', #3728, 1000.000000000000000 ) ;
#75 = CARTESIAN_POINT ( 'NONE',  ( -176.0420775404131177, 114.9999999999999005, 7.142685168788077021 ) ) ;
#76 = PERSON ( 'NAUO-PER4', 'UNSPECIFIED', 'UNSPECIFIED', ('UNSPECIFIED'), ('UNSPECIFIED'), ('UNSPECIFIED') ) ;
#77 = CIRCLE ( 'NONE', #4221, 25.00000000000000000 ) ;
#78 = ORIENTED_EDGE ( 'NONE', *, *, #3304, .F. ) ;
#79 = CARTESIAN_POINT ( 'NONE',  ( 0.000000000000000000, 300.0000000000000000, 10.00000000000001243 ) ) ;
#80 = ORIENTED_EDGE ( 'NONE', *, *, #324, .T. ) ;
#81 = CARTESIAN_POINT ( 'NONE',  ( 0.000000000000000000, 20.00000000000000000, 0.000000000000000000 ) ) ;
#82 = CYLINDRICAL_SURFACE ( 'NONE', #94, 10.00000000000000000 ) ;
#83 = ORGANIZATION ( 'ๆช', 'ๆช', '' ) ;
#84 = AXIS2_PLACEMENT_3D ( 'NONE', #2818, #913, #3987 ) ;
#85 = APPROVAL_PERSON_ORGANIZATION ( #1011, #4812, #668 ) ;
#86 = VECTOR ( 'NONE', #374, 1000.000000000000000 ) ;
#87 = DIRECTION ( 'NONE',  ( -0.000000000000000000, -0.000000000000000000, 1.000000000000000000 ) ) ;
#88 = CALENDAR_DATE ( 2026, 6, 6 ) ;
#89 = ORIENTED_EDGE ( 'NONE', *, *, #1444, .T. ) ;
#90 = CARTESIAN_POINT ( 'NONE',  ( 5.000000000000003553, 300.0000000000000000, 0.000000000000000000 ) ) ;
#91 = FACE_BOUND ( 'NONE', #844, .T. ) ;
#92 = CC_DESIGN_PERSON_AND_ORGANIZATION_ASSIGNMENT ( #751, #2645, ( #2956 ) ) ;
#93 = APPROVAL_PERSON_ORGANIZATION ( #2419, #1926, #4305 ) ;
#94 = AXIS2_PLACEMENT_3D ( 'NONE', #1599, #2695, #2015 ) ;
#95 = PLANE ( 'NONE',  #3009 ) ;
#96 = PERSON_AND_ORGANIZATION ( #3229, #83 ) ;
#97 = PERSON_AND_ORGANIZATION_ROLE ( 'creator' ) ;
#98 = DIRECTION ( 'NONE',  ( 1.000000000000000000, 0.000000000000000000, 0.000000000000000000 ) ) ;
#99 = ORIENTED_EDGE ( 'NONE', *, *, #2999, .F. ) ;
#100 = EDGE_CURVE ( 'NONE', #4412, #4809, #2400, .T. ) ;
#101 = ORIENTED_EDGE ( 'NONE', *, *, #4849, .F. ) ;
#102 = PERSON_AND_ORGANIZATION ( #3229, #83 ) ;
#103 = ORIENTED_EDGE ( 'NONE', *, *, #4607, .T. ) ;
#104 = CARTESIAN_POINT ( 'NONE',  ( -21.65063509461096913, 114.9999999999999858, -12.50000000000000000 ) ) ;
#105 = EDGE_CURVE ( 'NONE', #3593, #2516, #1392, .T. ) ;
#106 = VERTEX_POINT ( 'NONE', #3537 ) ;
#107 = ORIENTED_EDGE ( 'NONE', *, *, #348, .F. ) ;
#108 = CARTESIAN_POINT ( 'NONE',  ( -7.500000000000000000, 42.50000000000000000, 37.50000000000000711 ) ) ;
#109 = EDGE_LOOP ( 'NONE', ( #2148, #1452, #1807, #436, #2913, #1293, #2723, #229, #2111, #4215 ) ) ;
#110 = CARTESIAN_POINT ( 'NONE',  ( -299.9999999999998295, 30.00000000000000000, 300.0000000000000568 ) ) ;
#111 = FACE_OUTER_BOUND ( 'NONE', #205, .T. ) ;
#112 = COORDINATED_UNIVERSAL_TIME_OFFSET ( 8, 0, .AHEAD. ) ;
#113 = CYLINDRICAL_SURFACE ( 'NONE', #3725, 5.000000000000000000 ) ;
#114 = ORIENTED_EDGE ( 'NONE', *, *, #713, .F. ) ;
#115 = DIRECTION ( 'NONE',  ( 0.000000000000000000, -1.000000000000000000, 0.000000000000000000 ) ) ;
#116 = DIRECTION ( 'NONE',  ( -0.000000000000000000, -1.000000000000000000, -0.000000000000000000 ) ) ;
#117 = CC_DESIGN_PERSON_AND_ORGANIZATION_ASSIGNMENT ( #1233, #3529, ( #431 ) ) ;
#118 = CARTESIAN_POINT ( 'NONE',  ( 0.000000000000000000, 0.000000000000000000, 14.99999999999997513 ) ) ;
#119 = COORDINATED_UNIVERSAL_TIME_OFFSET ( 8, 0, .AHEAD. ) ;
#120 =( REPRESENTATION_RELATIONSHIP ('NONE','NONE', #696, #1010 ) REPRESENTATION_RELATIONSHIP_WITH_TRANSFORMATION ( #3608 )SHAPE_REPRESENTATION_RELATIONSHIP( ) );
#121 = CARTESIAN_POINT ( 'NONE',  ( -5.000000000000000000, 6.123233995736766282E-16, 9.999999999999973355 ) ) ;
#122 = PLANE ( 'NONE',  #378 ) ;
#123 = PRODUCT_RELATED_PRODUCT_CATEGORY ( 'detail', '', ( #3924 ) ) ;
#124 = COORDINATED_UNIVERSAL_TIME_OFFSET ( 8, 0, .AHEAD. ) ;
#125 = ORIENTED_EDGE ( 'NONE', *, *, #2489, .T. ) ;
#126 = LINE ( 'NONE', #3535, #1981 ) ;
#127 = EDGE_LOOP ( 'NONE', ( #4391, #413, #2414, #15 ) ) ;
#128 = EDGE_CURVE ( 'NONE', #3038, #3149, #4340, .T. ) ;
#129 = VERTEX_POINT ( 'NONE', #4692 ) ;
#130 = CARTESIAN_POINT ( 'NONE',  ( 299.9999999999998863, 0.000000000000000000, -249.9999999999999432 ) ) ;
#131 = ORIENTED_EDGE ( 'NONE', *, *, #1639, .F. ) ;
#132 = CARTESIAN_POINT ( 'NONE',  ( -25.00000000000000000, 90.00000000000000000, 0.000000000000000000 ) ) ;
#133 = DIRECTION ( 'NONE',  ( 0.000000000000000000, 1.000000000000000000, 0.000000000000000000 ) ) ;
#134 = EDGE_CURVE ( 'NONE', #1254, #3964, #1268, .T. ) ;
#135 = CLOSED_SHELL ( 'NONE', ( #1072, #2106, #4508, #3758, #1968, #4789, #3970, #2839, #4817, #4148, #649, #189, #2241, #2741, #1707, #4054, #4672, #3869, #1671, #3376, #1376, #4273 ) ) ;
#136 = AXIS2_PLACEMENT_3D ( 'NONE', #800, #3891, #3460 ) ;
#137 = APPROVAL_STATUS ( 'not_yet_approved' ) ;
#138 = LINE ( 'NONE', #3277, #3246 ) ;
#139 = ORIENTED_EDGE ( 'NONE', *, *, #672, .F. ) ;
#140 = PLANE ( 'NONE',  #711 ) ;
#141 = CARTESIAN_POINT ( 'NONE',  ( 0.000000000000000000, 80.00000000000000000, 0.000000000000000000 ) ) ;
#142 = CIRCLE ( 'NONE', #3558, 5.000000000000000000 ) ;
#143 = DIRECTION ( 'NONE',  ( 0.000000000000000000, 1.000000000000000000, 0.000000000000000000 ) ) ;
#144 = AXIS2_PLACEMENT_3D ( 'NONE', #3703, #2258, #4152 ) ;
#145 = DATE_AND_TIME ( #2758, #3672 ) ;
#146 = DIRECTION ( 'NONE',  ( 0.000000000000000000, 0.000000000000000000, -1.000000000000000000 ) ) ;
#147 = DIRECTION ( 'NONE',  ( -1.000000000000000000, 0.000000000000000000, 1.982541115402065110E-16 ) ) ;
#148 = VECTOR ( 'NONE', #1095, 1000.000000000000000 ) ;
#149 = APPROVAL_ROLE ( '' ) ;
#150 = ORIENTED_EDGE ( 'NONE', *, *, #3562, .F. ) ;
#151 = CARTESIAN_POINT ( 'NONE',  ( 1.858632295689435609E-15, 5.000000000000000000, 0.000000000000000000 ) ) ;
#152 = APPROVAL ( #2272, 'ๆช' ) ;
#153 = ORIENTED_EDGE ( 'NONE', *, *, #1101, .T. ) ;
#154 = ORIENTED_EDGE ( 'NONE', *, *, #1316, .T. ) ;
#155 = CIRCLE ( 'NONE', #1021, 7.500000000000000000 ) ;
#156 = DIRECTION ( 'NONE',  ( -0.000000000000000000, -0.000000000000000000, 1.000000000000000000 ) ) ;
#157 = ORIENTED_EDGE ( 'NONE', *, *, #4617, .F. ) ;
#158 = LINE ( 'NONE', #1644, #4298 ) ;
#159 = DIRECTION ( 'NONE',  ( -0.000000000000000000, -0.000000000000000000, -1.000000000000000000 ) ) ;
#160 = EDGE_CURVE ( 'NONE', #3917, #3129, #652, .T. ) ;
#161 = CIRCLE ( 'NONE', #866, 40.00000000000000000 ) ;
#162 = EDGE_LOOP ( 'NONE', ( #4517, #578, #2861, #2045 ) ) ;
#163 = PERSON_AND_ORGANIZATION_ROLE ( 'classification_officer' ) ;
#164 = FACE_OUTER_BOUND ( 'NONE', #1044, .T. ) ;
#165 = EDGE_LOOP ( 'NONE', ( #3097, #4365, #653, #3056 ) ) ;
#166 = AXIS2_PLACEMENT_3D ( 'NONE', #4821, #1425, #2254 ) ;
#167 = DIRECTION ( 'NONE',  ( -4.336808689942017120E-17, -1.000000000000000000, 0.000000000000000000 ) ) ;
#168 = CARTESIAN_POINT ( 'NONE',  ( 5.000000000000000000, 0.000000000000000000, 9.999999999999973355 ) ) ;
#169 = EDGE_CURVE ( 'NONE', #3541, #3925, #3715, .T. ) ;
#170 = APPROVAL_PERSON_ORGANIZATION ( #4568, #2522, #3410 ) ;
#171 = AXIS2_PLACEMENT_3D ( 'NONE', #1734, #280, #2540 ) ;
#172 = DIRECTION ( 'NONE',  ( 0.000000000000000000, 0.000000000000000000, 1.000000000000000000 ) ) ;
#173 = PERSON_AND_ORGANIZATION ( #4297, #177 ) ;
#174 = DIRECTION ( 'NONE',  ( 0.000000000000000000, 0.000000000000000000, 1.000000000000000000 ) ) ;
#175 = PRODUCT_DEFINITION_FORMATION_WITH_SPECIFIED_SOURCE ( 'ไป', '', #2564, .NOT_KNOWN. ) ;
#176 = VECTOR ( 'NONE', #4811, 1000.000000000000000 ) ;
#177 = ORGANIZATION ( 'NAUO-ORG3', 'UNSPECIFIED', 'UNSPECIFIED' ) ;
#178 = AXIS2_PLACEMENT_3D ( 'NONE', #57, #4220, #1202 ) ;
#179 = PERSON_AND_ORGANIZATION ( #3229, #83 ) ;
#180 = DIRECTION ( 'NONE',  ( 0.000000000000000000, 0.000000000000000000, 1.000000000000000000 ) ) ;
#181 = ORGANIZATION ( 'NAUO-ORG7', 'UNSPECIFIED', 'UNSPECIFIED' ) ;
#182 = ORIENTED_EDGE ( 'NONE', *, *, #3789, .T. ) ;
#183 = VERTEX_POINT ( 'NONE', #2732 ) ;
#184 = CC_DESIGN_PERSON_AND_ORGANIZATION_ASSIGNMENT ( #4051, #197, ( #3428 ) ) ;
#185 = ORIENTED_EDGE ( 'NONE', *, *, #2812, .T. ) ;
#186 = DIRECTION ( 'NONE',  ( -1.000000000000000000, 0.000000000000000000, 1.850371707708594563E-16 ) ) ;
#187 = FACE_BOUND ( 'NONE', #4646, .T. ) ;
#188 = DATE_TIME_ROLE ( 'creation_date' ) ;
#189 = ADVANCED_FACE ( 'NONE', ( #445, #2357, #3501 ), #2754, .F. ) ;
#190 = CARTESIAN_POINT ( 'NONE',  ( 3.469446951953614189E-15, 90.00000000000000000, 12.50000000000000000 ) ) ;
#191 = ORIENTED_EDGE ( 'NONE', *, *, #2859, .F. ) ;
#192 = DIRECTION ( 'NONE',  ( 1.000000000000000000, -0.000000000000000000, -0.000000000000000000 ) ) ;
#193 = DIRECTION ( 'NONE',  ( 1.000000000000000000, 0.000000000000000000, -0.000000000000000000 ) ) ;
#194 = CARTESIAN_POINT ( 'NONE',  ( 7.500000000000000000, 0.000000000000000000, 50.00000000000000000 ) ) ;
#195 = EDGE_CURVE ( 'NONE', #4000, #1091, #3472, .T. ) ;
#196 = CARTESIAN_POINT ( 'NONE',  ( -7.499999999999993783, 20.00000000000000000, 5.000000000000000000 ) ) ;
#197 = PERSON_AND_ORGANIZATION_ROLE ( 'classification_officer' ) ;
#198 = ORIENTED_EDGE ( 'NONE', *, *, #546, .F. ) ;
#199 = CARTESIAN_POINT ( 'NONE',  ( 3.469446951953614189E-15, 90.00000000000000000, 12.50000000000000000 ) ) ;
#200 = EDGE_CURVE ( 'NONE', #4399, #3898, #1306, .T. ) ;
#201 = APPROVAL_ROLE ( '' ) ;
#202 = VERTEX_POINT ( 'NONE', #4681 ) ;
#203 = CARTESIAN_POINT ( 'NONE',  ( 0.000000000000000000, 250.0000000000000000, 0.000000000000000000 ) ) ;
#204 = ORIENTED_EDGE ( 'NONE', *, *, #1159, .F. ) ;
#205 = EDGE_LOOP ( 'NONE', ( #4366, #4349 ) ) ;
#206 = ORIENTED_EDGE ( 'NONE', *, *, #1794, .T. ) ;
#207 = ORIENTED_EDGE ( 'NONE', *, *, #3238, .F. ) ;
#208 = PERSON_AND_ORGANIZATION_ROLE ( 'design_supplier' ) ;
#209 = DIRECTION ( 'NONE',  ( 0.000000000000000000, -0.000000000000000000, 1.000000000000000000 ) ) ;
#210 = ORIENTED_EDGE ( 'NONE', *, *, #287, .F. ) ;
#211 = FACE_OUTER_BOUND ( 'NONE', #4443, .T. ) ;
#212 = DIRECTION ( 'NONE',  ( -0.000000000000000000, -0.000000000000000000, 1.000000000000000000 ) ) ;
#213 = CC_DESIGN_PERSON_AND_ORGANIZATION_ASSIGNMENT ( #4767, #1675, ( #3195 ) ) ;
#214 = VECTOR ( 'NONE', #1416, 1000.000000000000000 ) ;
#215 = CARTESIAN_POINT ( 'NONE',  ( -7.500000000000000000, 257.5000000000000000, 12.50000000000001066 ) ) ;
#216 = COORDINATED_UNIVERSAL_TIME_OFFSET ( 8, 0, .AHEAD. ) ;
#217 = ORIENTED_EDGE ( 'NONE', *, *, #221, .T. ) ;
#218 = CARTESIAN_POINT ( 'NONE',  ( -249.9999999999998863, -800.0000000000000000, -249.9999999999999432 ) ) ;
#219 = VECTOR ( 'NONE', #1556, 1000.000000000000000 ) ;
#220 = SHAPE_REPRESENTATION ( 'link2_upper_arm', ( #4310 ), #2551 ) ;
#221 = EDGE_CURVE ( 'NONE', #4585, #1144, #3606, .T. ) ;
#222 =( REPRESENTATION_RELATIONSHIP ('NONE','NONE', #696, #3944 ) REPRESENTATION_RELATIONSHIP_WITH_TRANSFORMATION ( #1502 )SHAPE_REPRESENTATION_RELATIONSHIP( ) );
#223 = VECTOR ( 'NONE', #4683, 1000.000000000000000 ) ;
#224 = MECHANICAL_CONTEXT ( 'NONE', #3832, 'mechanical' ) ;
#225 = ORIENTED_EDGE ( 'NONE', *, *, #4155, .T. ) ;
#226 = DIRECTION ( 'NONE',  ( 0.000000000000000000, 0.000000000000000000, -1.000000000000000000 ) ) ;
#227 = VECTOR ( 'NONE', #3855, 1000.000000000000000 ) ;
#228 = ADVANCED_FACE ( 'NONE', ( #1718 ), #1617, .T. ) ;
#229 = ORIENTED_EDGE ( 'NONE', *, *, #195, .T. ) ;
#230 = ORIENTED_EDGE ( 'NONE', *, *, #3068, .F. ) ;
#231 = ORIENTED_EDGE ( 'NONE', *, *, #2358, .T. ) ;
#232 = CARTESIAN_POINT ( 'NONE',  ( 0.000000000000000000, 0.000000000000000000, 0.000000000000000000 ) ) ;
#233 = EDGE_CURVE ( 'NONE', #2088, #2137, #2997, .T. ) ;
#234 = AXIS2_PLACEMENT_3D ( 'NONE', #4130, #4584, #717 ) ;
#235 = APPROVAL_STATUS ( 'not_yet_approved' ) ;
#236 = CYLINDRICAL_SURFACE ( 'NONE', #1414, 5.000000000000000000 ) ;
#237 = VERTEX_POINT ( 'NONE', #2573 ) ;
#238 = CARTESIAN_POINT ( 'NONE',  ( 5.000000000000000000, 0.000000000000000000, 0.000000000000000000 ) ) ;
#239 = DIRECTION ( 'NONE',  ( -0.000000000000000000, -0.000000000000000000, 1.000000000000000000 ) ) ;
#240 = VECTOR ( 'NONE', #2151, 1000.000000000000000 ) ;
#241 = DESIGN_CONTEXT ( 'detailed design', #2297, 'design' ) ;
#242 = CIRCLE ( 'NONE', #4136, 10.00000000000000000 ) ;
#243 = DIRECTION ( 'NONE',  ( 0.000000000000000000, 0.000000000000000000, 1.000000000000000000 ) ) ;
#244 = CALENDAR_DATE ( 2026, 6, 6 ) ;
#245 = CC_DESIGN_PERSON_AND_ORGANIZATION_ASSIGNMENT ( #2027, #892, ( #3347 ) ) ;
#246 = CARTESIAN_POINT ( 'NONE',  ( 249.9999999999998295, -800.0000000000000000, 250.0000000000000568 ) ) ;
#247 = SECURITY_CLASSIFICATION ( '', '', #2482 ) ;
#248 = CIRCLE ( 'NONE', #1434, 5.000000000000001776 ) ;
#249 = SECURITY_CLASSIFICATION_LEVEL ( 'unclassified' ) ;
#250 = LOCAL_TIME ( 22, 14, 50.00000000000000000, #1422 ) ;
#251 = ORIENTED_EDGE ( 'NONE', *, *, #2294, .T. ) ;
#252 = VECTOR ( 'NONE', #1381, 1000.000000000000000 ) ;
#253 = EDGE_CURVE ( 'NONE', #1018, #2665, #358, .T. ) ;
#254 = CARTESIAN_POINT ( 'NONE',  ( 21.65063509461096913, 102.5000000000000142, -12.50000000000000000 ) ) ;
#255 = DIRECTION ( 'NONE',  ( 0.000000000000000000, 0.000000000000000000, 1.000000000000000000 ) ) ;
#256 = SECURITY_CLASSIFICATION ( '', '', #743 ) ;
#257 = ORIENTED_EDGE ( 'NONE', *, *, #1825, .T. ) ;
#258 = EDGE_LOOP ( 'NONE', ( #4676, #1693, #405, #4226 ) ) ;
#259 = ADVANCED_FACE ( 'NONE', ( #3870 ), #3030, .F. ) ;
#260 = PRODUCT_DEFINITION_SHAPE ( 'NONE', 'NONE',  #4919 ) ;
#261 = ORIENTED_EDGE ( 'NONE', *, *, #4682, .F. ) ;
#262 = CC_DESIGN_APPROVAL ( #2830, ( #4316 ) ) ;
#263 = APPROVAL_PERSON_ORGANIZATION ( #1557, #839, #2814 ) ;
#264 = DIRECTION ( 'NONE',  ( 0.000000000000000000, 0.000000000000000000, 1.000000000000000000 ) ) ;
#265 = CARTESIAN_POINT ( 'NONE',  ( -299.9999999999998863, 0.000000000000000000, -249.9999999999999432 ) ) ;
#266 = ORIENTED_EDGE ( 'NONE', *, *, #1214, .T. ) ;
#267 = ADVANCED_BREP_SHAPE_REPRESENTATION ( '', ( #3653, #4310 ), #1519 ) ;
#268 = DATE_AND_TIME ( #4415, #4307 ) ;
#269 = ADVANCED_FACE ( 'NONE', ( #1943 ), #3302, .F. ) ;
#270 = DIRECTION ( 'NONE',  ( -0.000000000000000000, 1.000000000000000000, -0.000000000000000000 ) ) ;
#271 = ORIENTED_EDGE ( 'NONE', *, *, #4311, .F. ) ;
#272 = PLANE ( 'NONE',  #166 ) ;
#273 = FACE_OUTER_BOUND ( 'NONE', #4782, .T. ) ;
#274 = DIRECTION ( 'NONE',  ( 0.000000000000000000, -1.156482317317870492E-16, 1.000000000000000000 ) ) ;
#275 = ORIENTED_EDGE ( 'NONE', *, *, #4396, .T. ) ;
#276 = DIRECTION ( 'NONE',  ( 0.000000000000000000, 0.000000000000000000, -1.000000000000000000 ) ) ;
#277 = COORDINATED_UNIVERSAL_TIME_OFFSET ( 8, 0, .AHEAD. ) ;
#278 = EDGE_LOOP ( 'NONE', ( #2365, #3085 ) ) ;
#279 = CARTESIAN_POINT ( 'NONE',  ( 300.0000000000001705, 0.000000000000000000, -300.0000000000000568 ) ) ;
#280 = DIRECTION ( 'NONE',  ( 0.000000000000000000, 0.000000000000000000, 1.000000000000000000 ) ) ;
#281 = ADVANCED_FACE ( 'NONE', ( #968 ), #597, .T. ) ;
#282 = VERTEX_POINT ( 'NONE', #55 ) ;
#283 = EDGE_LOOP ( 'NONE', ( #3587, #1523, #759, #36 ) ) ;
#284 = ORIENTED_EDGE ( 'NONE', *, *, #4430, .T. ) ;
#285 = DIRECTION ( 'NONE',  ( 1.000000000000000000, 0.000000000000000000, 0.000000000000000000 ) ) ;
#286 = MANIFOLD_SOLID_BREP ( '\X2\52079664\X0\-\X2\62c94f38\X0\2', #3554 ) ;
#287 = EDGE_CURVE ( 'NONE', #337, #51, #3164, .T. ) ;
#288 = APPLICATION_PROTOCOL_DEFINITION ( 'international standard', 'config_control_design', 1994, #3471 ) ;
#289 = DIRECTION ( 'NONE',  ( -0.000000000000000000, -0.000000000000000000, -1.000000000000000000 ) ) ;
#290 = ORIENTED_EDGE ( 'NONE', *, *, #2939, .T. ) ;
#291 = CARTESIAN_POINT ( 'NONE',  ( -7.500000000000000000, 0.000000000000000000, 50.00000000000000000 ) ) ;
#292 = FACE_OUTER_BOUND ( 'NONE', #2039, .T. ) ;
#293 = ADVANCED_FACE ( 'NONE', ( #636 ), #503, .F. ) ;
#294 = DIRECTION ( 'NONE',  ( 0.000000000000000000, 1.000000000000000000, 0.000000000000000000 ) ) ;
#295 = CALENDAR_DATE ( 2026, 6, 6 ) ;
#296 = LINE ( 'NONE', #1432, #3025 ) ;
#297 = MANIFOLD_SOLID_BREP ( '\X2\52079664\X0\-\X2\62c94f38\X0\2', #135 ) ;
#298 = DIRECTION ( 'NONE',  ( 0.000000000000000000, 0.000000000000000000, -1.000000000000000000 ) ) ;
#299 = VECTOR ( 'NONE', #1371, 1000.000000000000000 ) ;
#300 = COORDINATED_UNIVERSAL_TIME_OFFSET ( 8, 0, .AHEAD. ) ;
#301 = CIRCLE ( 'NONE', #3088, 5.000000000000004441 ) ;
#302 = CARTESIAN_POINT ( 'NONE',  ( 0.000000000000000000, 5.000000000000000000, 0.000000000000000000 ) ) ;
#303 = DIRECTION ( 'NONE',  ( 0.000000000000000000, 0.000000000000000000, 1.000000000000000000 ) ) ;
#304 = VECTOR ( 'NONE', #2888, 1000.000000000000000 ) ;
#305 = ORIENTED_EDGE ( 'NONE', *, *, #3530, .F. ) ;
#306 = ORIENTED_EDGE ( 'NONE', *, *, #3296, .F. ) ;
#307 = VECTOR ( 'NONE', #3253, 1000.000000000000000 ) ;
#308 = ORIENTED_EDGE ( 'NONE', *, *, #2225, .F. ) ;
#309 = CARTESIAN_POINT ( 'NONE',  ( 24.99999999999999645, 94.41391782007332267, 4.413917820073322673 ) ) ;
#310 = APPROVAL ( #3698, 'ๆช' ) ;
#311 = MANIFOLD_SOLID_BREP ( '\X2\52079664\X0\-\X2\62c94f38\X0\2', #2760 ) ;
#312 =( NAMED_UNIT ( * ) PLANE_ANGLE_UNIT ( ) SI_UNIT ( $, .RADIAN. ) );
#313 = CALENDAR_DATE ( 2026, 6, 6 ) ;
#314 = CARTESIAN_POINT ( 'NONE',  ( -5.000000000000001776, 250.0000000000000000, 0.000000000000000000 ) ) ;
#315 = ORIENTED_EDGE ( 'NONE', *, *, #3846, .F. ) ;
#316 = CYLINDRICAL_SURFACE ( 'NONE', #4055, 10.00000000000000000 ) ;
#317 = EDGE_CURVE ( 'NONE', #2714, #2920, #58, .T. ) ;
#318 = CARTESIAN_POINT ( 'NONE',  ( -5.000000000000004441, 60.00000000000000000, 12.50000000000000000 ) ) ;
#319 = AXIS2_PLACEMENT_3D ( 'NONE', #1803, #1850, #4858 ) ;
#320 = LINE ( 'NONE', #1031, #1329 ) ;
#321 = APPROVAL_STATUS ( 'not_yet_approved' ) ;
#322 = VECTOR ( 'NONE', #1506, 1000.000000000000000 ) ;
#323 = CARTESIAN_POINT ( 'NONE',  ( -7.500000000000000000, 0.000000000000000000, 14.99999999999997513 ) ) ;
#324 = EDGE_CURVE ( 'NONE', #1016, #510, #2185, .T. ) ;
#325 = CARTESIAN_POINT ( 'NONE',  ( 25.00000000000000355, 5.000000000000000000, 10.00000000000000355 ) ) ;
#326 = CIRCLE ( 'NONE', #714, 40.00000000000000000 ) ;
#327 = MANIFOLD_SOLID_BREP ( '\X2\51f853f0\X0\-\X2\62c94f38\X0\2', #3239 ) ;
#328 = DIRECTION ( 'NONE',  ( 0.000000000000000000, 1.000000000000000000, 0.000000000000000000 ) ) ;
#329 = PERSON_AND_ORGANIZATION ( #3229, #83 ) ;
#330 = DIRECTION ( 'NONE',  ( -0.000000000000000000, -0.000000000000000000, -1.000000000000000000 ) ) ;
#331 = CARTESIAN_POINT ( 'NONE',  ( 0.000000000000000000, 40.00000000000000000, 0.000000000000000000 ) ) ;
#332 = CIRCLE ( 'NONE', #953, 5.000000000000001776 ) ;
#333 = ORIENTED_EDGE ( 'NONE', *, *, #134, .F. ) ;
#334 = DIRECTION ( 'NONE',  ( 0.000000000000000000, -1.000000000000000000, 0.000000000000000000 ) ) ;
#335 = LOCAL_TIME ( 22, 14, 50.00000000000000000, #774 ) ;
#336 = AXIS2_PLACEMENT_3D ( 'NONE', #4048, #538, #2100 ) ;
#337 = VERTEX_POINT ( 'NONE', #4560 ) ;
#338 = EDGE_LOOP ( 'NONE', ( #674, #4207 ) ) ;
#339 = CARTESIAN_POINT ( 'NONE',  ( 7.500000000000000000, 0.000000000000000000, 25.00000000000000000 ) ) ;
#340 = LOCAL_TIME ( 22, 14, 50.00000000000000000, #3333 ) ;
#341 = LOCAL_TIME ( 22, 14, 50.00000000000000000, #3328 ) ;
#342 = SECURITY_CLASSIFICATION_LEVEL ( 'unclassified' ) ;
#343 = AXIS2_PLACEMENT_3D ( 'NONE', #1225, #133, #3442 ) ;
#344 = CARTESIAN_POINT ( 'NONE',  ( 25.00000000000000355, 5.000000000000000000, -15.00000000000000000 ) ) ;
#345 = DIRECTION ( 'NONE',  ( 0.000000000000000000, 0.000000000000000000, -1.000000000000000000 ) ) ;
#346 = CARTESIAN_POINT ( 'NONE',  ( 0.000000000000000000, 0.000000000000000000, 50.00000000000000000 ) ) ;
#347 = DESIGN_CONTEXT ( 'detailed design', #2030, 'design' ) ;
#348 = EDGE_CURVE ( 'NONE', #2121, #997, #1949, .T. ) ;
#349 = LINE ( 'NONE', #4850, #2685 ) ;
#350 = LINE ( 'NONE', #26, #1969 ) ;
#351 = EDGE_CURVE ( 'NONE', #3593, #3935, #4195, .T. ) ;
#352 = CARTESIAN_POINT ( 'NONE',  ( 0.000000000000000000, 0.000000000000000000, 37.50000000000000711 ) ) ;
#353 = APPROVAL_DATE_TIME ( #3732, #3841 ) ;
#354 = LINE ( 'NONE', #4562, #1871 ) ;
#355 = DIRECTION ( 'NONE',  ( -0.000000000000000000, -0.000000000000000000, 1.000000000000000000 ) ) ;
#357 = EDGE_CURVE ( 'NONE', #2822, #1973, #2208, .T. ) ;
#356 = ORIENTED_EDGE ( 'NONE', *, *, #2846, .F. ) ;
#358 = LINE ( 'NONE', #1065, #214 ) ;
#359 = ORIENTED_EDGE ( 'NONE', *, *, #3437, .F. ) ;
#360 = EDGE_LOOP ( 'NONE', ( #2427, #977 ) ) ;
#361 = DIRECTION ( 'NONE',  ( -1.110223024625161668E-15, 0.000000000000000000, 1.000000000000000000 ) ) ;
#362 = CALENDAR_DATE ( 2026, 6, 6 ) ;
#363 = CARTESIAN_POINT ( 'NONE',  ( 0.000000000000000000, 250.0000000000000000, 37.50000000000000711 ) ) ;
#364 = ORIENTED_EDGE ( 'NONE', *, *, #3330, .F. ) ;
#365 = FACE_OUTER_BOUND ( 'NONE', #4192, .T. ) ;
#366 = DIRECTION ( 'NONE',  ( 0.000000000000000000, -0.000000000000000000, 1.000000000000000000 ) ) ;
#367 = DIRECTION ( 'NONE',  ( -1.000000000000000000, 0.000000000000000000, 0.000000000000000000 ) ) ;
#368 = ORIENTED_EDGE ( 'NONE', *, *, #2511, .T. ) ;
#369 = DIRECTION ( 'NONE',  ( 0.000000000000000000, -1.000000000000000000, 0.000000000000000000 ) ) ;
#370 = CC_DESIGN_DATE_AND_TIME_ASSIGNMENT ( #4746, #1746, ( #2318 ) ) ;
#371 = FACE_OUTER_BOUND ( 'NONE', #1162, .T. ) ;
#372 = CALENDAR_DATE ( 2026, 6, 6 ) ;
#373 = CARTESIAN_POINT ( 'NONE',  ( 35.00000000000000711, 5.000000000000000000, 10.00000000000000178 ) ) ;
#374 = DIRECTION ( 'NONE',  ( -0.000000000000000000, -1.000000000000000000, -0.000000000000000000 ) ) ;
#375 = EDGE_CURVE ( 'NONE', #748, #4037, #2209, .T. ) ;
#376 =( REPRESENTATION_RELATIONSHIP ('NONE','NONE', #696, #1858 ) REPRESENTATION_RELATIONSHIP_WITH_TRANSFORMATION ( #2832 )SHAPE_REPRESENTATION_RELATIONSHIP( ) );
#377 = ORIENTED_EDGE ( 'NONE', *, *, #3190, .T. ) ;
#378 = AXIS2_PLACEMENT_3D ( 'NONE', #1632, #147, #1359 ) ;
#379 = AXIS2_PLACEMENT_3D ( 'NONE', #1594, #1929, #414 ) ;
#380 = ORIENTED_EDGE ( 'NONE', *, *, #534, .F. ) ;
#381 = FACE_OUTER_BOUND ( 'NONE', #4238, .T. ) ;
#382 = ADVANCED_FACE ( 'NONE', ( #1134 ), #4856, .F. ) ;
#383 = MANIFOLD_SOLID_BREP ( '\X2\52079664\X0\-\X2\62c94f38\X0\2', #4592 ) ;
#384 = AXIS2_PLACEMENT_3D ( 'NONE', #3475, #3449, #1259 ) ;
#385 = AXIS2_PLACEMENT_3D ( 'NONE', #79, #3027, #3078 ) ;
#386 = VECTOR ( 'NONE', #1078, 1000.000000000000000 ) ;
#387 = APPLICATION_PROTOCOL_DEFINITION ( 'international standard', 'config_control_design', 1994, #4590 ) ;
#388 = EDGE_LOOP ( 'NONE', ( #2947, #2062 ) ) ;
#389 = CARTESIAN_POINT ( 'NONE',  ( -7.500000000000000000, 2.101339093494567144E-15, 5.000000000000000000 ) ) ;
#390 = ORIENTED_EDGE ( 'NONE', *, *, #3214, .T. ) ;
#391 = CARTESIAN_POINT ( 'NONE',  ( 249.9999999999998863, -800.0000000000000000, -249.9999999999999432 ) ) ;
#392 = EDGE_CURVE ( 'NONE', #2098, #3267, #3377, .T. ) ;
#393 = CARTESIAN_POINT ( 'NONE',  ( 0.000000000000000000, 40.00000000000000000, 5.000000000000000000 ) ) ;
#394 = CIRCLE ( 'NONE', #2936, 7.500000000000000000 ) ;
#395 = PERSON_AND_ORGANIZATION ( #3229, #83 ) ;
#396 = DIRECTION ( 'NONE',  ( 0.000000000000000000, 0.000000000000000000, 1.000000000000000000 ) ) ;
#397 = APPROVAL_ROLE ( '' ) ;
#398 = ORIENTED_EDGE ( 'NONE', *, *, #591, .F. ) ;
#399 = DIRECTION ( 'NONE',  ( 0.000000000000000000, 0.000000000000000000, -1.000000000000000000 ) ) ;
#400 = CC_DESIGN_PERSON_AND_ORGANIZATION_ASSIGNMENT ( #3585, #4312, ( #1270 ) ) ;
#401 = DIRECTION ( 'NONE',  ( 0.000000000000000000, -1.000000000000000000, -0.000000000000000000 ) ) ;
#402 = CALENDAR_DATE ( 2026, 6, 6 ) ;
#403 = CARTESIAN_POINT ( 'NONE',  ( 0.000000000000000000, 0.000000000000000000, 0.000000000000000000 ) ) ;
#404 = CIRCLE ( 'NONE', #4772, 5.000000000000001776 ) ;
#405 = ORIENTED_EDGE ( 'NONE', *, *, #2748, .T. ) ;
#406 = EDGE_CURVE ( 'NONE', #2349, #1490, #1436, .T. ) ;
#407 = ORIENTED_EDGE ( 'NONE', *, *, #1262, .F. ) ;
#408 = VECTOR ( 'NONE', #4744, 1000.000000000000000 ) ;
#409 = CARTESIAN_POINT ( 'NONE',  ( -249.9999999999998863, -800.0000000000000000, -249.9999999999999432 ) ) ;
#410 = MANIFOLD_SOLID_BREP ( '\X2\52079664\X0\-\X2\62c94f38\X0\1', #1241 ) ;
#411 = AXIS2_PLACEMENT_3D ( 'NONE', #1163, #3484, #2644 ) ;
#412 = ADVANCED_FACE ( 'NONE', ( #3781, #3731 ), #2659, .F. ) ;
#413 = ORIENTED_EDGE ( 'NONE', *, *, #3765, .T. ) ;
#414 = DIRECTION ( 'NONE',  ( 0.000000000000000000, 0.000000000000000000, -1.000000000000000000 ) ) ;
#415 = ORIENTED_EDGE ( 'NONE', *, *, #2096, .F. ) ;
#416 = LOCAL_TIME ( 22, 14, 50.00000000000000000, #1145 ) ;
#417 = AXIS2_PLACEMENT_3D ( 'NONE', #1390, #4431, #2915 ) ;
#418 = CARTESIAN_POINT ( 'NONE',  ( -5.000000000000000000, 40.00000000000000000, 5.000000000000000000 ) ) ;
#419 = CARTESIAN_POINT ( 'NONE',  ( 4.791528850480152211E-15, 20.00000000000000355, 0.000000000000000000 ) ) ;
#420 = SECURITY_CLASSIFICATION ( '', '', #2509 ) ;
#421 = EDGE_CURVE ( 'NONE', #1144, #3683, #4756, .T. ) ;
#422 = CARTESIAN_POINT ( 'NONE',  ( -147.4717046149439170, 333.0757873009003447, -167.4396672270486022 ) ) ;
#423 = DIRECTION ( 'NONE',  ( 1.000000000000000000, 0.000000000000000000, -0.000000000000000000 ) ) ;
#424 = DATE_TIME_ROLE ( 'classification_date' ) ;
#425 = ORIENTED_EDGE ( 'NONE', *, *, #1529, .T. ) ;
#426 = CARTESIAN_POINT ( 'NONE',  ( 5.000000000000003553, 300.0000000000000000, 0.000000000000000000 ) ) ;
#427 = LOCAL_TIME ( 22, 14, 50.00000000000000000, #3497 ) ;
#428 = DIRECTION ( 'NONE',  ( 0.000000000000000000, 0.000000000000000000, 1.000000000000000000 ) ) ;
#429 = APPROVAL_STATUS ( 'not_yet_approved' ) ;
#430 = DIRECTION ( 'NONE',  ( 0.000000000000000000, 0.000000000000000000, 1.000000000000000000 ) ) ;
#431 = PRODUCT_DEFINITION ( 'ๆ', '', #175, #2180 ) ;
#432 = VERTEX_POINT ( 'NONE', #2634 ) ;
#433 = EDGE_LOOP ( 'NONE', ( #2893, #3174, #453, #4335 ) ) ;
#434 = DIRECTION ( 'NONE',  ( -0.000000000000000000, -0.000000000000000000, -1.000000000000000000 ) ) ;
#435 = CC_DESIGN_PERSON_AND_ORGANIZATION_ASSIGNMENT ( #1720, #163, ( #247 ) ) ;
#436 = ORIENTED_EDGE ( 'NONE', *, *, #615, .T. ) ;
#437 = DIRECTION ( 'NONE',  ( 0.000000000000000000, -0.000000000000000000, 1.000000000000000000 ) ) ;
#438 = ORIENTED_EDGE ( 'NONE', *, *, #2480, .F. ) ;
#439 = DIRECTION ( 'NONE',  ( 0.000000000000000000, 0.000000000000000000, 1.000000000000000000 ) ) ;
#440 = FACE_OUTER_BOUND ( 'NONE', #1052, .T. ) ;
#441 = EDGE_CURVE ( 'NONE', #432, #2693, #4128, .T. ) ;
#442 = DIRECTION ( 'NONE',  ( -0.000000000000000000, -0.000000000000000000, -1.000000000000000000 ) ) ;
#443 = ORIENTED_EDGE ( 'NONE', *, *, #4481, .F. ) ;
#444 = PLANE ( 'NONE',  #2545 ) ;
#445 = FACE_BOUND ( 'NONE', #4888, .T. ) ;
#446 = ADVANCED_FACE ( 'NONE', ( #371 ), #4104, .F. ) ;
#447 = DIRECTION ( 'NONE',  ( -0.000000000000000000, -1.000000000000000000, -0.000000000000000000 ) ) ;
#448 = APPROVAL_DATE_TIME ( #2705, #839 ) ;
#449 = LINE ( 'NONE', #1583, #2384 ) ;
#450 = ORIENTED_EDGE ( 'NONE', *, *, #914, .F. ) ;
#451 = ORIENTED_EDGE ( 'NONE', *, *, #2233, .T. ) ;
#452 = DIRECTION ( 'NONE',  ( -0.000000000000000000, -1.000000000000000000, -0.000000000000000000 ) ) ;
#453 = ORIENTED_EDGE ( 'NONE', *, *, #1133, .F. ) ;
#454 = APPROVAL ( #2790, 'ๆช' ) ;
#455 = PLANE ( 'NONE',  #458 ) ;
#456 = VECTOR ( 'NONE', #3107, 1000.000000000000000 ) ;
#457 = ORIENTED_EDGE ( 'NONE', *, *, #2225, .T. ) ;
#458 = AXIS2_PLACEMENT_3D ( 'NONE', #1954, #1169, #437 ) ;
#459 = LINE ( 'NONE', #110, #3191 ) ;
#460 = CYLINDRICAL_SURFACE ( 'NONE', #4871, 40.00000000000000000 ) ;
#461 = AXIS2_PLACEMENT_3D ( 'NONE', #3041, #2236, #2566 ) ;
#462 = PERSON_AND_ORGANIZATION ( #3229, #83 ) ;
#463 = EDGE_CURVE ( 'NONE', #1096, #2920, #3358, .T. ) ;
#464 = LINE ( 'NONE', #807, #2124 ) ;
#465 = VERTEX_POINT ( 'NONE', #742 ) ;
#466 = FACE_OUTER_BOUND ( 'NONE', #2800, .T. ) ;
#467 = VECTOR ( 'NONE', #2727, 1000.000000000000000 ) ;
#468 = FACE_OUTER_BOUND ( 'NONE', #1115, .T. ) ;
#469 = EDGE_CURVE ( 'NONE', #3341, #4887, #2186, .T. ) ;
#470 = LINE ( 'NONE', #1232, #4035 ) ;
#471 = PERSON_AND_ORGANIZATION ( #3229, #83 ) ;
#472 = LINE ( 'NONE', #1261, #1809 ) ;
#473 = AXIS2_PLACEMENT_3D ( 'NONE', #1332, #960, #4778 ) ;
#474 = ORIENTED_EDGE ( 'NONE', *, *, #3853, .T. ) ;
#475 = DATE_TIME_ROLE ( 'creation_date' ) ;
#476 = CARTESIAN_POINT ( 'NONE',  ( 0.000000000000000000, 50.00000000000000000, 0.000000000000000000 ) ) ;
#477 = AXIS2_PLACEMENT_3D ( 'NONE', #998, #1304, #3974 ) ;
#478 = SHAPE_REPRESENTATION_RELATIONSHIP ( 'NONE' , 'NONE' ,  #727, #4420 ) ;
#479 = CIRCLE ( 'NONE', #1745, 5.000000000000000000 ) ;
#480 = ORIENTED_EDGE ( 'NONE', *, *, #2352, .F. ) ;
#481 = DIRECTION ( 'NONE',  ( 0.000000000000000000, 1.000000000000000000, 0.000000000000000000 ) ) ;
#482 = ORIENTED_EDGE ( 'NONE', *, *, #3724, .F. ) ;
#483 = CARTESIAN_POINT ( 'NONE',  ( 4.791528850480151422E-15, -4.999999999999997335, 5.000000000000000000 ) ) ;
#484 = DIRECTION ( 'NONE',  ( 0.000000000000000000, -1.000000000000000000, -1.156482317317870492E-16 ) ) ;
#485 = LOCAL_TIME ( 22, 14, 50.00000000000000000, #4599 ) ;
#486 = VECTOR ( 'NONE', #4315, 1000.000000000000000 ) ;
#487 = CC_DESIGN_APPROVAL ( #814, ( #2157 ) ) ;
#488 = APPROVAL_STATUS ( 'not_yet_approved' ) ;
#489 = VECTOR ( 'NONE', #2243, 1000.000000000000000 ) ;
#490 = DIRECTION ( 'NONE',  ( 0.000000000000000000, 0.000000000000000000, 1.000000000000000000 ) ) ;
#491 = VERTEX_POINT ( 'NONE', #3707 ) ;
#492 = CARTESIAN_POINT ( 'NONE',  ( 7.500000000000000000, 40.00000000000000000, 0.000000000000000000 ) ) ;
#493 = CARTESIAN_POINT ( 'NONE',  ( -21.65063509461096913, 50.00000000000000000, -12.50000000000000000 ) ) ;
#494 = ORGANIZATION ( 'NAUO-ORG1', 'UNSPECIFIED', 'UNSPECIFIED' ) ;
#495 = VECTOR ( 'NONE', #1274, 1000.000000000000000 ) ;
#496 = EDGE_CURVE ( 'NONE', #4873, #237, #1406, .T. ) ;
#497 = CARTESIAN_POINT ( 'NONE',  ( 7.500000000000000000, 0.000000000000000000, 0.000000000000000000 ) ) ;
#498 = CALENDAR_DATE ( 2026, 6, 6 ) ;
#499 = CARTESIAN_POINT ( 'NONE',  ( -5.000000000000003553, 300.0000000000000000, 0.000000000000000000 ) ) ;
#500 = AXIS2_PLACEMENT_3D ( 'NONE', #1905, #2740, #3436 ) ;
#501 = CARTESIAN_POINT ( 'NONE',  ( 7.500000000000000000, -7.500000000000000000, 14.99999999999997513 ) ) ;
#502 = EDGE_CURVE ( 'NONE', #1254, #1410, #3391, .T. ) ;
#503 = PLANE ( 'NONE',  #3956 ) ;
#504 = COORDINATED_UNIVERSAL_TIME_OFFSET ( 8, 0, .AHEAD. ) ;
#505 = VERTEX_POINT ( 'NONE', #3332 ) ;
#506 = CARTESIAN_POINT ( 'NONE',  ( -5.000000000000000000, 6.123233995736766282E-16, 14.99999999999997513 ) ) ;
#507 = ADVANCED_FACE ( 'NONE', ( #4881 ), #1460, .F. ) ;
#508 = EDGE_LOOP ( 'NONE', ( #4769, #3801, #3458, #1737 ) ) ;
#509 = FACE_OUTER_BOUND ( 'NONE', #4009, .T. ) ;
#510 = VERTEX_POINT ( 'NONE', #1629 ) ;
#511 = DIRECTION ( 'NONE',  ( -1.000000000000000000, 0.000000000000000000, 0.000000000000000000 ) ) ;
#512 = CARTESIAN_POINT ( 'NONE',  ( 0.000000000000000000, 250.0000000000000000, 50.00000000000000000 ) ) ;
#513 = DATE_AND_TIME ( #950, #721 ) ;
#514 = PLANE ( 'NONE',  #3642 ) ;
#515 = EDGE_LOOP ( 'NONE', ( #2743, #617, #425, #2006 ) ) ;
#516 = CARTESIAN_POINT ( 'NONE',  ( 5.000000000000000000, 0.000000000000000000, 25.00000000000000000 ) ) ;
#517 = CARTESIAN_POINT ( 'NONE',  ( 299.9999999999998863, -800.0000000000000000, -249.9999999999999432 ) ) ;
#518 = LINE ( 'NONE', #2312, #3634 ) ;
#519 = DATE_TIME_ROLE ( 'classification_date' ) ;
#520 = CC_DESIGN_DATE_AND_TIME_ASSIGNMENT ( #936, #1708, ( #1118 ) ) ;
#521 = FACE_BOUND ( 'NONE', #1901, .T. ) ;
#522 = COORDINATED_UNIVERSAL_TIME_OFFSET ( 8, 0, .AHEAD. ) ;
#523 = ADVANCED_FACE ( 'NONE', ( #832 ), #2757, .F. ) ;
#524 = DIRECTION ( 'NONE',  ( 0.000000000000000000, -1.000000000000000000, -0.000000000000000000 ) ) ;
#525 = EDGE_LOOP ( 'NONE', ( #1786, #3992 ) ) ;
#526 = EDGE_LOOP ( 'NONE', ( #4655, #4760 ) ) ;
#527 = EDGE_CURVE ( 'NONE', #3101, #3791, #2704, .T. ) ;
#528 = DIRECTION ( 'NONE',  ( 0.000000000000000000, 1.000000000000000000, 0.000000000000000000 ) ) ;
#529 = EDGE_LOOP ( 'NONE', ( #3236, #4133, #72, #1814 ) ) ;
#530 = LINE ( 'NONE', #1320, #947 ) ;
#531 = CARTESIAN_POINT ( 'NONE',  ( 0.000000000000000000, 0.000000000000000000, 0.000000000000000000 ) ) ;
#532 = AXIS2_PLACEMENT_3D ( 'NONE', #3057, #4264, #3439 ) ;
#533 = CALENDAR_DATE ( 2026, 6, 6 ) ;
#534 = EDGE_CURVE ( 'NONE', #835, #4285, #1182, .T. ) ;
#535 = DIRECTION ( 'NONE',  ( -1.000000000000000000, 0.000000000000000000, 0.000000000000000000 ) ) ;
#536 = VERTEX_POINT ( 'NONE', #1920 ) ;
#537 = LINE ( 'NONE', #585, #1339 ) ;
#538 = DIRECTION ( 'NONE',  ( -0.000000000000000000, -1.000000000000000000, -0.000000000000000000 ) ) ;
#539 = AXIS2_PLACEMENT_3D ( 'NONE', #3211, #1683, #3978 ) ;
#540 = DIRECTION ( 'NONE',  ( 1.000000000000000000, 0.000000000000000000, 0.000000000000000000 ) ) ;
#541 = CIRCLE ( 'NONE', #1008, 5.000000000000000000 ) ;
#542 = DIRECTION ( 'NONE',  ( 1.000000000000000000, 0.000000000000000000, 0.000000000000000000 ) ) ;
#543 = APPLICATION_PROTOCOL_DEFINITION ( 'international standard', 'config_control_design', 1994, #3989 ) ;
#544 = CARTESIAN_POINT ( 'NONE',  ( -299.9999999999998295, 30.00000000000000000, 300.0000000000000568 ) ) ;
#545 = CIRCLE ( 'NONE', #3331, 5.000000000000000000 ) ;
#546 = EDGE_CURVE ( 'NONE', #1780, #4015, #3528, .T. ) ;
#547 = EDGE_LOOP ( 'NONE', ( #699, #548 ) ) ;
#548 = ORIENTED_EDGE ( 'NONE', *, *, #1679, .T. ) ;
#549 = AXIS2_PLACEMENT_3D ( 'NONE', #882, #2415, #3926 ) ;
#550 = ORIENTED_EDGE ( 'NONE', *, *, #4025, .F. ) ;
#551 = ORIENTED_EDGE ( 'NONE', *, *, #2788, .F. ) ;
#552 = PLANE ( 'NONE',  #1191 ) ;
#553 = FACE_BOUND ( 'NONE', #1176, .T. ) ;
#554 = AXIS2_PLACEMENT_3D ( 'NONE', #1578, #4631, #1208 ) ;
#555 = EDGE_CURVE ( 'NONE', #4703, #2317, #2339, .T. ) ;
#556 = PERSON_AND_ORGANIZATION ( #3229, #83 ) ;
#557 = CARTESIAN_POINT ( 'NONE',  ( 0.000000000000000000, 0.000000000000000000, 0.000000000000000000 ) ) ;
#558 = ORIENTED_EDGE ( 'NONE', *, *, #4491, .F. ) ;
#559 = VECTOR ( 'NONE', #2476, 1000.000000000000000 ) ;
#560 = CARTESIAN_POINT ( 'NONE',  ( 25.00000000000000355, 5.000000000000000000, -15.00000000000000000 ) ) ;
#561 = FACE_OUTER_BOUND ( 'NONE', #3322, .T. ) ;
#562 = ADVANCED_FACE ( 'NONE', ( #4608 ), #95, .F. ) ;
#563 = LOCAL_TIME ( 22, 14, 50.00000000000000000, #3215 ) ;
#564 = AXIS2_PLACEMENT_3D ( 'NONE', #4537, #3075, #1542 ) ;
#565 = CARTESIAN_POINT ( 'NONE',  ( 0.000000000000000000, 0.000000000000000000, 0.000000000000000000 ) ) ;
#566 = COORDINATED_UNIVERSAL_TIME_OFFSET ( 8, 0, .AHEAD. ) ;
#567 = LINE ( 'NONE', #3614, #4191 ) ;
#568 = DIRECTION ( 'NONE',  ( 1.000000000000000000, 0.000000000000000000, -1.239088197126290570E-16 ) ) ;
#569 = CIRCLE ( 'NONE', #629, 5.000000000000003553 ) ;
#570 = CIRCLE ( 'NONE', #2399, 10.00000000000000000 ) ;
#571 =( BOUNDED_CURVE ( )  B_SPLINE_CURVE ( 3, ( #1742, #972, #945, #132 ),
 .UNSPECIFIED., .F., .F. ) 
 B_SPLINE_CURVE_WITH_KNOTS ( ( 4, 4 ),
 ( 4.188790204786391413, 4.712388980384689674 ),
 .UNSPECIFIED. ) 
 CURVE ( )  GEOMETRIC_REPRESENTATION_ITEM ( )  RATIONAL_B_SPLINE_CURVE ( ( 1.000000000000000000, 0.9772838841927120601, 0.9772838841927120601, 1.000000000000000000 ) ) 
 REPRESENTATION_ITEM ( '' )  );
#572 = FACE_OUTER_BOUND ( 'NONE', #3000, .T. ) ;
#573 = ORGANIZATION ( 'NAUO-ORG9', 'UNSPECIFIED', 'UNSPECIFIED' ) ;
#574 = CIRCLE ( 'NONE', #2637, 17.50000000000000355 ) ;
#575 = DATE_AND_TIME ( #3308, #2872 ) ;
#576 = LINE ( 'NONE', #2084, #2396 ) ;
#577 = ORIENTED_EDGE ( 'NONE', *, *, #3717, .T. ) ;
#578 = ORIENTED_EDGE ( 'NONE', *, *, #105, .T. ) ;
#579 = ORIENTED_EDGE ( 'NONE', *, *, #1307, .F. ) ;
#580 = FACE_OUTER_BOUND ( 'NONE', #3962, .T. ) ;
#581 = DIRECTION ( 'NONE',  ( 0.000000000000000000, -0.000000000000000000, 1.000000000000000000 ) ) ;
#582 = APPLICATION_PROTOCOL_DEFINITION ( 'international standard', 'config_control_design', 1994, #2271 ) ;
#583 = DIRECTION ( 'NONE',  ( 1.000000000000000000, 0.000000000000000000, -0.000000000000000000 ) ) ;
#584 = ORIENTED_EDGE ( 'NONE', *, *, #1819, .F. ) ;
#585 = CARTESIAN_POINT ( 'NONE',  ( 300.0000000000000568, -800.0000000000000000, -299.9999999999998295 ) ) ;
#586 = EDGE_CURVE ( 'NONE', #2246, #3149, #518, .T. ) ;
#587 = CARTESIAN_POINT ( 'NONE',  ( 0.000000000000000000, 300.0000000000000000, 0.000000000000000000 ) ) ;
#588 = DIRECTION ( 'NONE',  ( 1.000000000000000000, 0.000000000000000000, 0.000000000000000000 ) ) ;
#589 = COORDINATED_UNIVERSAL_TIME_OFFSET ( 8, 0, .AHEAD. ) ;
#590 = CARTESIAN_POINT ( 'NONE',  ( -2.499999999999992895, 20.00000000000000000, 0.000000000000000000 ) ) ;
#591 = EDGE_CURVE ( 'NONE', #1924, #677, #2359, .T. ) ;
#592 = ORIENTED_EDGE ( 'NONE', *, *, #3629, .F. ) ;
#593 = PERSON_AND_ORGANIZATION ( #3229, #83 ) ;
#594 = ORIENTED_EDGE ( 'NONE', *, *, #2993, .T. ) ;
#595 = ORIENTED_EDGE ( 'NONE', *, *, #4665, .F. ) ;
#596 = CARTESIAN_POINT ( 'NONE',  ( 0.000000000000000000, 0.000000000000000000, 50.00000000000000000 ) ) ;
#597 = PLANE ( 'NONE',  #1869 ) ;
#598 = EDGE_LOOP ( 'NONE', ( #1465, #1980, #4168, #3461, #2061, #2116 ) ) ;
#599 = EDGE_LOOP ( 'NONE', ( #4864, #4472, #2742, #3382 ) ) ;
#600 = ORIENTED_EDGE ( 'NONE', *, *, #4580, .T. ) ;
#601 = CARTESIAN_POINT ( 'NONE',  ( 249.9999999999998863, -800.0000000000000000, 299.9999999999998295 ) ) ;
#602 = CC_DESIGN_PERSON_AND_ORGANIZATION_ASSIGNMENT ( #2941, #1312, ( #2157 ) ) ;
#603 = CALENDAR_DATE ( 2026, 6, 6 ) ;
#604 = DIRECTION ( 'NONE',  ( 1.000000000000000000, 0.000000000000000000, 0.000000000000000000 ) ) ;
#605 = EDGE_LOOP ( 'NONE', ( #2924, #4463, #1367, #1247 ) ) ;
#606 = CARTESIAN_POINT ( 'NONE',  ( 0.000000000000000000, 300.0000000000000000, 10.00000000000001243 ) ) ;
#607 = DIRECTION ( 'NONE',  ( 0.000000000000000000, 1.387778780781445922E-16, -1.000000000000000000 ) ) ;
#608 = PRODUCT ( 'link2_upper_arm', 'link2_upper_arm', '', ( #4084 ) ) ;
#609 = EDGE_CURVE ( 'NONE', #2543, #3938, #1608, .T. ) ;
#610 = CARTESIAN_POINT ( 'NONE',  ( -7.499999999999994671, -20.00000000000000355, 0.000000000000000000 ) ) ;
#611 = ITEM_DEFINED_TRANSFORMATION ( 'NONE', 'NONE', #2245,  #4310 ) ;
#612 = CARTESIAN_POINT ( 'NONE',  ( 0.000000000000000000, 300.0000000000000000, 0.000000000000000000 ) ) ;
#613 = VECTOR ( 'NONE', #2940, 1000.000000000000000 ) ;
#614 = AXIS2_PLACEMENT_3D ( 'NONE', #4058, #3518, #4320 ) ;
#615 = EDGE_CURVE ( 'NONE', #202, #4703, #4274, .T. ) ;
#616 = AXIS2_PLACEMENT_3D ( 'NONE', #610, #2438, #1384 ) ;
#617 = ORIENTED_EDGE ( 'NONE', *, *, #169, .F. ) ;
#618 = APPLICATION_PROTOCOL_DEFINITION ( 'international standard', 'config_control_design', 1994, #71 ) ;
#619 = ORIENTED_EDGE ( 'NONE', *, *, #1159, .T. ) ;
#620 = LINE ( 'NONE', #3918, #3716 ) ;
#621 = DIRECTION ( 'NONE',  ( -0.000000000000000000, 1.000000000000000000, -0.000000000000000000 ) ) ;
#622 = AXIS2_PLACEMENT_3D ( 'NONE', #190, #1699, #3223 ) ;
#624 = EDGE_LOOP ( 'NONE', ( #315, #3019, #3912, #390 ) ) ;
#623 = EDGE_CURVE ( 'NONE', #3028, #1791, #470, .T. ) ;
#625 = ORIENTED_EDGE ( 'NONE', *, *, #1493, .F. ) ;
#626 = ORIENTED_EDGE ( 'NONE', *, *, #3877, .F. ) ;
#627 = CARTESIAN_POINT ( 'NONE',  ( 4.336808689942017736E-15, 5.000000000000000000, 20.00000000000000000 ) ) ;
#628 =( LENGTH_UNIT ( ) NAMED_UNIT ( * ) SI_UNIT ( .MILLI., .METRE. ) );
#629 = AXIS2_PLACEMENT_3D ( 'NONE', #612, #174, #2129 ) ;
#630 = ORIENTED_EDGE ( 'NONE', *, *, #2333, .T. ) ;
#631 = CALENDAR_DATE ( 2026, 6, 6 ) ;
#632 = CARTESIAN_POINT ( 'NONE',  ( 0.000000000000000000, 40.00000000000000000, 5.000000000000000000 ) ) ;
#633 = EDGE_LOOP ( 'NONE', ( #41, #2827 ) ) ;
#634 = DIRECTION ( 'NONE',  ( -0.000000000000000000, -0.000000000000000000, 1.000000000000000000 ) ) ;
#635 = CARTESIAN_POINT ( 'NONE',  ( 10.00000000000000178, -5.000000000000000000, -15.00000000000000000 ) ) ;
#636 = FACE_OUTER_BOUND ( 'NONE', #2575, .T. ) ;
#637 = AXIS2_PLACEMENT_3D ( 'NONE', #18, #4193, #2301 ) ;
#638 = DIRECTION ( 'NONE',  ( 0.000000000000000000, -0.000000000000000000, -1.000000000000000000 ) ) ;
#639 = CALENDAR_DATE ( 2026, 6, 6 ) ;
#640 = DIRECTION ( 'NONE',  ( 1.000000000000000000, -0.000000000000000000, 0.000000000000000000 ) ) ;
#641 = EDGE_CURVE ( 'NONE', #4246, #1096, #2524, .T. ) ;
#642 =( GEOMETRIC_REPRESENTATION_CONTEXT ( 3 ) GLOBAL_UNCERTAINTY_ASSIGNED_CONTEXT ( ( #2884 ) ) GLOBAL_UNIT_ASSIGNED_CONTEXT ( ( #3696, #312, #1119 ) ) REPRESENTATION_CONTEXT ( 'NONE', 'WORKASPACE' ) );
#643 = AXIS2_PLACEMENT_3D ( 'NONE', #7, #4643, #4615 ) ;
#644 = CALENDAR_DATE ( 2026, 6, 6 ) ;
#645 = SECURITY_CLASSIFICATION ( '', '', #249 ) ;
#646 = ORIENTED_EDGE ( 'NONE', *, *, #392, .T. ) ;
#647 = CARTESIAN_POINT ( 'NONE',  ( 0.000000000000000000, 30.00000000000000000, 0.000000000000000000 ) ) ;
#648 = LINE ( 'NONE', #4785, #4229 ) ;
#649 = ADVANCED_FACE ( 'NONE', ( #3903, #4254, #4581 ), #4203, .T. ) ;
#650 = CC_DESIGN_APPROVAL ( #1926, ( #4633 ) ) ;
#651 = VERTEX_POINT ( 'NONE', #497 ) ;
#652 = LINE ( 'NONE', #2087, #923 ) ;
#653 = ORIENTED_EDGE ( 'NONE', *, *, #4095, .F. ) ;
#654 = PRODUCT ( 'stamp_arm', 'stamp_arm', '', ( #4674 ) ) ;
#655 = ORIENTED_EDGE ( 'NONE', *, *, #4855, .F. ) ;
#656 = LOCAL_TIME ( 22, 14, 50.00000000000000000, #216 ) ;
#657 = CARTESIAN_POINT ( 'NONE',  ( 0.000000000000000000, 50.00000000000000000, 0.000000000000000000 ) ) ;
#658 = EDGE_CURVE ( 'NONE', #3925, #3541, #142, .T. ) ;
#659 = PERSON_AND_ORGANIZATION_ROLE ( 'creator' ) ;
#660 = DIRECTION ( 'NONE',  ( -0.000000000000000000, -0.000000000000000000, 1.000000000000000000 ) ) ;
#661 = ORIENTED_EDGE ( 'NONE', *, *, #2968, .F. ) ;
#662 = CARTESIAN_POINT ( 'NONE',  ( 0.000000000000000000, 20.00000000000000000, 0.000000000000000000 ) ) ;
#663 = DIRECTION ( 'NONE',  ( 1.000000000000000000, 0.000000000000000000, 0.000000000000000000 ) ) ;
#664 = DIRECTION ( 'NONE',  ( 0.000000000000000000, -1.000000000000000000, 0.000000000000000000 ) ) ;
#665 = CARTESIAN_POINT ( 'NONE',  ( 4.791528850480151422E-15, -20.00000000000000355, 0.000000000000000000 ) ) ;
#666 = CC_DESIGN_DATE_AND_TIME_ASSIGNMENT ( #690, #29, ( #256 ) ) ;
#667 = DIRECTION ( 'NONE',  ( -0.000000000000000000, -0.000000000000000000, -1.000000000000000000 ) ) ;
#668 = APPROVAL_ROLE ( '' ) ;
#669 = DIRECTION ( 'NONE',  ( 0.000000000000000000, 0.000000000000000000, -1.000000000000000000 ) ) ;
#670 = DIRECTION ( 'NONE',  ( -0.000000000000000000, -0.000000000000000000, 1.000000000000000000 ) ) ;
#671 = ORIENTED_EDGE ( 'NONE', *, *, #2190, .T. ) ;
#672 = EDGE_CURVE ( 'NONE', #2665, #3861, #3160, .T. ) ;
#673 = ORIENTED_EDGE ( 'NONE', *, *, #1535, .T. ) ;
#674 = ORIENTED_EDGE ( 'NONE', *, *, #4337, .F. ) ;
#675 = CARTESIAN_POINT ( 'NONE',  ( 23.85759400464762336, 98.67743503759967894, 8.677435037599687817 ) ) ;
#676 =( NAMED_UNIT ( * ) SI_UNIT ( $, .STERADIAN. ) SOLID_ANGLE_UNIT ( ) );
#677 = VERTEX_POINT ( 'NONE', #2785 ) ;
#678 = EDGE_CURVE ( 'NONE', #3939, #1924, #4304, .T. ) ;
#679 = APPROVAL_DATE_TIME ( #4493, #4286 ) ;
#680 = FACE_OUTER_BOUND ( 'NONE', #1930, .T. ) ;
#681 = ORIENTED_EDGE ( 'NONE', *, *, #3324, .F. ) ;
#682 = DIRECTION ( 'NONE',  ( -0.000000000000000000, -0.000000000000000000, 1.000000000000000000 ) ) ;
#683 = CARTESIAN_POINT ( 'NONE',  ( -7.499999999999993783, 20.00000000000000000, 0.000000000000000000 ) ) ;
#684 = EDGE_CURVE ( 'NONE', #4, #3411, #887, .T. ) ;
#685 = DIRECTION ( 'NONE',  ( 0.000000000000000000, -1.000000000000000000, 0.000000000000000000 ) ) ;
#686 = PERSON_AND_ORGANIZATION_ROLE ( 'classification_officer' ) ;
#687 = DIRECTION ( 'NONE',  ( 1.000000000000000000, 0.000000000000000000, 0.000000000000000000 ) ) ;
#688 = DIRECTION ( 'NONE',  ( 1.000000000000000000, 0.000000000000000000, 0.000000000000000000 ) ) ;
#689 = VECTOR ( 'NONE', #3159, 1000.000000000000000 ) ;
#690 = DATE_AND_TIME ( #402, #3274 ) ;
#691 = CIRCLE ( 'NONE', #379, 17.50000000000000355 ) ;
#692 = CARTESIAN_POINT ( 'NONE',  ( -7.500000000000000000, 207.5000000000000284, 12.50000000000000355 ) ) ;
#693 = DIRECTION ( 'NONE',  ( -1.000000000000000000, 0.000000000000000000, 0.000000000000000000 ) ) ;
#694 = PRODUCT_RELATED_PRODUCT_CATEGORY ( 'detail', '', ( #2768 ) ) ;
#695 = AXIS2_PLACEMENT_3D ( 'NONE', #2285, #2971, #3806 ) ;
#696 = SHAPE_REPRESENTATION ( 'stamp_arm', ( #1978, #4393, #2865, #2395, #2245, #3680, #3915, #1761, #1365, #3048, #3663 ), #4558 ) ;
#697 = VERTEX_POINT ( 'NONE', #1536 ) ;
#698 = VECTOR ( 'NONE', #61, 1000.000000000000000 ) ;
#699 = ORIENTED_EDGE ( 'NONE', *, *, #2170, .T. ) ;
#700 = DIRECTION ( 'NONE',  ( -0.000000000000000000, -1.000000000000000000, -0.000000000000000000 ) ) ;
#701 = EDGE_CURVE ( 'NONE', #3985, #986, #3649, .T. ) ;
#702 = PERSON_AND_ORGANIZATION_ROLE ( 'design_supplier' ) ;
#703 = DIRECTION ( 'NONE',  ( -0.000000000000000000, -0.000000000000000000, 1.000000000000000000 ) ) ;
#704 = ORIENTED_EDGE ( 'NONE', *, *, #2748, .F. ) ;
#705 = CARTESIAN_POINT ( 'NONE',  ( 0.000000000000000000, 40.00000000000000000, 5.000000000000000000 ) ) ;
#706 = CARTESIAN_POINT ( 'NONE',  ( -7.499999999999994671, -20.00000000000000355, 0.000000000000000000 ) ) ;
#707 = ADVANCED_FACE ( 'NONE', ( #4050 ), #2908, .F. ) ;
#708 = CIRCLE ( 'NONE', #234, 4.999999999999999112 ) ;
#709 = LINE ( 'NONE', #1843, #1647 ) ;
#710 = CONTEXT_DEPENDENT_SHAPE_REPRESENTATION ( #222, #4029 ) ;
#711 = AXIS2_PLACEMENT_3D ( 'NONE', #2880, #4327, #2436 ) ;
#712 = DIRECTION ( 'NONE',  ( 0.000000000000000000, -0.000000000000000000, 1.000000000000000000 ) ) ;
#713 = EDGE_CURVE ( 'NONE', #1587, #3469, #4734, .T. ) ;
#714 = AXIS2_PLACEMENT_3D ( 'NONE', #662, #2178, #1053 ) ;
#715 = DIRECTION ( 'NONE',  ( -0.000000000000000000, 1.000000000000000000, 1.387778780781445922E-16 ) ) ;
#716 = COORDINATED_UNIVERSAL_TIME_OFFSET ( 8, 0, .AHEAD. ) ;
#717 = DIRECTION ( 'NONE',  ( 0.000000000000000000, 0.000000000000000000, 1.000000000000000000 ) ) ;
#718 = CARTESIAN_POINT ( 'NONE',  ( 0.000000000000000000, 0.000000000000000000, -25.00000000000000000 ) ) ;
#719 = VECTOR ( 'NONE', #2944, 1000.000000000000000 ) ;
#720 = ORIENTED_EDGE ( 'NONE', *, *, #891, .T. ) ;
#721 = LOCAL_TIME ( 22, 14, 50.00000000000000000, #2095 ) ;
#722 = AXIS2_PLACEMENT_3D ( 'NONE', #4678, #2416, #4657 ) ;
#723 = VERTEX_POINT ( 'NONE', #3580 ) ;
#724 = DIRECTION ( 'NONE',  ( -0.000000000000000000, -0.000000000000000000, -1.000000000000000000 ) ) ;
#725 = PRODUCT_DEFINITION_FORMATION_WITH_SPECIFIED_SOURCE ( 'ไป', '', #2768, .NOT_KNOWN. ) ;
#726 = VECTOR ( 'NONE', #1528, 1000.000000000000000 ) ;
#727 = SHAPE_REPRESENTATION ( 'stamp_slider', ( #4310 ), #1601 ) ;
#728 = APPROVAL_PERSON_ORGANIZATION ( #3682, #3493, #3627 ) ;
#729 = APPROVAL_STATUS ( 'not_yet_approved' ) ;
#730 = EDGE_CURVE ( 'NONE', #237, #3388, #982, .T. ) ;
#731 = CARTESIAN_POINT ( 'NONE',  ( 5.000000000000000000, 0.000000000000000000, 0.000000000000000000 ) ) ;
#732 = ORIENTED_EDGE ( 'NONE', *, *, #3205, .T. ) ;
#733 = DIRECTION ( 'NONE',  ( 1.000000000000000000, 0.000000000000000000, 0.000000000000000000 ) ) ;
#734 = ADVANCED_BREP_SHAPE_REPRESENTATION ( '', ( #3706, #4310 ), #3429 ) ;
#735 = CARTESIAN_POINT ( 'NONE',  ( 25.00000000000000355, 5.000000000000000000, 10.00000000000000355 ) ) ;
#736 = EDGE_CURVE ( 'NONE', #465, #4013, #4330, .T. ) ;
#737 = DIRECTION ( 'NONE',  ( 1.000000000000000000, 0.000000000000000000, 0.000000000000000000 ) ) ;
#738 = CONTEXT_DEPENDENT_SHAPE_REPRESENTATION ( #4199, #1166 ) ;
#739 = ORIENTED_EDGE ( 'NONE', *, *, #3625, .T. ) ;
#740 = DIRECTION ( 'NONE',  ( 1.000000000000000000, 0.000000000000000000, 0.000000000000000000 ) ) ;
#741 = EDGE_CURVE ( 'NONE', #1393, #1540, #930, .T. ) ;
#742 = CARTESIAN_POINT ( 'NONE',  ( 0.000000000000000000, 75.00000000000000000, -10.00000000000000000 ) ) ;
#743 = SECURITY_CLASSIFICATION_LEVEL ( 'unclassified' ) ;
#744 = CARTESIAN_POINT ( 'NONE',  ( -299.9999999999998863, -800.0000000000000000, -249.9999999999999432 ) ) ;
#745 = FACE_OUTER_BOUND ( 'NONE', #1959, .T. ) ;
#746 = ORIENTED_EDGE ( 'NONE', *, *, #831, .F. ) ;
#747 = EDGE_CURVE ( 'NONE', #3166, #2544, #1565, .T. ) ;
#748 = VERTEX_POINT ( 'NONE', #2813 ) ;
#749 = CYLINDRICAL_SURFACE ( 'NONE', #564, 5.000000000000001776 ) ;
#750 =( LENGTH_UNIT ( ) NAMED_UNIT ( * ) SI_UNIT ( .MILLI., .METRE. ) );
#751 = PERSON_AND_ORGANIZATION ( #3229, #83 ) ;
#752 = ORIENTED_EDGE ( 'NONE', *, *, #3291, .F. ) ;
#753 = CYLINDRICAL_SURFACE ( 'NONE', #3318, 5.000000000000001776 ) ;
#754 = VERTEX_POINT ( 'NONE', #2490 ) ;
#755 = CARTESIAN_POINT ( 'NONE',  ( -2.499999999999992895, -20.00000000000000355, 0.000000000000000000 ) ) ;
#756 = DIRECTION ( 'NONE',  ( -1.000000000000000000, 0.000000000000000000, -0.000000000000000000 ) ) ;
#757 = CC_DESIGN_PERSON_AND_ORGANIZATION_ASSIGNMENT ( #2295, #3513, ( #3347 ) ) ;
#758 = CARTESIAN_POINT ( 'NONE',  ( 0.000000000000000000, 5.000000000000000000, -15.00000000000000000 ) ) ;
#759 = ORIENTED_EDGE ( 'NONE', *, *, #730, .T. ) ;
#760 = LINE ( 'NONE', #4103, #74 ) ;
#761 = EDGE_CURVE ( 'NONE', #2169, #4412, #3884, .T. ) ;
#762 = DIRECTION ( 'NONE',  ( 0.000000000000000000, 0.000000000000000000, 1.000000000000000000 ) ) ;
#763 = PERSON_AND_ORGANIZATION ( #3229, #83 ) ;
#764 = CYLINDRICAL_SURFACE ( 'NONE', #68, 5.000000000000000000 ) ;
#765 = CARTESIAN_POINT ( 'NONE',  ( 0.000000000000000000, 80.00000000000000000, 0.000000000000000000 ) ) ;
#766 = EDGE_CURVE ( 'NONE', #4198, #2546, #3804, .T. ) ;
#767 = ORIENTED_EDGE ( 'NONE', *, *, #641, .F. ) ;
#768 = VECTOR ( 'NONE', #35, 1000.000000000000000 ) ;
#769 = ORIENTED_EDGE ( 'NONE', *, *, #1009, .F. ) ;
#770 = PLANE ( 'NONE',  #4382 ) ;
#771 = AXIS2_PLACEMENT_3D ( 'NONE', #1172, #2761, #3453 ) ;
#772 = EDGE_CURVE ( 'NONE', #3791, #2612, #3397, .T. ) ;
#773 = CIRCLE ( 'NONE', #4122, 7.500000000000007105 ) ;
#774 = COORDINATED_UNIVERSAL_TIME_OFFSET ( 8, 0, .AHEAD. ) ;
#775 = ORIENTED_EDGE ( 'NONE', *, *, #4361, .T. ) ;
#776 = CARTESIAN_POINT ( 'NONE',  ( 249.9999999999998863, 0.000000000000000000, -300.0000000000000568 ) ) ;
#777 = ORIENTED_EDGE ( 'NONE', *, *, #3177, .F. ) ;
#778 = CARTESIAN_POINT ( 'NONE',  ( 0.000000000000000000, 0.000000000000000000, 0.000000000000000000 ) ) ;
#779 = CARTESIAN_POINT ( 'NONE',  ( -7.500000000000000000, 2.101339093494567144E-15, 5.000000000000000000 ) ) ;
#780 = VECTOR ( 'NONE', #4729, 1000.000000000000000 ) ;
#781 = PERSON_AND_ORGANIZATION_ROLE ( 'creator' ) ;
#782 = CARTESIAN_POINT ( 'NONE',  ( 0.000000000000000000, 40.00000000000000000, 5.000000000000000000 ) ) ;
#783 = ORIENTED_EDGE ( 'NONE', *, *, #534, .T. ) ;
#784 = APPROVAL ( #2855, 'UNKNOWN' ) ;
#785 = CARTESIAN_POINT ( 'NONE',  ( -249.9999999999998863, 0.000000000000000000, 300.0000000000000568 ) ) ;
#786 = DIRECTION ( 'NONE',  ( -0.000000000000000000, 1.000000000000000000, -0.000000000000000000 ) ) ;
#787 = PERSON_AND_ORGANIZATION_ROLE ( 'creator' ) ;
#788 = CC_DESIGN_PERSON_AND_ORGANIZATION_ASSIGNMENT ( #395, #3465, ( #654 ) ) ;
#789 = DIRECTION ( 'NONE',  ( 0.000000000000000000, -1.000000000000000000, 0.000000000000000000 ) ) ;
#790 = VECTOR ( 'NONE', #4578, 1000.000000000000000 ) ;
#791 = ORIENTED_EDGE ( 'NONE', *, *, #3578, .T. ) ;
#792 = ORIENTED_EDGE ( 'NONE', *, *, #2042, .F. ) ;
#793 = VECTOR ( 'NONE', #3868, 1000.000000000000000 ) ;
#794 = EDGE_CURVE ( 'NONE', #4455, #3850, #4004, .T. ) ;
#795 = LINE ( 'NONE', #50, #2552 ) ;
#796 = LOCAL_TIME ( 22, 14, 50.00000000000000000, #124 ) ;
#797 = VECTOR ( 'NONE', #3787, 1000.000000000000000 ) ;
#798 = VERTEX_POINT ( 'NONE', #4353 ) ;
#799 = ADVANCED_FACE ( 'NONE', ( #931 ), #4403, .F. ) ;
#800 = CARTESIAN_POINT ( 'NONE',  ( 17.50000000000000000, -5.000000000000000888, 2.500000000000000444 ) ) ;
#801 = EDGE_LOOP ( 'NONE', ( #3886, #3645, #3464, #4509 ) ) ;
#802 = CC_DESIGN_SECURITY_CLASSIFICATION ( #4633, ( #4918 ) ) ;
#803 = AXIS2_PLACEMENT_3D ( 'NONE', #4519, #2600, #663 ) ;
#804 = CARTESIAN_POINT ( 'NONE',  ( -5.000000000000003553, 300.0000000000000000, 0.000000000000000000 ) ) ;
#805 = CARTESIAN_POINT ( 'NONE',  ( 7.500000000000000000, 0.000000000000000000, 0.000000000000000000 ) ) ;
#806 = DIRECTION ( 'NONE',  ( 0.9583168983834733368, 1.197099726259133744E-16, 0.2857074067515223414 ) ) ;
#807 = CARTESIAN_POINT ( 'NONE',  ( -5.000000000000004441, 60.00000000000000000, -25.00000000000000355 ) ) ;
#808 = PERSON_AND_ORGANIZATION_ROLE ( 'classification_officer' ) ;
#809 = ORIENTED_EDGE ( 'NONE', *, *, #2721, .F. ) ;
#810 = DIRECTION ( 'NONE',  ( -1.000000000000000000, 0.000000000000000000, 1.850371707708594316E-16 ) ) ;
#811 = CARTESIAN_POINT ( 'NONE',  ( 17.50000000000000000, -27.50000000000000000, -2.499999999999999556 ) ) ;
#812 = DATE_AND_TIME ( #3506, #3751 ) ;
#813 = DIRECTION ( 'NONE',  ( 0.000000000000000000, 0.000000000000000000, 1.000000000000000000 ) ) ;
#814 = APPROVAL ( #4829, 'ๆช' ) ;
#815 = ORIENTED_EDGE ( 'NONE', *, *, #3668, .T. ) ;
#816 = VERTEX_POINT ( 'NONE', #2126 ) ;
#817 = LINE ( 'NONE', #3863, #1824 ) ;
#818 = DIRECTION ( 'NONE',  ( 1.000000000000000000, 0.000000000000000000, 0.000000000000000000 ) ) ;
#819 = EDGE_CURVE ( 'NONE', #4721, #4718, #2508, .T. ) ;
#820 = VERTEX_POINT ( 'NONE', #3607 ) ;
#821 = LINE ( 'NONE', #2348, #3635 ) ;
#822 = ORIENTED_EDGE ( 'NONE', *, *, #3598, .F. ) ;
#823 = DIRECTION ( 'NONE',  ( 1.000000000000000000, 0.000000000000000000, 0.000000000000000000 ) ) ;
#824 = FACE_OUTER_BOUND ( 'NONE', #4010, .T. ) ;
#825 = EDGE_CURVE ( 'NONE', #949, #1490, #4606, .T. ) ;
#826 = DIRECTION ( 'NONE',  ( -0.9583168983834756682, -4.607394085253953420E-15, -0.2857074067515146254 ) ) ;
#827 = FACE_OUTER_BOUND ( 'NONE', #162, .T. ) ;
#828 = ORIENTED_EDGE ( 'NONE', *, *, #1529, .F. ) ;
#829 = DIRECTION ( 'NONE',  ( 1.000000000000000000, 0.000000000000000000, 0.000000000000000000 ) ) ;
#830 = CARTESIAN_POINT ( 'NONE',  ( 25.00000000000000355, -5.000000000000000000, 20.00000000000000355 ) ) ;
#831 = EDGE_CURVE ( 'NONE', #1141, #2752, #2022, .T. ) ;
#832 = FACE_OUTER_BOUND ( 'NONE', #801, .T. ) ;
#833 = COORDINATED_UNIVERSAL_TIME_OFFSET ( 8, 0, .AHEAD. ) ;
#834 = CARTESIAN_POINT ( 'NONE',  ( -7.500000000000000000, -7.500000000000000000, 37.50000000000000711 ) ) ;
#835 = VERTEX_POINT ( 'NONE', #1754 ) ;
#836 = ORIENTED_EDGE ( 'NONE', *, *, #2202, .F. ) ;
#837 = ORIENTED_EDGE ( 'NONE', *, *, #2715, .F. ) ;
#838 = LINE ( 'NONE', #73, #4224 ) ;
#839 = APPROVAL ( #2000, 'ๆช' ) ;
#840 = CARTESIAN_POINT ( 'NONE',  ( -200.0000000000006821, 54.99999999999994316, -7.160567411227120269E-13 ) ) ;
#841 = ORIENTED_EDGE ( 'NONE', *, *, #1286, .T. ) ;
#842 = CARTESIAN_POINT ( 'NONE',  ( 0.000000000000000000, 300.0000000000000000, 25.00000000000000000 ) ) ;
#843 = VECTOR ( 'NONE', #715, 1000.000000000000000 ) ;
#844 = EDGE_LOOP ( 'NONE', ( #1532, #3422 ) ) ;
#845 = VECTOR ( 'NONE', #3720, 1000.000000000000000 ) ;
#846 = DIRECTION ( 'NONE',  ( 0.000000000000000000, 0.000000000000000000, 1.000000000000000000 ) ) ;
#847 = ADVANCED_FACE ( 'NONE', ( #3551 ), #4804, .F. ) ;
#848 = DIRECTION ( 'NONE',  ( -0.000000000000000000, -0.000000000000000000, -1.000000000000000000 ) ) ;
#849 = ADVANCED_BREP_SHAPE_REPRESENTATION ( '', ( #383, #4310 ), #2162 ) ;
#850 = CIRCLE ( 'NONE', #2767, 10.00000000000000000 ) ;
#851 = DIRECTION ( 'NONE',  ( -0.9583168983834745580, -1.942575623689664518E-16, -0.2857074067515179561 ) ) ;
#852 = LINE ( 'NONE', #1576, #3480 ) ;
#853 = EDGE_LOOP ( 'NONE', ( #2267, #3172, #579, #619 ) ) ;
#854 = CARTESIAN_POINT ( 'NONE',  ( -249.9999999999999716, -800.0000000000000000, -299.9999999999997158 ) ) ;
#855 = LINE ( 'NONE', #426, #790 ) ;
#856 = EDGE_CURVE ( 'NONE', #2110, #748, #2102, .T. ) ;
#857 = AXIS2_PLACEMENT_3D ( 'NONE', #4294, #3923, #2044 ) ;
#858 = LINE ( 'NONE', #2663, #3425 ) ;
#859 = DIRECTION ( 'NONE',  ( 1.000000000000000000, 0.000000000000000000, 0.000000000000000000 ) ) ;
#860 = COORDINATED_UNIVERSAL_TIME_OFFSET ( 8, 0, .AHEAD. ) ;
#861 = LINE ( 'NONE', #4660, #1499 ) ;
#862 = ADVANCED_FACE ( 'NONE', ( #1863 ), #4896, .T. ) ;
#863 = AXIS2_PLACEMENT_3D ( 'NONE', #3882, #3118, #1212 ) ;
#864 = APPROVAL_STATUS ( 'not_yet_approved' ) ;
#865 = CARTESIAN_POINT ( 'NONE',  ( 7.500000000000000000, 0.000000000000000000, 25.00000000000000000 ) ) ;
#866 = AXIS2_PLACEMENT_3D ( 'NONE', #2560, #3396, #1080 ) ;
#867 = VECTOR ( 'NONE', #4218, 1000.000000000000000 ) ;
#868 = EDGE_LOOP ( 'NONE', ( #822, #792 ) ) ;
#869 = DIRECTION ( 'NONE',  ( 0.000000000000000000, 0.000000000000000000, 1.000000000000000000 ) ) ;
#870 = ORIENTED_EDGE ( 'NONE', *, *, #3717, .F. ) ;
#871 = CARTESIAN_POINT ( 'NONE',  ( -249.9999999999998863, 0.000000000000000000, 299.9999999999998295 ) ) ;
#872 = FACE_BOUND ( 'NONE', #4835, .T. ) ;
#873 = APPROVAL_PERSON_ORGANIZATION ( #4701, #935, #3971 ) ;
#874 = AXIS2_PLACEMENT_3D ( 'NONE', #3366, #700, #3741 ) ;
#875 = PRODUCT_RELATED_PRODUCT_CATEGORY ( 'detail', '', ( #654 ) ) ;
#876 = APPROVAL_PERSON_ORGANIZATION ( #2187, #4139, #2891 ) ;
#877 = DATE_AND_TIME ( #2502, #3119 ) ;
#878 = AXIS2_PLACEMENT_3D ( 'NONE', #3046, #1654, #3182 ) ;
#879 = CARTESIAN_POINT ( 'NONE',  ( 300.0000000000001705, 30.00000000000000000, 299.9999999999999432 ) ) ;
#880 = CALENDAR_DATE ( 2026, 6, 6 ) ;
#881 = ORIENTED_EDGE ( 'NONE', *, *, #3060, .T. ) ;
#882 = CARTESIAN_POINT ( 'NONE',  ( 3.469446951953614189E-15, 90.00000000000000000, 12.50000000000000000 ) ) ;
#883 = DIRECTION ( 'NONE',  ( -0.000000000000000000, -0.000000000000000000, -1.000000000000000000 ) ) ;
#884 = DIRECTION ( 'NONE',  ( 1.000000000000000000, 0.000000000000000000, 0.000000000000000000 ) ) ;
#885 = LOCAL_TIME ( 22, 14, 50.00000000000000000, #2635 ) ;
#886 = EDGE_CURVE ( 'NONE', #3411, #4187, #4039, .T. ) ;
#887 = LINE ( 'NONE', #2418, #2681 ) ;
#888 = PERSON_AND_ORGANIZATION_ROLE ( 'creator' ) ;
#889 = CARTESIAN_POINT ( 'NONE',  ( 7.500000000000000000, 250.0000000000000000, 50.00000000000000000 ) ) ;
#890 = LINE ( 'NONE', #3905, #2541 ) ;
#891 = EDGE_CURVE ( 'NONE', #1341, #4721, #1407, .T. ) ;
#892 = PERSON_AND_ORGANIZATION_ROLE ( 'design_supplier' ) ;
#893 = EDGE_LOOP ( 'NONE', ( #1667, #2132, #1195, #4289 ) ) ;
#894 = CARTESIAN_POINT ( 'NONE',  ( 7.500000000000000000, 7.500000000000000000, 9.999999999999973355 ) ) ;
#895 = EDGE_LOOP ( 'NONE', ( #2986, #2273, #1713, #3565 ) ) ;
#896 = VERTEX_POINT ( 'NONE', #1477 ) ;
#897 = DIRECTION ( 'NONE',  ( -1.000000000000000000, 0.000000000000000000, 0.000000000000000000 ) ) ;
#898 = ORIENTED_EDGE ( 'NONE', *, *, #134, .T. ) ;
#899 = CARTESIAN_POINT ( 'NONE',  ( -12.49999999999999645, -20.00000000000000355, 0.000000000000000000 ) ) ;
#900 = CARTESIAN_POINT ( 'NONE',  ( 0.000000000000000000, 0.000000000000000000, 0.000000000000000000 ) ) ;
#901 = PERSON_AND_ORGANIZATION_ROLE ( 'classification_officer' ) ;
#902 = DIRECTION ( 'NONE',  ( 1.000000000000000000, -4.336808689942017120E-17, 0.000000000000000000 ) ) ;
#903 = VERTEX_POINT ( 'NONE', #3305 ) ;
#904 = CARTESIAN_POINT ( 'NONE',  ( 10.00000000000000178, 5.000000000000000000, -4.999999999999999112 ) ) ;
#905 = PLANE ( 'NONE',  #2873 ) ;
#906 = CC_DESIGN_PERSON_AND_ORGANIZATION_ASSIGNMENT ( #3368, #2926, ( #1038 ) ) ;
#907 = CARTESIAN_POINT ( 'NONE',  ( 10.00000000000000178, -5.000000000000000000, -4.999999999999999112 ) ) ;
#908 = DATE_TIME_ROLE ( 'creation_date' ) ;
#909 = DIRECTION ( 'NONE',  ( -0.000000000000000000, -0.000000000000000000, 1.000000000000000000 ) ) ;
#910 = EDGE_CURVE ( 'NONE', #835, #1447, #3168, .T. ) ;
#911 = PERSON_AND_ORGANIZATION_ROLE ( 'design_owner' ) ;
#912 = EDGE_LOOP ( 'NONE', ( #2729, #4761 ) ) ;
#913 = DIRECTION ( 'NONE',  ( 0.000000000000000000, 1.000000000000000000, 0.000000000000000000 ) ) ;
#914 = EDGE_CURVE ( 'NONE', #1049, #2110, #4447, .T. ) ;
#915 = ORIENTED_EDGE ( 'NONE', *, *, #1915, .T. ) ;
#916 = ORIENTED_EDGE ( 'NONE', *, *, #2532, .F. ) ;
#917 = LINE ( 'NONE', #279, #2284 ) ;
#918 = VERTEX_POINT ( 'NONE', #1777 ) ;
#919 = LINE ( 'NONE', #1374, #408 ) ;
#920 = ADVANCED_FACE ( 'NONE', ( #3036 ), #4552, .T. ) ;
#921 = CARTESIAN_POINT ( 'NONE',  ( 0.000000000000000000, 20.00000000000000000, 0.000000000000000000 ) ) ;
#922 =( REPRESENTATION_RELATIONSHIP ('NONE','NONE', #696, #2390 ) REPRESENTATION_RELATIONSHIP_WITH_TRANSFORMATION ( #3477 )SHAPE_REPRESENTATION_RELATIONSHIP( ) );
#923 = VECTOR ( 'NONE', #3637, 1000.000000000000000 ) ;
#924 = VECTOR ( 'NONE', #2372, 1000.000000000000000 ) ;
#925 = APPROVAL_DATE_TIME ( #4324, #1459 ) ;
#926 = DIRECTION ( 'NONE',  ( -0.000000000000000000, -0.000000000000000000, -1.000000000000000000 ) ) ;
#927 = ORIENTED_EDGE ( 'NONE', *, *, #4880, .T. ) ;
#928 = DIRECTION ( 'NONE',  ( 0.000000000000000000, 0.000000000000000000, 1.000000000000000000 ) ) ;
#929 = CARTESIAN_POINT ( 'NONE',  ( -7.500000000000000000, 0.000000000000000000, 50.00000000000000000 ) ) ;
#930 = CIRCLE ( 'NONE', #3718, 5.000000000000000888 ) ;
#931 = FACE_OUTER_BOUND ( 'NONE', #4089, .T. ) ;
#932 = VECTOR ( 'NONE', #87, 1000.000000000000000 ) ;
#933 = PERSON_AND_ORGANIZATION_ROLE ( 'classification_officer' ) ;
#934 = CYLINDRICAL_SURFACE ( 'NONE', #4287, 5.000000000000006217 ) ;
#935 = APPROVAL ( #3922, 'ๆช' ) ;
#936 = DATE_AND_TIME ( #4407, #2708 ) ;
#937 = VERTEX_POINT ( 'NONE', #1456 ) ;
#938 = DIRECTION ( 'NONE',  ( 1.000000000000000000, 0.000000000000000000, 0.000000000000000000 ) ) ;
#939 = AXIS2_PLACEMENT_3D ( 'NONE', #3860, #2420, #3839 ) ;
#940 = ORIENTED_EDGE ( 'NONE', *, *, #195, .F. ) ;
#941 = EDGE_CURVE ( 'NONE', #2720, #4536, #320, .T. ) ;
#942 = ORIENTED_EDGE ( 'NONE', *, *, #2175, .T. ) ;
#943 = AXIS2_PLACEMENT_3D ( 'NONE', #3876, #3157, #4656 ) ;
#944 = ORIENTED_EDGE ( 'NONE', *, *, #1262, .T. ) ;
#945 = CARTESIAN_POINT ( 'NONE',  ( -24.99999999999999645, 94.41391782007330846, 4.413917820073316456 ) ) ;
#946 = FACE_OUTER_BOUND ( 'NONE', #3220, .T. ) ;
#947 = VECTOR ( 'NONE', #2499, 1000.000000000000000 ) ;
#948 = ADVANCED_FACE ( 'NONE', ( #2963 ), #1430, .T. ) ;
#949 = VERTEX_POINT ( 'NONE', #4499 ) ;
#950 = CALENDAR_DATE ( 2026, 6, 6 ) ;
#951 = CARTESIAN_POINT ( 'NONE',  ( 0.000000000000000000, 40.00000000000000000, 0.000000000000000000 ) ) ;
#952 = ORIENTED_EDGE ( 'NONE', *, *, #3604, .T. ) ;
#953 = AXIS2_PLACEMENT_3D ( 'NONE', #203, #4386, #938 ) ;
#954 = DIRECTION ( 'NONE',  ( -0.000000000000000000, -1.000000000000000000, -0.000000000000000000 ) ) ;
#955 = CARTESIAN_POINT ( 'NONE',  ( 10.00000000000000355, 5.000000000000000000, 10.00000000000000178 ) ) ;
#956 = APPROVAL_PERSON_ORGANIZATION ( #1346, #3654, #2043 ) ;
#957 = VECTOR ( 'NONE', #3226, 1000.000000000000000 ) ;
#958 = DIRECTION ( 'NONE',  ( 1.000000000000000000, 0.000000000000000000, 0.000000000000000000 ) ) ;
#959 = CALENDAR_DATE ( 2026, 6, 6 ) ;
#960 = DIRECTION ( 'NONE',  ( 0.000000000000000000, 0.000000000000000000, 1.000000000000000000 ) ) ;
#961 = CC_DESIGN_APPROVAL ( #3139, ( #4309 ) ) ;
#962 = CC_DESIGN_SECURITY_CLASSIFICATION ( #3126, ( #4923 ) ) ;
#963 = ORIENTED_EDGE ( 'NONE', *, *, #2290, .F. ) ;
#964 = DATE_AND_TIME ( #4808, #3040 ) ;
#965 = ORIENTED_EDGE ( 'NONE', *, *, #4311, .T. ) ;
#966 = FACE_OUTER_BOUND ( 'NONE', #3244, .T. ) ;
#967 = APPROVAL ( #864, 'ๆช' ) ;
#968 = FACE_OUTER_BOUND ( 'NONE', #3534, .T. ) ;
#969 = VERTEX_POINT ( 'NONE', #3327 ) ;
#970 = EDGE_LOOP ( 'NONE', ( #3487, #210, #1739, #4906 ) ) ;
#971 = ORIENTED_EDGE ( 'NONE', *, *, #2101, .T. ) ;
#972 = CARTESIAN_POINT ( 'NONE',  ( -23.85759400464762336, 98.67743503759966472, 8.677435037599668277 ) ) ;
#973 = SHAPE_REPRESENTATION_RELATIONSHIP ( 'NONE' , 'NONE' ,  #2390, #267 ) ;
#974 = EDGE_CURVE ( 'NONE', #2110, #432, #3776, .T. ) ;
#975 = PERSON_AND_ORGANIZATION ( #3229, #83 ) ;
#976 = FACE_OUTER_BOUND ( 'NONE', #3313, .T. ) ;
#977 = ORIENTED_EDGE ( 'NONE', *, *, #2652, .F. ) ;
#978 = CARTESIAN_POINT ( 'NONE',  ( 0.000000000000000000, 300.0000000000000000, 15.00000000000001421 ) ) ;
#979 = CARTESIAN_POINT ( 'NONE',  ( 300.0000000000000568, -800.0000000000000000, -299.9999999999998295 ) ) ;
#980 = EDGE_CURVE ( 'NONE', #1189, #2513, #4824, .T. ) ;
#981 = UNCERTAINTY_MEASURE_WITH_UNIT (LENGTH_MEASURE( 1.000000000000000082E-05 ), #1566, 'distance_accuracy_value', 'NONE');
#982 = LINE ( 'NONE', #4422, #4598 ) ;
#983 = APPROVAL_STATUS ( 'not_yet_approved' ) ;
#984 = CARTESIAN_POINT ( 'NONE',  ( 0.000000000000000000, 0.000000000000000000, 0.000000000000000000 ) ) ;
#985 = PERSON_AND_ORGANIZATION_ROLE ( 'design_owner' ) ;
#986 = VERTEX_POINT ( 'NONE', #2155 ) ;
#987 = PLANE ( 'NONE',  #171 ) ;
#988 = ORIENTED_EDGE ( 'NONE', *, *, #1042, .T. ) ;
#989 = VERTEX_POINT ( 'NONE', #3681 ) ;
#990 = CC_DESIGN_PERSON_AND_ORGANIZATION_ASSIGNMENT ( #4295, #2379, ( #4316 ) ) ;
#991 = EDGE_LOOP ( 'NONE', ( #4724, #2504 ) ) ;
#992 = DIRECTION ( 'NONE',  ( 0.000000000000000000, 1.000000000000000000, 0.000000000000000000 ) ) ;
#993 = ORIENTED_EDGE ( 'NONE', *, *, #3033, .T. ) ;
#994 = PERSON_AND_ORGANIZATION ( #3229, #83 ) ;
#995 = CC_DESIGN_PERSON_AND_ORGANIZATION_ASSIGNMENT ( #3419, #1916, ( #4140 ) ) ;
#996 = CYLINDRICAL_SURFACE ( 'NONE', #1638, 5.000000000000000000 ) ;
#997 = VERTEX_POINT ( 'NONE', #4877 ) ;
#998 = CARTESIAN_POINT ( 'NONE',  ( 0.000000000000000000, 300.0000000000000000, 0.000000000000000000 ) ) ;
#999 = FACE_OUTER_BOUND ( 'NONE', #2574, .T. ) ;
#1000 = PRODUCT_DEFINITION_SHAPE ( 'NONE', 'NONE',  #431 ) ;
#1001 = CIRCLE ( 'NONE', #4753, 5.000000000000000000 ) ;
#1002 = CIRCLE ( 'NONE', #4358, 5.000000000000003553 ) ;
#1003 = EDGE_CURVE ( 'NONE', #282, #4740, #773, .T. ) ;
#1004 = DIRECTION ( 'NONE',  ( -0.000000000000000000, -0.000000000000000000, 1.000000000000000000 ) ) ;
#1005 = CARTESIAN_POINT ( 'NONE',  ( -21.65063509461096913, 102.5000000000000000, -12.50000000000000000 ) ) ;
#1006 = VECTOR ( 'NONE', #667, 1000.000000000000000 ) ;
#1007 = FACE_OUTER_BOUND ( 'NONE', #1881, .T. ) ;
#1008 = AXIS2_PLACEMENT_3D ( 'NONE', #782, #490, #1961 ) ;
#1009 = EDGE_CURVE ( 'NONE', #937, #2892, #349, .T. ) ;
#1010 = SHAPE_REPRESENTATION ( 'base', ( #4310 ), #3429 ) ;
#1011 = PERSON_AND_ORGANIZATION ( #3229, #83 ) ;
#1012 = ORIENTED_EDGE ( 'NONE', *, *, #1334, .T. ) ;
#1013 = CARTESIAN_POINT ( 'NONE',  ( 7.500000000000000000, 292.5000000000000000, 10.00000000000001066 ) ) ;
#1014 = FACE_OUTER_BOUND ( 'NONE', #3077, .T. ) ;
#1015 = AXIS2_PLACEMENT_3D ( 'NONE', #4020, #2484, #604 ) ;
#1016 = VERTEX_POINT ( 'NONE', #1820 ) ;
#1017 = ORIENTED_EDGE ( 'NONE', *, *, #169, .T. ) ;
#1018 = VERTEX_POINT ( 'NONE', #4478 ) ;
#1019 = PLANE ( 'NONE',  #1034 ) ;
#1020 = ORIENTED_EDGE ( 'NONE', *, *, #2684, .F. ) ;
#1021 = AXIS2_PLACEMENT_3D ( 'NONE', #1830, #430, #4686 ) ;
#1022 = PERSON_AND_ORGANIZATION ( #3229, #83 ) ;
#1023 = CARTESIAN_POINT ( 'NONE',  ( 0.000000000000000000, 250.0000000000000000, 0.000000000000000000 ) ) ;
#1024 = ORIENTED_EDGE ( 'NONE', *, *, #1941, .F. ) ;
#1025 = CARTESIAN_POINT ( 'NONE',  ( 249.9999999999998863, -800.0000000000000000, -249.9999999999999432 ) ) ;
#1026 = DIRECTION ( 'NONE',  ( 1.000000000000000000, 0.000000000000000000, 0.000000000000000000 ) ) ;
#1027 = CIRCLE ( 'NONE', #3818, 25.00000000000000000 ) ;
#1028 = UNCERTAINTY_MEASURE_WITH_UNIT (LENGTH_MEASURE( 1.000000000000000082E-05 ), #1492, 'distance_accuracy_value', 'NONE');
#1029 = CC_DESIGN_PERSON_AND_ORGANIZATION_ASSIGNMENT ( #4688, #3192, ( #1194 ) ) ;
#1030 = AXIS2_PLACEMENT_3D ( 'NONE', #1572, #1200, #2724 ) ;
#1031 = CARTESIAN_POINT ( 'NONE',  ( 7.500000000000000000, 300.0000000000000000, 25.00000000000000000 ) ) ;
#1032 = SECURITY_CLASSIFICATION_LEVEL ( 'unclassified' ) ;
#1033 = CARTESIAN_POINT ( 'NONE',  ( -7.500000000000000000, 292.5000000000000000, 15.00000000000001243 ) ) ;
#1034 = AXIS2_PLACEMENT_3D ( 'NONE', #1069, #1491, #361 ) ;
#1035 = EDGE_CURVE ( 'NONE', #4840, #2614, #709, .T. ) ;
#1036 = CARTESIAN_POINT ( 'NONE',  ( 0.000000000000000000, 0.000000000000000000, 9.999999999999973355 ) ) ;
#1037 = PERSON_AND_ORGANIZATION ( #3229, #83 ) ;
#1038 = SECURITY_CLASSIFICATION ( '', '', #342 ) ;
#1039 = VERTEX_POINT ( 'NONE', #1055 ) ;
#1040 = LINE ( 'NONE', #1411, #3878 ) ;
#1041 = DIRECTION ( 'NONE',  ( 1.925929944387235579E-32, 1.000000000000000000, -0.000000000000000000 ) ) ;
#1042 = EDGE_CURVE ( 'NONE', #3848, #1834, #3010, .T. ) ;
#1043 = CC_DESIGN_APPROVAL ( #2089, ( #3990 ) ) ;
#1044 = EDGE_LOOP ( 'NONE', ( #231, #1891, #2916, #1722 ) ) ;
#1045 = ORIENTED_EDGE ( 'NONE', *, *, #4741, .T. ) ;
#1046 = ORIENTED_EDGE ( 'NONE', *, *, #3530, .T. ) ;
#1047 = LOCAL_TIME ( 22, 14, 50.00000000000000000, #2937 ) ;
#1048 = CARTESIAN_POINT ( 'NONE',  ( 0.000000000000000000, 0.000000000000000000, 0.000000000000000000 ) ) ;
#1049 = VERTEX_POINT ( 'NONE', #2603 ) ;
#1050 = COORDINATED_UNIVERSAL_TIME_OFFSET ( 8, 0, .AHEAD. ) ;
#1051 = CARTESIAN_POINT ( 'NONE',  ( -299.9999999999998295, 0.000000000000000000, 300.0000000000000568 ) ) ;
#1052 = EDGE_LOOP ( 'NONE', ( #1942, #2403, #3638, #1876 ) ) ;
#1053 = DIRECTION ( 'NONE',  ( 0.000000000000000000, 0.000000000000000000, 1.000000000000000000 ) ) ;
#1054 = DIRECTION ( 'NONE',  ( 0.000000000000000000, 0.000000000000000000, 1.000000000000000000 ) ) ;
#1055 = CARTESIAN_POINT ( 'NONE',  ( -249.9999999999998295, 0.000000000000000000, 250.0000000000000568 ) ) ;
#1056 = DATE_AND_TIME ( #295, #3282 ) ;
#1057 = CC_DESIGN_PERSON_AND_ORGANIZATION_ASSIGNMENT ( #4500, #686, ( #4793 ) ) ;
#1058 = DIRECTION ( 'NONE',  ( 1.000000000000000000, 0.000000000000000000, 0.000000000000000000 ) ) ;
#1059 = CARTESIAN_POINT ( 'NONE',  ( 4.791528850480152211E-15, 20.00000000000000355, 5.000000000000000000 ) ) ;
#1060 = APPROVAL_DATE_TIME ( #1157, #3619 ) ;
#1061 = EDGE_CURVE ( 'NONE', #465, #2036, #850, .T. ) ;
#1062 = LINE ( 'NONE', #2211, #2303 ) ;
#1063 = CARTESIAN_POINT ( 'NONE',  ( 0.000000000000000000, 0.000000000000000000, 9.999999999999973355 ) ) ;
#1064 = ORIENTED_EDGE ( 'NONE', *, *, #3610, .F. ) ;
#1065 = CARTESIAN_POINT ( 'NONE',  ( -249.9999999999998863, -800.0000000000000000, 299.9999999999998295 ) ) ;
#1066 = ORIENTED_EDGE ( 'NONE', *, *, #4175, .F. ) ;
#1067 = EDGE_CURVE ( 'NONE', #2098, #2546, #1552, .T. ) ;
#1068 = ORIENTED_EDGE ( 'NONE', *, *, #2577, .T. ) ;
#1069 = CARTESIAN_POINT ( 'NONE',  ( -249.9999999999998863, -800.0000000000000000, 299.9999999999998295 ) ) ;
#1070 = SHAPE_REPRESENTATION_RELATIONSHIP ( 'NONE' , 'NONE' ,  #1010, #734 ) ;
#1071 = DATE_AND_TIME ( #362, #250 ) ;
#1072 = ADVANCED_FACE ( 'NONE', ( #827 ), #113, .F. ) ;
#1073 = CARTESIAN_POINT ( 'NONE',  ( 5.000000000000000000, 0.000000000000000000, 0.000000000000000000 ) ) ;
#1074 = ORIENTED_EDGE ( 'NONE', *, *, #1639, .T. ) ;
#1075 = CARTESIAN_POINT ( 'NONE',  ( 0.000000000000000000, 100.0000000000000000, -25.00000000000000355 ) ) ;
#1076 = FACE_BOUND ( 'NONE', #2518, .T. ) ;
#1077 = UNCERTAINTY_MEASURE_WITH_UNIT (LENGTH_MEASURE( 1.000000000000000082E-05 ), #3100, 'distance_accuracy_value', 'NONE');
#1078 = DIRECTION ( 'NONE',  ( 0.000000000000000000, 0.000000000000000000, -1.000000000000000000 ) ) ;
#1079 = CALENDAR_DATE ( 2026, 6, 6 ) ;
#1080 = DIRECTION ( 'NONE',  ( 0.000000000000000000, 0.000000000000000000, 1.000000000000000000 ) ) ;
#1081 = DIRECTION ( 'NONE',  ( -0.000000000000000000, 1.000000000000000000, -0.000000000000000000 ) ) ;
#1082 = AXIS2_PLACEMENT_3D ( 'NONE', #4604, #2656, #1177 ) ;
#1083 = COORDINATED_UNIVERSAL_TIME_OFFSET ( 8, 0, .AHEAD. ) ;
#1084 = VECTOR ( 'NONE', #4591, 1000.000000000000000 ) ;
#1085 = DIRECTION ( 'NONE',  ( -0.000000000000000000, 1.000000000000000000, -0.000000000000000000 ) ) ;
#1086 = CARTESIAN_POINT ( 'NONE',  ( 7.500000000000000000, 2.101339093494567144E-15, 5.000000000000000000 ) ) ;
#1087 = CC_DESIGN_DATE_AND_TIME_ASSIGNMENT ( #3247, #3275, ( #247 ) ) ;
#1088 = ORIENTED_EDGE ( 'NONE', *, *, #69, .T. ) ;
#1089 = ORIENTED_EDGE ( 'NONE', *, *, #3143, .F. ) ;
#1090 = AXIS2_PLACEMENT_3D ( 'NONE', #1721, #4768, #535 ) ;
#1091 = VERTEX_POINT ( 'NONE', #3496 ) ;
#1092 = DIRECTION ( 'NONE',  ( 1.000000000000000000, 0.000000000000000000, 0.000000000000000000 ) ) ;
#1093 = EDGE_CURVE ( 'NONE', #4873, #4613, #464, .T. ) ;
#1094 = PERSON_AND_ORGANIZATION_ROLE ( 'design_owner' ) ;
#1095 = DIRECTION ( 'NONE',  ( 1.665334536937742502E-15, 0.000000000000000000, 1.000000000000000000 ) ) ;
#1096 = VERTEX_POINT ( 'NONE', #1625 ) ;
#1097 = DIRECTION ( 'NONE',  ( 0.000000000000000000, -1.000000000000000000, -1.156482317317870492E-16 ) ) ;
#1098 = DIRECTION ( 'NONE',  ( 0.000000000000000000, 0.000000000000000000, 1.000000000000000000 ) ) ;
#1099 =( REPRESENTATION_RELATIONSHIP ('NONE','NONE', #696, #220 ) REPRESENTATION_RELATIONSHIP_WITH_TRANSFORMATION ( #2080 )SHAPE_REPRESENTATION_RELATIONSHIP( ) );
#1100 = AXIS2_PLACEMENT_3D ( 'NONE', #46, #3093, #813 ) ;
#1101 = EDGE_CURVE ( 'NONE', #2248, #2343, #3154, .T. ) ;
#1102 = CARTESIAN_POINT ( 'NONE',  ( -7.500000000000000000, 0.000000000000000000, 25.00000000000000000 ) ) ;
#1103 = SECURITY_CLASSIFICATION_LEVEL ( 'unclassified' ) ;
#1104 = VECTOR ( 'NONE', #2486, 1000.000000000000000 ) ;
#1105 = DIRECTION ( 'NONE',  ( 0.000000000000000000, 1.000000000000000000, 0.000000000000000000 ) ) ;
#1106 = AXIS2_PLACEMENT_3D ( 'NONE', #4547, #2599, #1861 ) ;
#1107 = CARTESIAN_POINT ( 'NONE',  ( 0.000000000000000000, 0.000000000000000000, 0.000000000000000000 ) ) ;
#1108 = DATE_AND_TIME ( #2210, #4070 ) ;
#1109 = LINE ( 'NONE', #2609, #2525 ) ;
#1110 = LOCAL_TIME ( 22, 14, 50.00000000000000000, #112 ) ;
#1111 = CARTESIAN_POINT ( 'NONE',  ( 35.00000000000000711, -5.000000000000000000, 10.00000000000000178 ) ) ;
#1112 = AXIS2_PLACEMENT_3D ( 'NONE', #3435, #434, #3887 ) ;
#1113 = ORIENTED_EDGE ( 'NONE', *, *, #287, .T. ) ;
#1114 = APPROVAL_PERSON_ORGANIZATION ( #3673, #1696, #2548 ) ;
#1115 = EDGE_LOOP ( 'NONE', ( #251, #2646 ) ) ;
#1116 = ORIENTED_EDGE ( 'NONE', *, *, #502, .F. ) ;
#1117 = LINE ( 'NONE', #2739, #1512 ) ;
#1118 = PRODUCT_DEFINITION ( 'ๆ', '', #2794, #241 ) ;
#1119 =( NAMED_UNIT ( * ) SI_UNIT ( $, .STERADIAN. ) SOLID_ANGLE_UNIT ( ) );
#1120 = LOCAL_TIME ( 22, 14, 50.00000000000000000, #716 ) ;
#1121 = AXIS2_PLACEMENT_3D ( 'NONE', #3967, #159, #2115 ) ;
#1122 = CC_DESIGN_APPROVAL ( #2311, ( #4079 ) ) ;
#1123 = CALENDAR_DATE ( 2026, 6, 6 ) ;
#1124 = ORIENTED_EDGE ( 'NONE', *, *, #47, .F. ) ;
#1125 = CARTESIAN_POINT ( 'NONE',  ( 0.000000000000000000, 250.0000000000000000, 0.000000000000000000 ) ) ;
#1126 = CARTESIAN_POINT ( 'NONE',  ( 21.65063509461096913, 50.00000000000000000, -12.50000000000000000 ) ) ;
#1127 = ADVANCED_FACE ( 'NONE', ( #3064 ), #4576, .F. ) ;
#1128 = DIRECTION ( 'NONE',  ( 1.000000000000000000, 0.000000000000000000, 0.000000000000000000 ) ) ;
#1129 = CARTESIAN_POINT ( 'NONE',  ( -7.500000000000000000, 207.5000000000000284, 37.50000000000000711 ) ) ;
#1130 = COORDINATED_UNIVERSAL_TIME_OFFSET ( 8, 0, .AHEAD. ) ;
#1131 = ORIENTED_EDGE ( 'NONE', *, *, #4430, .F. ) ;
#1132 = FACE_OUTER_BOUND ( 'NONE', #4012, .T. ) ;
#1133 = EDGE_CURVE ( 'NONE', #697, #2098, #64, .T. ) ;
#1134 = FACE_OUTER_BOUND ( 'NONE', #515, .T. ) ;
#1135 = APPROVAL_STATUS ( 'not_yet_approved' ) ;
#1136 = DIRECTION ( 'NONE',  ( -1.110223024625161668E-15, 0.000000000000000000, -1.000000000000000000 ) ) ;
#1137 = ADVANCED_FACE ( 'NONE', ( #3421, #1175, #2698 ), #1917, .T. ) ;
#1138 = ORIENTED_EDGE ( 'NONE', *, *, #3546, .T. ) ;
#1139 = CYLINDRICAL_SURFACE ( 'NONE', #3196, 5.000000000000000000 ) ;
#1140 = PERSON ( 'NAUO-PER9', 'UNSPECIFIED', 'UNSPECIFIED', ('UNSPECIFIED'), ('UNSPECIFIED'), ('UNSPECIFIED') ) ;
#1141 = VERTEX_POINT ( 'NONE', #1227 ) ;
#1142 = ORIENTED_EDGE ( 'NONE', *, *, #1383, .T. ) ;
#1143 = FACE_OUTER_BOUND ( 'NONE', #1733, .T. ) ;
#1144 = VERTEX_POINT ( 'NONE', #1603 ) ;
#1145 = COORDINATED_UNIVERSAL_TIME_OFFSET ( 8, 0, .AHEAD. ) ;
#1146 = LINE ( 'NONE', #2692, #924 ) ;
#1147 = ORIENTED_EDGE ( 'NONE', *, *, #2144, .T. ) ;
#1148 = PLANE ( 'NONE',  #637 ) ;
#1149 = CARTESIAN_POINT ( 'NONE',  ( 10.00000000000000178, 5.000000000000000000, -15.00000000000000000 ) ) ;
#1150 = EDGE_CURVE ( 'NONE', #3293, #2275, #541, .T. ) ;
#1151 = LINE ( 'NONE', #2675, #227 ) ;
#1152 = CONTEXT_DEPENDENT_SHAPE_REPRESENTATION ( #3185, #1567 ) ;
#1153 = ORIENTED_EDGE ( 'NONE', *, *, #4549, .F. ) ;
#1154 = FACE_OUTER_BOUND ( 'NONE', #1221, .T. ) ;
#1155 = EDGE_CURVE ( 'NONE', #4718, #937, #3326, .T. ) ;
#1156 = CARTESIAN_POINT ( 'NONE',  ( 300.0000000000001705, 30.00000000000000000, 299.9999999999999432 ) ) ;
#1157 = DATE_AND_TIME ( #372, #2238 ) ;
#1158 = LINE ( 'NONE', #2683, #2783 ) ;
#1160 = VERTEX_POINT ( 'NONE', #3445 ) ;
#1159 = EDGE_CURVE ( 'NONE', #2085, #4265, #1151, .T. ) ;
#1161 = VECTOR ( 'NONE', #1525, 1000.000000000000000 ) ;
#1162 = EDGE_LOOP ( 'NONE', ( #988, #308, #2819, #1947 ) ) ;
#1163 = CARTESIAN_POINT ( 'NONE',  ( 0.000000000000000000, 300.0000000000000000, 15.00000000000001421 ) ) ;
#1164 = VECTOR ( 'NONE', #1356, 1000.000000000000000 ) ;
#1165 = DIRECTION ( 'NONE',  ( 0.000000000000000000, 0.000000000000000000, 1.000000000000000000 ) ) ;
#1166 = PRODUCT_DEFINITION_SHAPE ( 'NONE', 'NONE',  #4925 ) ;
#1167 = AXIS2_PLACEMENT_3D ( 'NONE', #907, #1656, #2461 ) ;
#1168 = ORIENTED_EDGE ( 'NONE', *, *, #1985, .F. ) ;
#1169 = DIRECTION ( 'NONE',  ( 0.000000000000000000, 1.000000000000000000, 0.000000000000000000 ) ) ;
#1170 = ORIENTED_EDGE ( 'NONE', *, *, #1155, .T. ) ;
#1171 = LINE ( 'NONE', #3462, #867 ) ;
#1172 = CARTESIAN_POINT ( 'NONE',  ( 0.000000000000000000, 300.0000000000000000, 0.000000000000000000 ) ) ;
#1173 = CARTESIAN_POINT ( 'NONE',  ( 0.000000000000000000, 0.000000000000000000, 25.00000000000000000 ) ) ;
#1174 = DIRECTION ( 'NONE',  ( 0.1385457838837212963, -4.840765639976235530E-15, 0.9903560298034468357 ) ) ;
#1175 = FACE_BOUND ( 'NONE', #2452, .T. ) ;
#1176 = EDGE_LOOP ( 'NONE', ( #4814, #4905 ) ) ;
#1177 = DIRECTION ( 'NONE',  ( 0.000000000000000000, 0.000000000000000000, -1.000000000000000000 ) ) ;
#1178 = DIRECTION ( 'NONE',  ( 0.000000000000000000, 0.000000000000000000, -1.000000000000000000 ) ) ;
#1180 = AXIS2_PLACEMENT_3D ( 'NONE', #3379, #1462, #2994 ) ;
#1179 = CC_DESIGN_PERSON_AND_ORGANIZATION_ASSIGNMENT ( #4105, #2608, ( #2768 ) ) ;
#1181 = AXIS2_PLACEMENT_3D ( 'NONE', #4605, #42, #1996 ) ;
#1182 = LINE ( 'NONE', #1999, #3319 ) ;
#1183 = CALENDAR_DATE ( 2026, 6, 6 ) ;
#1184 = CARTESIAN_POINT ( 'NONE',  ( -25.00000000000000000, 50.00000000000000000, 12.50000000000000000 ) ) ;
#1185 = EDGE_CURVE ( 'NONE', #4374, #1141, #1253, .T. ) ;
#1186 = CIRCLE ( 'NONE', #2863, 5.000000000000001776 ) ;
#1187 = ORIENTED_EDGE ( 'NONE', *, *, #623, .T. ) ;
#1188 = VERTEX_POINT ( 'NONE', #3873 ) ;
#1189 = VERTEX_POINT ( 'NONE', #1935 ) ;
#1190 = ORIENTED_EDGE ( 'NONE', *, *, #375, .T. ) ;
#1191 = AXIS2_PLACEMENT_3D ( 'NONE', #2063, #3597, #186 ) ;
#1192 = DIRECTION ( 'NONE',  ( -0.000000000000000000, -1.000000000000000000, -0.000000000000000000 ) ) ;
#1193 = EDGE_CURVE ( 'NONE', #3413, #3985, #4654, .T. ) ;
#1194 = PRODUCT_DEFINITION_FORMATION_WITH_SPECIFIED_SOURCE ( 'ไป', '', #2112, .NOT_KNOWN. ) ;
#1195 = ORIENTED_EDGE ( 'NONE', *, *, #1915, .F. ) ;
#1196 = FACE_OUTER_BOUND ( 'NONE', #3693, .T. ) ;
#1197 = ORIENTED_EDGE ( 'NONE', *, *, #4855, .T. ) ;
#1198 = CC_DESIGN_APPROVAL ( #3493, ( #4868 ) ) ;
#1199 = VECTOR ( 'NONE', #3710, 1000.000000000000000 ) ;
#1200 = DIRECTION ( 'NONE',  ( -0.000000000000000000, 0.000000000000000000, -1.000000000000000000 ) ) ;
#1201 = EDGE_CURVE ( 'NONE', #2543, #3848, #852, .T. ) ;
#1202 = DIRECTION ( 'NONE',  ( -1.925929944387235579E-32, -1.000000000000000000, 0.000000000000000000 ) ) ;
#1203 = AXIS2_PLACEMENT_3D ( 'NONE', #3350, #366, #4120 ) ;
#1204 = CARTESIAN_POINT ( 'NONE',  ( 4.898587196589413026E-15, 20.00000000000000000, 40.00000000000000000 ) ) ;
#1205 = APPROVAL_ROLE ( '' ) ;
#1206 = VERTEX_POINT ( 'NONE', #4172 ) ;
#1207 = CARTESIAN_POINT ( 'NONE',  ( 0.000000000000000000, 0.000000000000000000, 0.000000000000000000 ) ) ;
#1208 = DIRECTION ( 'NONE',  ( 0.000000000000000000, 1.000000000000000000, 0.000000000000000000 ) ) ;
#1209 = CC_DESIGN_DATE_AND_TIME_ASSIGNMENT ( #4005, #1438, ( #3515 ) ) ;
#1210 = DIRECTION ( 'NONE',  ( 1.000000000000000000, -0.000000000000000000, -1.850371707708594316E-16 ) ) ;
#1211 = SECURITY_CLASSIFICATION_LEVEL ( 'unclassified' ) ;
#1212 = DIRECTION ( 'NONE',  ( 1.000000000000000000, 0.000000000000000000, 0.000000000000000000 ) ) ;
#1213 = ORIENTED_EDGE ( 'NONE', *, *, #4095, .T. ) ;
#1214 = EDGE_CURVE ( 'NONE', #1447, #1553, #4628, .T. ) ;
#1215 = VERTEX_POINT ( 'NONE', #3523 ) ;
#1216 = CARTESIAN_POINT ( 'NONE',  ( 7.500000000000000000, 292.5000000000000000, 15.00000000000001243 ) ) ;
#1217 = SHAPE_REPRESENTATION_RELATIONSHIP ( 'NONE' , 'NONE' ,  #1738, #2408 ) ;
#1218 = ORIENTED_EDGE ( 'NONE', *, *, #3234, .T. ) ;
#1219 = EDGE_CURVE ( 'NONE', #2072, #1188, #2305, .T. ) ;
#1220 = CARTESIAN_POINT ( 'NONE',  ( -7.500000000000000000, 0.000000000000000000, 50.00000000000000000 ) ) ;
#1221 = EDGE_LOOP ( 'NONE', ( #3933, #4742, #3346, #1995 ) ) ;
#1222 = CARTESIAN_POINT ( 'NONE',  ( 0.000000000000000000, -5.000000000000000000, -15.00000000000000000 ) ) ;
#1223 = EDGE_LOOP ( 'NONE', ( #4788, #1388, #1295, #1884, #49, #630, #791, #2292, #2771, #3058 ) ) ;
#1224 = LINE ( 'NONE', #1249, #793 ) ;
#1225 = CARTESIAN_POINT ( 'NONE',  ( 0.000000000000000000, 50.00000000000000000, 0.000000000000000000 ) ) ;
#1226 = ADVANCED_FACE ( 'NONE', ( #4251 ), #2353, .T. ) ;
#1227 = CARTESIAN_POINT ( 'NONE',  ( 7.500000000000000000, 2.101339093494567144E-15, 0.000000000000000000 ) ) ;
#1228 = ORIENTED_EDGE ( 'NONE', *, *, #1009, .T. ) ;
#1229 = PLANE ( 'NONE',  #3005 ) ;
#1230 = LINE ( 'NONE', #3549, #2702 ) ;
#1231 = CARTESIAN_POINT ( 'NONE',  ( -299.9999999999998863, 0.000000000000000000, -249.9999999999999432 ) ) ;
#1232 = CARTESIAN_POINT ( 'NONE',  ( 249.9999999999999716, -800.0000000000000000, -299.9999999999997158 ) ) ;
#1233 = PERSON_AND_ORGANIZATION ( #3229, #83 ) ;
#1234 = CARTESIAN_POINT ( 'NONE',  ( 1.239088197126290866E-15, -5.000000000000000000, -4.999999999999997335 ) ) ;
#1235 = ORIENTED_EDGE ( 'NONE', *, *, #253, .T. ) ;
#1236 = ORIENTED_EDGE ( 'NONE', *, *, #2170, .F. ) ;
#1237 = PERSON_AND_ORGANIZATION_ROLE ( 'classification_officer' ) ;
#1238 = LINE ( 'NONE', #4664, #4462 ) ;
#1239 = APPROVAL ( #488, 'ๆช' ) ;
#1240 = CARTESIAN_POINT ( 'NONE',  ( 0.000000000000000000, -800.0000000000000000, 0.000000000000000000 ) ) ;
#1241 = CLOSED_SHELL ( 'NONE', ( #847, #4303, #3503, #4062, #1487, #2500, #1280, #4914, #523, #1369 ) ) ;
#1242 = ORIENTED_EDGE ( 'NONE', *, *, #4155, .F. ) ;
#1243 = EDGE_LOOP ( 'NONE', ( #257, #1766, #3862, #1314 ) ) ;
#1244 = APPLICATION_CONTEXT ( 'configuration controlled 3d designs of mechanical parts and assemblies' ) ;
#1245 = CARTESIAN_POINT ( 'NONE',  ( 0.000000000000000000, 250.0000000000000000, 12.50000000000000888 ) ) ;
#1246 = VECTOR ( 'NONE', #786, 1000.000000000000000 ) ;
#1247 = ORIENTED_EDGE ( 'NONE', *, *, #463, .T. ) ;
#1248 = AXIS2_PLACEMENT_3D ( 'NONE', #2176, #2903, #4892 ) ;
#1249 = CARTESIAN_POINT ( 'NONE',  ( 3.097720492815726673E-15, 5.000000000000000000, 10.00000000000000178 ) ) ;
#1250 = CARTESIAN_POINT ( 'NONE',  ( -7.500000000000000000, 300.0000000000000000, 15.00000000000001421 ) ) ;
#1251 = EDGE_CURVE ( 'NONE', #1341, #937, #138, .T. ) ;
#1252 = VECTOR ( 'NONE', #2854, 1000.000000000000000 ) ;
#1253 = LINE ( 'NONE', #40, #2848 ) ;
#1254 = VERTEX_POINT ( 'NONE', #3621 ) ;
#1255 = DIRECTION ( 'NONE',  ( -1.000000000000000000, 0.000000000000000000, 1.665334536937742699E-15 ) ) ;
#1256 = CARTESIAN_POINT ( 'NONE',  ( 10.00000000000000178, 5.000000000000000000, 20.00000000000000000 ) ) ;
#1257 = DIRECTION ( 'NONE',  ( 0.000000000000000000, 0.000000000000000000, -1.000000000000000000 ) ) ;
#1258 = ADVANCED_FACE ( 'NONE', ( #3947 ), #4799, .F. ) ;
#1259 = DIRECTION ( 'NONE',  ( 1.000000000000000000, 0.000000000000000000, -0.000000000000000000 ) ) ;
#1260 = APPROVAL_DATE_TIME ( #4685, #1926 ) ;
#1261 = CARTESIAN_POINT ( 'NONE',  ( 299.9999999999998295, -800.0000000000000000, 250.0000000000000568 ) ) ;
#1262 = EDGE_CURVE ( 'NONE', #820, #4585, #4520, .T. ) ;
#1263 = VECTOR ( 'NONE', #4234, 1000.000000000000000 ) ;
#1264 = DATE_AND_TIME ( #4717, #335 ) ;
#1265 = DIRECTION ( 'NONE',  ( -0.000000000000000000, -0.000000000000000000, -1.000000000000000000 ) ) ;
#1266 = VECTOR ( 'NONE', #192, 1000.000000000000000 ) ;
#1267 = ORIENTED_EDGE ( 'NONE', *, *, #2511, .F. ) ;
#1268 = LINE ( 'NONE', #2797, #3087 ) ;
#1269 = ORIENTED_EDGE ( 'NONE', *, *, #3916, .T. ) ;
#1270 = PRODUCT_DEFINITION ( 'ๆ', '', #3347, #4078 ) ;
#1271 = DIRECTION ( 'NONE',  ( 0.000000000000000000, 1.000000000000000000, 0.000000000000000000 ) ) ;
#1272 = ORIENTED_EDGE ( 'NONE', *, *, #2834, .T. ) ;
#1273 = CARTESIAN_POINT ( 'NONE',  ( -7.500000000000000000, 40.00000000000000000, 0.000000000000000000 ) ) ;
#1274 = DIRECTION ( 'NONE',  ( -1.000000000000000000, -0.000000000000000000, -0.000000000000000000 ) ) ;
#1275 = APPROVAL_PERSON_ORGANIZATION ( #3600, #1459, #4798 ) ;
#1276 = CIRCLE ( 'NONE', #4779, 5.000000000000000000 ) ;
#1277 = APPROVAL_PERSON_ORGANIZATION ( #4843, #4286, #2526 ) ;
#1278 = PERSON_AND_ORGANIZATION_ROLE ( 'design_owner' ) ;
#1279 = CIRCLE ( 'NONE', #3907, 5.000000000000004441 ) ;
#1280 = ADVANCED_FACE ( 'NONE', ( #2808, #3248, #164 ), #514, .T. ) ;
#1281 = CARTESIAN_POINT ( 'NONE',  ( 35.00000000000000000, 5.000000000000000000, -15.00000000000000000 ) ) ;
#1282 = ORIENTED_EDGE ( 'NONE', *, *, #3516, .F. ) ;
#1283 = CARTESIAN_POINT ( 'NONE',  ( 300.0000000000000568, -800.0000000000000000, -299.9999999999998295 ) ) ;
#1284 = CARTESIAN_POINT ( 'NONE',  ( 300.0000000000001705, 30.00000000000000000, -300.0000000000000568 ) ) ;
#1285 = LOCAL_TIME ( 22, 14, 50.00000000000000000, #2050 ) ;
#1286 = EDGE_CURVE ( 'NONE', #1853, #2347, #2017, .T. ) ;
#1287 = DIRECTION ( 'NONE',  ( 1.000000000000000000, 0.000000000000000000, 0.000000000000000000 ) ) ;
#1288 = APPROVAL_DATE_TIME ( #3836, #3139 ) ;
#1289 = LOCAL_TIME ( 22, 14, 50.00000000000000000, #1531 ) ;
#1290 = PLANE ( 'NONE',  #3488 ) ;
#1291 = EDGE_CURVE ( 'NONE', #3985, #2714, #4373, .T. ) ;
#1292 = DATE_TIME_ROLE ( 'classification_date' ) ;
#1293 = ORIENTED_EDGE ( 'NONE', *, *, #3629, .T. ) ;
#1294 = FACE_OUTER_BOUND ( 'NONE', #1399, .T. ) ;
#1295 = ORIENTED_EDGE ( 'NONE', *, *, #1193, .T. ) ;
#1296 = ORIENTED_EDGE ( 'NONE', *, *, #4025, .T. ) ;
#1297 = EDGE_LOOP ( 'NONE', ( #1944, #1012 ) ) ;
#1298 = DIRECTION ( 'NONE',  ( -0.000000000000000000, -0.000000000000000000, 1.000000000000000000 ) ) ;
#1299 = CARTESIAN_POINT ( 'NONE',  ( 0.000000000000000000, 0.000000000000000000, 0.000000000000000000 ) ) ;
#1300 = APPROVAL ( #1821, 'UNKNOWN' ) ;
#1301 = COORDINATED_UNIVERSAL_TIME_OFFSET ( 8, 0, .AHEAD. ) ;
#1302 = CARTESIAN_POINT ( 'NONE',  ( 7.500000000000000000, 0.000000000000000000, 12.50000000000000355 ) ) ;
#1303 = EDGE_LOOP ( 'NONE', ( #2299, #1854, #457, #2330 ) ) ;
#1304 = DIRECTION ( 'NONE',  ( 0.000000000000000000, 0.000000000000000000, 1.000000000000000000 ) ) ;
#1305 = CARTESIAN_POINT ( 'NONE',  ( -7.500000000000000000, -7.500000000000000000, 14.99999999999997513 ) ) ;
#1306 = LINE ( 'NONE', #4352, #689 ) ;
#1307 = EDGE_CURVE ( 'NONE', #2085, #2317, #1347, .T. ) ;
#1308 = DIRECTION ( 'NONE',  ( 0.000000000000000000, 0.000000000000000000, 1.000000000000000000 ) ) ;
#1309 = CONTEXT_DEPENDENT_SHAPE_REPRESENTATION ( #376, #1714 ) ;
#1310 = DIRECTION ( 'NONE',  ( 0.000000000000000000, 0.000000000000000000, -1.000000000000000000 ) ) ;
#1311 = ADVANCED_FACE ( 'NONE', ( #3547 ), #2778, .T. ) ;
#1312 = PERSON_AND_ORGANIZATION_ROLE ( 'creator' ) ;
#1313 = ORIENTED_EDGE ( 'NONE', *, *, #4091, .T. ) ;
#1314 = ORIENTED_EDGE ( 'NONE', *, *, #4733, .T. ) ;
#1315 = CARTESIAN_POINT ( 'NONE',  ( -7.500000000000000000, 292.5000000000000000, 10.00000000000001066 ) ) ;
#1316 = EDGE_CURVE ( 'NONE', #2349, #3786, #3564, .T. ) ;
#1317 = VERTEX_POINT ( 'NONE', #3972 ) ;
#1318 = EDGE_LOOP ( 'NONE', ( #1677, #1124 ) ) ;
#1319 = ORIENTED_EDGE ( 'NONE', *, *, #1735, .T. ) ;
#1320 = CARTESIAN_POINT ( 'NONE',  ( 35.00000000000000000, -5.000000000000000000, -15.00000000000000000 ) ) ;
#1321 = AXIS2_PLACEMENT_3D ( 'NONE', #632, #289, #3345 ) ;
#1322 = PERSON_AND_ORGANIZATION_ROLE ( 'creator' ) ;
#1323 = CARTESIAN_POINT ( 'NONE',  ( 7.500000000000000000, 7.500000000000000000, 14.99999999999997513 ) ) ;
#1324 = ORIENTED_EDGE ( 'NONE', *, *, #3190, .F. ) ;
#1325 = DIRECTION ( 'NONE',  ( 0.000000000000000000, 1.000000000000000000, 0.000000000000000000 ) ) ;
#1326 = LINE ( 'NONE', #1702, #957 ) ;
#1327 = AXIS2_PLACEMENT_3D ( 'NONE', #4503, #1081, #2607 ) ;
#1328 = CARTESIAN_POINT ( 'NONE',  ( 0.000000000000000000, 5.000000000000000000, -15.00000000000000000 ) ) ;
#1329 = VECTOR ( 'NONE', #2558, 1000.000000000000000 ) ;
#1330 = CALENDAR_DATE ( 2026, 6, 6 ) ;
#1331 = CC_DESIGN_DATE_AND_TIME_ASSIGNMENT ( #1471, #1494, ( #1038 ) ) ;
#1332 = CARTESIAN_POINT ( 'NONE',  ( 0.000000000000000000, 2.101339093494567144E-15, 5.000000000000000000 ) ) ;
#1333 = APPLICATION_PROTOCOL_DEFINITION ( 'international standard', 'config_control_design', 1994, #3832 ) ;
#1334 = EDGE_CURVE ( 'NONE', #3917, #903, #2801, .T. ) ;
#1335 = CARTESIAN_POINT ( 'NONE',  ( 0.000000000000000000, 20.00000000000000000, -10.00000000000000000 ) ) ;
#1336 = CIRCLE ( 'NONE', #863, 5.000000000000003553 ) ;
#1337 = EDGE_LOOP ( 'NONE', ( #2342, #1643, #3218, #4625, #3721, #4667, #1282, #4865, #1963 ) ) ;
#1338 = ORIENTED_EDGE ( 'NONE', *, *, #2887, .T. ) ;
#1339 = VECTOR ( 'NONE', #2099, 1000.000000000000000 ) ;
#1340 = EDGE_CURVE ( 'NONE', #1924, #1689, #4398, .T. ) ;
#1341 = VERTEX_POINT ( 'NONE', #1302 ) ;
#1342 = CARTESIAN_POINT ( 'NONE',  ( 17.50000000000000000, 5.000000000000000000, 7.500000000000000888 ) ) ;
#1343 = DIRECTION ( 'NONE',  ( 1.665334536937742502E-15, -0.000000000000000000, -1.000000000000000000 ) ) ;
#1344 = AXIS2_PLACEMENT_3D ( 'NONE', #1792, #4894, #4496 ) ;
#1345 = EDGE_LOOP ( 'NONE', ( #1467, #3813, #4161, #3098 ) ) ;
#1346 = PERSON_AND_ORGANIZATION ( #3229, #83 ) ;
#1347 = LINE ( 'NONE', #1281, #780 ) ;
#1348 = ORIENTED_EDGE ( 'NONE', *, *, #1401, .T. ) ;
#1349 = LOCAL_TIME ( 22, 14, 50.00000000000000000, #1960 ) ;
#1350 = CIRCLE ( 'NONE', #4141, 25.00000000000000000 ) ;
#1351 = CARTESIAN_POINT ( 'NONE',  ( -249.9999999999998295, -800.0000000000000000, 250.0000000000000568 ) ) ;
#1352 = DIRECTION ( 'NONE',  ( -0.000000000000000000, -1.000000000000000000, -0.000000000000000000 ) ) ;
#1353 = CARTESIAN_POINT ( 'NONE',  ( 299.9999999999998863, 0.000000000000000000, -249.9999999999999432 ) ) ;
#1354 = CC_DESIGN_APPROVAL ( #4637, ( #3195 ) ) ;
#1355 = CIRCLE ( 'NONE', #2479, 5.000000000000000000 ) ;
#1356 = DIRECTION ( 'NONE',  ( -0.000000000000000000, -0.000000000000000000, -1.000000000000000000 ) ) ;
#1357 = DATE_AND_TIME ( #1728, #656 ) ;
#1358 = CARTESIAN_POINT ( 'NONE',  ( 17.50000000000000000, -5.000000000000000888, 7.500000000000000888 ) ) ;
#1359 = DIRECTION ( 'NONE',  ( 1.982541115402065110E-16, 0.000000000000000000, 1.000000000000000000 ) ) ;
#1360 = CC_DESIGN_APPROVAL ( #4898, ( #420 ) ) ;
#1361 = CIRCLE ( 'NONE', #3512, 7.500000000000000000 ) ;
#1362 = APPROVAL ( #4479, 'UNKNOWN' ) ;
#1363 = PRODUCT ( 'link3', 'link3', '', ( #4334 ) ) ;
#1364 = EDGE_LOOP ( 'NONE', ( #206, #4137 ) ) ;
#1365 = AXIS2_PLACEMENT_3D ( 'NONE', #3109, #851, #4250 ) ;
#1366 = APPROVAL_ROLE ( '' ) ;
#1367 = ORIENTED_EDGE ( 'NONE', *, *, #2934, .F. ) ;
#1368 = CARTESIAN_POINT ( 'NONE',  ( 4.336808689942017736E-15, -5.000000000000000000, 20.00000000000000000 ) ) ;
#1369 = ADVANCED_FACE ( 'NONE', ( #976 ), #236, .F. ) ;
#1370 = ORIENTED_EDGE ( 'NONE', *, *, #2175, .F. ) ;
#1371 = DIRECTION ( 'NONE',  ( -0.000000000000000000, 1.000000000000000000, -0.000000000000000000 ) ) ;
#1372 = ORIENTED_EDGE ( 'NONE', *, *, #1444, .F. ) ;
#1373 = ORIENTED_EDGE ( 'NONE', *, *, #3448, .F. ) ;
#1374 = CARTESIAN_POINT ( 'NONE',  ( -299.9999999999998295, 0.000000000000000000, 250.0000000000000568 ) ) ;
#1375 = FACE_BOUND ( 'NONE', #526, .T. ) ;
#1376 = ADVANCED_FACE ( 'NONE', ( #1747 ), #4348, .F. ) ;
#1377 = COORDINATED_UNIVERSAL_TIME_OFFSET ( 8, 0, .AHEAD. ) ;
#1378 = FACE_OUTER_BOUND ( 'NONE', #1569, .T. ) ;
#1379 = VERTEX_POINT ( 'NONE', #3601 ) ;
#1380 = FACE_OUTER_BOUND ( 'NONE', #3666, .T. ) ;
#1381 = DIRECTION ( 'NONE',  ( -0.000000000000000000, 1.000000000000000000, 0.000000000000000000 ) ) ;
#1382 = DESIGN_CONTEXT ( 'detailed design', #4406, 'design' ) ;
#1383 = EDGE_CURVE ( 'NONE', #4189, #2088, #2769, .T. ) ;
#1384 = DIRECTION ( 'NONE',  ( 1.000000000000000000, 0.000000000000000000, 0.000000000000000000 ) ) ;
#1385 = DATE_AND_TIME ( #4805, #1285 ) ;
#1386 = DIRECTION ( 'NONE',  ( 1.000000000000000000, 0.000000000000000000, 0.000000000000000000 ) ) ;
#1387 = APPROVAL_STATUS ( 'not_yet_approved' ) ;
#1388 = ORIENTED_EDGE ( 'NONE', *, *, #2846, .T. ) ;
#1389 = LINE ( 'NONE', #108, #1719 ) ;
#1390 = CARTESIAN_POINT ( 'NONE',  ( 0.000000000000000000, 75.00000000000000000, 0.000000000000000000 ) ) ;
#1391 = ORIENTED_EDGE ( 'NONE', *, *, #1590, .F. ) ;
#1392 = LINE ( 'NONE', #2917, #2032 ) ;
#1393 = VERTEX_POINT ( 'NONE', #4747 ) ;
#1394 = DIRECTION ( 'NONE',  ( -0.000000000000000000, -0.000000000000000000, -1.000000000000000000 ) ) ;
#1395 = APPROVAL ( #1387, 'ๆช' ) ;
#1396 =( NAMED_UNIT ( * ) PLANE_ANGLE_UNIT ( ) SI_UNIT ( $, .RADIAN. ) );
#1397 = PERSON_AND_ORGANIZATION ( #3229, #83 ) ;
#1398 = DIRECTION ( 'NONE',  ( -1.239088197126290570E-16, 0.000000000000000000, -1.000000000000000000 ) ) ;
#1399 = EDGE_LOOP ( 'NONE', ( #1446, #584, #655, #4408, #1562, #661, #4319, #139, #359, #1373, #2528, #2214 ) ) ;
#1400 = FACE_OUTER_BOUND ( 'NONE', #2668, .T. ) ;
#1401 = EDGE_CURVE ( 'NONE', #3964, #491, #2097, .T. ) ;
#1402 = FACE_OUTER_BOUND ( 'NONE', #4837, .T. ) ;
#1403 = CIRCLE ( 'NONE', #3392, 7.500000000000000000 ) ;
#1404 = CARTESIAN_POINT ( 'NONE',  ( 0.000000000000000000, 300.0000000000000000, 15.00000000000001421 ) ) ;
#1405 = PLANE ( 'NONE',  #4449 ) ;
#1406 = CIRCLE ( 'NONE', #4432, 5.000000000000004441 ) ;
#1407 = CIRCLE ( 'NONE', #1568, 7.500000000000000000 ) ;
#1408 = DIRECTION ( 'NONE',  ( -1.000000000000000000, 0.000000000000000000, 0.000000000000000000 ) ) ;
#1409 = APPROVAL_STATUS ( 'not_yet_approved' ) ;
#1410 = VERTEX_POINT ( 'NONE', #1859 ) ;
#1411 = CARTESIAN_POINT ( 'NONE',  ( 299.9999999999998863, -800.0000000000000000, -249.9999999999999432 ) ) ;
#1412 = EDGE_CURVE ( 'NONE', #798, #1215, #3771, .T. ) ;
#1413 = DIRECTION ( 'NONE',  ( -0.000000000000000000, -1.000000000000000000, -0.000000000000000000 ) ) ;
#1414 = AXIS2_PLACEMENT_3D ( 'NONE', #951, #2413, #2434 ) ;
#1415 = ORIENTED_EDGE ( 'NONE', *, *, #1340, .T. ) ;
#1416 = DIRECTION ( 'NONE',  ( -0.000000000000000000, 1.000000000000000000, -0.000000000000000000 ) ) ;
#1417 = EDGE_LOOP ( 'NONE', ( #1017, #3123 ) ) ;
#1418 = ORIENTED_EDGE ( 'NONE', *, *, #1219, .F. ) ;
#1419 = DIRECTION ( 'NONE',  ( 0.000000000000000000, -1.000000000000000000, -1.156482317317870492E-16 ) ) ;
#1421 = VECTOR ( 'NONE', #1729, 1000.000000000000000 ) ;
#1420 = CC_DESIGN_PERSON_AND_ORGANIZATION_ASSIGNMENT ( #2231, #3755, ( #2244 ) ) ;
#1422 = COORDINATED_UNIVERSAL_TIME_OFFSET ( 8, 0, .AHEAD. ) ;
#1423 = CARTESIAN_POINT ( 'NONE',  ( -12.49999999999999289, 20.00000000000000000, 0.000000000000000000 ) ) ;
#1424 = ORIENTED_EDGE ( 'NONE', *, *, #4706, .F. ) ;
#1425 = DIRECTION ( 'NONE',  ( 9.912705577010325549E-17, 0.000000000000000000, -1.000000000000000000 ) ) ;
#1426 = DIRECTION ( 'NONE',  ( 0.000000000000000000, 0.000000000000000000, 1.000000000000000000 ) ) ;
#1427 = AXIS2_PLACEMENT_3D ( 'NONE', #4731, #1652, #2828 ) ;
#1428 = EDGE_CURVE ( 'NONE', #903, #723, #3745, .T. ) ;
#1429 = AXIS2_PLACEMENT_3D ( 'NONE', #4866, #2142, #4067 ) ;
#1430 = PLANE ( 'NONE',  #2531 ) ;
#1431 = COORDINATED_UNIVERSAL_TIME_OFFSET ( 8, 0, .AHEAD. ) ;
#1432 = CARTESIAN_POINT ( 'NONE',  ( 0.000000000000000000, -5.000000000000000000, -15.00000000000000000 ) ) ;
#1433 = LOCAL_TIME ( 22, 14, 50.00000000000000000, #4913 ) ;
#1434 = AXIS2_PLACEMENT_3D ( 'NONE', #1787, #2547, #4841 ) ;
#1435 = EDGE_CURVE ( 'NONE', #2892, #4037, #1878, .T. ) ;
#1436 = LINE ( 'NONE', #3014, #2117 ) ;
#1437 = PERSON_AND_ORGANIZATION ( #3229, #83 ) ;
#1438 = DATE_TIME_ROLE ( 'classification_date' ) ;
#1439 = AXIS2_PLACEMENT_3D ( 'NONE', #4131, #255, #2135 ) ;
#1440 = DIRECTION ( 'NONE',  ( 0.000000000000000000, -1.000000000000000000, 0.000000000000000000 ) ) ;
#1441 = CARTESIAN_POINT ( 'NONE',  ( 5.000000000000000000, 0.000000000000000000, 5.000000000000000000 ) ) ;
#1442 = LOCAL_TIME ( 22, 14, 50.00000000000000000, #1431 ) ;
#1443 = CIRCLE ( 'NONE', #4233, 25.00000000000000000 ) ;
#1445 = VERTEX_POINT ( 'NONE', #344 ) ;
#1444 = EDGE_CURVE ( 'NONE', #2550, #1393, #4045, .T. ) ;
#1446 = ORIENTED_EDGE ( 'NONE', *, *, #1412, .F. ) ;
#1447 = VERTEX_POINT ( 'NONE', #731 ) ;
#1448 = LINE ( 'NONE', #627, #3115 ) ;
#1449 =( NAMED_UNIT ( * ) SI_UNIT ( $, .STERADIAN. ) SOLID_ANGLE_UNIT ( ) );
#1450 = MECHANICAL_CONTEXT ( 'NONE', #2466, 'mechanical' ) ;
#1451 = CYLINDRICAL_SURFACE ( 'NONE', #1321, 7.500000000000000000 ) ;
#1452 = ORIENTED_EDGE ( 'NONE', *, *, #761, .T. ) ;
#1453 = CARTESIAN_POINT ( 'NONE',  ( 0.000000000000000000, 50.00000000000000000, 0.000000000000000000 ) ) ;
#1454 = DIRECTION ( 'NONE',  ( -0.000000000000000000, -1.000000000000000000, -0.000000000000000000 ) ) ;
#1455 = ORIENTED_EDGE ( 'NONE', *, *, #3578, .F. ) ;
#1456 = CARTESIAN_POINT ( 'NONE',  ( 7.500000000000000000, 0.000000000000000000, 0.000000000000000000 ) ) ;
#1457 = APPROVAL_DATE_TIME ( #2206, #1362 ) ;
#1458 = DIRECTION ( 'NONE',  ( 0.000000000000000000, 0.000000000000000000, 1.000000000000000000 ) ) ;
#1459 = APPROVAL ( #137, 'ๆช' ) ;
#1460 = CYLINDRICAL_SURFACE ( 'NONE', #1327, 5.000000000000000000 ) ;
#1461 = DATE_AND_TIME ( #2972, #2966 ) ;
#1462 = DIRECTION ( 'NONE',  ( 0.000000000000000000, 0.000000000000000000, 1.000000000000000000 ) ) ;
#1463 = FACE_OUTER_BOUND ( 'NONE', #1697, .T. ) ;
#1464 = EDGE_CURVE ( 'NONE', #4840, #536, #394, .T. ) ;
#1465 = ORIENTED_EDGE ( 'NONE', *, *, #317, .F. ) ;
#1466 = DIRECTION ( 'NONE',  ( 0.000000000000000000, 0.000000000000000000, -1.000000000000000000 ) ) ;
#1467 = ORIENTED_EDGE ( 'NONE', *, *, #4459, .F. ) ;
#1468 = ORIENTED_EDGE ( 'NONE', *, *, #1464, .T. ) ;
#1469 = DIRECTION ( 'NONE',  ( 0.000000000000000000, 0.000000000000000000, 1.000000000000000000 ) ) ;
#1470 = EDGE_CURVE ( 'NONE', #3170, #3939, #2549, .T. ) ;
#1471 = DATE_AND_TIME ( #4891, #3670 ) ;
#1472 = CARTESIAN_POINT ( 'NONE',  ( -7.500000000000000000, 300.0000000000000000, 25.00000000000000000 ) ) ;
#1473 = ORIENTED_EDGE ( 'NONE', *, *, #2026, .F. ) ;
#1474 = DIRECTION ( 'NONE',  ( 0.000000000000000000, -0.000000000000000000, 1.000000000000000000 ) ) ;
#1475 = CYLINDRICAL_SURFACE ( 'NONE', #4470, 25.00000000000000000 ) ;
#1476 = DESIGN_CONTEXT ( 'detailed design', #3471, 'design' ) ;
#1477 = CARTESIAN_POINT ( 'NONE',  ( 299.9999999999998863, -800.0000000000000000, -249.9999999999999432 ) ) ;
#1478 = DATE_TIME_ROLE ( 'classification_date' ) ;
#1479 = DIRECTION ( 'NONE',  ( -0.000000000000000000, -1.000000000000000000, -0.000000000000000000 ) ) ;
#1480 = CC_DESIGN_PERSON_AND_ORGANIZATION_ASSIGNMENT ( #3719, #4044, ( #3775 ) ) ;
#1481 = DIRECTION ( 'NONE',  ( 0.000000000000000000, -0.000000000000000000, 1.000000000000000000 ) ) ;
#1482 = AXIS2_PLACEMENT_3D ( 'NONE', #1107, #328, #762 ) ;
#1483 = SHAPE_DEFINITION_REPRESENTATION ( #3094, #1858 ) ;
#1484 = DIRECTION ( 'NONE',  ( 0.000000000000000000, 1.000000000000000000, 2.312964634635740492E-16 ) ) ;
#1485 = DIRECTION ( 'NONE',  ( -0.000000000000000000, 0.000000000000000000, -1.000000000000000000 ) ) ;
#1486 = ORIENTED_EDGE ( 'NONE', *, *, #2320, .F. ) ;
#1487 = ADVANCED_FACE ( 'NONE', ( #4516 ), #1451, .T. ) ;
#1488 = ORIENTED_EDGE ( 'NONE', *, *, #1615, .T. ) ;
#1489 = VECTOR ( 'NONE', #1813, 1000.000000000000000 ) ;
#1490 = VERTEX_POINT ( 'NONE', #3387 ) ;
#1491 = DIRECTION ( 'NONE',  ( -1.000000000000000000, 0.000000000000000000, -1.110223024625161668E-15 ) ) ;
#1492 =( LENGTH_UNIT ( ) NAMED_UNIT ( * ) SI_UNIT ( .MILLI., .METRE. ) );
#1493 = EDGE_CURVE ( 'NONE', #989, #4589, #4844, .T. ) ;
#1494 = DATE_TIME_ROLE ( 'classification_date' ) ;
#1495 = CARTESIAN_POINT ( 'NONE',  ( 0.000000000000000000, 300.0000000000000000, 25.00000000000000000 ) ) ;
#1496 = ORIENTED_EDGE ( 'NONE', *, *, #2571, .T. ) ;
#1497 = LINE ( 'NONE', #3677, #3416 ) ;
#1498 = CARTESIAN_POINT ( 'NONE',  ( 0.000000000000000000, 50.00000000000000000, -9.999999999999998224 ) ) ;
#1499 = VECTOR ( 'NONE', #4638, 1000.000000000000000 ) ;
#1500 = ADVANCED_FACE ( 'NONE', ( #1378 ), #2982, .F. ) ;
#1501 = CARTESIAN_POINT ( 'NONE',  ( 0.000000000000000000, 0.000000000000000000, 12.50000000000000355 ) ) ;
#1502 = ITEM_DEFINED_TRANSFORMATION ( 'NONE', 'NONE', #1761,  #4310 ) ;
#1503 = EDGE_LOOP ( 'NONE', ( #1319, #3292, #2004, #2820 ) ) ;
#1504 = ADVANCED_BREP_SHAPE_REPRESENTATION ( '', ( #297, #4310 ), #2551 ) ;
#1505 = CIRCLE ( 'NONE', #477, 7.500000000000000000 ) ;
#1506 = DIRECTION ( 'NONE',  ( -0.000000000000000000, -0.000000000000000000, -1.000000000000000000 ) ) ;
#1507 = AXIS2_PLACEMENT_3D ( 'NONE', #232, #2114, #4016 ) ;
#1508 = DIRECTION ( 'NONE',  ( -0.000000000000000000, -0.000000000000000000, 1.000000000000000000 ) ) ;
#1509 = SECURITY_CLASSIFICATION_LEVEL ( 'unclassified' ) ;
#1510 = CARTESIAN_POINT ( 'NONE',  ( 0.000000000000000000, 0.000000000000000000, 50.00000000000000000 ) ) ;
#1511 = DIRECTION ( 'NONE',  ( 1.000000000000000000, 0.000000000000000000, 0.000000000000000000 ) ) ;
#1512 = VECTOR ( 'NONE', #2666, 1000.000000000000000 ) ;
#1513 = CC_DESIGN_DATE_AND_TIME_ASSIGNMENT ( #3468, #2728, ( #4316 ) ) ;
#1514 = ORIENTED_EDGE ( 'NONE', *, *, #2690, .F. ) ;
#1515 = CC_DESIGN_SECURITY_CLASSIFICATION ( #2318, ( #3195 ) ) ;
#1516 = ORIENTED_EDGE ( 'NONE', *, *, #3668, .F. ) ;
#1517 = DIRECTION ( 'NONE',  ( 0.000000000000000000, -0.000000000000000000, 1.000000000000000000 ) ) ;
#1518 = APPROVAL_PERSON_ORGANIZATION ( #3015, #3841, #4204 ) ;
#1519 =( GEOMETRIC_REPRESENTATION_CONTEXT ( 3 ) GLOBAL_UNCERTAINTY_ASSIGNED_CONTEXT ( ( #2076 ) ) GLOBAL_UNIT_ASSIGNED_CONTEXT ( ( #628, #2477, #4700 ) ) REPRESENTATION_CONTEXT ( 'NONE', 'WORKASPACE' ) );
#1520 = CC_DESIGN_PERSON_AND_ORGANIZATION_ASSIGNMENT ( #2456, #4347, ( #2883 ) ) ;
#1521 = LOCAL_TIME ( 22, 14, 50.00000000000000000, #2699 ) ;
#1522 = CALENDAR_DATE ( 2026, 6, 6 ) ;
#1523 = ORIENTED_EDGE ( 'NONE', *, *, #496, .T. ) ;
#1524 = LOCAL_TIME ( 22, 14, 50.00000000000000000, #3620 ) ;
#1525 = DIRECTION ( 'NONE',  ( -0.000000000000000000, -1.000000000000000000, -0.000000000000000000 ) ) ;
#1526 = VERTEX_POINT ( 'NONE', #4494 ) ;
#1527 = LINE ( 'NONE', #3130, #3112 ) ;
#1528 = DIRECTION ( 'NONE',  ( -1.000000000000000000, -0.000000000000000000, -0.000000000000000000 ) ) ;
#1529 = EDGE_CURVE ( 'NONE', #3541, #2822, #3369, .T. ) ;
#1530 = CARTESIAN_POINT ( 'NONE',  ( 0.000000000000000000, 0.000000000000000000, 0.000000000000000000 ) ) ;
#1531 = COORDINATED_UNIVERSAL_TIME_OFFSET ( 8, 0, .AHEAD. ) ;
#1532 = ORIENTED_EDGE ( 'NONE', *, *, #3214, .F. ) ;
#1533 = CYLINDRICAL_SURFACE ( 'NONE', #1082, 10.00000000000000000 ) ;
#1534 = DIRECTION ( 'NONE',  ( -0.000000000000000000, -0.000000000000000000, -1.000000000000000000 ) ) ;
#1535 = EDGE_CURVE ( 'NONE', #969, #2401, #3955, .T. ) ;
#1536 = CARTESIAN_POINT ( 'NONE',  ( -14.99999999999999645, -20.00000000000000355, 5.000000000000000000 ) ) ;
#1537 = MECHANICAL_CONTEXT ( 'NONE', #4150, 'mechanical' ) ;
#1538 = CARTESIAN_POINT ( 'NONE',  ( 25.00000000000000355, 5.000000000000000000, 20.00000000000000355 ) ) ;
#1539 = ORIENTED_EDGE ( 'NONE', *, *, #4086, .T. ) ;
#1540 = VERTEX_POINT ( 'NONE', #4416 ) ;
#1541 = ORIENTED_EDGE ( 'NONE', *, *, #4361, .F. ) ;
#1542 = DIRECTION ( 'NONE',  ( 1.000000000000000000, 0.000000000000000000, 0.000000000000000000 ) ) ;
#1543 =( NAMED_UNIT ( * ) SI_UNIT ( $, .STERADIAN. ) SOLID_ANGLE_UNIT ( ) );
#1544 = ORIENTED_EDGE ( 'NONE', *, *, #2392, .F. ) ;
#1545 = CC_DESIGN_PERSON_AND_ORGANIZATION_ASSIGNMENT ( #3042, #1870, ( #2711 ) ) ;
#1546 = DIRECTION ( 'NONE',  ( 1.000000000000000000, 0.000000000000000000, 0.000000000000000000 ) ) ;
#1547 = ORIENTED_EDGE ( 'NONE', *, *, #4642, .F. ) ;
#1548 = CARTESIAN_POINT ( 'NONE',  ( -12.49999999999999645, -20.00000000000000355, 0.000000000000000000 ) ) ;
#1549 = CYLINDRICAL_SURFACE ( 'NONE', #4551, 7.500000000000000000 ) ;
#1550 = PERSON_AND_ORGANIZATION ( #3229, #83 ) ;
#1551 = ADVANCED_FACE ( 'NONE', ( #4471 ), #3675, .F. ) ;
#1552 = LINE ( 'NONE', #2750, #4839 ) ;
#1553 = VERTEX_POINT ( 'NONE', #4442 ) ;
#1554 = CARTESIAN_POINT ( 'NONE',  ( 249.9999999999998863, 0.000000000000000000, 299.9999999999998295 ) ) ;
#1555 = EDGE_CURVE ( 'NONE', #4237, #2593, #2597, .T. ) ;
#1556 = DIRECTION ( 'NONE',  ( -0.000000000000000000, 1.000000000000000000, -0.000000000000000000 ) ) ;
#1557 = PERSON_AND_ORGANIZATION ( #3229, #83 ) ;
#1558 = FACE_OUTER_BOUND ( 'NONE', #4433, .T. ) ;
#1559 = ORIENTED_EDGE ( 'NONE', *, *, #1812, .F. ) ;
#1560 = AXIS2_PLACEMENT_3D ( 'NONE', #3692, #3812, #4579 ) ;
#1561 = AXIS2_PLACEMENT_3D ( 'NONE', #14, #481, #3849 ) ;
#1562 = ORIENTED_EDGE ( 'NONE', *, *, #1799, .F. ) ;
#1563 = ORIENTED_EDGE ( 'NONE', *, *, #2377, .F. ) ;
#1564 = DIRECTION ( 'NONE',  ( 0.000000000000000000, 1.000000000000000000, 0.000000000000000000 ) ) ;
#1565 = CIRCLE ( 'NONE', #4359, 25.00000000000000000 ) ;
#1566 =( LENGTH_UNIT ( ) NAMED_UNIT ( * ) SI_UNIT ( .MILLI., .METRE. ) );
#1567 = PRODUCT_DEFINITION_SHAPE ( 'NONE', 'NONE',  #4926 ) ;
#1568 = AXIS2_PLACEMENT_3D ( 'NONE', #1501, #2935, #367 ) ;
#1569 = EDGE_LOOP ( 'NONE', ( #3224, #438, #3595, #3216 ) ) ;
#1570 = LINE ( 'NONE', #4167, #1161 ) ;
#1571 = EDGE_LOOP ( 'NONE', ( #1153, #2929, #592, #204 ) ) ;
#1572 = CARTESIAN_POINT ( 'NONE',  ( 3.469446951953614189E-15, 90.00000000000000000, -12.50000000000000000 ) ) ;
#1573 = CYLINDRICAL_SURFACE ( 'NONE', #2562, 7.500000000000000000 ) ;
#1574 = CC_DESIGN_PERSON_AND_ORGANIZATION_ASSIGNMENT ( #4561, #3807, ( #4309 ) ) ;
#1575 = CARTESIAN_POINT ( 'NONE',  ( -137.8885356311217265, 333.0757873009108039, -164.5825931595025793 ) ) ;
#1576 = CARTESIAN_POINT ( 'NONE',  ( -7.500000000000000000, 292.5000000000000000, 15.00000000000001243 ) ) ;
#1577 = VERTEX_POINT ( 'NONE', #1472 ) ;
#1578 = CARTESIAN_POINT ( 'NONE',  ( 0.000000000000000000, 300.0000000000000000, 10.00000000000001243 ) ) ;
#1579 = AXIS2_PLACEMENT_3D ( 'NONE', #3609, #640, #276 ) ;
#1580 = ADVANCED_FACE ( 'NONE', ( #680 ), #996, .F. ) ;
#1581 = CIRCLE ( 'NONE', #554, 5.000000000000004441 ) ;
#1582 = DIRECTION ( 'NONE',  ( 1.000000000000000000, 0.000000000000000000, 0.000000000000000000 ) ) ;
#1583 = CARTESIAN_POINT ( 'NONE',  ( -7.500000000000000000, 0.000000000000000000, 25.00000000000000000 ) ) ;
#1584 = CIRCLE ( 'NONE', #6, 5.000000000000000000 ) ;
#1585 = ADVANCED_FACE ( 'NONE', ( #3299 ), #4096, .F. ) ;
#1586 = ORIENTED_EDGE ( 'NONE', *, *, #2082, .F. ) ;
#1587 = VERTEX_POINT ( 'NONE', #3489 ) ;
#1588 = AXIS2_PLACEMENT_3D ( 'NONE', #3589, #3167, #180 ) ;
#1589 = DIRECTION ( 'NONE',  ( -0.000000000000000000, -1.000000000000000000, -0.000000000000000000 ) ) ;
#1590 = EDGE_CURVE ( 'NONE', #1587, #1711, #1570, .T. ) ;
#1591 = CC_DESIGN_SECURITY_CLASSIFICATION ( #2556, ( #1194 ) ) ;
#1592 = AXIS2_PLACEMENT_3D ( 'NONE', #517, #1485, #3017 ) ;
#1593 = ORIENTED_EDGE ( 'NONE', *, *, #772, .T. ) ;
#1594 = CARTESIAN_POINT ( 'NONE',  ( 0.000000000000000000, -10.00000000000000000, 0.000000000000000000 ) ) ;
#1595 = ORIENTED_EDGE ( 'NONE', *, *, #105, .F. ) ;
#1596 = CC_DESIGN_APPROVAL ( #1866, ( #175 ) ) ;
#1597 = CIRCLE ( 'NONE', #3752, 5.000000000000001776 ) ;
#1598 = DIRECTION ( 'NONE',  ( 1.000000000000000000, 0.000000000000000000, 4.440892098500630106E-15 ) ) ;
#1599 = CARTESIAN_POINT ( 'NONE',  ( 25.00000000000000355, 5.000000000000000000, -4.999999999999999112 ) ) ;
#1600 = CC_DESIGN_SECURITY_CLASSIFICATION ( #2244, ( #4925 ) ) ;
#1601 =( GEOMETRIC_REPRESENTATION_CONTEXT ( 3 ) GLOBAL_UNCERTAINTY_ASSIGNED_CONTEXT ( ( #981 ) ) GLOBAL_UNIT_ASSIGNED_CONTEXT ( ( #1566, #3888, #1543 ) ) REPRESENTATION_CONTEXT ( 'NONE', 'WORKASPACE' ) );
#1602 = DATE_TIME_ROLE ( 'creation_date' ) ;
#1603 = CARTESIAN_POINT ( 'NONE',  ( 1.224646799147353059E-15, 0.000000000000000000, 9.999999999999998224 ) ) ;
#1604 = ORIENTED_EDGE ( 'NONE', *, *, #2075, .T. ) ;
#1605 = FACE_OUTER_BOUND ( 'NONE', #4762, .T. ) ;
#1606 = FACE_OUTER_BOUND ( 'NONE', #3856, .T. ) ;
#1607 = DIRECTION ( 'NONE',  ( 0.000000000000000000, 0.000000000000000000, -1.000000000000000000 ) ) ;
#1608 = LINE ( 'NONE', #3140, #2286 ) ;
#1609 = CALENDAR_DATE ( 2026, 6, 6 ) ;
#1610 = EDGE_CURVE ( 'NONE', #997, #536, #4648, .T. ) ;
#1611 = CARTESIAN_POINT ( 'NONE',  ( 0.000000000000000000, 20.00000000000000000, 0.000000000000000000 ) ) ;
#1612 = PRODUCT ( 'link1_column', 'link1_column', '', ( #224 ) ) ;
#1613 = VERTEX_POINT ( 'NONE', #1911 ) ;
#1614 = SHAPE_DEFINITION_REPRESENTATION ( #4601, #2053 ) ;
#1615 = EDGE_CURVE ( 'NONE', #4721, #1853, #4190, .T. ) ;
#1616 = FACE_OUTER_BOUND ( 'NONE', #283, .T. ) ;
#1617 = CYLINDRICAL_SURFACE ( 'NONE', #2363, 10.00000000000000000 ) ;
#1618 = VERTEX_POINT ( 'NONE', #776 ) ;
#1619 = EDGE_CURVE ( 'NONE', #4464, #4887, #4830, .T. ) ;
#1620 = CARTESIAN_POINT ( 'NONE',  ( 0.000000000000000000, 0.000000000000000000, 50.00000000000000000 ) ) ;
#1621 = ORIENTED_EDGE ( 'NONE', *, *, #3516, .T. ) ;
#1622 = CARTESIAN_POINT ( 'NONE',  ( 7.500000000000000000, -7.500000000000000000, 12.50000000000000355 ) ) ;
#1623 = CARTESIAN_POINT ( 'NONE',  ( 0.000000000000000000, 75.00000000000000000, 0.000000000000000000 ) ) ;
#1624 = PERSON_AND_ORGANIZATION ( #3229, #83 ) ;
#1625 = CARTESIAN_POINT ( 'NONE',  ( -14.99999999999999467, 20.00000000000000000, 5.000000000000000000 ) ) ;
#1626 = ORIENTED_EDGE ( 'NONE', *, *, #4538, .F. ) ;
#1627 = CARTESIAN_POINT ( 'NONE',  ( 0.000000000000000000, -800.0000000000000000, 0.000000000000000000 ) ) ;
#1628 = PLANE ( 'NONE',  #1592 ) ;
#1629 = CARTESIAN_POINT ( 'NONE',  ( 7.500000000000000000, 0.000000000000000000, 37.50000000000000711 ) ) ;
#1630 = CALENDAR_DATE ( 2026, 6, 6 ) ;
#1631 = CARTESIAN_POINT ( 'NONE',  ( 0.000000000000000000, -10.00000000000000000, 17.50000000000000355 ) ) ;
#1632 = CARTESIAN_POINT ( 'NONE',  ( 35.00000000000000000, 5.000000000000000000, -15.00000000000000000 ) ) ;
#1633 = CARTESIAN_POINT ( 'NONE',  ( 0.000000000000000000, 50.00000000000000000, 0.000000000000000000 ) ) ;
#1634 = CC_DESIGN_DATE_AND_TIME_ASSIGNMENT ( #4165, #3165, ( #2956 ) ) ;
#1635 = APPROVAL_ROLE ( '' ) ;
#1636 = ORIENTED_EDGE ( 'NONE', *, *, #641, .T. ) ;
#1637 = LINE ( 'NONE', #2109, #3742 ) ;
#1638 = AXIS2_PLACEMENT_3D ( 'NONE', #2527, #270, #1773 ) ;
#1639 = EDGE_CURVE ( 'NONE', #4246, #2714, #821, .T. ) ;
#1640 = ORIENTED_EDGE ( 'NONE', *, *, #3937, .F. ) ;
#1641 = ORIENTED_EDGE ( 'NONE', *, *, #2715, .T. ) ;
#1642 = DIRECTION ( 'NONE',  ( 0.000000000000000000, 1.000000000000000000, 0.000000000000000000 ) ) ;
#1643 = ORIENTED_EDGE ( 'NONE', *, *, #3033, .F. ) ;
#1644 = CARTESIAN_POINT ( 'NONE',  ( 0.000000000000000000, -5.000000000000000000, -15.00000000000000000 ) ) ;
#1645 = FACE_OUTER_BOUND ( 'NONE', #4800, .T. ) ;
#1646 = EDGE_CURVE ( 'NONE', #202, #4412, #2329, .T. ) ;
#1647 = VECTOR ( 'NONE', #3354, 1000.000000000000000 ) ;
#1648 = CALENDAR_DATE ( 2026, 6, 6 ) ;
#1649 = CARTESIAN_POINT ( 'NONE',  ( -14.99999999999999467, 20.00000000000000000, 5.000000000000000000 ) ) ;
#1650 = APPROVAL_ROLE ( '' ) ;
#1651 = ORIENTED_EDGE ( 'NONE', *, *, #2377, .T. ) ;
#1652 = DIRECTION ( 'NONE',  ( -1.000000000000000000, 0.000000000000000000, 0.000000000000000000 ) ) ;
#1653 = VECTOR ( 'NONE', #4143, 1000.000000000000000 ) ;
#1654 = DIRECTION ( 'NONE',  ( -0.000000000000000000, -0.000000000000000000, 1.000000000000000000 ) ) ;
#1655 = ADVANCED_FACE ( 'NONE', ( #2298 ), #2274, .T. ) ;
#1656 = DIRECTION ( 'NONE',  ( -0.000000000000000000, -1.000000000000000000, -0.000000000000000000 ) ) ;
#1657 = CONTEXT_DEPENDENT_SHAPE_REPRESENTATION ( #922, #4077 ) ;
#1658 = CARTESIAN_POINT ( 'NONE',  ( -5.000000000000000000, 6.123233995736766282E-16, 0.000000000000000000 ) ) ;
#1659 = VECTOR ( 'NONE', #3256, 1000.000000000000000 ) ;
#1660 = PERSON_AND_ORGANIZATION ( #3229, #83 ) ;
#1661 = ORIENTED_EDGE ( 'NONE', *, *, #3437, .T. ) ;
#1662 = CARTESIAN_POINT ( 'NONE',  ( 5.000000000000000000, 0.000000000000000000, 0.000000000000000000 ) ) ;
#1664 = CIRCLE ( 'NONE', #1344, 5.000000000000000000 ) ;
#1663 = CC_DESIGN_PERSON_AND_ORGANIZATION_ASSIGNMENT ( #4710, #2734, ( #2564 ) ) ;
#1665 = ORIENTED_EDGE ( 'NONE', *, *, #941, .T. ) ;
#1666 = CIRCLE ( 'NONE', #3343, 5.000000000000001776 ) ;
#1667 = ORIENTED_EDGE ( 'NONE', *, *, #3417, .F. ) ;
#1668 = CARTESIAN_POINT ( 'NONE',  ( 0.000000000000000000, 0.000000000000000000, 0.000000000000000000 ) ) ;
#1669 = ORIENTED_EDGE ( 'NONE', *, *, #3448, .T. ) ;
#1670 = CARTESIAN_POINT ( 'NONE',  ( -7.500000000000000000, 307.5000000000000000, 10.00000000000001243 ) ) ;
#1671 = ADVANCED_FACE ( 'NONE', ( #2648 ), #753, .F. ) ;
#1672 = CYLINDRICAL_SURFACE ( 'NONE', #3276, 40.00000000000000000 ) ;
#1673 = CIRCLE ( 'NONE', #874, 10.00000000000000000 ) ;
#1674 = LOCAL_TIME ( 22, 14, 50.00000000000000000, #3911 ) ;
#1675 = PERSON_AND_ORGANIZATION_ROLE ( 'creator' ) ;
#1676 = DIRECTION ( 'NONE',  ( -0.000000000000000000, -0.000000000000000000, -1.000000000000000000 ) ) ;
#1677 = ORIENTED_EDGE ( 'NONE', *, *, #1788, .F. ) ;
#1678 = DIRECTION ( 'NONE',  ( 0.000000000000000000, -1.156482317317870492E-16, 1.000000000000000000 ) ) ;
#1679 = EDGE_CURVE ( 'NONE', #4341, #2134, #691, .T. ) ;
#1680 = DIRECTION ( 'NONE',  ( 1.000000000000000000, 0.000000000000000000, 0.000000000000000000 ) ) ;
#1681 = LOCAL_TIME ( 22, 14, 50.00000000000000000, #4331 ) ;
#1682 = AXIS2_PLACEMENT_3D ( 'NONE', #4474, #2201, #1128 ) ;
#1683 = DIRECTION ( 'NONE',  ( -0.000000000000000000, 0.000000000000000000, 1.000000000000000000 ) ) ;
#1684 = APPROVAL_DATE_TIME ( #2439, #4597 ) ;
#1685 = APPROVAL_PERSON_ORGANIZATION ( #4125, #784, #4404 ) ;
#1686 = CYLINDRICAL_SURFACE ( 'NONE', #2052, 25.00000000000000000 ) ;
#1687 = EDGE_CURVE ( 'NONE', #3339, #2343, #3163, .T. ) ;
#1688 = SHAPE_DEFINITION_REPRESENTATION ( #4791, #220 ) ;
#1689 = VERTEX_POINT ( 'NONE', #4620 ) ;
#1690 = CARTESIAN_POINT ( 'NONE',  ( -249.9999999999999716, -800.0000000000000000, -299.9999999999997158 ) ) ;
#1691 = ORIENTED_EDGE ( 'NONE', *, *, #1788, .T. ) ;
#1692 = ORIENTED_EDGE ( 'NONE', *, *, #65, .F. ) ;
#1693 = ORIENTED_EDGE ( 'NONE', *, *, #2096, .T. ) ;
#1694 = FACE_OUTER_BOUND ( 'NONE', #1243, .T. ) ;
#1695 = DIRECTION ( 'NONE',  ( 1.000000000000000000, 0.000000000000000000, -0.000000000000000000 ) ) ;
#1696 = APPROVAL ( #4870, 'ๆช' ) ;
#1697 = EDGE_LOOP ( 'NONE', ( #4021, #4784, #3338, #3885 ) ) ;
#1698 = APPLICATION_PROTOCOL_DEFINITION ( 'international standard', 'config_control_design', 1994, #2980 ) ;
#1699 = DIRECTION ( 'NONE',  ( 0.000000000000000000, 0.000000000000000000, 1.000000000000000000 ) ) ;
#1700 = ORIENTED_EDGE ( 'NONE', *, *, #2333, .F. ) ;
#1701 = CARTESIAN_POINT ( 'NONE',  ( 7.500000000000000000, 250.0000000000000000, 0.000000000000000000 ) ) ;
#1702 = CARTESIAN_POINT ( 'NONE',  ( -7.500000000000000000, 7.500000000000000000, 9.999999999999973355 ) ) ;
#1703 = EDGE_CURVE ( 'NONE', #3341, #2844, #1002, .T. ) ;
#1704 = DIRECTION ( 'NONE',  ( 1.000000000000000000, 0.000000000000000000, 0.000000000000000000 ) ) ;
#1705 = DATE_AND_TIME ( #1330, #4550 ) ;
#1706 = FACE_OUTER_BOUND ( 'NONE', #4748, .T. ) ;
#1707 = ADVANCED_FACE ( 'NONE', ( #1196 ), #455, .F. ) ;
#1708 = DATE_TIME_ROLE ( 'creation_date' ) ;
#1709 = EDGE_LOOP ( 'NONE', ( #625, #2643, #2864, #2918 ) ) ;
#1710 = DIRECTION ( 'NONE',  ( -0.000000000000000000, 1.000000000000000000, -0.000000000000000000 ) ) ;
#1712 = EDGE_CURVE ( 'NONE', #986, #4246, #1146, .T. ) ;
#1711 = VERTEX_POINT ( 'NONE', #389 ) ;
#1713 = ORIENTED_EDGE ( 'NONE', *, *, #2874, .F. ) ;
#1714 = PRODUCT_DEFINITION_SHAPE ( 'NONE', 'NONE',  #4920 ) ;
#1715 = ORIENTED_EDGE ( 'NONE', *, *, #2130, .T. ) ;
#1716 = CARTESIAN_POINT ( 'NONE',  ( -5.000000000000000000, 6.123233995736766282E-16, 0.000000000000000000 ) ) ;
#1717 = CYLINDRICAL_SURFACE ( 'NONE', #3826, 7.500000000000000000 ) ;
#1718 = FACE_OUTER_BOUND ( 'NONE', #1571, .T. ) ;
#1719 = VECTOR ( 'NONE', #156, 1000.000000000000000 ) ;
#1720 = PERSON_AND_ORGANIZATION ( #3229, #83 ) ;
#1721 = CARTESIAN_POINT ( 'NONE',  ( 0.000000000000000000, 0.000000000000000000, 25.00000000000000000 ) ) ;
#1722 = ORIENTED_EDGE ( 'NONE', *, *, #1590, .T. ) ;
#1723 = LINE ( 'NONE', #2505, #4532 ) ;
#1724 = CYLINDRICAL_SURFACE ( 'NONE', #3834, 10.00000000000000000 ) ;
#1725 = AXIS2_PLACEMENT_3D ( 'NONE', #2300, #3062, #2227 ) ;
#1726 = CARTESIAN_POINT ( 'NONE',  ( 0.000000000000000000, 40.00000000000000000, 0.000000000000000000 ) ) ;
#1727 = AXIS2_PLACEMENT_3D ( 'NONE', #1649, #902, #3179 ) ;
#1728 = CALENDAR_DATE ( 2026, 6, 6 ) ;
#1729 = DIRECTION ( 'NONE',  ( -0.000000000000000000, -1.000000000000000000, -0.000000000000000000 ) ) ;
#1730 = EDGE_CURVE ( 'NONE', #1780, #2373, #4275, .T. ) ;
#1731 = PERSON_AND_ORGANIZATION ( #3229, #83 ) ;
#1732 = ORIENTED_EDGE ( 'NONE', *, *, #221, .F. ) ;
#1733 = EDGE_LOOP ( 'NONE', ( #1348, #2108, #1168, #3567 ) ) ;
#1734 = CARTESIAN_POINT ( 'NONE',  ( -7.500000000000000000, 257.5000000000000000, 37.50000000000000711 ) ) ;
#1735 = EDGE_CURVE ( 'NONE', #1206, #282, #1883, .T. ) ;
#1736 = VECTOR ( 'NONE', #4806, 1000.000000000000000 ) ;
#1737 = ORIENTED_EDGE ( 'NONE', *, *, #4759, .T. ) ;
#1738 = SHAPE_REPRESENTATION ( 'stamp_head', ( #4310 ), #2886 ) ;
#1739 = ORIENTED_EDGE ( 'NONE', *, *, #2352, .T. ) ;
#1740 = VECTOR ( 'NONE', #3136, 1000.000000000000000 ) ;
#1741 = ORIENTED_EDGE ( 'NONE', *, *, #678, .F. ) ;
#1742 = CARTESIAN_POINT ( 'NONE',  ( -21.65063509461096913, 102.5000000000000000, 12.50000000000000000 ) ) ;
#1743 = EDGE_CURVE ( 'NONE', #2036, #465, #2678, .T. ) ;
#1744 = DIRECTION ( 'NONE',  ( 0.000000000000000000, 1.000000000000000000, 0.000000000000000000 ) ) ;
#1745 = AXIS2_PLACEMENT_3D ( 'NONE', #3893, #846, #823 ) ;
#1746 = DATE_TIME_ROLE ( 'classification_date' ) ;
#1747 = FACE_OUTER_BOUND ( 'NONE', #2951, .T. ) ;
#1748 = ORIENTED_EDGE ( 'NONE', *, *, #3937, .T. ) ;
#1749 = VECTOR ( 'NONE', #4758, 1000.000000000000000 ) ;
#1750 = DIRECTION ( 'NONE',  ( -0.000000000000000000, -0.000000000000000000, 1.000000000000000000 ) ) ;
#1751 = DIRECTION ( 'NONE',  ( 1.000000000000000000, 0.000000000000000000, 0.000000000000000000 ) ) ;
#1752 = APPROVAL_PERSON_ORGANIZATION ( #2849, #4637, #4018 ) ;
#1753 = CIRCLE ( 'NONE', #1439, 5.000000000000000000 ) ;
#1754 = CARTESIAN_POINT ( 'NONE',  ( -5.000000000000000000, 6.123233995736766282E-16, 0.000000000000000000 ) ) ;
#1755 = APPROVAL_ROLE ( '' ) ;
#1756 = CARTESIAN_POINT ( 'NONE',  ( 0.000000000000000000, 5.000000000000000000, -15.00000000000000000 ) ) ;
#1757 = FACE_BOUND ( 'NONE', #868, .T. ) ;
#1758 = ORGANIZATION ( 'NAUO-ORG2', 'UNSPECIFIED', 'UNSPECIFIED' ) ;
#1759 = PRODUCT_DEFINITION_SHAPE ( 'NONE', 'NONE',  #4923 ) ;
#1760 = APPROVAL_PERSON_ORGANIZATION ( #4500, #3076, #397 ) ;
#1761 = AXIS2_PLACEMENT_3D ( 'NONE', #1575, #826, #3133 ) ;
#1762 = APPROVAL_ROLE ( '' ) ;
#1763 = VERTEX_POINT ( 'NONE', #1986 ) ;
#1764 = CARTESIAN_POINT ( 'NONE',  ( 23.85759400464763047, 98.67743503759966472, -8.677435037599678935 ) ) ;
#1765 = CARTESIAN_POINT ( 'NONE',  ( 7.500000000000000000, 0.000000000000000000, 50.00000000000000000 ) ) ;
#1766 = ORIENTED_EDGE ( 'NONE', *, *, #1185, .F. ) ;
#1767 = ADVANCED_FACE ( 'NONE', ( #4216 ), #4915, .T. ) ;
#1768 = ORIENTED_EDGE ( 'NONE', *, *, #502, .T. ) ;
#1769 = ORIENTED_EDGE ( 'NONE', *, *, #819, .F. ) ;
#1770 = FACE_OUTER_BOUND ( 'NONE', #4489, .T. ) ;
#1771 = ADVANCED_FACE ( 'NONE', ( #4288 ), #2539, .T. ) ;
#1772 = APPROVAL_DATE_TIME ( #1071, #3808 ) ;
#1773 = DIRECTION ( 'NONE',  ( 0.000000000000000000, 0.000000000000000000, 1.000000000000000000 ) ) ;
#1774 = ORIENTED_EDGE ( 'NONE', *, *, #3562, .T. ) ;
#1775 = DIRECTION ( 'NONE',  ( 0.000000000000000000, -1.156482317317870492E-16, 1.000000000000000000 ) ) ;
#1776 = LINE ( 'NONE', #194, #2154 ) ;
#1777 = CARTESIAN_POINT ( 'NONE',  ( 3.061616997868383043E-15, 0.000000000000000000, 25.00000000000000000 ) ) ;
#1778 = DIRECTION ( 'NONE',  ( 0.000000000000000000, -0.000000000000000000, 1.000000000000000000 ) ) ;
#1779 = PERSON_AND_ORGANIZATION_ROLE ( 'creator' ) ;
#1780 = VERTEX_POINT ( 'NONE', #2514 ) ;
#1781 = CARTESIAN_POINT ( 'NONE',  ( -7.500000000000000000, 0.000000000000000000, 0.000000000000000000 ) ) ;
#1782 = LINE ( 'NONE', #3734, #489 ) ;
#1783 = CC_DESIGN_PERSON_AND_ORGANIZATION_ASSIGNMENT ( #1660, #3026, ( #1194 ) ) ;
#1784 = ORIENTED_EDGE ( 'NONE', *, *, #701, .F. ) ;
#1785 = ORIENTED_EDGE ( 'NONE', *, *, #3997, .T. ) ;
#1786 = ORIENTED_EDGE ( 'NONE', *, *, #772, .F. ) ;
#1787 = CARTESIAN_POINT ( 'NONE',  ( -7.499999999999994671, -20.00000000000000355, 5.000000000000000000 ) ) ;
#1788 = EDGE_CURVE ( 'NONE', #1613, #2516, #4911, .T. ) ;
#1789 = APPROVAL_STATUS ( 'not_yet_approved' ) ;
#1790 = DIRECTION ( 'NONE',  ( -0.000000000000000000, -0.000000000000000000, 1.000000000000000000 ) ) ;
#1791 = VERTEX_POINT ( 'NONE', #2943 ) ;
#1792 = CARTESIAN_POINT ( 'NONE',  ( 17.50000000000000000, 5.000000000000000000, 2.500000000000000444 ) ) ;
#1793 = LINE ( 'NONE', #2277, #2078 ) ;
#1794 = EDGE_CURVE ( 'NONE', #3683, #1144, #4427, .T. ) ;
#1795 = DIRECTION ( 'NONE',  ( 0.000000000000000000, 0.000000000000000000, 1.000000000000000000 ) ) ;
#1796 = ITEM_DEFINED_TRANSFORMATION ( 'NONE', 'NONE', #3048,  #4310 ) ;
#1797 = CARTESIAN_POINT ( 'NONE',  ( -25.00000000000000000, 90.00000000000000000, 0.000000000000000000 ) ) ;
#1798 = AXIS2_PLACEMENT_3D ( 'NONE', #1938, #4658, #2680 ) ;
#1799 = EDGE_CURVE ( 'NONE', #3665, #1806, #3199, .T. ) ;
#1800 = AXIS2_PLACEMENT_3D ( 'NONE', #4026, #243, #1704 ) ;
#1801 = DIRECTION ( 'NONE',  ( -1.000000000000000000, 0.000000000000000000, 0.000000000000000000 ) ) ;
#1802 = DATE_TIME_ROLE ( 'creation_date' ) ;
#1803 = CARTESIAN_POINT ( 'NONE',  ( 0.000000000000000000, 0.000000000000000000, 0.000000000000000000 ) ) ;
#1804 = CARTESIAN_POINT ( 'NONE',  ( 4.791528850480152211E-15, 20.00000000000000355, 0.000000000000000000 ) ) ;
#1805 = ORIENTED_EDGE ( 'NONE', *, *, #2067, .F. ) ;
#1806 = VERTEX_POINT ( 'NONE', #130 ) ;
#1807 = ORIENTED_EDGE ( 'NONE', *, *, #1646, .F. ) ;
#1808 = PLANE ( 'NONE',  #2310 ) ;
#1809 = VECTOR ( 'NONE', #2787, 1000.000000000000000 ) ;
#1810 = AXIS2_PLACEMENT_3D ( 'NONE', #3423, #369, #1867 ) ;
#1811 = PERSON_AND_ORGANIZATION ( #3229, #83 ) ;
#1812 = EDGE_CURVE ( 'NONE', #1188, #4691, #2204, .T. ) ;
#1813 = DIRECTION ( 'NONE',  ( -0.000000000000000000, -0.000000000000000000, 1.000000000000000000 ) ) ;
#1814 = ORIENTED_EDGE ( 'NONE', *, *, #1428, .F. ) ;
#1815 = CARTESIAN_POINT ( 'NONE',  ( -5.000000000000001776, 250.0000000000000000, 50.00000000000000000 ) ) ;
#1816 = CARTESIAN_POINT ( 'NONE',  ( 1.224646799147353059E-15, 50.00000000000000000, 9.999999999999998224 ) ) ;
#1817 = AXIS2_PLACEMENT_3D ( 'NONE', #3942, #4394, #3641 ) ;
#1818 = AXIS2_PLACEMENT_3D ( 'NONE', #865, #3194, #2766 ) ;
#1819 = EDGE_CURVE ( 'NONE', #1618, #798, #917, .T. ) ;
#1820 = CARTESIAN_POINT ( 'NONE',  ( 7.500000000000000000, 42.50000000000000000, 37.50000000000000711 ) ) ;
#1821 = APPROVAL_STATUS ( 'not_yet_approved' ) ;
#1822 = DIRECTION ( 'NONE',  ( -0.000000000000000000, 1.000000000000000000, 0.000000000000000000 ) ) ;
#1823 = LOCAL_TIME ( 22, 14, 50.00000000000000000, #3790 ) ;
#1824 = VECTOR ( 'NONE', #452, 1000.000000000000000 ) ;
#1825 = EDGE_CURVE ( 'NONE', #4321, #1141, #1403, .T. ) ;
#1826 = CARTESIAN_POINT ( 'NONE',  ( 0.000000000000000000, 60.00000000000000000, -12.50000000000000000 ) ) ;
#1827 = PERSON_AND_ORGANIZATION ( #3229, #83 ) ;
#1828 = LOCAL_TIME ( 22, 14, 50.00000000000000000, #300 ) ;
#1829 = AXIS2_PLACEMENT_3D ( 'NONE', #141, #116, #1257 ) ;
#1830 = CARTESIAN_POINT ( 'NONE',  ( 0.000000000000000000, 0.000000000000000000, 0.000000000000000000 ) ) ;
#1831 = PLANE ( 'NONE',  #3748 ) ;
#1832 = AXIS2_PLACEMENT_3D ( 'NONE', #2804, #2454, #4765 ) ;
#1833 = EDGE_LOOP ( 'NONE', ( #4040, #1665, #3616, #3738 ) ) ;
#1834 = VERTEX_POINT ( 'NONE', #1013 ) ;
#1835 = ORIENTED_EDGE ( 'NONE', *, *, #4885, .T. ) ;
#1836 = DIRECTION ( 'NONE',  ( 0.000000000000000000, 1.000000000000000000, 0.000000000000000000 ) ) ;
#1837 = DATE_AND_TIME ( #3743, #3984 ) ;
#1838 = DIRECTION ( 'NONE',  ( -0.000000000000000000, -0.000000000000000000, 1.000000000000000000 ) ) ;
#1839 = ORIENTED_EDGE ( 'NONE', *, *, #2993, .F. ) ;
#1840 = CARTESIAN_POINT ( 'NONE',  ( -7.500000000000000000, 7.500000000000000000, 14.99999999999997513 ) ) ;
#1841 = FACE_OUTER_BOUND ( 'NONE', #3687, .T. ) ;
#1842 = CC_DESIGN_PERSON_AND_ORGANIZATION_ASSIGNMENT ( #763, #2287, ( #725 ) ) ;
#1843 = CARTESIAN_POINT ( 'NONE',  ( 7.500000000000000000, 257.5000000000000000, 37.50000000000000711 ) ) ;
#1844 = CALENDAR_DATE ( 2026, 6, 6 ) ;
#1845 = PLANE ( 'NONE',  #2467 ) ;
#1846 = EDGE_CURVE ( 'NONE', #3740, #4013, #2602, .T. ) ;
#1847 = ADVANCED_BREP_SHAPE_REPRESENTATION ( '', ( #286, #4310 ), #1898 ) ;
#1848 = DIRECTION ( 'NONE',  ( 0.000000000000000000, 0.000000000000000000, 1.000000000000000000 ) ) ;
#1849 = COORDINATED_UNIVERSAL_TIME_OFFSET ( 8, 0, .AHEAD. ) ;
#1850 = DIRECTION ( 'NONE',  ( 0.000000000000000000, 1.000000000000000000, 0.000000000000000000 ) ) ;
#1851 = CARTESIAN_POINT ( 'NONE',  ( 0.000000000000000000, 0.000000000000000000, 0.000000000000000000 ) ) ;
#1852 = EDGE_CURVE ( 'NONE', #896, #1806, #1040, .T. ) ;
#1853 = VERTEX_POINT ( 'NONE', #2569 ) ;
#1854 = ORIENTED_EDGE ( 'NONE', *, *, #4452, .F. ) ;
#1855 = EDGE_LOOP ( 'NONE', ( #3364, #182 ) ) ;
#1856 = CARTESIAN_POINT ( 'NONE',  ( 0.000000000000000000, 0.000000000000000000, -9.999999999999998224 ) ) ;
#1857 = COORDINATED_UNIVERSAL_TIME_OFFSET ( 8, 0, .AHEAD. ) ;
#1858 = SHAPE_REPRESENTATION ( 'link1_column', ( #4310 ), #2162 ) ;
#1859 = CARTESIAN_POINT ( 'NONE',  ( -7.500000000000000000, 0.000000000000000000, 9.999999999999973355 ) ) ;
#1860 = VERTEX_POINT ( 'NONE', #1781 ) ;
#1861 = DIRECTION ( 'NONE',  ( 0.000000000000000000, 0.000000000000000000, 1.000000000000000000 ) ) ;
#1862 = DIRECTION ( 'NONE',  ( 1.000000000000000000, 0.000000000000000000, 0.000000000000000000 ) ) ;
#1863 = FACE_OUTER_BOUND ( 'NONE', #2028, .T. ) ;
#1864 = CALENDAR_DATE ( 2026, 6, 6 ) ;
#1865 = ORIENTED_EDGE ( 'NONE', *, *, #3780, .F. ) ;
#1866 = APPROVAL ( #429, 'ๆช' ) ;
#1867 = DIRECTION ( 'NONE',  ( 0.000000000000000000, -0.000000000000000000, -1.000000000000000000 ) ) ;
#1868 = DIRECTION ( 'NONE',  ( -0.000000000000000000, -0.000000000000000000, -1.000000000000000000 ) ) ;
#1869 = AXIS2_PLACEMENT_3D ( 'NONE', #1240, #3542, #4697 ) ;
#1870 = PERSON_AND_ORGANIZATION_ROLE ( 'design_supplier' ) ;
#1871 = VECTOR ( 'NONE', #1440, 1000.000000000000000 ) ;
#1872 = CC_DESIGN_PERSON_AND_ORGANIZATION_ASSIGNMENT ( #975, #901, ( #2318 ) ) ;
#1873 = CARTESIAN_POINT ( 'NONE',  ( -21.65063509461096913, 102.5000000000000000, 12.50000000000000000 ) ) ;
#1874 = DIRECTION ( 'NONE',  ( 0.000000000000000000, -0.000000000000000000, 1.000000000000000000 ) ) ;
#1875 = AXIS2_PLACEMENT_3D ( 'NONE', #4600, #1889, #3799 ) ;
#1876 = ORIENTED_EDGE ( 'NONE', *, *, #375, .F. ) ;
#1877 = EDGE_CURVE ( 'NONE', #1853, #2246, #1389, .T. ) ;
#1878 = CIRCLE ( 'NONE', #2534, 7.500000000000000000 ) ;
#1879 = DIRECTION ( 'NONE',  ( -0.000000000000000000, -1.000000000000000000, -0.000000000000000000 ) ) ;
#1880 = CALENDAR_DATE ( 2026, 6, 6 ) ;
#1881 = EDGE_LOOP ( 'NONE', ( #4743, #101 ) ) ;
#1882 = ADVANCED_FACE ( 'NONE', ( #2428 ), #3289, .T. ) ;
#1883 = LINE ( 'NONE', #4571, #2118 ) ;
#1884 = ORIENTED_EDGE ( 'NONE', *, *, #701, .T. ) ;
#1885 = DIRECTION ( 'NONE',  ( -0.000000000000000000, 1.000000000000000000, -0.000000000000000000 ) ) ;
#1886 = DIRECTION ( 'NONE',  ( 1.000000000000000000, 0.000000000000000000, 0.000000000000000000 ) ) ;
#1887 = AXIS2_PLACEMENT_3D ( 'NONE', #2389, #789, #146 ) ;
#1888 = PERSON_AND_ORGANIZATION_ROLE ( 'creator' ) ;
#1889 = DIRECTION ( 'NONE',  ( 0.000000000000000000, 0.000000000000000000, 1.000000000000000000 ) ) ;
#1890 = DATE_AND_TIME ( #3374, #1442 ) ;
#1891 = ORIENTED_EDGE ( 'NONE', *, *, #1908, .T. ) ;
#1892 = AXIS2_PLACEMENT_3D ( 'NONE', #4501, #2965, #712 ) ;
#1893 = FACE_OUTER_BOUND ( 'NONE', #258, .T. ) ;
#1894 = VECTOR ( 'NONE', #2406, 1000.000000000000000 ) ;
#1895 = CARTESIAN_POINT ( 'NONE',  ( 7.500000000000000000, -7.500000000000000000, 37.50000000000000711 ) ) ;
#1896 = CALENDAR_DATE ( 2026, 6, 6 ) ;
#1897 = CARTESIAN_POINT ( 'NONE',  ( 249.9999999999998863, -800.0000000000000000, 299.9999999999998295 ) ) ;
#1898 =( GEOMETRIC_REPRESENTATION_CONTEXT ( 3 ) GLOBAL_UNCERTAINTY_ASSIGNED_CONTEXT ( ( #2278 ) ) GLOBAL_UNIT_ASSIGNED_CONTEXT ( ( #2618, #3769, #3817 ) ) REPRESENTATION_CONTEXT ( 'NONE', 'WORKASPACE' ) );
#1899 = VECTOR ( 'NONE', #2397, 1000.000000000000000 ) ;
#1900 = CC_DESIGN_PERSON_AND_ORGANIZATION_ASSIGNMENT ( #3258, #3656, ( #645 ) ) ;
#1901 = EDGE_LOOP ( 'NONE', ( #2362, #3994 ) ) ;
#1902 = CC_DESIGN_APPROVAL ( #4286, ( #1194 ) ) ;
#1903 = VECTOR ( 'NONE', #2152, 1000.000000000000000 ) ;
#1904 = CARTESIAN_POINT ( 'NONE',  ( 0.000000000000000000, 0.000000000000000000, 0.000000000000000000 ) ) ;
#1905 = CARTESIAN_POINT ( 'NONE',  ( 0.000000000000000000, 0.000000000000000000, 0.000000000000000000 ) ) ;
#1906 = CC_DESIGN_APPROVAL ( #3619, ( #725 ) ) ;
#1907 = VECTOR ( 'NONE', #1343, 1000.000000000000000 ) ;
#1908 = EDGE_CURVE ( 'NONE', #4374, #2868, #4033, .T. ) ;
#1909 = CC_DESIGN_SECURITY_CLASSIFICATION ( #4316, ( #4927 ) ) ;
#1910 = EDGE_LOOP ( 'NONE', ( #3365, #1651, #4436, #261 ) ) ;
#1911 = CARTESIAN_POINT ( 'NONE',  ( 5.000000000000000000, 0.000000000000000000, 50.00000000000000000 ) ) ;
#1912 = ORIENTED_EDGE ( 'NONE', *, *, #2911, .T. ) ;
#1913 = CARTESIAN_POINT ( 'NONE',  ( 5.000000000000003553, 300.0000000000000000, 25.00000000000000000 ) ) ;
#1914 = DIRECTION ( 'NONE',  ( -1.000000000000000000, 0.000000000000000000, 0.000000000000000000 ) ) ;
#1915 = EDGE_CURVE ( 'NONE', #3079, #4589, #301, .T. ) ;
#1916 = PERSON_AND_ORGANIZATION_ROLE ( 'design_supplier' ) ;
#1917 = PLANE ( 'NONE',  #4684 ) ;
#1918 = ORIENTED_EDGE ( 'NONE', *, *, #2014, .T. ) ;
#1919 = LINE ( 'NONE', #2338, #3257 ) ;
#1920 = CARTESIAN_POINT ( 'NONE',  ( -7.500000000000000000, 249.9999999999999716, 37.50000000000000711 ) ) ;
#1921 = DATE_TIME_ROLE ( 'classification_date' ) ;
#1922 = CARTESIAN_POINT ( 'NONE',  ( -21.65063509461096913, 50.00000000000000000, 12.50000000000000000 ) ) ;
#1923 = EDGE_LOOP ( 'NONE', ( #2380, #2517, #550, #746 ) ) ;
#1924 = VERTEX_POINT ( 'NONE', #2772 ) ;
#1925 = FACE_OUTER_BOUND ( 'NONE', #3147, .T. ) ;
#1926 = APPROVAL ( #2360, 'UNKNOWN' ) ;
#1927 = CARTESIAN_POINT ( 'NONE',  ( -199.9999999999998295, 29.99999999999999289, 7.459310946700270506E-14 ) ) ;
#1928 = ORIENTED_EDGE ( 'NONE', *, *, #2320, .T. ) ;
#1929 = DIRECTION ( 'NONE',  ( 0.000000000000000000, -1.000000000000000000, 0.000000000000000000 ) ) ;
#1930 = EDGE_LOOP ( 'NONE', ( #198, #4411, #3584, #881 ) ) ;
#1931 = DIRECTION ( 'NONE',  ( -1.000000000000000000, -0.000000000000000000, 4.440892098500632473E-15 ) ) ;
#1932 = EDGE_CURVE ( 'NONE', #1049, #2614, #620, .T. ) ;
#1933 = PLANE ( 'NONE',  #2239 ) ;
#1934 = APPLICATION_PROTOCOL_DEFINITION ( 'international standard', 'config_control_design', 1994, #1244 ) ;
#1935 = CARTESIAN_POINT ( 'NONE',  ( -7.500000000000000000, 0.000000000000000000, 25.00000000000000000 ) ) ;
#1936 = CARTESIAN_POINT ( 'NONE',  ( 4.791528850480152211E-15, 20.00000000000000355, 0.000000000000000000 ) ) ;
#1937 = ADVANCED_FACE ( 'NONE', ( #509 ), #2011, .F. ) ;
#1938 = CARTESIAN_POINT ( 'NONE',  ( -7.499999999999993783, 20.00000000000000000, 5.000000000000000000 ) ) ;
#1939 = APPLICATION_PROTOCOL_DEFINITION ( 'international standard', 'config_control_design', 1994, #3764 ) ;
#1940 = DIRECTION ( 'NONE',  ( -4.336808689942017120E-17, -1.000000000000000000, 0.000000000000000000 ) ) ;
#1941 = EDGE_CURVE ( 'NONE', #969, #183, #2086, .T. ) ;
#1942 = ORIENTED_EDGE ( 'NONE', *, *, #2035, .T. ) ;
#1943 = FACE_OUTER_BOUND ( 'NONE', #3842, .T. ) ;
#1944 = ORIENTED_EDGE ( 'NONE', *, *, #2788, .T. ) ;
#1945 = VECTOR ( 'NONE', #4836, 1000.000000000000000 ) ;
#1946 = AXIS2_PLACEMENT_3D ( 'NONE', #842, #2744, #3103 ) ;
#1947 = ORIENTED_EDGE ( 'NONE', *, *, #1201, .T. ) ;
#1948 = CARTESIAN_POINT ( 'NONE',  ( -7.500000000000000000, 2.101339093494567144E-15, 0.000000000000000000 ) ) ;
#1949 = CIRCLE ( 'NONE', #3880, 7.500000000000000000 ) ;
#1950 = DIRECTION ( 'NONE',  ( -0.9583168983834732257, -1.325222725708129046E-19, -0.2857074067515221194 ) ) ;
#1951 = PRODUCT_DEFINITION_SHAPE ( 'NONE', 'NONE',  #4699 ) ;
#1952 = VECTOR ( 'NONE', #4101, 1000.000000000000000 ) ;
#1953 = ORIENTED_EDGE ( 'NONE', *, *, #609, .T. ) ;
#1954 = CARTESIAN_POINT ( 'NONE',  ( -7.500000000000000000, 42.50000000000000000, 37.50000000000000711 ) ) ;
#1955 = ORIENTED_EDGE ( 'NONE', *, *, #441, .F. ) ;
#1956 = DIRECTION ( 'NONE',  ( 0.000000000000000000, 1.000000000000000000, 0.000000000000000000 ) ) ;
#1957 = DIRECTION ( 'NONE',  ( 0.000000000000000000, 1.000000000000000000, 1.387778780781445922E-16 ) ) ;
#1958 = PRODUCT_DEFINITION ( 'ๆ', '', #4140, #2229 ) ;
#1959 = EDGE_LOOP ( 'NONE', ( #2879, #3548, #3571, #480 ) ) ;
#1960 = COORDINATED_UNIVERSAL_TIME_OFFSET ( 8, 0, .AHEAD. ) ;
#1961 = DIRECTION ( 'NONE',  ( 1.000000000000000000, 0.000000000000000000, 0.000000000000000000 ) ) ;
#1962 = APPROVAL_DATE_TIME ( #3524, #2311 ) ;
#1963 = ORIENTED_EDGE ( 'NONE', *, *, #2026, .T. ) ;
#1964 = DIRECTION ( 'NONE',  ( 1.000000000000000000, 0.000000000000000000, 0.000000000000000000 ) ) ;
#1965 = DIRECTION ( 'NONE',  ( 1.000000000000000000, 0.000000000000000000, 0.000000000000000000 ) ) ;
#1966 = CYLINDRICAL_SURFACE ( 'NONE', #3991, 5.000000000000004441 ) ;
#1967 = VECTOR ( 'NONE', #4256, 1000.000000000000000 ) ;
#1968 = ADVANCED_FACE ( 'NONE', ( #2914 ), #30, .T. ) ;
#1969 = VECTOR ( 'NONE', #2283, 1000.000000000000000 ) ;
#1970 = DIRECTION ( 'NONE',  ( 1.665334536937742502E-15, -0.000000000000000000, -1.000000000000000000 ) ) ;
#1971 = PERSON_AND_ORGANIZATION ( #3229, #83 ) ;
#1972 = CARTESIAN_POINT ( 'NONE',  ( 5.000000000000000000, 40.00000000000000000, 5.000000000000000000 ) ) ;
#1973 = VERTEX_POINT ( 'NONE', #3709 ) ;
#1974 = VECTOR ( 'NONE', #1931, 1000.000000000000000 ) ;
#1976 = EDGE_CURVE ( 'NONE', #536, #1049, #354, .T. ) ;
#1975 = VERTEX_POINT ( 'NONE', #1538 ) ;
#1977 = CALENDAR_DATE ( 2026, 6, 6 ) ;
#1978 = AXIS2_PLACEMENT_3D ( 'NONE', #2697, #2334, #2777 ) ;
#1979 = ORIENTED_EDGE ( 'NONE', *, *, #4446, .F. ) ;
#1980 = ORIENTED_EDGE ( 'NONE', *, *, #1291, .F. ) ;
#1981 = VECTOR ( 'NONE', #1710, 1000.000000000000000 ) ;
#1982 = DIRECTION ( 'NONE',  ( -0.000000000000000000, -0.000000000000000000, 1.000000000000000000 ) ) ;
#1983 = CC_DESIGN_APPROVAL ( #4812, ( #645 ) ) ;
#1984 = CIRCLE ( 'NONE', #2712, 5.000000000000006217 ) ;
#1985 = EDGE_CURVE ( 'NONE', #3636, #4641, #1109, .T. ) ;
#1986 = CARTESIAN_POINT ( 'NONE',  ( 249.9999999999998863, 0.000000000000000000, -249.9999999999999432 ) ) ;
#1987 = ORIENTED_EDGE ( 'NONE', *, *, #3570, .T. ) ;
#1988 = CC_DESIGN_SECURITY_CLASSIFICATION ( #420, ( #4920 ) ) ;
#1989 = AXIS2_PLACEMENT_3D ( 'NONE', #2375, #3825, #1914 ) ;
#1990 = CARTESIAN_POINT ( 'NONE',  ( 0.000000000000000000, 0.000000000000000000, 0.000000000000000000 ) ) ;
#1991 = DIRECTION ( 'NONE',  ( 0.000000000000000000, 0.000000000000000000, 1.000000000000000000 ) ) ;
#1992 = APPROVAL_PERSON_ORGANIZATION ( #2621, #3399, #3320 ) ;
#1993 = APPROVAL_DATE_TIME ( #4196, #2706 ) ;
#1994 = DIRECTION ( 'NONE',  ( -0.000000000000000000, -0.000000000000000000, 1.000000000000000000 ) ) ;
#1995 = ORIENTED_EDGE ( 'NONE', *, *, #891, .F. ) ;
#1996 = DIRECTION ( 'NONE',  ( 0.000000000000000000, 0.000000000000000000, 1.000000000000000000 ) ) ;
#1997 = FACE_OUTER_BOUND ( 'NONE', #3104, .T. ) ;
#1998 = CC_DESIGN_PERSON_AND_ORGANIZATION_ASSIGNMENT ( #593, #3631, ( #608 ) ) ;
#1999 = CARTESIAN_POINT ( 'NONE',  ( -5.000000000000000000, 6.123233995736766282E-16, 0.000000000000000000 ) ) ;
#2000 = APPROVAL_STATUS ( 'not_yet_approved' ) ;
#2001 = CARTESIAN_POINT ( 'NONE',  ( -14.99999999999999467, 20.00000000000000000, 0.000000000000000000 ) ) ;
#2002 = ADVANCED_FACE ( 'NONE', ( #4917, #4484 ), #3045, .T. ) ;
#2003 = CALENDAR_DATE ( 2026, 6, 6 ) ;
#2004 = ORIENTED_EDGE ( 'NONE', *, *, #2101, .F. ) ;
#2005 = ORIENTED_EDGE ( 'NONE', *, *, #2165, .T. ) ;
#2006 = ORIENTED_EDGE ( 'NONE', *, *, #357, .T. ) ;
#2007 = PLANE ( 'NONE',  #2473 ) ;
#2008 = EDGE_CURVE ( 'NONE', #1206, #1577, #4612, .T. ) ;
#2009 = ORIENTED_EDGE ( 'NONE', *, *, #3765, .F. ) ;
#2010 = ORIENTED_EDGE ( 'NONE', *, *, #2125, .T. ) ;
#2011 = CYLINDRICAL_SURFACE ( 'NONE', #2763, 5.000000000000000000 ) ;
#2012 = ORIENTED_EDGE ( 'NONE', *, *, #4733, .F. ) ;
#2013 = FACE_OUTER_BOUND ( 'NONE', #4235, .T. ) ;
#2014 = EDGE_CURVE ( 'NONE', #4399, #4237, #2638, .T. ) ;
#2015 = DIRECTION ( 'NONE',  ( 0.000000000000000000, 0.000000000000000000, -1.000000000000000000 ) ) ;
#2016 = DATE_AND_TIME ( #1648, #1524 ) ;
#2017 = LINE ( 'NONE', #2120, #4439 ) ;
#2018 = CALENDAR_DATE ( 2026, 6, 6 ) ;
#2019 = ORIENTED_EDGE ( 'NONE', *, *, #1150, .F. ) ;
#2020 = CARTESIAN_POINT ( 'NONE',  ( 0.000000000000000000, 100.0000000000000000, -12.50000000000000000 ) ) ;
#2021 = CARTESIAN_POINT ( 'NONE',  ( 4.791528850480152211E-15, 20.00000000000000355, 5.000000000000000000 ) ) ;
#2022 = LINE ( 'NONE', #3230, #4912 ) ;
#2023 = PERSON_AND_ORGANIZATION_ROLE ( 'classification_officer' ) ;
#2024 = CARTESIAN_POINT ( 'NONE',  ( 35.00000000000000000, 5.000000000000000000, -5.000000000000000888 ) ) ;
#2025 = PERSON ( 'NAUO-PER1', 'UNSPECIFIED', 'UNSPECIFIED', ('UNSPECIFIED'), ('UNSPECIFIED'), ('UNSPECIFIED') ) ;
#2026 = EDGE_CURVE ( 'NONE', #4117, #918, #3816, .T. ) ;
#2027 = PERSON_AND_ORGANIZATION ( #3229, #83 ) ;
#2028 = EDGE_LOOP ( 'NONE', ( #4257, #1236, #290, #1138 ) ) ;
#2029 = CYLINDRICAL_SURFACE ( 'NONE', #3266, 7.500000000000000000 ) ;
#2030 = APPLICATION_CONTEXT ( 'configuration controlled 3d designs of mechanical parts and assemblies' ) ;
#2031 = DIRECTION ( 'NONE',  ( 0.000000000000000000, 0.000000000000000000, -1.000000000000000000 ) ) ;
#2032 = VECTOR ( 'NONE', #2138, 1000.000000000000000 ) ;
#2033 = VECTOR ( 'NONE', #660, 1000.000000000000000 ) ;
#2034 = ORIENTED_EDGE ( 'NONE', *, *, #4181, .T. ) ;
#2035 = EDGE_CURVE ( 'NONE', #748, #2693, #3651, .T. ) ;
#2036 = VERTEX_POINT ( 'NONE', #3071 ) ;
#2037 = CARTESIAN_POINT ( 'NONE',  ( 0.000000000000000000, 0.000000000000000000, 0.000000000000000000 ) ) ;
#2038 = VECTOR ( 'NONE', #1210, 1000.000000000000000 ) ;
#2039 = EDGE_LOOP ( 'NONE', ( #1835, #2215, #2686, #3948 ) ) ;
#2040 = PLANE ( 'NONE',  #4458 ) ;
#2041 = FACE_OUTER_BOUND ( 'NONE', #4564, .T. ) ;
#2042 = EDGE_CURVE ( 'NONE', #3259, #816, #708, .T. ) ;
#2043 = APPROVAL_ROLE ( '' ) ;
#2044 = DIRECTION ( 'NONE',  ( 0.000000000000000000, 0.000000000000000000, 1.000000000000000000 ) ) ;
#2045 = ORIENTED_EDGE ( 'NONE', *, *, #3784, .F. ) ;
#2046 = CARTESIAN_POINT ( 'NONE',  ( 3.097720492815726673E-15, 5.000000000000000000, 10.00000000000000178 ) ) ;
#2047 = CARTESIAN_POINT ( 'NONE',  ( -14.99999999999999467, 20.00000000000000000, 5.000000000000000000 ) ) ;
#2048 = LINE ( 'NONE', #979, #3671 ) ;
#2049 = CARTESIAN_POINT ( 'NONE',  ( 7.500000000000000000, 0.000000000000000000, 25.00000000000000000 ) ) ;
#2050 = COORDINATED_UNIVERSAL_TIME_OFFSET ( 8, 0, .AHEAD. ) ;
#2051 = DIRECTION ( 'NONE',  ( 0.000000000000000000, 1.000000000000000000, 0.000000000000000000 ) ) ;
#2052 = AXIS2_PLACEMENT_3D ( 'NONE', #199, #2104, #4826 ) ;
#2053 = SHAPE_REPRESENTATION ( 'link3', ( #4310 ), #642 ) ;
#2054 = APPROVAL_DATE_TIME ( #3819, #454 ) ;
#2055 = LINE ( 'NONE', #1690, #486 ) ;
#2056 = VECTOR ( 'NONE', #1479, 1000.000000000000000 ) ;
#2057 = PRODUCT_RELATED_PRODUCT_CATEGORY ( 'detail', '', ( #1612 ) ) ;
#2058 = ORIENTED_EDGE ( 'NONE', *, *, #3268, .T. ) ;
#2059 = VECTOR ( 'NONE', #1419, 1000.000000000000000 ) ;
#2060 = DIRECTION ( 'NONE',  ( 0.000000000000000000, 1.000000000000000000, 0.000000000000000000 ) ) ;
#2061 = ORIENTED_EDGE ( 'NONE', *, *, #766, .F. ) ;
#2062 = ORIENTED_EDGE ( 'NONE', *, *, #1730, .T. ) ;
#2063 = CARTESIAN_POINT ( 'NONE',  ( 300.0000000000001705, 30.00000000000000000, 299.9999999999999432 ) ) ;
#2064 = FACE_OUTER_BOUND ( 'NONE', #1923, .T. ) ;
#2065 = CC_DESIGN_APPROVAL ( #152, ( #2956 ) ) ;
#2066 = AXIS2_PLACEMENT_3D ( 'NONE', #4689, #1265, #2793 ) ;
#2067 = EDGE_CURVE ( 'NONE', #3786, #949, #2973, .T. ) ;
#2068 = CC_DESIGN_APPROVAL ( #4597, ( #3428 ) ) ;
#2069 = PERSON_AND_ORGANIZATION ( #3229, #83 ) ;
#2070 = VECTOR ( 'NONE', #883, 1000.000000000000000 ) ;
#2071 = DIRECTION ( 'NONE',  ( 1.000000000000000000, 0.000000000000000000, 0.000000000000000000 ) ) ;
#2072 = VERTEX_POINT ( 'NONE', #4205 ) ;
#2073 = LINE ( 'NONE', #2047, #2620 ) ;
#2074 = DIRECTION ( 'NONE',  ( 0.000000000000000000, 1.000000000000000000, 0.000000000000000000 ) ) ;
#2075 = EDGE_CURVE ( 'NONE', #2169, #3455, #1158, .T. ) ;
#2076 = UNCERTAINTY_MEASURE_WITH_UNIT (LENGTH_MEASURE( 1.000000000000000082E-05 ), #628, 'distance_accuracy_value', 'NONE');
#2077 = LOCAL_TIME ( 22, 14, 50.00000000000000000, #1130 ) ;
#2078 = VECTOR ( 'NONE', #3796, 1000.000000000000000 ) ;
#2079 = CARTESIAN_POINT ( 'NONE',  ( -7.500000000000000000, 0.000000000000000000, 50.00000000000000000 ) ) ;
#2080 = ITEM_DEFINED_TRANSFORMATION ( 'NONE', 'NONE', #3680,  #4310 ) ;
#2081 = CARTESIAN_POINT ( 'NONE',  ( 21.65063509461096558, 50.00000000000000000, 12.50000000000000000 ) ) ;
#2082 = EDGE_CURVE ( 'NONE', #2572, #2401, #2257, .T. ) ;
#2083 = APPROVAL_DATE_TIME ( #2163, #814 ) ;
#2084 = CARTESIAN_POINT ( 'NONE',  ( 0.000000000000000000, 5.000000000000000000, -15.00000000000000000 ) ) ;
#2085 = VERTEX_POINT ( 'NONE', #373 ) ;
#2086 =( BOUNDED_CURVE ( )  B_SPLINE_CURVE ( 3, ( #254, #1764, #4810, #4529 ),
 .UNSPECIFIED., .F., .F. ) 
 B_SPLINE_CURVE_WITH_KNOTS ( ( 4, 4 ),
 ( 1.047197551196597631, 1.570796326794896558 ),
 .UNSPECIFIED. ) 
 CURVE ( )  GEOMETRIC_REPRESENTATION_ITEM ( )  RATIONAL_B_SPLINE_CURVE ( ( 1.000000000000000000, 0.9772838841927120601, 0.9772838841927120601, 1.000000000000000000 ) ) 
 REPRESENTATION_ITEM ( '' )  );
#2087 = CARTESIAN_POINT ( 'NONE',  ( -5.000000000000001776, 250.0000000000000000, 0.000000000000000000 ) ) ;
#2088 = VERTEX_POINT ( 'NONE', #1873 ) ;
#2089 = APPROVAL ( #3450, 'ๆช' ) ;
#2090 = EDGE_LOOP ( 'NONE', ( #2426, #577, #3074, #4046 ) ) ;
#2091 = DIRECTION ( 'NONE',  ( 0.000000000000000000, 0.000000000000000000, 1.000000000000000000 ) ) ;
#2092 = LINE ( 'NONE', #3203, #1907 ) ;
#2093 = DIRECTION ( 'NONE',  ( 1.000000000000000000, 0.000000000000000000, -1.850371707708594563E-16 ) ) ;
#2094 = ORIENTED_EDGE ( 'NONE', *, *, #4849, .T. ) ;
#2095 = COORDINATED_UNIVERSAL_TIME_OFFSET ( 8, 0, .AHEAD. ) ;
#2096 = EDGE_CURVE ( 'NONE', #2676, #3772, #3402, .T. ) ;
#2097 = LINE ( 'NONE', #1323, #1489 ) ;
#2098 = VERTEX_POINT ( 'NONE', #2661 ) ;
#2099 = DIRECTION ( 'NONE',  ( -3.330669073875478299E-15, 0.000000000000000000, 1.000000000000000000 ) ) ;
#2100 = DIRECTION ( 'NONE',  ( 0.000000000000000000, 0.000000000000000000, -1.000000000000000000 ) ) ;
#2101 = EDGE_CURVE ( 'NONE', #1577, #4740, #1062, .T. ) ;
#2102 = LINE ( 'NONE', #215, #307 ) ;
#2103 = DATE_AND_TIME ( #4354, #1047 ) ;
#2104 = DIRECTION ( 'NONE',  ( -0.000000000000000000, -0.000000000000000000, -1.000000000000000000 ) ) ;
#2105 = EDGE_LOOP ( 'NONE', ( #230, #2019 ) ) ;
#2106 = ADVANCED_FACE ( 'NONE', ( #2288 ), #764, .F. ) ;
#2107 = DATE_AND_TIME ( #2538, #2478 ) ;
#2108 = ORIENTED_EDGE ( 'NONE', *, *, #3096, .F. ) ;
#2109 = CARTESIAN_POINT ( 'NONE',  ( 7.500000000000000000, 42.50000000000000000, 37.50000000000000711 ) ) ;
#2110 = VERTEX_POINT ( 'NONE', #692 ) ;
#2111 = ORIENTED_EDGE ( 'NONE', *, *, #2577, .F. ) ;
#2112 = PRODUCT ( 'link3_forearm', 'link3_forearm', '', ( #1450 ) ) ;
#2113 = ORIENTED_EDGE ( 'NONE', *, *, #1042, .F. ) ;
#2114 = DIRECTION ( 'NONE',  ( 0.000000000000000000, 0.000000000000000000, 1.000000000000000000 ) ) ;
#2115 = DIRECTION ( 'NONE',  ( -1.000000000000000000, 0.000000000000000000, 0.000000000000000000 ) ) ;
#2116 = ORIENTED_EDGE ( 'NONE', *, *, #2196, .F. ) ;
#2117 = VECTOR ( 'NONE', #4527, 1000.000000000000000 ) ;
#2118 = VECTOR ( 'NONE', #3412, 1000.000000000000000 ) ;
#2119 = APPROVAL_DATE_TIME ( #3222, #935 ) ;
#2120 = CARTESIAN_POINT ( 'NONE',  ( -7.500000000000000000, 42.50000000000000000, 12.50000000000000355 ) ) ;
#2121 = VERTEX_POINT ( 'NONE', #3733 ) ;
#2122 = LINE ( 'NONE', #1351, #240 ) ;
#2123 = FACE_BOUND ( 'NONE', #1417, .T. ) ;
#2124 = VECTOR ( 'NONE', #2280, 1000.000000000000000 ) ;
#2125 = EDGE_CURVE ( 'NONE', #1860, #651, #155, .T. ) ;
#2126 = CARTESIAN_POINT ( 'NONE',  ( 0.000000000000000000, 0.000000000000000000, -4.999999999999999112 ) ) ;
#2127 = VECTOR ( 'NONE', #4073, 1000.000000000000000 ) ;
#2128 = CALENDAR_DATE ( 2026, 6, 6 ) ;
#2129 = DIRECTION ( 'NONE',  ( 1.000000000000000000, 0.000000000000000000, 0.000000000000000000 ) ) ;
#2130 = EDGE_CURVE ( 'NONE', #2655, #1975, #3162, .T. ) ;
#2131 = COORDINATED_UNIVERSAL_TIME_OFFSET ( 8, 0, .AHEAD. ) ;
#2132 = ORIENTED_EDGE ( 'NONE', *, *, #1493, .T. ) ;
#2133 = DIRECTION ( 'NONE',  ( 1.000000000000000000, -0.000000000000000000, -0.000000000000000000 ) ) ;
#2134 = VERTEX_POINT ( 'NONE', #1631 ) ;
#2135 = DIRECTION ( 'NONE',  ( 1.000000000000000000, 0.000000000000000000, 0.000000000000000000 ) ) ;
#2136 = CIRCLE ( 'NONE', #3255, 7.500000000000000000 ) ;
#2137 = VERTEX_POINT ( 'NONE', #1922 ) ;
#2138 = DIRECTION ( 'NONE',  ( -0.000000000000000000, -0.000000000000000000, 1.000000000000000000 ) ) ;
#2139 = ORIENTED_EDGE ( 'NONE', *, *, #1383, .F. ) ;
#2140 = AXIS2_PLACEMENT_3D ( 'NONE', #3355, #4174, #2584 ) ;
#2141 = ORIENTED_EDGE ( 'NONE', *, *, #2202, .T. ) ;
#2142 = DIRECTION ( 'NONE',  ( -0.000000000000000000, -0.000000000000000000, -1.000000000000000000 ) ) ;
#2143 = CARTESIAN_POINT ( 'NONE',  ( 7.500000000000000000, 207.5000000000000284, 37.50000000000000711 ) ) ;
#2144 = EDGE_CURVE ( 'NONE', #4577, #1860, #3452, .T. ) ;
#2145 = CIRCLE ( 'NONE', #1106, 5.000000000000000000 ) ;
#2146 = APPROVAL_DATE_TIME ( #2981, #3399 ) ;
#2147 = CARTESIAN_POINT ( 'NONE',  ( 0.000000000000000000, 300.0000000000000000, 0.000000000000000000 ) ) ;
#2148 = ORIENTED_EDGE ( 'NONE', *, *, #2075, .F. ) ;
#2149 = CC_DESIGN_APPROVAL ( #935, ( #247 ) ) ;
#2150 = CIRCLE ( 'NONE', #2792, 4.999999999999999112 ) ;
#2151 = DIRECTION ( 'NONE',  ( -0.000000000000000000, 1.000000000000000000, -0.000000000000000000 ) ) ;
#2152 = DIRECTION ( 'NONE',  ( -1.000000000000000000, 0.000000000000000000, 0.000000000000000000 ) ) ;
#2153 = CC_DESIGN_SECURITY_CLASSIFICATION ( #2956, ( #3347 ) ) ;
#2154 = VECTOR ( 'NONE', #2931, 1000.000000000000000 ) ;
#2155 = CARTESIAN_POINT ( 'NONE',  ( 4.791528850480152211E-15, 4.999999999999999112, 5.000000000000000000 ) ) ;
#2156 = PERSON_AND_ORGANIZATION_ROLE ( 'classification_officer' ) ;
#2157 = PRODUCT_DEFINITION ( 'ๆ', '', #2711, #3281 ) ;
#2158 = PLANE ( 'NONE',  #3890 ) ;
#2159 = CC_DESIGN_APPROVAL ( #3841, ( #256 ) ) ;
#2160 = PERSON ( 'NAUO-PER2', 'UNSPECIFIED', 'UNSPECIFIED', ('UNSPECIFIED'), ('UNSPECIFIED'), ('UNSPECIFIED') ) ;
#2161 = CC_DESIGN_APPROVAL ( #784, ( #3515 ) ) ;
#2162 =( GEOMETRIC_REPRESENTATION_CONTEXT ( 3 ) GLOBAL_UNCERTAINTY_ASSIGNED_CONTEXT ( ( #1028 ) ) GLOBAL_UNIT_ASSIGNED_CONTEXT ( ( #1492, #4867, #1449 ) ) REPRESENTATION_CONTEXT ( 'NONE', 'WORKASPACE' ) );
#2163 = DATE_AND_TIME ( #644, #2633 ) ;
#2164 = ORIENTED_EDGE ( 'NONE', *, *, #2294, .F. ) ;
#2165 = EDGE_CURVE ( 'NONE', #51, #337, #4052, .T. ) ;
#2166 = DIRECTION ( 'NONE',  ( 0.000000000000000000, 0.000000000000000000, 1.000000000000000000 ) ) ;
#2167 = DIRECTION ( 'NONE',  ( -0.000000000000000000, -1.000000000000000000, -0.000000000000000000 ) ) ;
#2168 = ORIENTED_EDGE ( 'NONE', *, *, #3003, .F. ) ;
#2169 = VERTEX_POINT ( 'NONE', #1234 ) ;
#2170 = EDGE_CURVE ( 'NONE', #2134, #4341, #2856, .T. ) ;
#2171 = ORIENTED_EDGE ( 'NONE', *, *, #974, .F. ) ;
#2172 = DIRECTION ( 'NONE',  ( 0.000000000000000000, 0.000000000000000000, 1.000000000000000000 ) ) ;
#2173 = SHAPE_REPRESENTATION_RELATIONSHIP ( 'NONE' , 'NONE' ,  #1858, #849 ) ;
#2174 = COORDINATED_UNIVERSAL_TIME_OFFSET ( 8, 0, .AHEAD. ) ;
#2175 = EDGE_CURVE ( 'NONE', #2977, #3665, #472, .T. ) ;
#2176 = CARTESIAN_POINT ( 'NONE',  ( 3.469446951953614189E-15, 90.00000000000000000, -12.50000000000000000 ) ) ;
#2177 = EDGE_LOOP ( 'NONE', ( #407, #3763 ) ) ;
#2178 = DIRECTION ( 'NONE',  ( 0.000000000000000000, 1.000000000000000000, 0.000000000000000000 ) ) ;
#2179 = PLANE ( 'NONE',  #4636 ) ;
#2180 = DESIGN_CONTEXT ( 'detailed design', #3764, 'design' ) ;
#2181 = CARTESIAN_POINT ( 'NONE',  ( -7.500000000000000000, 207.5000000000000284, 12.50000000000000355 ) ) ;
#2182 = APPROVAL_STATUS ( 'not_yet_approved' ) ;
#2183 = FACE_OUTER_BOUND ( 'NONE', #2836, .T. ) ;
#2184 = CC_DESIGN_PERSON_AND_ORGANIZATION_ASSIGNMENT ( #3394, #3777, ( #3126 ) ) ;
#2185 = LINE ( 'NONE', #1895, #613 ) ;
#2186 = LINE ( 'NONE', #499, #2925 ) ;
#2187 = PERSON_AND_ORGANIZATION ( #3229, #83 ) ;
#2188 = DIRECTION ( 'NONE',  ( 1.239088197126290570E-16, 0.000000000000000000, 1.000000000000000000 ) ) ;
#2189 = CARTESIAN_POINT ( 'NONE',  ( -7.500000000000000000, 0.000000000000000000, 50.00000000000000000 ) ) ;
#2190 = EDGE_CURVE ( 'NONE', #491, #3850, #2735, .T. ) ;
#2191 = ORIENTED_EDGE ( 'NONE', *, *, #324, .F. ) ;
#2192 = ORIENTED_EDGE ( 'NONE', *, *, #3184, .F. ) ;
#2193 = ORIENTED_EDGE ( 'NONE', *, *, #3570, .F. ) ;
#2194 = CARTESIAN_POINT ( 'NONE',  ( 0.000000000000000000, 250.0000000000000000, 50.00000000000000000 ) ) ;
#2195 = DIRECTION ( 'NONE',  ( -0.2035102855799036103, 0.7018719424757136061, 0.6826121446535761139 ) ) ;
#2196 = EDGE_CURVE ( 'NONE', #2920, #4198, #4610, .T. ) ;
#2197 = APPLICATION_PROTOCOL_DEFINITION ( 'international standard', 'config_control_design', 1994, #2466 ) ;
#2198 = CARTESIAN_POINT ( 'NONE',  ( 0.000000000000000000, 5.000000000000000000, -15.00000000000000000 ) ) ;
#2199 = VERTEX_POINT ( 'NONE', #2314 ) ;
#2200 = LINE ( 'NONE', #1840, #4061 ) ;
#2201 = DIRECTION ( 'NONE',  ( -0.000000000000000000, -0.000000000000000000, 1.000000000000000000 ) ) ;
#2202 = EDGE_CURVE ( 'NONE', #2137, #2321, #3478, .T. ) ;
#2203 = AXIS2_PLACEMENT_3D ( 'NONE', #3251, #1352, #2881 ) ;
#2204 = CIRCLE ( 'NONE', #614, 40.00000000000000000 ) ;
#2205 = DIRECTION ( 'NONE',  ( 1.000000000000000000, 0.000000000000000000, 0.000000000000000000 ) ) ;
#2206 = DATE_AND_TIME ( #3011, #2077 ) ;
#2207 = PLANE ( 'NONE',  #1810 ) ;
#2208 = CIRCLE ( 'NONE', #2843, 5.000000000000000000 ) ;
#2209 = LINE ( 'NONE', #2991, #1006 ) ;
#2210 = CALENDAR_DATE ( 2026, 6, 6 ) ;
#2211 = CARTESIAN_POINT ( 'NONE',  ( -7.500000000000000000, 300.0000000000000000, 25.00000000000000000 ) ) ;
#2212 = LINE ( 'NONE', #4884, #719 ) ;
#2213 = ORIENTED_EDGE ( 'NONE', *, *, #4491, .T. ) ;
#2214 = ORIENTED_EDGE ( 'NONE', *, *, #4885, .F. ) ;
#2215 = ORIENTED_EDGE ( 'NONE', *, *, #2014, .F. ) ;
#2216 = DIRECTION ( 'NONE',  ( -1.000000000000000000, 1.925929944387235579E-32, 0.000000000000000000 ) ) ;
#2218 = AXIS2_PLACEMENT_3D ( 'NONE', #302, #4883, #4505 ) ;
#2217 = CC_DESIGN_DATE_AND_TIME_ASSIGNMENT ( #268, #3770, ( #3775 ) ) ;
#2219 =( LENGTH_UNIT ( ) NAMED_UNIT ( * ) SI_UNIT ( .MILLI., .METRE. ) );
#2220 = AXIS2_PLACEMENT_3D ( 'NONE', #978, #1678, #2529 ) ;
#2221 = PERSON_AND_ORGANIZATION_ROLE ( 'creator' ) ;
#2222 = DIRECTION ( 'NONE',  ( 1.000000000000000000, 0.000000000000000000, 0.000000000000000000 ) ) ;
#2223 = ORIENTED_EDGE ( 'NONE', *, *, #1743, .F. ) ;
#2224 = DIRECTION ( 'NONE',  ( 1.000000000000000000, 0.000000000000000000, 0.000000000000000000 ) ) ;
#2225 = EDGE_CURVE ( 'NONE', #3938, #1834, #890, .T. ) ;
#2226 = CARTESIAN_POINT ( 'NONE',  ( -7.499999999999993783, 20.00000000000000000, 0.000000000000000000 ) ) ;
#2227 = DIRECTION ( 'NONE',  ( 0.000000000000000000, 0.000000000000000000, 1.000000000000000000 ) ) ;
#2228 = CIRCLE ( 'NONE', #1507, 5.000000000000000000 ) ;
#2229 = DESIGN_CONTEXT ( 'detailed design', #2523, 'design' ) ;
#2230 = DIRECTION ( 'NONE',  ( 0.000000000000000000, 0.000000000000000000, -1.000000000000000000 ) ) ;
#2231 = PERSON_AND_ORGANIZATION ( #2933, #2885 ) ;
#2232 = CARTESIAN_POINT ( 'NONE',  ( -12.49999999999999289, 20.00000000000000000, 0.000000000000000000 ) ) ;
#2233 = EDGE_CURVE ( 'NONE', #505, #2550, #3102, .T. ) ;
#2234 = LOCAL_TIME ( 22, 14, 50.00000000000000000, #522 ) ;
#2235 = AXIS2_PLACEMENT_3D ( 'NONE', #1063, #4485, #693 ) ;
#2236 = DIRECTION ( 'NONE',  ( -0.000000000000000000, -0.000000000000000000, 1.000000000000000000 ) ) ;
#2237 = CALENDAR_DATE ( 2026, 6, 6 ) ;
#2238 = LOCAL_TIME ( 22, 14, 50.00000000000000000, #4177 ) ;
#2239 = AXIS2_PLACEMENT_3D ( 'NONE', #4596, #2776, #1957 ) ;
#2240 = DIRECTION ( 'NONE',  ( -0.000000000000000000, -0.000000000000000000, 1.000000000000000000 ) ) ;
#2241 = ADVANCED_FACE ( 'NONE', ( #521, #1558 ), #1290, .F. ) ;
#2242 = ORIENTED_EDGE ( 'NONE', *, *, #3691, .F. ) ;
#2243 = DIRECTION ( 'NONE',  ( -1.000000000000000000, 0.000000000000000000, 2.220446049250301248E-15 ) ) ;
#2244 = SECURITY_CLASSIFICATION ( '', '', #1103 ) ;
#2245 = AXIS2_PLACEMENT_3D ( 'NONE', #3864, #1950, #3485 ) ;
#2246 = VERTEX_POINT ( 'NONE', #2707 ) ;
#2247 = ORIENTED_EDGE ( 'NONE', *, *, #658, .F. ) ;
#2248 = VERTEX_POINT ( 'NONE', #3531 ) ;
#2249 = CARTESIAN_POINT ( 'NONE',  ( 7.500000000000000000, 40.00000000000000000, 5.000000000000000000 ) ) ;
#2250 = PRODUCT_RELATED_PRODUCT_CATEGORY ( 'detail', '', ( #2564 ) ) ;
#2251 = COORDINATED_UNIVERSAL_TIME_OFFSET ( 8, 0, .AHEAD. ) ;
#2252 = DIRECTION ( 'NONE',  ( 1.000000000000000000, 0.000000000000000000, 0.000000000000000000 ) ) ;
#2253 = ORIENTED_EDGE ( 'NONE', *, *, #3152, .T. ) ;
#2254 = DIRECTION ( 'NONE',  ( -1.000000000000000000, 0.000000000000000000, -9.912705577010325549E-17 ) ) ;
#2255 = LINE ( 'NONE', #19, #726 ) ;
#2256 = EDGE_CURVE ( 'NONE', #1577, #1189, #449, .T. ) ;
#2257 =( BOUNDED_CURVE ( )  B_SPLINE_CURVE ( 3, ( #3761, #4903, #2588, #3016 ),
 .UNSPECIFIED., .F., .F. ) 
 B_SPLINE_CURVE_WITH_KNOTS ( ( 4, 4 ),
 ( 4.712388980384689674, 5.235987755982987935 ),
 .UNSPECIFIED. ) 
 CURVE ( )  GEOMETRIC_REPRESENTATION_ITEM ( )  RATIONAL_B_SPLINE_CURVE ( ( 1.000000000000000000, 0.9772838841927120601, 0.9772838841927120601, 1.000000000000000000 ) ) 
 REPRESENTATION_ITEM ( '' )  );
#2258 = DIRECTION ( 'NONE',  ( -0.000000000000000000, 1.000000000000000000, -0.000000000000000000 ) ) ;
#2259 = SECURITY_CLASSIFICATION_LEVEL ( 'unclassified' ) ;
#2260 = ORIENTED_EDGE ( 'NONE', *, *, #1852, .T. ) ;
#2261 = CARTESIAN_POINT ( 'NONE',  ( -5.000000000000000000, 6.123233995736766282E-16, 50.00000000000000000 ) ) ;
#2262 = EDGE_CURVE ( 'NONE', #2977, #1689, #861, .T. ) ;
#2263 = DIRECTION ( 'NONE',  ( 1.000000000000000000, 0.000000000000000000, 0.000000000000000000 ) ) ;
#2264 = APPROVAL_ROLE ( '' ) ;
#2265 = DIRECTION ( 'NONE',  ( 0.000000000000000000, 1.387778780781445922E-16, -1.000000000000000000 ) ) ;
#2266 = FACE_OUTER_BOUND ( 'NONE', #2955, .T. ) ;
#2268 = EDGE_CURVE ( 'NONE', #2343, #3339, #1336, .T. ) ;
#2267 = ORIENTED_EDGE ( 'NONE', *, *, #3385, .T. ) ;
#2269 = VERTEX_POINT ( 'NONE', #121 ) ;
#2270 = CYLINDRICAL_SURFACE ( 'NONE', #643, 7.500000000000000000 ) ;
#2271 = APPLICATION_CONTEXT ( 'configuration controlled 3d designs of mechanical parts and assemblies' ) ;
#2272 = APPROVAL_STATUS ( 'not_yet_approved' ) ;
#2273 = ORIENTED_EDGE ( 'NONE', *, *, #2144, .F. ) ;
#2274 = PLANE ( 'NONE',  #532 ) ;
#2275 = VERTEX_POINT ( 'NONE', #1972 ) ;
#2276 = DIRECTION ( 'NONE',  ( 1.000000000000000000, 0.000000000000000000, 0.000000000000000000 ) ) ;
#2277 = CARTESIAN_POINT ( 'NONE',  ( -299.9999999999998295, 30.00000000000000000, -299.9999999999999432 ) ) ;
#2278 = UNCERTAINTY_MEASURE_WITH_UNIT (LENGTH_MEASURE( 1.000000000000000082E-05 ), #2618, 'distance_accuracy_value', 'NONE');
#2279 = PERSON_AND_ORGANIZATION ( #3229, #83 ) ;
#2280 = DIRECTION ( 'NONE',  ( -0.000000000000000000, -0.000000000000000000, 1.000000000000000000 ) ) ;
#2281 = SECURITY_CLASSIFICATION_LEVEL ( 'unclassified' ) ;
#2282 = EDGE_LOOP ( 'NONE', ( #1669, #99, #3712, #368 ) ) ;
#2283 = DIRECTION ( 'NONE',  ( -0.000000000000000000, 1.000000000000000000, -0.000000000000000000 ) ) ;
#2284 = VECTOR ( 'NONE', #3658, 1000.000000000000000 ) ;
#2285 = CARTESIAN_POINT ( 'NONE',  ( -7.500000000000000000, -7.500000000000000000, 9.999999999999973355 ) ) ;
#2286 = VECTOR ( 'NONE', #3116, 1000.000000000000000 ) ;
#2287 = PERSON_AND_ORGANIZATION_ROLE ( 'design_supplier' ) ;
#2288 = FACE_OUTER_BOUND ( 'NONE', #3049, .T. ) ;
#2289 = DIRECTION ( 'NONE',  ( -0.000000000000000000, -1.000000000000000000, -0.000000000000000000 ) ) ;
#2290 = EDGE_CURVE ( 'NONE', #723, #3129, #2696, .T. ) ;
#2291 = ORIENTED_EDGE ( 'NONE', *, *, #1846, .T. ) ;
#2292 = ORIENTED_EDGE ( 'NONE', *, *, #4549, .T. ) ;
#2293 = LINE ( 'NONE', #1948, #3986 ) ;
#2294 = EDGE_CURVE ( 'NONE', #4185, #2072, #4848, .T. ) ;
#2295 = PERSON_AND_ORGANIZATION ( #3229, #83 ) ;
#2296 = EDGE_LOOP ( 'NONE', ( #4693, #2664, #2253, #3694 ) ) ;
#2297 = APPLICATION_CONTEXT ( 'configuration controlled 3d designs of mechanical parts and assemblies' ) ;
#2298 = FACE_OUTER_BOUND ( 'NONE', #2474, .T. ) ;
#2299 = ORIENTED_EDGE ( 'NONE', *, *, #2975, .F. ) ;
#2300 = CARTESIAN_POINT ( 'NONE',  ( 0.000000000000000000, 80.00000000000000000, 0.000000000000000000 ) ) ;
#2301 = DIRECTION ( 'NONE',  ( 0.000000000000000000, -0.000000000000000000, 1.000000000000000000 ) ) ;
#2302 = FACE_OUTER_BOUND ( 'NONE', #4645, .T. ) ;
#2303 = VECTOR ( 'NONE', #4178, 1000.000000000000000 ) ;
#2304 = CALENDAR_DATE ( 2026, 6, 6 ) ;
#2305 = LINE ( 'NONE', #1204, #467 ) ;
#2306 = DATE_AND_TIME ( #2018, #1521 ) ;
#2307 = ORIENTED_EDGE ( 'NONE', *, *, #3784, .T. ) ;
#2308 = AXIS2_PLACEMENT_3D ( 'NONE', #4082, #740, #3705 ) ;
#2309 = LINE ( 'NONE', #1554, #3579 ) ;
#2310 = AXIS2_PLACEMENT_3D ( 'NONE', #2576, #2216, #3667 ) ;
#2311 = APPROVAL ( #2182, 'UNKNOWN' ) ;
#2312 = CARTESIAN_POINT ( 'NONE',  ( -7.500000000000000000, -7.500000000000000000, 37.50000000000000711 ) ) ;
#2313 = APPROVAL_ROLE ( '' ) ;
#2314 = CARTESIAN_POINT ( 'NONE',  ( -5.000000000000000000, 6.123233995736766282E-16, 0.000000000000000000 ) ) ;
#2315 = CC_DESIGN_APPROVAL ( #967, ( #3347 ) ) ;
#2316 = AXIS2_PLACEMENT_3D ( 'NONE', #331, #303, #4409 ) ;
#2317 = VERTEX_POINT ( 'NONE', #2024 ) ;
#2318 = SECURITY_CLASSIFICATION ( '', '', #2433 ) ;
#2319 = AXIS2_PLACEMENT_3D ( 'NONE', #587, #239, #1680 ) ;
#2320 = EDGE_CURVE ( 'NONE', #2199, #2269, #3553, .T. ) ;
#2321 = VERTEX_POINT ( 'NONE', #2081 ) ;
#2322 = CYLINDRICAL_SURFACE ( 'NONE', #1112, 7.499999999999999112 ) ;
#2323 =( NAMED_UNIT ( * ) SI_UNIT ( $, .STERADIAN. ) SOLID_ANGLE_UNIT ( ) );
#2324 = LOCAL_TIME ( 22, 14, 50.00000000000000000, #119 ) ;
#2325 = VECTOR ( 'NONE', #3151, 1000.000000000000000 ) ;
#2326 = ADVANCED_FACE ( 'NONE', ( #1706 ), #934, .F. ) ;
#2327 = APPROVAL_PERSON_ORGANIZATION ( #2231, #1300, #4102 ) ;
#2328 = ORIENTED_EDGE ( 'NONE', *, *, #253, .F. ) ;
#2329 = LINE ( 'NONE', #1222, #1084 ) ;
#2330 = ORIENTED_EDGE ( 'NONE', *, *, #3177, .T. ) ;
#2331 = FACE_BOUND ( 'NONE', #278, .T. ) ;
#2332 = CARTESIAN_POINT ( 'NONE',  ( 0.000000000000000000, 20.00000000000000000, 0.000000000000000000 ) ) ;
#2333 = EDGE_CURVE ( 'NONE', #54, #2773, #4766, .T. ) ;
#2334 = DIRECTION ( 'NONE',  ( 0.000000000000000000, 0.000000000000000000, 1.000000000000000000 ) ) ;
#2335 = DIRECTION ( 'NONE',  ( 1.000000000000000000, 0.000000000000000000, 0.000000000000000000 ) ) ;
#2336 = CONTEXT_DEPENDENT_SHAPE_REPRESENTATION ( #3367, #3479 ) ;
#2337 = ORIENTED_EDGE ( 'NONE', *, *, #1712, .T. ) ;
#2338 = CARTESIAN_POINT ( 'NONE',  ( 299.9999999999998295, -800.0000000000000000, 250.0000000000000568 ) ) ;
#2339 = LINE ( 'NONE', #4276, #219 ) ;
#2340 = DATE_AND_TIME ( #1609, #4228 ) ;
#2341 = CARTESIAN_POINT ( 'NONE',  ( -7.500000000000000000, 0.000000000000000000, 0.000000000000000000 ) ) ;
#2342 = ORIENTED_EDGE ( 'NONE', *, *, #3853, .F. ) ;
#2343 = VERTEX_POINT ( 'NONE', #4332 ) ;
#2344 = CARTESIAN_POINT ( 'NONE',  ( 249.9999999999998295, -800.0000000000000000, 250.0000000000000568 ) ) ;
#2345 = DIRECTION ( 'NONE',  ( -0.2857074067515246174, -1.213638985615382228E-17, 0.9583168983834726706 ) ) ;
#2346 = CC_DESIGN_PERSON_AND_ORGANIZATION_ASSIGNMENT ( #556, #1278, ( #3924 ) ) ;
#2347 = VERTEX_POINT ( 'NONE', #4381 ) ;
#2348 = CARTESIAN_POINT ( 'NONE',  ( 4.791528850480152211E-15, 20.00000000000000355, 5.000000000000000000 ) ) ;
#2349 = VERTEX_POINT ( 'NONE', #3652 ) ;
#2350 = LINE ( 'NONE', #3491, #1974 ) ;
#2351 = LINE ( 'NONE', #3492, #2877 ) ;
#2352 = EDGE_CURVE ( 'NONE', #337, #816, #3628, .T. ) ;
#2353 = CYLINDRICAL_SURFACE ( 'NONE', #1090, 7.500000000000000000 ) ;
#2354 = PERSON_AND_ORGANIZATION ( #1140, #573 ) ;
#2355 = EDGE_LOOP ( 'NONE', ( #2193, #1768, #48, #2010 ) ) ;
#2356 = CARTESIAN_POINT ( 'NONE',  ( 249.9999999999998863, -800.0000000000000000, 299.9999999999998295 ) ) ;
#2357 = FACE_BOUND ( 'NONE', #633, .T. ) ;
#2358 = EDGE_CURVE ( 'NONE', #1711, #4374, #4852, .T. ) ;
#2359 = LINE ( 'NONE', #1156, #4910 ) ;
#2360 = APPROVAL_STATUS ( 'not_yet_approved' ) ;
#2361 = DIRECTION ( 'NONE',  ( 0.000000000000000000, -0.000000000000000000, 1.000000000000000000 ) ) ;
#2362 = ORIENTED_EDGE ( 'NONE', *, *, #4617, .T. ) ;
#2363 = AXIS2_PLACEMENT_3D ( 'NONE', #325, #334, #1466 ) ;
#2364 = VECTOR ( 'NONE', #1838, 1000.000000000000000 ) ;
#2365 = ORIENTED_EDGE ( 'NONE', *, *, #2834, .F. ) ;
#2366 = ORIENTED_EDGE ( 'NONE', *, *, #3883, .T. ) ;
#2367 = DIRECTION ( 'NONE',  ( 0.000000000000000000, 0.000000000000000000, 1.000000000000000000 ) ) ;
#2368 = AXIS2_PLACEMENT_3D ( 'NONE', #3069, #3505, #859 ) ;
#2369 = DIRECTION ( 'NONE',  ( -0.000000000000000000, -0.000000000000000000, -1.000000000000000000 ) ) ;
#2370 = ORIENTED_EDGE ( 'NONE', *, *, #1877, .F. ) ;
#2371 = CC_DESIGN_PERSON_AND_ORGANIZATION_ASSIGNMENT ( #3344, #702, ( #3272 ) ) ;
#2372 = DIRECTION ( 'NONE',  ( 1.925929944387235579E-32, 1.000000000000000000, -0.000000000000000000 ) ) ;
#2373 = VERTEX_POINT ( 'NONE', #1358 ) ;
#2374 = DIRECTION ( 'NONE',  ( 1.000000000000000000, 0.000000000000000000, 0.000000000000000000 ) ) ;
#2375 = CARTESIAN_POINT ( 'NONE',  ( 0.000000000000000000, 0.000000000000000000, 12.50000000000000355 ) ) ;
#2376 = CARTESIAN_POINT ( 'NONE',  ( -93.28391722699939237, 88.51899641867044011, -366.6962177909909428 ) ) ;
#2377 = EDGE_CURVE ( 'NONE', #2513, #3850, #2136, .T. ) ;
#2378 = CARTESIAN_POINT ( 'NONE',  ( 5.000000000000000000, 0.000000000000000000, 0.000000000000000000 ) ) ;
#2379 = PERSON_AND_ORGANIZATION_ROLE ( 'classification_officer' ) ;
#2380 = ORIENTED_EDGE ( 'NONE', *, *, #1825, .F. ) ;
#2381 = CARTESIAN_POINT ( 'NONE',  ( 7.500000000000000000, 250.0000000000000000, 12.50000000000000888 ) ) ;
#2382 = DIRECTION ( 'NONE',  ( 0.000000000000000000, 0.000000000000000000, 1.000000000000000000 ) ) ;
#2383 = CYLINDRICAL_SURFACE ( 'NONE', #722, 5.000000000000000000 ) ;
#2384 = VECTOR ( 'NONE', #3142, 1000.000000000000000 ) ;
#2385 = VECTOR ( 'NONE', #954, 1000.000000000000000 ) ;
#2386 = EDGE_CURVE ( 'NONE', #3772, #754, #4006, .T. ) ;
#2387 = DIRECTION ( 'NONE',  ( 0.000000000000000000, 0.000000000000000000, 1.000000000000000000 ) ) ;
#2388 = APPROVAL_DATE_TIME ( #2340, #2089 ) ;
#2389 = CARTESIAN_POINT ( 'NONE',  ( 0.000000000000000000, -10.00000000000000000, 0.000000000000000000 ) ) ;
#2390 = SHAPE_REPRESENTATION ( 'table', ( #4310 ), #1519 ) ;
#2391 = AXIS2_PLACEMENT_3D ( 'NONE', #3749, #1775, #1097 ) ;
#2392 = EDGE_CURVE ( 'NONE', #505, #1540, #4028, .T. ) ;
#2393 = ORIENTED_EDGE ( 'NONE', *, *, #4219, .T. ) ;
#2394 = CALENDAR_DATE ( 2026, 6, 6 ) ;
#2395 = AXIS2_PLACEMENT_3D ( 'NONE', #840, #3845, #2345 ) ;
#2396 = VECTOR ( 'NONE', #3612, 1000.000000000000000 ) ;
#2397 = DIRECTION ( 'NONE',  ( -0.000000000000000000, -0.000000000000000000, -1.000000000000000000 ) ) ;
#2398 = LOCAL_TIME ( 22, 14, 50.00000000000000000, #2953 ) ;
#2399 = AXIS2_PLACEMENT_3D ( 'NONE', #2437, #4376, #3950 ) ;
#2400 = LINE ( 'NONE', #4134, #299 ) ;
#2401 = VERTEX_POINT ( 'NONE', #1005 ) ;
#2402 = CARTESIAN_POINT ( 'NONE',  ( 0.000000000000000000, 50.00000000000000000, 0.000000000000000000 ) ) ;
#2403 = ORIENTED_EDGE ( 'NONE', *, *, #4030, .T. ) ;
#2404 = APPROVAL_PERSON_ORGANIZATION ( #173, #4898, #3581 ) ;
#2405 = AXIS2_PLACEMENT_3D ( 'NONE', #1299, #4796, #3271 ) ;
#2406 = DIRECTION ( 'NONE',  ( -1.110223024625161668E-15, -0.000000000000000000, 1.000000000000000000 ) ) ;
#2407 = PLANE ( 'NONE',  #4787 ) ;
#2408 = ADVANCED_BREP_SHAPE_REPRESENTATION ( '', ( #327, #4310 ), #2886 ) ;
#2409 = CC_DESIGN_DATE_AND_TIME_ASSIGNMENT ( #1056, #1478, ( #2244 ) ) ;
#2410 = CARTESIAN_POINT ( 'NONE',  ( 0.000000000000000000, 0.000000000000000000, 0.000000000000000000 ) ) ;
#2411 = APPROVAL_PERSON_ORGANIZATION ( #3760, #3988, #2264 ) ;
#2412 = APPROVAL_DATE_TIME ( #877, #3654 ) ;
#2413 = DIRECTION ( 'NONE',  ( -0.000000000000000000, -0.000000000000000000, 1.000000000000000000 ) ) ;
#2414 = ORIENTED_EDGE ( 'NONE', *, *, #1150, .T. ) ;
#2415 = DIRECTION ( 'NONE',  ( -0.000000000000000000, 0.000000000000000000, -1.000000000000000000 ) ) ;
#2416 = DIRECTION ( 'NONE',  ( -0.000000000000000000, -0.000000000000000000, 1.000000000000000000 ) ) ;
#2417 = ADVANCED_FACE ( 'NONE', ( #2890 ), #1405, .F. ) ;
#2418 = CARTESIAN_POINT ( 'NONE',  ( -5.000000000000000000, 6.123233995736766282E-16, 0.000000000000000000 ) ) ;
#2419 = PERSON_AND_ORGANIZATION ( #2025, #494 ) ;
#2420 = DIRECTION ( 'NONE',  ( 0.000000000000000000, 0.000000000000000000, 1.000000000000000000 ) ) ;
#2421 = DIRECTION ( 'NONE',  ( -0.000000000000000000, -1.000000000000000000, -0.000000000000000000 ) ) ;
#2422 = ADVANCED_FACE ( 'NONE', ( #3954 ), #2158, .F. ) ;
#2423 = APPROVAL_STATUS ( 'not_yet_approved' ) ;
#2424 = FACE_OUTER_BOUND ( 'NONE', #165, .T. ) ;
#2425 = ADVANCED_FACE ( 'NONE', ( #3285 ), #2833, .F. ) ;
#2426 = ORIENTED_EDGE ( 'NONE', *, *, #1535, .F. ) ;
#2427 = ORIENTED_EDGE ( 'NONE', *, *, #3661, .F. ) ;
#2428 = FACE_OUTER_BOUND ( 'NONE', #3249, .T. ) ;
#2429 = ORIENTED_EDGE ( 'NONE', *, *, #1193, .F. ) ;
#2430 = CARTESIAN_POINT ( 'NONE',  ( 1.239088197126290866E-15, 5.000000000000000000, -4.999999999999997335 ) ) ;
#2431 = DIRECTION ( 'NONE',  ( 0.000000000000000000, 0.000000000000000000, 1.000000000000000000 ) ) ;
#2432 = ORIENTED_EDGE ( 'NONE', *, *, #3357, .F. ) ;
#2433 = SECURITY_CLASSIFICATION_LEVEL ( 'unclassified' ) ;
#2434 = DIRECTION ( 'NONE',  ( 1.000000000000000000, 0.000000000000000000, 0.000000000000000000 ) ) ;
#2435 = EDGE_LOOP ( 'NONE', ( #4542, #1516, #2796, #3968 ) ) ;
#2436 = DIRECTION ( 'NONE',  ( 1.665334536937742699E-15, 0.000000000000000000, -1.000000000000000000 ) ) ;
#2437 = CARTESIAN_POINT ( 'NONE',  ( 25.00000000000000355, 5.000000000000000000, -4.999999999999999112 ) ) ;
#2438 = DIRECTION ( 'NONE',  ( 0.000000000000000000, 0.000000000000000000, 1.000000000000000000 ) ) ;
#2439 = DATE_AND_TIME ( #244, #2561 ) ;
#2440 = CC_DESIGN_PERSON_AND_ORGANIZATION_ASSIGNMENT ( #2512, #1779, ( #1118 ) ) ;
#2441 = FACE_OUTER_BOUND ( 'NONE', #3135, .T. ) ;
#2442 = CARTESIAN_POINT ( 'NONE',  ( 0.000000000000000000, 0.000000000000000000, 0.000000000000000000 ) ) ;
#2443 = APPROVAL_ROLE ( '' ) ;
#2444 = ADVANCED_FACE ( 'NONE', ( #3307 ), #1686, .T. ) ;
#2445 = CARTESIAN_POINT ( 'NONE',  ( -7.500000000000000000, 207.5000000000000284, 37.50000000000000711 ) ) ;
#2446 = CIRCLE ( 'NONE', #2601, 5.000000000000000000 ) ;
#2447 = AXIS2_PLACEMENT_3D ( 'NONE', #2402, #1642, #4087 ) ;
#2448 = VERTEX_POINT ( 'NONE', #218 ) ;
#2449 = ORIENTED_EDGE ( 'NONE', *, *, #678, .T. ) ;
#2450 = ADVANCED_FACE ( 'NONE', ( #2441 ), #4405, .F. ) ;
#2451 = VECTOR ( 'NONE', #4379, 1000.000000000000000 ) ;
#2452 = EDGE_LOOP ( 'NONE', ( #4639, #4108 ) ) ;
#2453 = DIRECTION ( 'NONE',  ( 0.000000000000000000, 1.000000000000000000, 1.156482317317870492E-16 ) ) ;
#2454 = DIRECTION ( 'NONE',  ( -0.000000000000000000, -0.000000000000000000, 1.000000000000000000 ) ) ;
#2455 = VECTOR ( 'NONE', #3393, 1000.000000000000000 ) ;
#2456 = PERSON_AND_ORGANIZATION ( #3229, #83 ) ;
#2457 = DIRECTION ( 'NONE',  ( -1.000000000000000000, 0.000000000000000000, 0.000000000000000000 ) ) ;
#2458 = ORIENTED_EDGE ( 'NONE', *, *, #3210, .F. ) ;
#2459 = DIRECTION ( 'NONE',  ( -1.000000000000000000, 0.000000000000000000, 0.000000000000000000 ) ) ;
#2460 = DIRECTION ( 'NONE',  ( 1.000000000000000000, 0.000000000000000000, -0.000000000000000000 ) ) ;
#2461 = DIRECTION ( 'NONE',  ( 0.000000000000000000, 0.000000000000000000, 1.000000000000000000 ) ) ;
#2462 = CONTEXT_DEPENDENT_SHAPE_REPRESENTATION ( #3456, #4241 ) ;
#2463 = CARTESIAN_POINT ( 'NONE',  ( 0.000000000000000000, 50.00000000000000000, -25.00000000000000000 ) ) ;
#2464 = VECTOR ( 'NONE', #1940, 1000.000000000000000 ) ;
#2465 = CARTESIAN_POINT ( 'NONE',  ( 0.000000000000000000, 0.000000000000000000, 14.99999999999997513 ) ) ;
#2466 = APPLICATION_CONTEXT ( 'configuration controlled 3d designs of mechanical parts and assemblies' ) ;
#2467 = AXIS2_PLACEMENT_3D ( 'NONE', #3375, #1058, #399 ) ;
#2468 = DATE_TIME_ROLE ( 'creation_date' ) ;
#2469 = CARTESIAN_POINT ( 'NONE',  ( 10.00000000000000178, 5.000000000000000000, 20.00000000000000000 ) ) ;
#2470 = VECTOR ( 'NONE', #4247, 1000.000000000000000 ) ;
#2471 = EDGE_CURVE ( 'NONE', #2246, #1016, #2510, .T. ) ;
#2472 = ORIENTED_EDGE ( 'NONE', *, *, #1852, .F. ) ;
#2473 = AXIS2_PLACEMENT_3D ( 'NONE', #2445, #524, #3145 ) ;
#2474 = EDGE_LOOP ( 'NONE', ( #377, #3395, #2590, #4565 ) ) ;
#2475 = ORIENTED_EDGE ( 'NONE', *, *, #406, .T. ) ;
#2476 = DIRECTION ( 'NONE',  ( -1.000000000000000000, 0.000000000000000000, 0.000000000000000000 ) ) ;
#2477 =( NAMED_UNIT ( * ) PLANE_ANGLE_UNIT ( ) SI_UNIT ( $, .RADIAN. ) );
#2478 = LOCAL_TIME ( 22, 14, 50.00000000000000000, #2912 ) ;
#2479 = AXIS2_PLACEMENT_3D ( 'NONE', #3138, #3209, #3624 ) ;
#2480 = EDGE_CURVE ( 'NONE', #2844, #3341, #569, .T. ) ;
#2481 = LOCAL_TIME ( 22, 14, 50.00000000000000000, #3686 ) ;
#2482 = SECURITY_CLASSIFICATION_LEVEL ( 'unclassified' ) ;
#2483 = AXIS2_PLACEMENT_3D ( 'NONE', #3678, #212, #1751 ) ;
#2484 = DIRECTION ( 'NONE',  ( 0.000000000000000000, 0.000000000000000000, 1.000000000000000000 ) ) ;
#2485 = ORIENTED_EDGE ( 'NONE', *, *, #2690, .T. ) ;
#2486 = DIRECTION ( 'NONE',  ( -0.000000000000000000, 1.000000000000000000, -0.000000000000000000 ) ) ;
#2487 = DIRECTION ( 'NONE',  ( 0.000000000000000000, -1.000000000000000000, 0.000000000000000000 ) ) ;
#2488 = AXIS2_PLACEMENT_3D ( 'NONE', #735, #3061, #1426 ) ;
#2489 = EDGE_CURVE ( 'NONE', #1553, #4285, #545, .T. ) ;
#2490 = CARTESIAN_POINT ( 'NONE',  ( 249.9999999999998295, 0.000000000000000000, 250.0000000000000568 ) ) ;
#2491 = CARTESIAN_POINT ( 'NONE',  ( 0.000000000000000000, 100.0000000000000000, -25.00000000000000355 ) ) ;
#2492 = PERSON_AND_ORGANIZATION_ROLE ( 'creator' ) ;
#2493 = ORIENTED_EDGE ( 'NONE', *, *, #4212, .F. ) ;
#2494 = EDGE_LOOP ( 'NONE', ( #1496, #1468, #3563, #107 ) ) ;
#2495 = CARTESIAN_POINT ( 'NONE',  ( -299.9999999999999432, -800.0000000000000000, -299.9999999999999432 ) ) ;
#2496 = ORIENTED_EDGE ( 'NONE', *, *, #3381, .F. ) ;
#2497 = ORIENTED_EDGE ( 'NONE', *, *, #4741, .F. ) ;
#2498 = ORIENTED_EDGE ( 'NONE', *, *, #1214, .F. ) ;
#2499 = DIRECTION ( 'NONE',  ( -1.982541115402065110E-16, -0.000000000000000000, -1.000000000000000000 ) ) ;
#2500 = ADVANCED_FACE ( 'NONE', ( #2183 ), #1845, .F. ) ;
#2501 = PLANE ( 'NONE',  #2405 ) ;
#2502 = CALENDAR_DATE ( 2026, 6, 6 ) ;
#2503 = CARTESIAN_POINT ( 'NONE',  ( 0.000000000000000000, 2.101339093494567144E-15, 5.000000000000000000 ) ) ;
#2504 = ORIENTED_EDGE ( 'NONE', *, *, #3152, .F. ) ;
#2505 = CARTESIAN_POINT ( 'NONE',  ( 6.123233995736765296E-16, 80.00000000000000000, 4.999999999999999112 ) ) ;
#2506 = ADVANCED_FACE ( 'NONE', ( #3803 ), #4450, .F. ) ;
#2507 = DIRECTION ( 'NONE',  ( 1.000000000000000000, -0.000000000000000000, -2.220446049250309925E-15 ) ) ;
#2508 = LINE ( 'NONE', #2079, #1252 ) ;
#2509 = SECURITY_CLASSIFICATION_LEVEL ( 'unclassified' ) ;
#2510 = LINE ( 'NONE', #3582, #1736 ) ;
#2511 = EDGE_CURVE ( 'NONE', #2710, #2593, #350, .T. ) ;
#2512 = PERSON_AND_ORGANIZATION ( #3229, #83 ) ;
#2513 = VERTEX_POINT ( 'NONE', #323 ) ;
#2514 = CARTESIAN_POINT ( 'NONE',  ( 17.50000000000000000, -5.000000000000000888, -2.499999999999999556 ) ) ;
#2515 = FACE_OUTER_BOUND ( 'NONE', #2435, .T. ) ;
#2516 = VERTEX_POINT ( 'NONE', #2261 ) ;
#2517 = ORIENTED_EDGE ( 'NONE', *, *, #3697, .F. ) ;
#2518 = EDGE_LOOP ( 'NONE', ( #600, #4092 ) ) ;
#2519 = LINE ( 'NONE', #339, #3588 ) ;
#2520 = DIRECTION ( 'NONE',  ( 0.000000000000000000, 0.000000000000000000, -1.000000000000000000 ) ) ;
#2521 = AXIS2_PLACEMENT_3D ( 'NONE', #647, #1271, #4429 ) ;
#2522 = APPROVAL ( #2423, 'ๆช' ) ;
#2523 = APPLICATION_CONTEXT ( 'configuration controlled 3d designs of mechanical parts and assemblies' ) ;
#2524 = CIRCLE ( 'NONE', #1798, 7.500000000000000000 ) ;
#2525 = VECTOR ( 'NONE', #3360, 1000.000000000000000 ) ;
#2526 = APPROVAL_ROLE ( '' ) ;
#2527 = CARTESIAN_POINT ( 'NONE',  ( 17.50000000000000000, -27.50000000000000000, 2.500000000000000444 ) ) ;
#2528 = ORIENTED_EDGE ( 'NONE', *, *, #1555, .F. ) ;
#2529 = DIRECTION ( 'NONE',  ( 0.000000000000000000, -1.000000000000000000, 0.000000000000000000 ) ) ;
#2530 = CARTESIAN_POINT ( 'NONE',  ( 7.500000000000000000, 2.101339093494567144E-15, 5.000000000000000000 ) ) ;
#2531 = AXIS2_PLACEMENT_3D ( 'NONE', #3754, #664, #638 ) ;
#2532 = EDGE_CURVE ( 'NONE', #3149, #510, #4214, .T. ) ;
#2533 = CARTESIAN_POINT ( 'NONE',  ( 0.000000000000000000, 50.00000000000000000, 0.000000000000000000 ) ) ;
#2534 = AXIS2_PLACEMENT_3D ( 'NONE', #1023, #3321, #2252 ) ;
#2535 = APPROVAL_STATUS ( 'not_yet_approved' ) ;
#2536 = CARTESIAN_POINT ( 'NONE',  ( 0.000000000000000000, 0.000000000000000000, 0.000000000000000000 ) ) ;
#2537 = ADVANCED_FACE ( 'NONE', ( #1893 ), #2207, .T. ) ;
#2538 = CALENDAR_DATE ( 2026, 6, 6 ) ;
#2539 = PLANE ( 'NONE',  #2521 ) ;
#2540 = DIRECTION ( 'NONE',  ( 1.000000000000000000, 0.000000000000000000, -0.000000000000000000 ) ) ;
#2541 = VECTOR ( 'NONE', #67, 1000.000000000000000 ) ;
#2543 = VERTEX_POINT ( 'NONE', #1033 ) ;
#2542 = EDGE_CURVE ( 'NONE', #4691, #1188, #161, .T. ) ;
#2544 = VERTEX_POINT ( 'NONE', #4899 ) ;
#2545 = AXIS2_PLACEMENT_3D ( 'NONE', #3857, #1178, #3113 ) ;
#2546 = VERTEX_POINT ( 'NONE', #665 ) ;
#2547 = DIRECTION ( 'NONE',  ( 0.000000000000000000, 0.000000000000000000, 1.000000000000000000 ) ) ;
#2548 = APPROVAL_ROLE ( '' ) ;
#2549 = LINE ( 'NONE', #3004, #2127 ) ;
#2550 = VERTEX_POINT ( 'NONE', #2232 ) ;
#2551 =( GEOMETRIC_REPRESENTATION_CONTEXT ( 3 ) GLOBAL_UNCERTAINTY_ASSIGNED_CONTEXT ( ( #4773 ) ) GLOBAL_UNIT_ASSIGNED_CONTEXT ( ( #2219, #1396, #676 ) ) REPRESENTATION_CONTEXT ( 'NONE', 'WORKASPACE' ) );
#2552 = VECTOR ( 'NONE', #1192, 1000.000000000000000 ) ;
#2553 = DIRECTION ( 'NONE',  ( 1.000000000000000000, -0.000000000000000000, -0.000000000000000000 ) ) ;
#2554 = CARTESIAN_POINT ( 'NONE',  ( -299.9999999999998863, -800.0000000000000000, -249.9999999999999432 ) ) ;
#2555 = CC_DESIGN_DATE_AND_TIME_ASSIGNMENT ( #3427, #4582, ( #4309 ) ) ;
#2556 = SECURITY_CLASSIFICATION ( '', '', #2764 ) ;
#2557 = AXIS2_PLACEMENT_3D ( 'NONE', #393, #1054, #3702 ) ;
#2558 = DIRECTION ( 'NONE',  ( -0.000000000000000000, -0.000000000000000000, -1.000000000000000000 ) ) ;
#2559 = DATE_AND_TIME ( #1844, #3356 ) ;
#2560 = CARTESIAN_POINT ( 'NONE',  ( 0.000000000000000000, 0.000000000000000000, 0.000000000000000000 ) ) ;
#2561 = LOCAL_TIME ( 22, 14, 50.00000000000000000, #589 ) ;
#2562 = AXIS2_PLACEMENT_3D ( 'NONE', #3106, #848, #4623 ) ;
#2563 = EDGE_CURVE ( 'NONE', #4037, #4718, #2631, .T. ) ;
#2564 = PRODUCT ( 'table', 'table', '', ( #4278 ) ) ;
#2565 = CC_DESIGN_APPROVAL ( #3076, ( #4793 ) ) ;
#2566 = DIRECTION ( 'NONE',  ( 1.000000000000000000, 0.000000000000000000, 0.000000000000000000 ) ) ;
#2567 = PERSON_AND_ORGANIZATION_ROLE ( 'design_supplier' ) ;
#2568 = ORIENTED_EDGE ( 'NONE', *, *, #1687, .T. ) ;
#2569 = CARTESIAN_POINT ( 'NONE',  ( -7.500000000000000000, 42.50000000000000000, 12.50000000000000355 ) ) ;
#2570 = DIRECTION ( 'NONE',  ( 1.000000000000000000, 0.000000000000000000, 0.000000000000000000 ) ) ;
#2571 = EDGE_CURVE ( 'NONE', #2121, #4840, #2605, .T. ) ;
#2572 = VERTEX_POINT ( 'NONE', #1797 ) ;
#2573 = CARTESIAN_POINT ( 'NONE',  ( 5.000000000000004441, 60.00000000000000000, -12.50000000000000000 ) ) ;
#2574 = EDGE_LOOP ( 'NONE', ( #1839, #3370, #671, #1563 ) ) ;
#2575 = EDGE_LOOP ( 'NONE', ( #2393, #443, #1088, #24, #4533, #1324, #595, #837 ) ) ;
#2576 = CARTESIAN_POINT ( 'NONE',  ( 4.791528850480152211E-15, 20.00000000000000355, 5.000000000000000000 ) ) ;
#2577 = EDGE_CURVE ( 'NONE', #3267, #1091, #296, .T. ) ;
#2578 = SHAPE_DEFINITION_REPRESENTATION ( #1951, #727 ) ;
#2579 = CARTESIAN_POINT ( 'NONE',  ( 300.0000000000001705, 30.00000000000000000, 299.9999999999999432 ) ) ;
#2580 = LINE ( 'NONE', #4518, #3499 ) ;
#2581 = CARTESIAN_POINT ( 'NONE',  ( 7.500000000000000000, 300.0000000000000000, 0.000000000000000000 ) ) ;
#2582 = DIRECTION ( 'NONE',  ( 0.000000000000000000, 0.000000000000000000, 1.000000000000000000 ) ) ;
#2583 = ITEM_DEFINED_TRANSFORMATION ( 'NONE', 'NONE', #1365,  #4310 ) ;
#2584 = DIRECTION ( 'NONE',  ( -1.000000000000000000, 0.000000000000000000, 0.000000000000000000 ) ) ;
#2585 = CC_DESIGN_DATE_AND_TIME_ASSIGNMENT ( #1264, #1292, ( #2556 ) ) ;
#2586 = DIRECTION ( 'NONE',  ( 1.000000000000000000, 0.000000000000000000, 0.000000000000000000 ) ) ;
#2587 = PERSON_AND_ORGANIZATION ( #3229, #83 ) ;
#2588 = CARTESIAN_POINT ( 'NONE',  ( -23.85759400464763047, 98.67743503759965051, -8.677435037599661172 ) ) ;
#2589 = CYLINDRICAL_SURFACE ( 'NONE', #417, 10.00000000000000000 ) ;
#2590 = ORIENTED_EDGE ( 'NONE', *, *, #4575, .T. ) ;
#2591 = EDGE_CURVE ( 'NONE', #4455, #1206, #3756, .T. ) ;
#2592 = EDGE_LOOP ( 'NONE', ( #1415, #3536, #942, #4534, #2472, #3481, #3736, #398 ) ) ;
#2593 = VERTEX_POINT ( 'NONE', #4480 ) ;
#2594 = CARTESIAN_POINT ( 'NONE',  ( 2.143131898507868643E-15, -10.00000000000000000, -17.50000000000000355 ) ) ;
#2595 = EDGE_CURVE ( 'NONE', #1410, #3636, #4853, .T. ) ;
#2596 = APPROVAL_STATUS ( 'not_yet_approved' ) ;
#2597 = LINE ( 'NONE', #1051, #845 ) ;
#2598 = ORIENTED_EDGE ( 'NONE', *, *, #586, .F. ) ;
#2599 = DIRECTION ( 'NONE',  ( 0.000000000000000000, 1.000000000000000000, 0.000000000000000000 ) ) ;
#2600 = DIRECTION ( 'NONE',  ( 0.000000000000000000, 0.000000000000000000, 1.000000000000000000 ) ) ;
#2601 = AXIS2_PLACEMENT_3D ( 'NONE', #25, #3875, #1964 ) ;
#2602 = CIRCLE ( 'NONE', #3240, 10.00000000000000000 ) ;
#2603 = CARTESIAN_POINT ( 'NONE',  ( -7.500000000000000000, 207.5000000000000284, 37.50000000000000711 ) ) ;
#2604 = APPROVAL_DATE_TIME ( #4897, #1300 ) ;
#2605 = LINE ( 'NONE', #889, #322 ) ;
#2606 = AXIS2_PLACEMENT_3D ( 'NONE', #2410, #2582, #2205 ) ;
#2607 = DIRECTION ( 'NONE',  ( 0.000000000000000000, 0.000000000000000000, 1.000000000000000000 ) ) ;
#2608 = PERSON_AND_ORGANIZATION_ROLE ( 'design_owner' ) ;
#2609 = CARTESIAN_POINT ( 'NONE',  ( -7.500000000000000000, 7.500000000000000000, 14.99999999999997513 ) ) ;
#2610 = DIRECTION ( 'NONE',  ( -1.000000000000000000, 0.000000000000000000, 0.000000000000000000 ) ) ;
#2611 = CC_DESIGN_DATE_AND_TIME_ASSIGNMENT ( #3037, #4153, ( #4793 ) ) ;
#2612 = VERTEX_POINT ( 'NONE', #4154 ) ;
#2613 = CARTESIAN_POINT ( 'NONE',  ( -21.65063509461096913, 114.9999999999999858, 12.50000000000000000 ) ) ;
#2614 = VERTEX_POINT ( 'NONE', #4126 ) ;
#2615 = ORIENTED_EDGE ( 'NONE', *, *, #2542, .F. ) ;
#2616 = CARTESIAN_POINT ( 'NONE',  ( 300.0000000000001705, 0.000000000000000000, 250.0000000000000568 ) ) ;
#2617 = AXIS2_PLACEMENT_3D ( 'NONE', #2910, #2857, #3233 ) ;
#2618 =( LENGTH_UNIT ( ) NAMED_UNIT ( * ) SI_UNIT ( .MILLI., .METRE. ) );
#2619 = ADVANCED_FACE ( 'NONE', ( #1132, #2990 ), #2657, .F. ) ;
#2620 = VECTOR ( 'NONE', #167, 1000.000000000000000 ) ;
#2621 = PERSON_AND_ORGANIZATION ( #3229, #83 ) ;
#2622 = CARTESIAN_POINT ( 'NONE',  ( -249.9999999999999716, 0.000000000000000000, -299.9999999999997158 ) ) ;
#2623 = EDGE_LOOP ( 'NONE', ( #3180, #4258, #4135, #809 ) ) ;
#2624 = FACE_OUTER_BOUND ( 'NONE', #4410, .T. ) ;
#2625 = CARTESIAN_POINT ( 'NONE',  ( 0.000000000000000000, 250.0000000000000000, 0.000000000000000000 ) ) ;
#2626 = AXIS2_PLACEMENT_3D ( 'NONE', #1075, #3701, #733 ) ;
#2627 = EDGE_CURVE ( 'NONE', #2269, #4343, #3108, .T. ) ;
#2628 = APPROVAL_PERSON_ORGANIZATION ( #3287, #1395, #1366 ) ;
#2629 = CIRCLE ( 'NONE', #2066, 5.000000000000004441 ) ;
#2630 = DIRECTION ( 'NONE',  ( 0.000000000000000000, 0.000000000000000000, 1.000000000000000000 ) ) ;
#2631 = LINE ( 'NONE', #2938, #2056 ) ;
#2632 = EDGE_CURVE ( 'NONE', #3925, #1973, #760, .T. ) ;
#2633 = LOCAL_TIME ( 22, 14, 50.00000000000000000, #3983 ) ;
#2634 = CARTESIAN_POINT ( 'NONE',  ( 7.500000000000000000, 207.5000000000000284, 12.50000000000000355 ) ) ;
#2635 = COORDINATED_UNIVERSAL_TIME_OFFSET ( 8, 0, .AHEAD. ) ;
#2636 = CC_DESIGN_APPROVAL ( #3988, ( #4876 ) ) ;
#2637 = AXIS2_PLACEMENT_3D ( 'NONE', #531, #2824, #2520 ) ;
#2638 = LINE ( 'NONE', #744, #4694 ) ;
#2639 = CYLINDRICAL_SURFACE ( 'NONE', #878, 5.000000000000000888 ) ;
#2640 = LOCAL_TIME ( 22, 14, 50.00000000000000000, #4380 ) ;
#2641 = APPROVAL_PERSON_ORGANIZATION ( #4056, #814, #1762 ) ;
#2642 = EDGE_LOOP ( 'NONE', ( #1514, #89, #4144, #1544 ) ) ;
#2643 = ORIENTED_EDGE ( 'NONE', *, *, #3916, .F. ) ;
#2644 = DIRECTION ( 'NONE',  ( 0.000000000000000000, -1.000000000000000000, 0.000000000000000000 ) ) ;
#2645 = PERSON_AND_ORGANIZATION_ROLE ( 'classification_officer' ) ;
#2646 = ORIENTED_EDGE ( 'NONE', *, *, #3143, .T. ) ;
#2647 = CC_DESIGN_PERSON_AND_ORGANIZATION_ASSIGNMENT ( #3998, #208, ( #3195 ) ) ;
#2648 = FACE_OUTER_BOUND ( 'NONE', #1709, .T. ) ;
#2649 = ORIENTED_EDGE ( 'NONE', *, *, #4206, .F. ) ;
#2650 = DIRECTION ( 'NONE',  ( 0.000000000000000000, 1.000000000000000000, 0.000000000000000000 ) ) ;
#2651 = CARTESIAN_POINT ( 'NONE',  ( 0.000000000000000000, 50.00000000000000000, 0.000000000000000000 ) ) ;
#2652 = EDGE_CURVE ( 'NONE', #4613, #3388, #4854, .T. ) ;
#2653 = DIRECTION ( 'NONE',  ( -0.000000000000000000, -1.000000000000000000, -0.000000000000000000 ) ) ;
#2654 = APPROVAL_ROLE ( '' ) ;
#2655 = VERTEX_POINT ( 'NONE', #830 ) ;
#2656 = DIRECTION ( 'NONE',  ( -0.000000000000000000, -1.000000000000000000, -0.000000000000000000 ) ) ;
#2657 = PLANE ( 'NONE',  #1892 ) ;
#2658 = ADVANCED_FACE ( 'NONE', ( #1606 ), #4227, .T. ) ;
#2659 = PLANE ( 'NONE',  #695 ) ;
#2660 = APPROVAL_ROLE ( '' ) ;
#2661 = CARTESIAN_POINT ( 'NONE',  ( 4.791528850480151422E-15, -20.00000000000000355, 5.000000000000000000 ) ) ;
#2662 = ORIENTED_EDGE ( 'NONE', *, *, #3205, .F. ) ;
#2663 = CARTESIAN_POINT ( 'NONE',  ( 5.000000000000000000, 0.000000000000000000, 0.000000000000000000 ) ) ;
#2664 = ORIENTED_EDGE ( 'NONE', *, *, #546, .T. ) ;
#2665 = VERTEX_POINT ( 'NONE', #785 ) ;
#2666 = DIRECTION ( 'NONE',  ( -0.000000000000000000, -0.000000000000000000, 1.000000000000000000 ) ) ;
#2667 = APPROVAL_DATE_TIME ( #3055, #152 ) ;
#2668 = EDGE_LOOP ( 'NONE', ( #4730, #154, #4593, #3941 ) ) ;
#2669 = CARTESIAN_POINT ( 'NONE',  ( -7.500000000000000000, 0.000000000000000000, 12.50000000000000355 ) ) ;
#2670 = ORIENTED_EDGE ( 'NONE', *, *, #1646, .T. ) ;
#2671 = DIRECTION ( 'NONE',  ( 1.000000000000000000, 0.000000000000000000, 0.000000000000000000 ) ) ;
#2672 = DIRECTION ( 'NONE',  ( 1.000000000000000000, 0.000000000000000000, 0.000000000000000000 ) ) ;
#2673 = CC_DESIGN_PERSON_AND_ORGANIZATION_ASSIGNMENT ( #1397, #659, ( #3272 ) ) ;
#2674 = APPROVAL_ROLE ( '' ) ;
#2675 = CARTESIAN_POINT ( 'NONE',  ( 35.00000000000000711, 5.000000000000000000, 10.00000000000000178 ) ) ;
#2676 = VERTEX_POINT ( 'NONE', #2356 ) ;
#2677 = CARTESIAN_POINT ( 'NONE',  ( -299.9999999999998295, -800.0000000000000000, 250.0000000000000568 ) ) ;
#2678 = CIRCLE ( 'NONE', #1561, 10.00000000000000000 ) ;
#2679 = EDGE_CURVE ( 'NONE', #4252, #3166, #1230, .T. ) ;
#2680 = DIRECTION ( 'NONE',  ( 1.000000000000000000, 0.000000000000000000, 0.000000000000000000 ) ) ;
#2681 = VECTOR ( 'NONE', #3929, 1000.000000000000000 ) ;
#2682 = APPROVAL_STATUS ( 'not_yet_approved' ) ;
#2683 = CARTESIAN_POINT ( 'NONE',  ( 0.000000000000000000, -5.000000000000000000, -15.00000000000000000 ) ) ;
#2684 = EDGE_CURVE ( 'NONE', #4283, #3339, #4677, .T. ) ;
#2685 = VECTOR ( 'NONE', #294, 1000.000000000000000 ) ;
#2686 = ORIENTED_EDGE ( 'NONE', *, *, #4575, .F. ) ;
#2687 = ORIENTED_EDGE ( 'NONE', *, *, #4171, .T. ) ;
#2688 = DIRECTION ( 'NONE',  ( 0.000000000000000000, 1.000000000000000000, 0.000000000000000000 ) ) ;
#2689 = DIRECTION ( 'NONE',  ( -0.7749376443630521250, -4.932537417097169584E-17, 0.6320376945634205157 ) ) ;
#2690 = EDGE_CURVE ( 'NONE', #2550, #505, #4451, .T. ) ;
#2691 = ORIENTED_EDGE ( 'NONE', *, *, #4007, .F. ) ;
#2692 = CARTESIAN_POINT ( 'NONE',  ( 4.791528850480152211E-15, 20.00000000000000355, 5.000000000000000000 ) ) ;
#2693 = VERTEX_POINT ( 'NONE', #2381 ) ;
#2694 = LINE ( 'NONE', #1622, #3899 ) ;
#2695 = DIRECTION ( 'NONE',  ( 0.000000000000000000, -1.000000000000000000, 0.000000000000000000 ) ) ;
#2696 = CIRCLE ( 'NONE', #3023, 5.000000000000001776 ) ;
#2697 = CARTESIAN_POINT ( 'NONE',  ( 0.000000000000000000, 0.000000000000000000, 0.000000000000000000 ) ) ;
#2698 = FACE_OUTER_BOUND ( 'NONE', #599, .T. ) ;
#2699 = COORDINATED_UNIVERSAL_TIME_OFFSET ( 8, 0, .AHEAD. ) ;
#2700 = EDGE_LOOP ( 'NONE', ( #2615, #1559 ) ) ;
#2702 = VECTOR ( 'NONE', #1965, 1000.000000000000000 ) ;
#2701 = CC_DESIGN_PERSON_AND_ORGANIZATION_ASSIGNMENT ( #4125, #3065, ( #3515 ) ) ;
#2703 = DIRECTION ( 'NONE',  ( 1.000000000000000000, 0.000000000000000000, 0.000000000000000000 ) ) ;
#2704 = LINE ( 'NONE', #44, #223 ) ;
#2705 = DATE_AND_TIME ( #1183, #1681 ) ;
#2706 = APPROVAL ( #3083, 'ๆช' ) ;
#2707 = CARTESIAN_POINT ( 'NONE',  ( -7.500000000000000000, 42.50000000000000000, 37.50000000000000711 ) ) ;
#2708 = LOCAL_TIME ( 22, 14, 50.00000000000000000, #277 ) ;
#2709 = VECTOR ( 'NONE', #621, 1000.000000000000000 ) ;
#2710 = VERTEX_POINT ( 'NONE', #2677 ) ;
#2711 = PRODUCT_DEFINITION_FORMATION_WITH_SPECIFIED_SOURCE ( 'ไป', '', #1612, .NOT_KNOWN. ) ;
#2712 = AXIS2_PLACEMENT_3D ( 'NONE', #3550, #2755, #4530 ) ;
#2713 = ORIENTED_EDGE ( 'NONE', *, *, #4706, .T. ) ;
#2714 = VERTEX_POINT ( 'NONE', #1936 ) ;
#2715 = EDGE_CURVE ( 'NONE', #677, #3170, #3831, .T. ) ;
#2716 = CARTESIAN_POINT ( 'NONE',  ( 0.000000000000000000, 50.00000000000000000, 0.000000000000000000 ) ) ;
#2717 = ORGANIZATION ( 'NAUO-ORG4', 'UNSPECIFIED', 'UNSPECIFIED' ) ;
#2718 = AXIS2_PLACEMENT_3D ( 'NONE', #346, #1098, #3390 ) ;
#2719 = VERTEX_POINT ( 'NONE', #3067 ) ;
#2720 = VERTEX_POINT ( 'NONE', #4271 ) ;
#2721 = EDGE_CURVE ( 'NONE', #2844, #4464, #855, .T. ) ;
#2722 = DIRECTION ( 'NONE',  ( -0.000000000000000000, -0.000000000000000000, -1.000000000000000000 ) ) ;
#2723 = ORIENTED_EDGE ( 'NONE', *, *, #4171, .F. ) ;
#2724 = DIRECTION ( 'NONE',  ( -1.000000000000000000, 0.000000000000000000, 0.000000000000000000 ) ) ;
#2725 = CARTESIAN_POINT ( 'NONE',  ( -7.500000000000000000, 0.000000000000000000, 12.50000000000000355 ) ) ;
#2726 =( LENGTH_UNIT ( ) NAMED_UNIT ( * ) SI_UNIT ( .MILLI., .METRE. ) );
#2727 = DIRECTION ( 'NONE',  ( -0.000000000000000000, -1.000000000000000000, -0.000000000000000000 ) ) ;
#2728 = DATE_TIME_ROLE ( 'classification_date' ) ;
#2729 = ORIENTED_EDGE ( 'NONE', *, *, #1687, .F. ) ;
#2730 = DIRECTION ( 'NONE',  ( 0.000000000000000000, 0.000000000000000000, 1.000000000000000000 ) ) ;
#2731 = FACE_BOUND ( 'NONE', #4184, .T. ) ;
#2732 = CARTESIAN_POINT ( 'NONE',  ( 25.00000000000000000, 90.00000000000000000, 0.000000000000000000 ) ) ;
#2733 = DIRECTION ( 'NONE',  ( 1.000000000000000000, -0.000000000000000000, -1.850371707708594316E-16 ) ) ;
#2734 = PERSON_AND_ORGANIZATION_ROLE ( 'design_owner' ) ;
#2735 = LINE ( 'NONE', #501, #2945 ) ;
#2736 = CC_DESIGN_PERSON_AND_ORGANIZATION_ASSIGNMENT ( #1827, #97, ( #725 ) ) ;
#2737 = ORIENTED_EDGE ( 'NONE', *, *, #886, .T. ) ;
#2738 = ORIENTED_EDGE ( 'NONE', *, *, #3963, .T. ) ;
#2739 = CARTESIAN_POINT ( 'NONE',  ( -5.000000000000000000, 40.00000000000000000, 0.000000000000000000 ) ) ;
#2740 = DIRECTION ( 'NONE',  ( 0.000000000000000000, 0.000000000000000000, 1.000000000000000000 ) ) ;
#2741 = ADVANCED_FACE ( 'NONE', ( #3086, #1154 ), #444, .F. ) ;
#2742 = ORIENTED_EDGE ( 'NONE', *, *, #2008, .T. ) ;
#2743 = ORIENTED_EDGE ( 'NONE', *, *, #2632, .F. ) ;
#2744 = DIRECTION ( 'NONE',  ( 0.000000000000000000, 0.000000000000000000, 1.000000000000000000 ) ) ;
#2745 = ORIENTED_EDGE ( 'NONE', *, *, #1435, .F. ) ;
#2746 = DIRECTION ( 'NONE',  ( 0.000000000000000000, 0.000000000000000000, 1.000000000000000000 ) ) ;
#2747 = CARTESIAN_POINT ( 'NONE',  ( -7.500000000000000000, 0.000000000000000000, 0.000000000000000000 ) ) ;
#2748 = EDGE_CURVE ( 'NONE', #3772, #2977, #1919, .T. ) ;
#2749 =( NAMED_UNIT ( * ) PLANE_ANGLE_UNIT ( ) SI_UNIT ( $, .RADIAN. ) );
#2750 = CARTESIAN_POINT ( 'NONE',  ( 4.791528850480151422E-15, -20.00000000000000355, 5.000000000000000000 ) ) ;
#2751 = APPROVAL_DATE_TIME ( #2306, #2830 ) ;
#2752 = VERTEX_POINT ( 'NONE', #492 ) ;
#2753 = CARTESIAN_POINT ( 'NONE',  ( 300.0000000000001705, 30.00000000000000000, -300.0000000000000568 ) ) ;
#2754 = PLANE ( 'NONE',  #4357 ) ;
#2755 = DIRECTION ( 'NONE',  ( 0.000000000000000000, 0.000000000000000000, 1.000000000000000000 ) ) ;
#2756 = ADVANCED_FACE ( 'NONE', ( #4200 ), #3447, .T. ) ;
#2757 = CYLINDRICAL_SURFACE ( 'NONE', #2368, 5.000000000000000000 ) ;
#2758 = CALENDAR_DATE ( 2026, 6, 6 ) ;
#2759 = DIRECTION ( 'NONE',  ( 1.000000000000000000, 0.000000000000000000, -0.000000000000000000 ) ) ;
#2760 = CLOSED_SHELL ( 'NONE', ( #507, #4521, #4902, #3509, #3729, #1258, #4907, #4737, #3018, #4647, #4425, #4262, #2422, #1585, #3072, #11, #1127, #2002, #3120, #3024, #4712, #4486, #228, #1580 ) ) ;
#2761 = DIRECTION ( 'NONE',  ( -0.000000000000000000, -0.000000000000000000, 1.000000000000000000 ) ) ;
#2762 = AXIS2_PLACEMENT_3D ( 'NONE', #3835, #447, #428 ) ;
#2763 = AXIS2_PLACEMENT_3D ( 'NONE', #2037, #3540, #3173 ) ;
#2764 = SECURITY_CLASSIFICATION_LEVEL ( 'unclassified' ) ;
#2765 = EDGE_LOOP ( 'NONE', ( #2113, #305, #70, #4820, #2841, #4696, #2946, #333, #1987, #3241, #3406, #777 ) ) ;
#2766 = DIRECTION ( 'NONE',  ( 0.000000000000000000, 0.000000000000000000, 1.000000000000000000 ) ) ;
#2767 = AXIS2_PLACEMENT_3D ( 'NONE', #3373, #4124, #2630 ) ;
#2768 = PRODUCT ( 'base', 'base', '', ( #1537 ) ) ;
#2769 = CIRCLE ( 'NONE', #622, 25.00000000000000000 ) ;
#2770 = DIRECTION ( 'NONE',  ( -0.000000000000000000, 1.000000000000000000, -0.000000000000000000 ) ) ;
#2771 = ORIENTED_EDGE ( 'NONE', *, *, #1307, .T. ) ;
#2772 = CARTESIAN_POINT ( 'NONE',  ( 300.0000000000001705, 30.00000000000000000, 299.9999999999999432 ) ) ;
#2773 = VERTEX_POINT ( 'NONE', #1256 ) ;
#2774 = DIRECTION ( 'NONE',  ( 1.000000000000000000, 0.000000000000000000, 0.000000000000000000 ) ) ;
#2775 = CC_DESIGN_PERSON_AND_ORGANIZATION_ASSIGNMENT ( #2069, #1322, ( #3 ) ) ;
#2776 = DIRECTION ( 'NONE',  ( 0.000000000000000000, 1.387778780781445922E-16, -1.000000000000000000 ) ) ;
#2777 = DIRECTION ( 'NONE',  ( 1.000000000000000000, 0.000000000000000000, 0.000000000000000000 ) ) ;
#2778 = PLANE ( 'NONE',  #4043 ) ;
#2779 = ORIENTED_EDGE ( 'NONE', *, *, #591, .T. ) ;
#2780 = DIRECTION ( 'NONE',  ( 0.000000000000000000, 0.000000000000000000, 1.000000000000000000 ) ) ;
#2781 = EDGE_CURVE ( 'NONE', #3861, #754, #2309, .T. ) ;
#2782 = CARTESIAN_POINT ( 'NONE',  ( -14.99999999999999645, -20.00000000000000355, 5.000000000000000000 ) ) ;
#2783 = VECTOR ( 'NONE', #2188, 1000.000000000000000 ) ;
#2784 = CIRCLE ( 'NONE', #3895, 7.500000000000007105 ) ;
#2785 = CARTESIAN_POINT ( 'NONE',  ( 300.0000000000001705, 30.00000000000000000, -300.0000000000000568 ) ) ;
#2786 = COORDINATED_UNIVERSAL_TIME_OFFSET ( 8, 0, .AHEAD. ) ;
#2787 = DIRECTION ( 'NONE',  ( -0.000000000000000000, 1.000000000000000000, -0.000000000000000000 ) ) ;
#2788 = EDGE_CURVE ( 'NONE', #903, #3917, #404, .T. ) ;
#2789 = CIRCLE ( 'NONE', #3977, 5.000000000000000000 ) ;
#2790 = APPROVAL_STATUS ( 'not_yet_approved' ) ;
#2791 = CC_DESIGN_SECURITY_CLASSIFICATION ( #247, ( #4140 ) ) ;
#2792 = AXIS2_PLACEMENT_3D ( 'NONE', #2979, #1836, #3001 ) ;
#2793 = DIRECTION ( 'NONE',  ( -1.000000000000000000, 0.000000000000000000, 0.000000000000000000 ) ) ;
#2794 = PRODUCT_DEFINITION_FORMATION_WITH_SPECIFIED_SOURCE ( 'ไป', '', #608, .NOT_KNOWN. ) ;
#2795 = AXIS2_PLACEMENT_3D ( 'NONE', #2625, #4847, #1026 ) ;
#2796 = ORIENTED_EDGE ( 'NONE', *, *, #1908, .F. ) ;
#2797 = CARTESIAN_POINT ( 'NONE',  ( 7.500000000000000000, -7.500000000000000000, 9.999999999999973355 ) ) ;
#2798 = ORIENTED_EDGE ( 'NONE', *, *, #910, .F. ) ;
#2799 = CARTESIAN_POINT ( 'NONE',  ( 0.000000000000000000, 20.00000000000000000, 0.000000000000000000 ) ) ;
#2800 = EDGE_LOOP ( 'NONE', ( #3111, #2141, #1242, #1142 ) ) ;
#2801 = CIRCLE ( 'NONE', #1015, 5.000000000000001776 ) ;
#2802 = VECTOR ( 'NONE', #3921, 1000.000000000000000 ) ;
#2803 = FACE_BOUND ( 'NONE', #3242, .T. ) ;
#2804 = CARTESIAN_POINT ( 'NONE',  ( -7.499999999999994671, -20.00000000000000355, 0.000000000000000000 ) ) ;
#2805 = APPROVAL_PERSON_ORGANIZATION ( #3394, #1362, #2654 ) ;
#2806 = CC_DESIGN_PERSON_AND_ORGANIZATION_ASSIGNMENT ( #994, #1094, ( #2112 ) ) ;
#2807 = APPROVAL_DATE_TIME ( #513, #4637 ) ;
#2808 = FACE_BOUND ( 'NONE', #2105, .T. ) ;
#2809 = ORIENTED_EDGE ( 'NONE', *, *, #2542, .T. ) ;
#2810 = PLANE ( 'NONE',  #1427 ) ;
#2811 = FACE_OUTER_BOUND ( 'NONE', #4339, .T. ) ;
#2812 = EDGE_CURVE ( 'NONE', #4887, #4464, #1581, .T. ) ;
#2813 = CARTESIAN_POINT ( 'NONE',  ( -7.500000000000000000, 249.9999999999999716, 12.50000000000000888 ) ) ;
#2814 = APPROVAL_ROLE ( '' ) ;
#2815 = DIRECTION ( 'NONE',  ( -0.000000000000000000, 1.000000000000000000, -0.000000000000000000 ) ) ;
#2816 = ADVANCED_FACE ( 'NONE', ( #2731, #4253, #466 ), #3526, .F. ) ;
#2817 = DATE_AND_TIME ( #1977, #1674 ) ;
#2818 = CARTESIAN_POINT ( 'NONE',  ( 0.000000000000000000, 0.000000000000000000, 0.000000000000000000 ) ) ;
#2819 = ORIENTED_EDGE ( 'NONE', *, *, #609, .F. ) ;
#2820 = ORIENTED_EDGE ( 'NONE', *, *, #2008, .F. ) ;
#2821 = CARTESIAN_POINT ( 'NONE',  ( 0.000000000000000000, 2.101339093494567144E-15, 0.000000000000000000 ) ) ;
#2822 = VERTEX_POINT ( 'NONE', #516 ) ;
#2823 = CARTESIAN_POINT ( 'NONE',  ( 299.9999999999998863, -800.0000000000000000, -249.9999999999999432 ) ) ;
#2824 = DIRECTION ( 'NONE',  ( 0.000000000000000000, -1.000000000000000000, 0.000000000000000000 ) ) ;
#2825 = MECHANICAL_CONTEXT ( 'NONE', #4338, 'mechanical' ) ;
#2826 = DIRECTION ( 'NONE',  ( 1.000000000000000000, -0.000000000000000000, -0.000000000000000000 ) ) ;
#2827 = ORIENTED_EDGE ( 'NONE', *, *, #910, .T. ) ;
#2828 = DIRECTION ( 'NONE',  ( 0.000000000000000000, 0.000000000000000000, 1.000000000000000000 ) ) ;
#2829 = CARTESIAN_POINT ( 'NONE',  ( -299.9999999999998863, -800.0000000000000000, -249.9999999999999432 ) ) ;
#2830 = APPROVAL ( #4629, 'UNKNOWN' ) ;
#2831 = DIRECTION ( 'NONE',  ( -0.000000000000000000, -0.000000000000000000, -1.000000000000000000 ) ) ;
#2832 = ITEM_DEFINED_TRANSFORMATION ( 'NONE', 'NONE', #2395,  #4310 ) ;
#2833 = PLANE ( 'NONE',  #1579 ) ;
#2834 = EDGE_CURVE ( 'NONE', #3786, #2349, #3655, .T. ) ;
#2835 = CALENDAR_DATE ( 2026, 6, 6 ) ;
#2836 = EDGE_LOOP ( 'NONE', ( #4554, #2012, #1391, #4669 ) ) ;
#2837 = ORIENTED_EDGE ( 'NONE', *, *, #69, .F. ) ;
#2838 = DIRECTION ( 'NONE',  ( -1.000000000000000000, 0.000000000000000000, 0.000000000000000000 ) ) ;
#2839 = ADVANCED_FACE ( 'NONE', ( #3575 ), #2810, .F. ) ;
#2840 = VECTOR ( 'NONE', #2369, 1000.000000000000000 ) ;
#2841 = ORIENTED_EDGE ( 'NONE', *, *, #794, .T. ) ;
#2842 = ORIENTED_EDGE ( 'NONE', *, *, #2035, .F. ) ;
#2843 = AXIS2_PLACEMENT_3D ( 'NONE', #4453, #4900, #2263 ) ;
#2844 = VERTEX_POINT ( 'NONE', #4350 ) ;
#2845 = PLANE ( 'NONE',  #4618 ) ;
#2846 = EDGE_CURVE ( 'NONE', #4809, #3413, #3186, .T. ) ;
#2847 = FACE_OUTER_BOUND ( 'NONE', #895, .T. ) ;
#2848 = VECTOR ( 'NONE', #442, 1000.000000000000000 ) ;
#2849 = PERSON_AND_ORGANIZATION ( #3229, #83 ) ;
#2850 = CARTESIAN_POINT ( 'NONE',  ( 0.000000000000000000, 100.0000000000000000, -12.50000000000000000 ) ) ;
#2851 = ORIENTED_EDGE ( 'NONE', *, *, #4419, .T. ) ;
#2852 = CARTESIAN_POINT ( 'NONE',  ( 5.000000000000000000, 40.00000000000000000, 0.000000000000000000 ) ) ;
#2853 = CARTESIAN_POINT ( 'NONE',  ( -7.500000000000000000, 307.5000000000000000, 10.00000000000001243 ) ) ;
#2854 = DIRECTION ( 'NONE',  ( -0.000000000000000000, -0.000000000000000000, -1.000000000000000000 ) ) ;
#2855 = APPROVAL_STATUS ( 'not_yet_approved' ) ;
#2856 = CIRCLE ( 'NONE', #1887, 17.50000000000000355 ) ;
#2857 = DIRECTION ( 'NONE',  ( 0.000000000000000000, 1.000000000000000000, 0.000000000000000000 ) ) ;
#2858 = AXIS2_PLACEMENT_3D ( 'NONE', #1627, #115, #3500 ) ;
#2859 = EDGE_CURVE ( 'NONE', #4283, #2248, #3408, .T. ) ;
#2860 = PERSON_AND_ORGANIZATION ( #3229, #83 ) ;
#2861 = ORIENTED_EDGE ( 'NONE', *, *, #47, .T. ) ;
#2862 = CARTESIAN_POINT ( 'NONE',  ( 17.50000000000000000, 5.000000000000000000, -2.499999999999999556 ) ) ;
#2863 = AXIS2_PLACEMENT_3D ( 'NONE', #2194, #264, #285 ) ;
#2864 = ORIENTED_EDGE ( 'NONE', *, *, #3089, .T. ) ;
#2865 = AXIS2_PLACEMENT_3D ( 'NONE', #1927, #2689, #4213 ) ;
#2866 = CIRCLE ( 'NONE', #2316, 7.500000000000000000 ) ;
#2867 = ADVANCED_FACE ( 'NONE', ( #211 ), #140, .F. ) ;
#2868 = VERTEX_POINT ( 'NONE', #3949 ) ;
#2869 = ORIENTED_EDGE ( 'NONE', *, *, #4764, .T. ) ;
#2870 = CARTESIAN_POINT ( 'NONE',  ( 4.791528850480151422E-15, -4.999999999999997335, 0.000000000000000000 ) ) ;
#2871 = DIRECTION ( 'NONE',  ( 0.000000000000000000, 0.000000000000000000, 1.000000000000000000 ) ) ;
#2872 = LOCAL_TIME ( 22, 14, 50.00000000000000000, #4757 ) ;
#2873 = AXIS2_PLACEMENT_3D ( 'NONE', #4563, #1, #1874 ) ;
#2874 = EDGE_CURVE ( 'NONE', #4536, #4577, #1505, .T. ) ;
#2875 = CC_DESIGN_APPROVAL ( #3557, ( #2711 ) ) ;
#2876 = APPROVAL_STATUS ( 'not_yet_approved' ) ;
#2877 = VECTOR ( 'NONE', #484, 1000.000000000000000 ) ;
#2878 = CARTESIAN_POINT ( 'NONE',  ( 0.000000000000000000, 80.00000000000000000, 0.000000000000000000 ) ) ;
#2879 = ORIENTED_EDGE ( 'NONE', *, *, #2165, .F. ) ;
#2880 = CARTESIAN_POINT ( 'NONE',  ( 249.9999999999999716, -800.0000000000000000, -299.9999999999997158 ) ) ;
#2881 = DIRECTION ( 'NONE',  ( 0.000000000000000000, 0.000000000000000000, 1.000000000000000000 ) ) ;
#2882 = LINE ( 'NONE', #2853, #4546 ) ;
#2883 = PRODUCT ( 'stamp_slider', 'stamp_slider', '', ( #2825 ) ) ;
#2884 = UNCERTAINTY_MEASURE_WITH_UNIT (LENGTH_MEASURE( 1.000000000000000082E-05 ), #3696, 'distance_accuracy_value', 'NONE');
#2885 = ORGANIZATION ( 'NAUO-ORG8', 'UNSPECIFIED', 'UNSPECIFIED' ) ;
#2886 =( GEOMETRIC_REPRESENTATION_CONTEXT ( 3 ) GLOBAL_UNCERTAINTY_ASSIGNED_CONTEXT ( ( #1077 ) ) GLOBAL_UNIT_ASSIGNED_CONTEXT ( ( #3100, #3054, #2323 ) ) REPRESENTATION_CONTEXT ( 'NONE', 'WORKASPACE' ) );
#2887 = EDGE_CURVE ( 'NONE', #1445, #202, #4418, .T. ) ;
#2888 = DIRECTION ( 'NONE',  ( 1.239088197126290570E-16, 0.000000000000000000, 1.000000000000000000 ) ) ;
#2889 = APPROVAL_DATE_TIME ( #1357, #784 ) ;
#2890 = FACE_OUTER_BOUND ( 'NONE', #2700, .T. ) ;
#2891 = APPROVAL_ROLE ( '' ) ;
#2892 = VERTEX_POINT ( 'NONE', #1701 ) ;
#2893 = ORIENTED_EDGE ( 'NONE', *, *, #766, .T. ) ;
#2894 = CYLINDRICAL_SURFACE ( 'NONE', #4863, 5.000000000000004441 ) ;
#2895 = PRODUCT_RELATED_PRODUCT_CATEGORY ( 'detail', '', ( #2883 ) ) ;
#2896 = ORIENTED_EDGE ( 'NONE', *, *, #1941, .T. ) ;
#2897 = ORIENTED_EDGE ( 'NONE', *, *, #1201, .F. ) ;
#2898 = ORIENTED_EDGE ( 'NONE', *, *, #496, .F. ) ;
#2899 = DIRECTION ( 'NONE',  ( 1.000000000000000000, 0.000000000000000000, -1.110223024625161668E-15 ) ) ;
#2900 = DIRECTION ( 'NONE',  ( -0.000000000000000000, -1.000000000000000000, -0.000000000000000000 ) ) ;
#2901 = EDGE_CURVE ( 'NONE', #51, #3259, #1723, .T. ) ;
#2902 = MECHANICAL_CONTEXT ( 'NONE', #2271, 'mechanical' ) ;
#2903 = DIRECTION ( 'NONE',  ( 0.000000000000000000, 0.000000000000000000, 1.000000000000000000 ) ) ;
#2904 = EDGE_LOOP ( 'NONE', ( #4066, #1370, #704, #4434 ) ) ;
#2905 = PLANE ( 'NONE',  #2 ) ;
#2906 = CARTESIAN_POINT ( 'NONE',  ( 7.500000000000000000, 0.000000000000000000, 25.00000000000000000 ) ) ;
#2907 = EDGE_CURVE ( 'NONE', #2998, #896, #537, .T. ) ;
#2908 = PLANE ( 'NONE',  #539 ) ;
#2909 = CONTEXT_DEPENDENT_SHAPE_REPRESENTATION ( #120, #260 ) ;
#2910 = CARTESIAN_POINT ( 'NONE',  ( 10.00000000000000355, 5.000000000000000000, 10.00000000000000178 ) ) ;
#2911 = EDGE_CURVE ( 'NONE', #129, #2275, #4047, .T. ) ;
#2912 = COORDINATED_UNIVERSAL_TIME_OFFSET ( 8, 0, .AHEAD. ) ;
#2913 = ORIENTED_EDGE ( 'NONE', *, *, #3385, .F. ) ;
#2914 = FACE_OUTER_BOUND ( 'NONE', #4861, .T. ) ;
#2915 = DIRECTION ( 'NONE',  ( 0.000000000000000000, 0.000000000000000000, -1.000000000000000000 ) ) ;
#2916 = ORIENTED_EDGE ( 'NONE', *, *, #4513, .T. ) ;
#2917 = CARTESIAN_POINT ( 'NONE',  ( -5.000000000000000000, 6.123233995736766282E-16, 0.000000000000000000 ) ) ;
#2918 = ORIENTED_EDGE ( 'NONE', *, *, #4396, .F. ) ;
#2919 = CC_DESIGN_DATE_AND_TIME_ASSIGNMENT ( #145, #519, ( #4633 ) ) ;
#2920 = VERTEX_POINT ( 'NONE', #3623 ) ;
#2921 = CARTESIAN_POINT ( 'NONE',  ( -249.9999999999998863, -800.0000000000000000, 299.9999999999998295 ) ) ;
#2922 = VECTOR ( 'NONE', #3980, 1000.000000000000000 ) ;
#2923 = AXIS2_PLACEMENT_3D ( 'NONE', #2198, #4819, #1398 ) ;
#2924 = ORIENTED_EDGE ( 'NONE', *, *, #2196, .T. ) ;
#2925 = VECTOR ( 'NONE', #1508, 1000.000000000000000 ) ;
#2926 = PERSON_AND_ORGANIZATION_ROLE ( 'classification_officer' ) ;
#2927 = CC_DESIGN_PERSON_AND_ORGANIZATION_ASSIGNMENT ( #1022, #2221, ( #4699 ) ) ;
#2928 = DIRECTION ( 'NONE',  ( 0.000000000000000000, 0.000000000000000000, 1.000000000000000000 ) ) ;
#2929 = ORIENTED_EDGE ( 'NONE', *, *, #2130, .F. ) ;
#2930 = DIRECTION ( 'NONE',  ( -0.000000000000000000, 1.000000000000000000, 1.156482317317870492E-16 ) ) ;
#2931 = DIRECTION ( 'NONE',  ( 0.000000000000000000, 1.000000000000000000, 0.000000000000000000 ) ) ;
#2932 = VECTOR ( 'NONE', #2831, 1000.000000000000000 ) ;
#2933 = PERSON ( 'NAUO-PER8', 'UNSPECIFIED', 'UNSPECIFIED', ('UNSPECIFIED'), ('UNSPECIFIED'), ('UNSPECIFIED') ) ;
#2934 = EDGE_CURVE ( 'NONE', #1096, #697, #2073, .T. ) ;
#2935 = DIRECTION ( 'NONE',  ( 0.000000000000000000, 0.000000000000000000, -1.000000000000000000 ) ) ;
#2936 = AXIS2_PLACEMENT_3D ( 'NONE', #363, #2928, #2222 ) ;
#2937 = COORDINATED_UNIVERSAL_TIME_OFFSET ( 8, 0, .AHEAD. ) ;
#2938 = CARTESIAN_POINT ( 'NONE',  ( -7.500000000000000000, 0.000000000000000000, 0.000000000000000000 ) ) ;
#2939 = EDGE_CURVE ( 'NONE', #2134, #3574, #4375, .T. ) ;
#2940 = DIRECTION ( 'NONE',  ( -0.000000000000000000, -1.000000000000000000, -0.000000000000000000 ) ) ;
#2941 = PERSON_AND_ORGANIZATION ( #3229, #83 ) ;
#2942 = ORIENTED_EDGE ( 'NONE', *, *, #2489, .F. ) ;
#2943 = CARTESIAN_POINT ( 'NONE',  ( 249.9999999999999716, -800.0000000000000000, -299.9999999999997158 ) ) ;
#2944 = DIRECTION ( 'NONE',  ( -0.000000000000000000, -0.000000000000000000, -1.000000000000000000 ) ) ;
#2945 = VECTOR ( 'NONE', #4306, 1000.000000000000000 ) ;
#2946 = ORIENTED_EDGE ( 'NONE', *, *, #1401, .F. ) ;
#2947 = ORIENTED_EDGE ( 'NONE', *, *, #3943, .T. ) ;
#2948 = VECTOR ( 'NONE', #1822, 1000.000000000000000 ) ;
#2949 = ORIENTED_EDGE ( 'NONE', *, *, #3417, .T. ) ;
#2950 = CARTESIAN_POINT ( 'NONE',  ( 21.65063509461096558, 102.5000000000000142, 12.50000000000000000 ) ) ;
#2951 = EDGE_LOOP ( 'NONE', ( #380, #482, #266, #2497 ) ) ;
#2952 = VECTOR ( 'NONE', #682, 1000.000000000000000 ) ;
#2953 = COORDINATED_UNIVERSAL_TIME_OFFSET ( 8, 0, .AHEAD. ) ;
#2954 = DIRECTION ( 'NONE',  ( 0.000000000000000000, 0.000000000000000000, 1.000000000000000000 ) ) ;
#2955 = EDGE_LOOP ( 'NONE', ( #1372, #3746, #13, #3486 ) ) ;
#2956 = SECURITY_CLASSIFICATION ( '', '', #3144 ) ;
#2957 = AXIS2_PLACEMENT_3D ( 'NONE', #1086, #2610, #4034 ) ;
#2958 = LINE ( 'NONE', #3773, #2952 ) ;
#2959 = DIRECTION ( 'NONE',  ( 0.000000000000000000, 0.000000000000000000, -1.000000000000000000 ) ) ;
#2960 = CC_DESIGN_PERSON_AND_ORGANIZATION_ASSIGNMENT ( #4282, #1237, ( #2556 ) ) ;
#2961 = LOCAL_TIME ( 22, 14, 50.00000000000000000, #860 ) ;
#2962 = AXIS2_PLACEMENT_3D ( 'NONE', #683, #2985, #1886 ) ;
#2963 = FACE_OUTER_BOUND ( 'NONE', #547, .T. ) ;
#2964 = COORDINATED_UNIVERSAL_TIME_OFFSET ( 8, 0, .AHEAD. ) ;
#2965 = DIRECTION ( 'NONE',  ( 0.000000000000000000, 1.000000000000000000, 0.000000000000000000 ) ) ;
#2966 = LOCAL_TIME ( 22, 14, 50.00000000000000000, #1849 ) ;
#2967 = VECTOR ( 'NONE', #1454, 1000.000000000000000 ) ;
#2968 = EDGE_CURVE ( 'NONE', #754, #3665, #3181, .T. ) ;
#2969 = PRODUCT_DEFINITION_SHAPE ( 'NONE', 'NONE',  #4922 ) ;
#2970 = CC_DESIGN_SECURITY_CLASSIFICATION ( #4079, ( #4926 ) ) ;
#2971 = DIRECTION ( 'NONE',  ( 0.000000000000000000, 0.000000000000000000, -1.000000000000000000 ) ) ;
#2972 = CALENDAR_DATE ( 2026, 6, 6 ) ;
#2973 = LINE ( 'NONE', #3334, #3577 ) ;
#2974 = CARTESIAN_POINT ( 'NONE',  ( -14.99999999999999645, -20.00000000000000355, 0.000000000000000000 ) ) ;
#2975 = EDGE_CURVE ( 'NONE', #1379, #2720, #2784, .T. ) ;
#2976 = ORIENTED_EDGE ( 'NONE', *, *, #623, .F. ) ;
#2977 = VERTEX_POINT ( 'NONE', #4001 ) ;
#2978 = ORIENTED_EDGE ( 'NONE', *, *, #4665, .T. ) ;
#2979 = CARTESIAN_POINT ( 'NONE',  ( 0.000000000000000000, 0.000000000000000000, 0.000000000000000000 ) ) ;
#2980 = APPLICATION_CONTEXT ( 'configuration controlled 3d designs of mechanical parts and assemblies' ) ;
#2981 = DATE_AND_TIME ( #4142, #1433 ) ;
#2982 = CYLINDRICAL_SURFACE ( 'NONE', #4112, 5.000000000000003553 ) ;
#2983 = ORIENTED_EDGE ( 'NONE', *, *, #3357, .T. ) ;
#2984 = DIRECTION ( 'NONE',  ( 1.000000000000000000, 0.000000000000000000, -0.000000000000000000 ) ) ;
#2985 = DIRECTION ( 'NONE',  ( -0.000000000000000000, -0.000000000000000000, 1.000000000000000000 ) ) ;
#2986 = ORIENTED_EDGE ( 'NONE', *, *, #2125, .F. ) ;
#2987 = CARTESIAN_POINT ( 'NONE',  ( 7.500000000000000000, 292.5000000000000000, 15.00000000000001243 ) ) ;
#2988 = APPROVAL_DATE_TIME ( #1890, #3076 ) ;
#2989 = CC_DESIGN_PERSON_AND_ORGANIZATION_ASSIGNMENT ( #2354, #808, ( #4079 ) ) ;
#2990 = FACE_BOUND ( 'NONE', #1364, .T. ) ;
#2991 = CARTESIAN_POINT ( 'NONE',  ( -7.500000000000000000, 250.0000000000000000, 50.00000000000000000 ) ) ;
#2992 = APPROVAL_DATE_TIME ( #1461, #3988 ) ;
#2993 = EDGE_CURVE ( 'NONE', #4641, #2513, #3250, .T. ) ;
#2994 = DIRECTION ( 'NONE',  ( 1.000000000000000000, 0.000000000000000000, 0.000000000000000000 ) ) ;
#2995 = PLANE ( 'NONE',  #2957 ) ;
#2996 = EDGE_LOOP ( 'NONE', ( #356, #4314, #4662, #3959 ) ) ;
#2997 = LINE ( 'NONE', #2613, #1945 ) ;
#2998 = VERTEX_POINT ( 'NONE', #1283 ) ;
#2999 = EDGE_CURVE ( 'NONE', #3510, #1039, #2122, .T. ) ;
#3000 = EDGE_LOOP ( 'NONE', ( #2223, #3525, #2291, #3300 ) ) ;
#3001 = DIRECTION ( 'NONE',  ( 0.000000000000000000, 0.000000000000000000, 1.000000000000000000 ) ) ;
#3002 = PERSON_AND_ORGANIZATION ( #3229, #83 ) ;
#3003 = EDGE_CURVE ( 'NONE', #1160, #4187, #4400, .T. ) ;
#3004 = CARTESIAN_POINT ( 'NONE',  ( -299.9999999999998295, 30.00000000000000000, 300.0000000000000568 ) ) ;
#3005 = AXIS2_PLACEMENT_3D ( 'NONE', #854, #1255, #4583 ) ;
#3006 = EDGE_LOOP ( 'NONE', ( #3830, #4313, #3297, #1131, #1213, #2191, #1640, #207, #4488, #1228, #4792, #1955 ) ) ;
#3007 = PLANE ( 'NONE',  #2391 ) ;
#3008 = DIRECTION ( 'NONE',  ( -0.000000000000000000, -1.000000000000000000, -0.000000000000000000 ) ) ;
#3009 = AXIS2_PLACEMENT_3D ( 'NONE', #3090, #2387, #4230 ) ;
#3010 = LINE ( 'NONE', #2987, #386 ) ;
#3011 = CALENDAR_DATE ( 2026, 6, 6 ) ;
#3012 = DIRECTION ( 'NONE',  ( 1.239088197126290570E-16, 0.000000000000000000, 1.000000000000000000 ) ) ;
#3013 = VECTOR ( 'NONE', #1994, 1000.000000000000000 ) ;
#3014 = CARTESIAN_POINT ( 'NONE',  ( -5.000000000000006217, 100.0000000000000000, -25.00000000000000355 ) ) ;
#3015 = PERSON_AND_ORGANIZATION ( #3229, #83 ) ;
#3016 = CARTESIAN_POINT ( 'NONE',  ( -21.65063509461096913, 102.5000000000000000, -12.50000000000000000 ) ) ;
#3017 = DIRECTION ( 'NONE',  ( -1.000000000000000000, 0.000000000000000000, 0.000000000000000000 ) ) ;
#3018 = ADVANCED_FACE ( 'NONE', ( #3279, #4801, #1380 ), #2905, .T. ) ;
#3019 = ORIENTED_EDGE ( 'NONE', *, *, #1061, .F. ) ;
#3020 = ORIENTED_EDGE ( 'NONE', *, *, #3324, .T. ) ;
#3021 = EDGE_LOOP ( 'NONE', ( #1024, #673, #1586, #3602, #2139, #4640 ) ) ;
#3022 = CARTESIAN_POINT ( 'NONE',  ( -7.500000000000000000, 7.500000000000000000, 14.99999999999997513 ) ) ;
#3023 = AXIS2_PLACEMENT_3D ( 'NONE', #3931, #3507, #98 ) ;
#3024 = ADVANCED_FACE ( 'NONE', ( #4118 ), #316, .T. ) ;
#3025 = VECTOR ( 'NONE', #3012, 1000.000000000000000 ) ;
#3026 = PERSON_AND_ORGANIZATION_ROLE ( 'creator' ) ;
#3027 = DIRECTION ( 'NONE',  ( 0.000000000000000000, 1.156482317317870492E-16, -1.000000000000000000 ) ) ;
#3028 = VERTEX_POINT ( 'NONE', #1025 ) ;
#3029 = PLANE ( 'NONE',  #4775 ) ;
#3030 = CYLINDRICAL_SURFACE ( 'NONE', #771, 5.000000000000003553 ) ;
#3031 = FACE_BOUND ( 'NONE', #3865, .T. ) ;
#3032 = CIRCLE ( 'NONE', #4378, 5.000000000000001776 ) ;
#3033 = EDGE_CURVE ( 'NONE', #2137, #1317, #1027, .T. ) ;
#3034 = LOCAL_TIME ( 22, 14, 50.00000000000000000, #4372 ) ;
#3035 = CIRCLE ( 'NONE', #1588, 5.000000000000000000 ) ;
#3036 = FACE_OUTER_BOUND ( 'NONE', #1337, .T. ) ;
#3037 = DATE_AND_TIME ( #1864, #341 ) ;
#3038 = VERTEX_POINT ( 'NONE', #291 ) ;
#3039 = DIRECTION ( 'NONE',  ( 0.000000000000000000, -0.000000000000000000, 1.000000000000000000 ) ) ;
#3040 = LOCAL_TIME ( 22, 14, 50.00000000000000000, #2131 ) ;
#3041 = CARTESIAN_POINT ( 'NONE',  ( 0.000000000000000000, 0.000000000000000000, 0.000000000000000000 ) ) ;
#3042 = PERSON_AND_ORGANIZATION ( #3229, #83 ) ;
#3043 = APPROVAL_PERSON_ORGANIZATION ( #1971, #1866, #3904 ) ;
#3044 = VECTOR ( 'NONE', #3996, 1000.000000000000000 ) ;
#3045 = PLANE ( 'NONE',  #2218 ) ;
#3046 = CARTESIAN_POINT ( 'NONE',  ( -7.499999999999993783, 20.00000000000000000, 0.000000000000000000 ) ) ;
#3047 = CC_DESIGN_APPROVAL ( #1362, ( #3126 ) ) ;
#3048 = AXIS2_PLACEMENT_3D ( 'NONE', #2376, #806, #4652 ) ;
#3049 = EDGE_LOOP ( 'NONE', ( #2798, #783, #2942, #2498 ) ) ;
#3050 = DIRECTION ( 'NONE',  ( 1.850371707708594563E-16, -0.000000000000000000, 1.000000000000000000 ) ) ;
#3051 = ORIENTED_EDGE ( 'NONE', *, *, #856, .F. ) ;
#3052 = CARTESIAN_POINT ( 'NONE',  ( 21.65063509461096913, 114.9999999999999858, -12.50000000000000000 ) ) ;
#3053 = CC_DESIGN_PERSON_AND_ORGANIZATION_ASSIGNMENT ( #4032, #985, ( #1612 ) ) ;
#3054 =( NAMED_UNIT ( * ) PLANE_ANGLE_UNIT ( ) SI_UNIT ( $, .RADIAN. ) );
#3055 = DATE_AND_TIME ( #1522, #1823 ) ;
#3056 = ORIENTED_EDGE ( 'NONE', *, *, #4607, .F. ) ;
#3057 = CARTESIAN_POINT ( 'NONE',  ( 0.000000000000000000, -800.0000000000000000, 0.000000000000000000 ) ) ;
#3058 = ORIENTED_EDGE ( 'NONE', *, *, #4459, .T. ) ;
#3059 = FACE_OUTER_BOUND ( 'NONE', #2177, .T. ) ;
#3060 = EDGE_CURVE ( 'NONE', #3454, #4015, #1664, .T. ) ;
#3061 = DIRECTION ( 'NONE',  ( 0.000000000000000000, 1.000000000000000000, 0.000000000000000000 ) ) ;
#3062 = DIRECTION ( 'NONE',  ( 0.000000000000000000, 1.000000000000000000, 0.000000000000000000 ) ) ;
#3063 = DIRECTION ( 'NONE',  ( 0.2857074067515221749, -2.799410010044196981E-16, -0.9583168983834733368 ) ) ;
#3064 = FACE_OUTER_BOUND ( 'NONE', #4417, .T. ) ;
#3065 = PERSON_AND_ORGANIZATION_ROLE ( 'classification_officer' ) ;
#3066 = ORIENTED_EDGE ( 'NONE', *, *, #672, .T. ) ;
#3067 = CARTESIAN_POINT ( 'NONE',  ( -5.000000000000000000, 40.00000000000000000, 0.000000000000000000 ) ) ;
#3068 = EDGE_CURVE ( 'NONE', #2275, #3293, #4535, .T. ) ;
#3069 = CARTESIAN_POINT ( 'NONE',  ( 0.000000000000000000, 0.000000000000000000, 0.000000000000000000 ) ) ;
#3070 = APPLICATION_PROTOCOL_DEFINITION ( 'international standard', 'config_control_design', 1994, #4406 ) ;
#3071 = CARTESIAN_POINT ( 'NONE',  ( 1.224646799147353256E-15, 75.00000000000000000, 10.00000000000000000 ) ) ;
#3072 = ADVANCED_FACE ( 'NONE', ( #2624 ), #272, .F. ) ;
#3073 = ORIENTED_EDGE ( 'NONE', *, *, #1155, .F. ) ;
#3074 = ORIENTED_EDGE ( 'NONE', *, *, #2679, .F. ) ;
#3075 = DIRECTION ( 'NONE',  ( -0.000000000000000000, -0.000000000000000000, 1.000000000000000000 ) ) ;
#3076 = APPROVAL ( #321, 'UNKNOWN' ) ;
#3077 = EDGE_LOOP ( 'NONE', ( #3312, #4428, #3662, #4845, #1190, #4296, #1769, #1488, #4495, #3446, #3264, #1541 ) ) ;
#3078 = DIRECTION ( 'NONE',  ( 0.000000000000000000, 1.000000000000000000, 0.000000000000000000 ) ) ;
#3079 = VERTEX_POINT ( 'NONE', #4098 ) ;
#3080 = LINE ( 'NONE', #391, #3660 ) ;
#3081 = DIRECTION ( 'NONE',  ( 0.000000000000000000, 0.000000000000000000, 1.000000000000000000 ) ) ;
#3082 = CC_DESIGN_PERSON_AND_ORGANIZATION_ASSIGNMENT ( #1624, #1888, ( #4140 ) ) ;
#3083 = APPROVAL_STATUS ( 'not_yet_approved' ) ;
#3084 = CARTESIAN_POINT ( 'NONE',  ( -5.000000000000003553, 300.0000000000000000, 0.000000000000000000 ) ) ;
#3085 = ORIENTED_EDGE ( 'NONE', *, *, #1316, .F. ) ;
#3086 = FACE_BOUND ( 'NONE', #3127, .T. ) ;
#3087 = VECTOR ( 'NONE', #2060, 1000.000000000000000 ) ;
#3088 = AXIS2_PLACEMENT_3D ( 'NONE', #1245, #3148, #4668 ) ;
#3089 = EDGE_CURVE ( 'NONE', #3200, #3079, #2958, .T. ) ;
#3090 = CARTESIAN_POINT ( 'NONE',  ( 299.9999999999998295, -800.0000000000000000, 250.0000000000000568 ) ) ;
#3091 = AXIS2_PLACEMENT_3D ( 'NONE', #1633, #2421, #2031 ) ;
#3092 = PERSON_AND_ORGANIZATION ( #3229, #83 ) ;
#3093 = DIRECTION ( 'NONE',  ( 0.000000000000000000, 1.000000000000000000, 0.000000000000000000 ) ) ;
#3094 = PRODUCT_DEFINITION_SHAPE ( 'NONE', 'NONE',  #2157 ) ;
#3095 = AXIS2_PLACEMENT_3D ( 'NONE', #3134, #4269, #22 ) ;
#3097 = ORIENTED_EDGE ( 'NONE', *, *, #128, .T. ) ;
#3096 = EDGE_CURVE ( 'NONE', #4641, #491, #2200, .T. ) ;
#3098 = ORIENTED_EDGE ( 'NONE', *, *, #2887, .F. ) ;
#3099 = DIRECTION ( 'NONE',  ( 0.000000000000000000, 1.000000000000000000, 0.000000000000000000 ) ) ;
#3100 =( LENGTH_UNIT ( ) NAMED_UNIT ( * ) SI_UNIT ( .MILLI., .METRE. ) );
#3101 = VERTEX_POINT ( 'NONE', #755 ) ;
#3102 = CIRCLE ( 'NONE', #939, 5.000000000000000888 ) ;
#3103 = DIRECTION ( 'NONE',  ( 1.000000000000000000, 0.000000000000000000, 0.000000000000000000 ) ) ;
#3104 = EDGE_LOOP ( 'NONE', ( #2458, #4239, #2737, #2168 ) ) ;
#3105 = LINE ( 'NONE', #3795, #2470 ) ;
#3106 = CARTESIAN_POINT ( 'NONE',  ( 0.000000000000000000, 250.0000000000000000, 50.00000000000000000 ) ) ;
#3107 = DIRECTION ( 'NONE',  ( -0.000000000000000000, -1.000000000000000000, -0.000000000000000000 ) ) ;
#3108 = CIRCLE ( 'NONE', #2140, 5.000000000000000000 ) ;
#3109 = CARTESIAN_POINT ( 'NONE',  ( -137.8885356311108694, 293.0757873009006858, -164.5825931595320526 ) ) ;
#3110 = DIRECTION ( 'NONE',  ( 1.000000000000000000, -0.000000000000000000, -0.000000000000000000 ) ) ;
#3111 = ORIENTED_EDGE ( 'NONE', *, *, #233, .T. ) ;
#3112 = VECTOR ( 'NONE', #3824, 1000.000000000000000 ) ;
#3113 = DIRECTION ( 'NONE',  ( -1.000000000000000000, 0.000000000000000000, -0.000000000000000000 ) ) ;
#3114 = CC_DESIGN_PERSON_AND_ORGANIZATION_ASSIGNMENT ( #3378, #4528, ( #4876 ) ) ;
#3115 = VECTOR ( 'NONE', #4413, 1000.000000000000000 ) ;
#3116 = DIRECTION ( 'NONE',  ( 0.000000000000000000, 0.000000000000000000, -1.000000000000000000 ) ) ;
#3117 = COORDINATED_UNIVERSAL_TIME_OFFSET ( 8, 0, .AHEAD. ) ;
#3118 = DIRECTION ( 'NONE',  ( 0.000000000000000000, 0.000000000000000000, 1.000000000000000000 ) ) ;
#3119 = LOCAL_TIME ( 22, 14, 50.00000000000000000, #1377 ) ;
#3120 = ADVANCED_FACE ( 'NONE', ( #4169, #4794 ), #3029, .F. ) ;
#3121 = APPROVAL_PERSON_ORGANIZATION ( #96, #2089, #4609 ) ;
#3122 = CIRCLE ( 'NONE', #1989, 5.000000000000000000 ) ;
#3123 = ORIENTED_EDGE ( 'NONE', *, *, #658, .T. ) ;
#3124 = FACE_OUTER_BOUND ( 'NONE', #1503, .T. ) ;
#3125 = ADVANCED_FACE ( 'NONE', ( #4075, #365 ), #3007, .F. ) ;
#3126 = SECURITY_CLASSIFICATION ( '', '', #1032 ) ;
#3127 = EDGE_LOOP ( 'NONE', ( #125, #1045 ) ) ;
#3128 = CARTESIAN_POINT ( 'NONE',  ( -7.500000000000000000, 250.0000000000000000, 50.00000000000000000 ) ) ;
#3129 = VERTEX_POINT ( 'NONE', #1815 ) ;
#3130 = CARTESIAN_POINT ( 'NONE',  ( 1.239088197126290866E-15, 5.000000000000000000, -4.999999999999997335 ) ) ;
#3131 = EDGE_CURVE ( 'NONE', #2373, #3454, #2580, .T. ) ;
#3132 = LINE ( 'NONE', #805, #3674 ) ;
#3133 = DIRECTION ( 'NONE',  ( 0.2138584613046610461, 0.6631092391042044953, -0.7173218911639640538 ) ) ;
#3134 = CARTESIAN_POINT ( 'NONE',  ( 0.000000000000000000, 0.000000000000000000, 0.000000000000000000 ) ) ;
#3135 = EDGE_LOOP ( 'NONE', ( #1486, #78, #965, #4614 ) ) ;
#3136 = DIRECTION ( 'NONE',  ( -0.000000000000000000, -0.000000000000000000, 1.000000000000000000 ) ) ;
#3137 = CARTESIAN_POINT ( 'NONE',  ( 0.000000000000000000, 0.000000000000000000, 0.000000000000000000 ) ) ;
#3138 = CARTESIAN_POINT ( 'NONE',  ( 0.000000000000000000, 0.000000000000000000, 5.000000000000000000 ) ) ;
#3139 = APPROVAL ( #2682, 'ๆช' ) ;
#3140 = CARTESIAN_POINT ( 'NONE',  ( -7.500000000000000000, 292.5000000000000000, 15.00000000000001243 ) ) ;
#3141 = COORDINATED_UNIVERSAL_TIME_OFFSET ( 8, 0, .AHEAD. ) ;
#3142 = DIRECTION ( 'NONE',  ( -0.000000000000000000, -1.000000000000000000, -0.000000000000000000 ) ) ;
#3143 = EDGE_CURVE ( 'NONE', #2072, #4185, #326, .T. ) ;
#3144 = SECURITY_CLASSIFICATION_LEVEL ( 'unclassified' ) ;
#3145 = DIRECTION ( 'NONE',  ( 0.000000000000000000, 0.000000000000000000, -1.000000000000000000 ) ) ;
#3146 = ADVANCED_FACE ( 'NONE', ( #1400 ), #3722, .F. ) ;
#3147 = EDGE_LOOP ( 'NONE', ( #836, #993, #3309 ) ) ;
#3148 = DIRECTION ( 'NONE',  ( 0.000000000000000000, 1.387778780781445922E-16, -1.000000000000000000 ) ) ;
#3149 = VERTEX_POINT ( 'NONE', #4874 ) ;
#3150 = DIRECTION ( 'NONE',  ( 0.000000000000000000, 1.000000000000000000, 0.000000000000000000 ) ) ;
#3151 = DIRECTION ( 'NONE',  ( -0.000000000000000000, -0.000000000000000000, -1.000000000000000000 ) ) ;
#3152 = EDGE_CURVE ( 'NONE', #4015, #3454, #2145, .T. ) ;
#3153 = DIRECTION ( 'NONE',  ( 0.9903560298034468357, 2.344254243418516314E-15, -0.1385457838837212963 ) ) ;
#3154 = LINE ( 'NONE', #3084, #932 ) ;
#3155 = ITEM_DEFINED_TRANSFORMATION ( 'NONE', 'NONE', #3663,  #4310 ) ;
#3156 = ORIENTED_EDGE ( 'NONE', *, *, #3184, .T. ) ;
#3157 = DIRECTION ( 'NONE',  ( 0.000000000000000000, 0.000000000000000000, 1.000000000000000000 ) ) ;
#3158 = CYLINDRICAL_SURFACE ( 'NONE', #3352, 4.999999999999999112 ) ;
#3159 = DIRECTION ( 'NONE',  ( -1.110223024625156738E-15, -0.000000000000000000, -1.000000000000000000 ) ) ;
#3160 = LINE ( 'NONE', #4634, #2038 ) ;
#3161 = PERSON_AND_ORGANIZATION_ROLE ( 'classification_officer' ) ;
#3162 = LINE ( 'NONE', #3189, #4371 ) ;
#3163 = CIRCLE ( 'NONE', #1946, 5.000000000000003553 ) ;
#3164 = CIRCLE ( 'NONE', #1725, 4.999999999999999112 ) ;
#3165 = DATE_TIME_ROLE ( 'classification_date' ) ;
#3166 = VERTEX_POINT ( 'NONE', #1126 ) ;
#3167 = DIRECTION ( 'NONE',  ( 0.000000000000000000, 1.000000000000000000, 0.000000000000000000 ) ) ;
#3168 = CIRCLE ( 'NONE', #2606, 5.000000000000000000 ) ;
#3169 = CC_DESIGN_DATE_AND_TIME_ASSIGNMENT ( #3495, #1602, ( #1958 ) ) ;
#3170 = VERTEX_POINT ( 'NONE', #3389 ) ;
#3171 = AXIS2_PLACEMENT_3D ( 'NONE', #2850, #1676, #2457 ) ;
#3172 = ORIENTED_EDGE ( 'NONE', *, *, #555, .T. ) ;
#3173 = DIRECTION ( 'NONE',  ( 1.000000000000000000, 0.000000000000000000, 0.000000000000000000 ) ) ;
#3174 = ORIENTED_EDGE ( 'NONE', *, *, #1067, .F. ) ;
#3175 = DIRECTION ( 'NONE',  ( 1.239088197126290570E-16, 0.000000000000000000, 1.000000000000000000 ) ) ;
#3176 = CYLINDRICAL_SURFACE ( 'NONE', #1832, 5.000000000000001776 ) ;
#3177 = EDGE_CURVE ( 'NONE', #1834, #2720, #1497, .T. ) ;
#3178 = CALENDAR_DATE ( 2026, 6, 6 ) ;
#3179 = DIRECTION ( 'NONE',  ( 4.336808689942017120E-17, 1.000000000000000000, 0.000000000000000000 ) ) ;
#3180 = ORIENTED_EDGE ( 'NONE', *, *, #1703, .F. ) ;
#3181 = LINE ( 'NONE', #4749, #1266 ) ;
#3182 = DIRECTION ( 'NONE',  ( 1.000000000000000000, 0.000000000000000000, 0.000000000000000000 ) ) ;
#3183 = VECTOR ( 'NONE', #3981, 1000.000000000000000 ) ;
#3184 = EDGE_CURVE ( 'NONE', #3433, #2710, #3105, .T. ) ;
#3185 =( REPRESENTATION_RELATIONSHIP ('NONE','NONE', #696, #727 ) REPRESENTATION_RELATIONSHIP_WITH_TRANSFORMATION ( #1796 )SHAPE_REPRESENTATION_RELATIONSHIP( ) );
#3186 = CIRCLE ( 'NONE', #4377, 10.00000000000000000 ) ;
#3187 = CARTESIAN_POINT ( 'NONE',  ( -7.500000000000000000, 40.00000000000000000, 5.000000000000000000 ) ) ;
#3188 = APPLICATION_PROTOCOL_DEFINITION ( 'international standard', 'config_control_design', 1994, #4498 ) ;
#3189 = CARTESIAN_POINT ( 'NONE',  ( 25.00000000000000355, 5.000000000000000000, 20.00000000000000355 ) ) ;
#3190 = EDGE_CURVE ( 'NONE', #3898, #4572, #37, .T. ) ;
#3191 = VECTOR ( 'NONE', #4595, 1000.000000000000000 ) ;
#3192 = PERSON_AND_ORGANIZATION_ROLE ( 'design_supplier' ) ;
#3193 = AXIS2_PLACEMENT_3D ( 'NONE', #1048, #4041, #4093 ) ;
#3194 = DIRECTION ( 'NONE',  ( -1.000000000000000000, 0.000000000000000000, 0.000000000000000000 ) ) ;
#3195 = PRODUCT_DEFINITION_FORMATION_WITH_SPECIFIED_SOURCE ( 'ไป', '', #3924, .NOT_KNOWN. ) ;
#3196 = AXIS2_PLACEMENT_3D ( 'NONE', #1851, #4300, #4904 ) ;
#3197 = ORIENTED_EDGE ( 'NONE', *, *, #2290, .T. ) ;
#3198 = ORIENTED_EDGE ( 'NONE', *, *, #1812, .T. ) ;
#3199 = LINE ( 'NONE', #4832, #4754 ) ;
#3200 = VERTEX_POINT ( 'NONE', #4670 ) ;
#3201 = APPROVAL_PERSON_ORGANIZATION ( #329, #3619, #2660 ) ;
#3202 = DIRECTION ( 'NONE',  ( 0.000000000000000000, 1.156482317317870492E-16, -1.000000000000000000 ) ) ;
#3203 = CARTESIAN_POINT ( 'NONE',  ( 249.9999999999999716, 0.000000000000000000, -299.9999999999997158 ) ) ;
#3204 = APPLICATION_PROTOCOL_DEFINITION ( 'international standard', 'config_control_design', 1994, #4338 ) ;
#3205 = EDGE_CURVE ( 'NONE', #1091, #54, #1224, .T. ) ;
#3206 = DIRECTION ( 'NONE',  ( 0.000000000000000000, 0.000000000000000000, 1.000000000000000000 ) ) ;
#3207 = ORIENTED_EDGE ( 'NONE', *, *, #4206, .T. ) ;
#3208 = DIRECTION ( 'NONE',  ( 0.000000000000000000, -1.000000000000000000, 0.000000000000000000 ) ) ;
#3209 = DIRECTION ( 'NONE',  ( 0.000000000000000000, 0.000000000000000000, 1.000000000000000000 ) ) ;
#3210 = EDGE_CURVE ( 'NONE', #4, #1160, #3739, .T. ) ;
#3211 = CARTESIAN_POINT ( 'NONE',  ( -299.9999999999998295, -800.0000000000000000, 250.0000000000000568 ) ) ;
#3212 = APPROVAL_STATUS ( 'not_yet_approved' ) ;
#3213 = CARTESIAN_POINT ( 'NONE',  ( 0.000000000000000000, 0.000000000000000000, 12.50000000000000355 ) ) ;
#3214 = EDGE_CURVE ( 'NONE', #4013, #3740, #242, .T. ) ;
#3215 = COORDINATED_UNIVERSAL_TIME_OFFSET ( 8, 0, .AHEAD. ) ;
#3216 = ORIENTED_EDGE ( 'NONE', *, *, #2812, .F. ) ;
#3217 = DIRECTION ( 'NONE',  ( 1.000000000000000000, 0.000000000000000000, 0.000000000000000000 ) ) ;
#3218 = ORIENTED_EDGE ( 'NONE', *, *, #233, .F. ) ;
#3219 = ORIENTED_EDGE ( 'NONE', *, *, #2684, .T. ) ;
#3220 = EDGE_LOOP ( 'NONE', ( #1418, #2164, #4621, #2809 ) ) ;
#3221 = CARTESIAN_POINT ( 'NONE',  ( -299.9999999999998295, -800.0000000000000000, 300.0000000000000568 ) ) ;
#3222 = DATE_AND_TIME ( #3178, #4301 ) ;
#3223 = DIRECTION ( 'NONE',  ( -1.000000000000000000, 0.000000000000000000, 0.000000000000000000 ) ) ;
#3224 = ORIENTED_EDGE ( 'NONE', *, *, #469, .F. ) ;
#3225 = DIRECTION ( 'NONE',  ( 0.000000000000000000, 1.000000000000000000, 0.000000000000000000 ) ) ;
#3226 = DIRECTION ( 'NONE',  ( 1.000000000000000000, -0.000000000000000000, -0.000000000000000000 ) ) ;
#3227 = UNCERTAINTY_MEASURE_WITH_UNIT (LENGTH_MEASURE( 1.000000000000000082E-05 ), #750, 'distance_accuracy_value', 'NONE');
#3228 = EDGE_CURVE ( 'NONE', #3939, #3433, #459, .T. ) ;
#3229 = PERSON ( 'ๆช', 'ๆช', 'ๆช', ('ๆช'), ('ๆช'), ('ๆช') ) ;
#3230 = CARTESIAN_POINT ( 'NONE',  ( 7.500000000000000000, 2.101339093494567144E-15, 0.000000000000000000 ) ) ;
#3231 = SECURITY_CLASSIFICATION_LEVEL ( 'unclassified' ) ;
#3232 = ORIENTED_EDGE ( 'NONE', *, *, #825, .F. ) ;
#3233 = DIRECTION ( 'NONE',  ( 0.000000000000000000, 0.000000000000000000, 1.000000000000000000 ) ) ;
#3234 = EDGE_CURVE ( 'NONE', #3413, #2169, #1527, .T. ) ;
#3235 = DATE_TIME_ROLE ( 'classification_date' ) ;
#3236 = ORIENTED_EDGE ( 'NONE', *, *, #1334, .F. ) ;
#3237 = PLANE ( 'NONE',  #84 ) ;
#3238 = EDGE_CURVE ( 'NONE', #1341, #2347, #2694, .T. ) ;
#3239 = CLOSED_SHELL ( 'NONE', ( #2756, #4236, #4329, #1311, #862, #948, #20 ) ) ;
#3240 = AXIS2_PLACEMENT_3D ( 'NONE', #2799, #4723, #3566 ) ;
#3241 = ORIENTED_EDGE ( 'NONE', *, *, #4755, .T. ) ;
#3242 = EDGE_LOOP ( 'NONE', ( #4209, #185 ) ) ;
#3243 = AXIS2_PLACEMENT_3D ( 'NONE', #1036, #298, #1801 ) ;
#3244 = EDGE_LOOP ( 'NONE', ( #927, #2171, #450, #4722 ) ) ;
#3245 = CARTESIAN_POINT ( 'NONE',  ( 0.000000000000000000, 0.000000000000000000, 25.00000000000000000 ) ) ;
#3246 = VECTOR ( 'NONE', #926, 1000.000000000000000 ) ;
#3247 = DATE_AND_TIME ( #603, #3034 ) ;
#3248 = FACE_BOUND ( 'NONE', #338, .T. ) ;
#3249 = EDGE_LOOP ( 'NONE', ( #3657, #1621, #4666 ) ) ;
#3250 = LINE ( 'NONE', #4770, #2385 ) ;
#3251 = CARTESIAN_POINT ( 'NONE',  ( 10.00000000000000355, -5.000000000000000000, 10.00000000000000178 ) ) ;
#3252 = CARTESIAN_POINT ( 'NONE',  ( 5.000000000000003553, 300.0000000000000000, 10.00000000000001243 ) ) ;
#3253 = DIRECTION ( 'NONE',  ( -0.000000000000000000, 1.000000000000000000, 1.387778780781445922E-16 ) ) ;
#3255 = AXIS2_PLACEMENT_3D ( 'NONE', #2465, #1778, #4424 ) ;
#3254 = CC_DESIGN_PERSON_AND_ORGANIZATION_ASSIGNMENT ( #1731, #2567, ( #2794 ) ) ;
#3256 = DIRECTION ( 'NONE',  ( -0.000000000000000000, -0.000000000000000000, 1.000000000000000000 ) ) ;
#3257 = VECTOR ( 'NONE', #3900, 1000.000000000000000 ) ;
#3258 = PERSON_AND_ORGANIZATION ( #3229, #83 ) ;
#3259 = VERTEX_POINT ( 'NONE', #4650 ) ;
#3260 = EDGE_CURVE ( 'NONE', #1018, #3433, #2350, .T. ) ;
#3261 = ORIENTED_EDGE ( 'NONE', *, *, #2471, .F. ) ;
#3262 = LINE ( 'NONE', #3290, #2709 ) ;
#3263 = VECTOR ( 'NONE', #1598, 1000.000000000000000 ) ;
#3264 = ORIENTED_EDGE ( 'NONE', *, *, #128, .F. ) ;
#3265 = APPROVAL_PERSON_ORGANIZATION ( #2279, #1239, #3827 ) ;
#3266 = AXIS2_PLACEMENT_3D ( 'NONE', #596, #3560, #2838 ) ;
#3267 = VERTEX_POINT ( 'NONE', #483 ) ;
#3268 = EDGE_CURVE ( 'NONE', #2719, #129, #1584, .T. ) ;
#3269 = VERTEX_POINT ( 'NONE', #1548 ) ;
#3270 = DIRECTION ( 'NONE',  ( -1.110223024625161668E-15, 0.000000000000000000, -1.000000000000000000 ) ) ;
#3271 = DIRECTION ( 'NONE',  ( 1.000000000000000000, 0.000000000000000000, -0.000000000000000000 ) ) ;
#3272 = PRODUCT_DEFINITION_FORMATION_WITH_SPECIFIED_SOURCE ( 'ไป', '', #2883, .NOT_KNOWN. ) ;
#3273 = VECTOR ( 'NONE', #4160, 1000.000000000000000 ) ;
#3274 = LOCAL_TIME ( 22, 14, 50.00000000000000000, #1083 ) ;
#3275 = DATE_TIME_ROLE ( 'classification_date' ) ;
#3276 = AXIS2_PLACEMENT_3D ( 'NONE', #921, #2900, #4414 ) ;
#3277 = CARTESIAN_POINT ( 'NONE',  ( 7.500000000000000000, 0.000000000000000000, 50.00000000000000000 ) ) ;
#3278 = ORIENTED_EDGE ( 'NONE', *, *, #1412, .T. ) ;
#3279 = FACE_BOUND ( 'NONE', #3498, .T. ) ;
#3280 = CYLINDRICAL_SURFACE ( 'NONE', #2319, 5.000000000000003553 ) ;
#3281 = DESIGN_CONTEXT ( 'detailed design', #71, 'design' ) ;
#3282 = LOCAL_TIME ( 22, 14, 50.00000000000000000, #23 ) ;
#3283 = DIRECTION ( 'NONE',  ( 0.000000000000000000, 1.000000000000000000, 0.000000000000000000 ) ) ;
#3284 = SECURITY_CLASSIFICATION_LEVEL ( 'unclassified' ) ;
#3285 = FACE_OUTER_BOUND ( 'NONE', #3594, .T. ) ;
#3286 = CC_DESIGN_DATE_AND_TIME_ASSIGNMENT ( #1385, #4825, ( #3428 ) ) ;
#3287 = PERSON_AND_ORGANIZATION ( #3229, #83 ) ;
#3288 = EDGE_LOOP ( 'NONE', ( #1595, #157, #2307, #1691 ) ) ;
#3289 = PLANE ( 'NONE',  #2447 ) ;
#3290 = CARTESIAN_POINT ( 'NONE',  ( -249.9999999999999716, -800.0000000000000000, -299.9999999999997158 ) ) ;
#3291 = EDGE_CURVE ( 'NONE', #129, #2719, #479, .T. ) ;
#3292 = ORIENTED_EDGE ( 'NONE', *, *, #1003, .T. ) ;
#3293 = VERTEX_POINT ( 'NONE', #418 ) ;
#3294 = ORIENTED_EDGE ( 'NONE', *, *, #4513, .F. ) ;
#3295 = CARTESIAN_POINT ( 'NONE',  ( -249.9999999999998295, -800.0000000000000000, 250.0000000000000568 ) ) ;
#3296 = EDGE_CURVE ( 'NONE', #3269, #3101, #3032, .T. ) ;
#3297 = ORIENTED_EDGE ( 'NONE', *, *, #2571, .F. ) ;
#3298 = COORDINATED_UNIVERSAL_TIME_OFFSET ( 8, 0, .AHEAD. ) ;
#3299 = FACE_OUTER_BOUND ( 'NONE', #3766, .T. ) ;
#3300 = ORIENTED_EDGE ( 'NONE', *, *, #736, .F. ) ;
#3301 = CARTESIAN_POINT ( 'NONE',  ( 10.00000000000000178, 5.000000000000000000, -4.999999999999999112 ) ) ;
#3302 = CYLINDRICAL_SURFACE ( 'NONE', #3091, 9.999999999999998224 ) ;
#3303 = PLANE ( 'NONE',  #4783 ) ;
#3304 = EDGE_CURVE ( 'NONE', #3993, #2199, #2789, .T. ) ;
#3305 = CARTESIAN_POINT ( 'NONE',  ( 5.000000000000001776, 250.0000000000000000, 37.50000000000000711 ) ) ;
#3306 = DATE_TIME_ROLE ( 'classification_date' ) ;
#3307 = FACE_OUTER_BOUND ( 'NONE', #3021, .T. ) ;
#3308 = CALENDAR_DATE ( 2026, 6, 6 ) ;
#3309 = ORIENTED_EDGE ( 'NONE', *, *, #3780, .T. ) ;
#3310 = DIRECTION ( 'NONE',  ( -0.000000000000000000, 1.000000000000000000, -0.000000000000000000 ) ) ;
#3311 = CARTESIAN_POINT ( 'NONE',  ( 0.000000000000000000, 20.00000000000000000, -40.00000000000000000 ) ) ;
#3312 = ORIENTED_EDGE ( 'NONE', *, *, #1610, .T. ) ;
#3313 = EDGE_LOOP ( 'NONE', ( #2009, #752, #1912, #3613 ) ) ;
#3314 = ORIENTED_EDGE ( 'NONE', *, *, #819, .T. ) ;
#3315 = ORIENTED_EDGE ( 'NONE', *, *, #1703, .T. ) ;
#3316 = FACE_OUTER_BOUND ( 'NONE', #508, .T. ) ;
#3317 = CC_DESIGN_PERSON_AND_ORGANIZATION_ASSIGNMENT ( #179, #911, ( #1363 ) ) ;
#3318 = AXIS2_PLACEMENT_3D ( 'NONE', #1125, #3822, #52 ) ;
#3319 = VECTOR ( 'NONE', #28, 1000.000000000000000 ) ;
#3320 = APPROVAL_ROLE ( '' ) ;
#3321 = DIRECTION ( 'NONE',  ( 0.000000000000000000, 0.000000000000000000, 1.000000000000000000 ) ) ;
#3322 = EDGE_LOOP ( 'NONE', ( #2496, #4065, #4326, #1593 ) ) ;
#3323 = DIRECTION ( 'NONE',  ( 0.000000000000000000, 0.000000000000000000, 1.000000000000000000 ) ) ;
#3324 = EDGE_CURVE ( 'NONE', #3028, #1763, #3080, .T. ) ;
#3325 = CYLINDRICAL_SURFACE ( 'NONE', #1682, 5.000000000000003553 ) ;
#3326 = CIRCLE ( 'NONE', #3095, 7.500000000000000000 ) ;
#3327 = CARTESIAN_POINT ( 'NONE',  ( 21.65063509461096913, 102.5000000000000142, -12.50000000000000000 ) ) ;
#3328 = COORDINATED_UNIVERSAL_TIME_OFFSET ( 8, 0, .AHEAD. ) ;
#3329 = CARTESIAN_POINT ( 'NONE',  ( 7.500000000000000000, 0.000000000000000000, 25.00000000000000000 ) ) ;
#3330 = EDGE_CURVE ( 'NONE', #1445, #4809, #1171, .T. ) ;
#3331 = AXIS2_PLACEMENT_3D ( 'NONE', #3213, #1310, #4525 ) ;
#3332 = CARTESIAN_POINT ( 'NONE',  ( -2.499999999999992895, 20.00000000000000000, 0.000000000000000000 ) ) ;
#3333 = COORDINATED_UNIVERSAL_TIME_OFFSET ( 8, 0, .AHEAD. ) ;
#3334 = CARTESIAN_POINT ( 'NONE',  ( 5.000000000000006217, 100.0000000000000000, -25.00000000000000355 ) ) ;
#3335 = ADVANCED_FACE ( 'NONE', ( #3059 ), #1148, .F. ) ;
#3336 = CARTESIAN_POINT ( 'NONE',  ( 0.000000000000000000, 20.00000000000000000, -40.00000000000000000 ) ) ;
#3337 = AXIS2_PLACEMENT_3D ( 'NONE', #3779, #3039, #687 ) ;
#3338 = ORIENTED_EDGE ( 'NONE', *, *, #1976, .F. ) ;
#3339 = VERTEX_POINT ( 'NONE', #1913 ) ;
#3340 = AXIS2_PLACEMENT_3D ( 'NONE', #4879, #1458, #2703 ) ;
#3341 = VERTEX_POINT ( 'NONE', #804 ) ;
#3342 = DIRECTION ( 'NONE',  ( -1.110223024625161668E-15, -0.000000000000000000, 1.000000000000000000 ) ) ;
#3343 = AXIS2_PLACEMENT_3D ( 'NONE', #4795, #2091, #4344 ) ;
#3344 = PERSON_AND_ORGANIZATION ( #3229, #83 ) ;
#3345 = DIRECTION ( 'NONE',  ( -1.000000000000000000, 0.000000000000000000, 0.000000000000000000 ) ) ;
#3346 = ORIENTED_EDGE ( 'NONE', *, *, #1615, .F. ) ;
#3347 = PRODUCT_DEFINITION_FORMATION_WITH_SPECIFIED_SOURCE ( 'ไป', '', #1363, .NOT_KNOWN. ) ;
#3348 = AXIS2_PLACEMENT_3D ( 'NONE', #3022, #3099, #1517 ) ;
#3349 = DIRECTION ( 'NONE',  ( 0.000000000000000000, -1.000000000000000000, 0.000000000000000000 ) ) ;
#3350 = CARTESIAN_POINT ( 'NONE',  ( 0.000000000000000000, 0.000000000000000000, 37.50000000000000711 ) ) ;
#3351 = CC_DESIGN_SECURITY_CLASSIFICATION ( #4868, ( #4921 ) ) ;
#3352 = AXIS2_PLACEMENT_3D ( 'NONE', #765, #2289, #1607 ) ;
#3353 = ADVANCED_FACE ( 'NONE', ( #2331, #3851, #4622 ), #56, .T. ) ;
#3354 = DIRECTION ( 'NONE',  ( 0.000000000000000000, -1.000000000000000000, 0.000000000000000000 ) ) ;
#3355 = CARTESIAN_POINT ( 'NONE',  ( 0.000000000000000000, 0.000000000000000000, 9.999999999999973355 ) ) ;
#3356 = LOCAL_TIME ( 22, 14, 50.00000000000000000, #4553 ) ;
#3357 = EDGE_CURVE ( 'NONE', #896, #3028, #4725, .T. ) ;
#3358 = LINE ( 'NONE', #3759, #3476 ) ;
#3359 = APPROVAL_STATUS ( 'not_yet_approved' ) ;
#3360 = DIRECTION ( 'NONE',  ( -0.000000000000000000, -0.000000000000000000, 1.000000000000000000 ) ) ;
#3361 = CARTESIAN_POINT ( 'NONE',  ( -7.500000000000000000, 250.0000000000000000, 0.000000000000000000 ) ) ;
#3363 = EDGE_CURVE ( 'NONE', #2088, #2572, #571, .T. ) ;
#3362 = EDGE_LOOP ( 'NONE', ( #1700, #2662, #940, #4510 ) ) ;
#3364 = ORIENTED_EDGE ( 'NONE', *, *, #2859, .T. ) ;
#3365 = ORIENTED_EDGE ( 'NONE', *, *, #980, .T. ) ;
#3366 = CARTESIAN_POINT ( 'NONE',  ( 25.00000000000000355, -5.000000000000000000, 10.00000000000000355 ) ) ;
#3367 =( REPRESENTATION_RELATIONSHIP ('NONE','NONE', #696, #1738 ) REPRESENTATION_RELATIONSHIP_WITH_TRANSFORMATION ( #3155 )SHAPE_REPRESENTATION_RELATIONSHIP( ) );
#3368 = PERSON_AND_ORGANIZATION ( #3229, #83 ) ;
#3369 = LINE ( 'NONE', #1073, #2033 ) ;
#3370 = ORIENTED_EDGE ( 'NONE', *, *, #3096, .T. ) ;
#3371 = DIRECTION ( 'NONE',  ( 0.000000000000000000, 0.000000000000000000, 1.000000000000000000 ) ) ;
#3372 = LINE ( 'NONE', #1498, #2967 ) ;
#3373 = CARTESIAN_POINT ( 'NONE',  ( 0.000000000000000000, 75.00000000000000000, 0.000000000000000000 ) ) ;
#3374 = CALENDAR_DATE ( 2026, 6, 6 ) ;
#3375 = CARTESIAN_POINT ( 'NONE',  ( -7.500000000000000000, 2.101339093494567144E-15, 5.000000000000000000 ) ) ;
#3376 = ADVANCED_FACE ( 'NONE', ( #2013 ), #4698, .F. ) ;
#3377 = LINE ( 'NONE', #1059, #4114 ) ;
#3378 = PERSON_AND_ORGANIZATION ( #3229, #83 ) ;
#3379 = CARTESIAN_POINT ( 'NONE',  ( 0.000000000000000000, 300.0000000000000000, 25.00000000000000000 ) ) ;
#3380 = CARTESIAN_POINT ( 'NONE',  ( -5.000000000000000000, 6.123233995736766282E-16, 12.50000000000000355 ) ) ;
#3381 = EDGE_CURVE ( 'NONE', #3269, #2612, #3543, .T. ) ;
#3382 = ORIENTED_EDGE ( 'NONE', *, *, #2256, .T. ) ;
#3383 = ORIENTED_EDGE ( 'NONE', *, *, #2999, .T. ) ;
#3384 = CARTESIAN_POINT ( 'NONE',  ( 5.000000000000000000, 0.000000000000000000, 14.99999999999997513 ) ) ;
#3385 = EDGE_CURVE ( 'NONE', #4265, #4703, #530, .T. ) ;
#3386 = APPROVAL_DATE_TIME ( #4469, #1696 ) ;
#3387 = CARTESIAN_POINT ( 'NONE',  ( -5.000000000000006217, 100.0000000000000000, 12.50000000000000000 ) ) ;
#3388 = VERTEX_POINT ( 'NONE', #3995 ) ;
#3389 = CARTESIAN_POINT ( 'NONE',  ( -299.9999999999998295, 30.00000000000000000, -299.9999999999999432 ) ) ;
#3390 = DIRECTION ( 'NONE',  ( 1.000000000000000000, 0.000000000000000000, 0.000000000000000000 ) ) ;
#3391 = CIRCLE ( 'NONE', #3243, 7.500000000000000000 ) ;
#3392 = AXIS2_PLACEMENT_3D ( 'NONE', #2821, #869, #4342 ) ;
#3393 = DIRECTION ( 'NONE',  ( -0.000000000000000000, -0.000000000000000000, -1.000000000000000000 ) ) ;
#3394 = PERSON_AND_ORGANIZATION ( #3945, #3431 ) ;
#3395 = ORIENTED_EDGE ( 'NONE', *, *, #3877, .T. ) ;
#3396 = DIRECTION ( 'NONE',  ( 0.000000000000000000, 1.000000000000000000, 0.000000000000000000 ) ) ;
#3397 = CIRCLE ( 'NONE', #3639, 5.000000000000001776 ) ;
#3398 = VECTOR ( 'NONE', #703, 1000.000000000000000 ) ;
#3399 = APPROVAL ( #729, 'ๆช' ) ;
#3400 = CARTESIAN_POINT ( 'NONE',  ( 0.000000000000000000, 250.0000000000000000, 50.00000000000000000 ) ) ;
#3401 = PERSON_AND_ORGANIZATION ( #3229, #83 ) ;
#3402 = LINE ( 'NONE', #1897, #4211 ) ;
#3403 = FACE_OUTER_BOUND ( 'NONE', #4162, .T. ) ;
#3404 = ORIENTED_EDGE ( 'NONE', *, *, #421, .F. ) ;
#3405 = EDGE_CURVE ( 'NONE', #1160, #4, #2228, .T. ) ;
#3406 = ORIENTED_EDGE ( 'NONE', *, *, #941, .F. ) ;
#3407 = CARTESIAN_POINT ( 'NONE',  ( 1.224646799147353256E-15, 20.00000000000000000, 10.00000000000000000 ) ) ;
#3408 = CIRCLE ( 'NONE', #2220, 5.000000000000004441 ) ;
#3409 = ADVANCED_FACE ( 'NONE', ( #580 ), #2845, .F. ) ;
#3410 = APPROVAL_ROLE ( '' ) ;
#3411 = VERTEX_POINT ( 'NONE', #3920 ) ;
#3412 = DIRECTION ( 'NONE',  ( -0.000000000000000000, -0.000000000000000000, -1.000000000000000000 ) ) ;
#3413 = VERTEX_POINT ( 'NONE', #2430 ) ;
#3414 = CARTESIAN_POINT ( 'NONE',  ( -299.9999999999999432, -800.0000000000000000, -299.9999999999999432 ) ) ;
#3415 = FACE_OUTER_BOUND ( 'NONE', #3767, .T. ) ;
#3416 = VECTOR ( 'NONE', #2930, 1000.000000000000000 ) ;
#3417 = EDGE_CURVE ( 'NONE', #989, #3200, #1666, .T. ) ;
#3418 = APPROVAL_PERSON_ORGANIZATION ( #102, #454, #2443 ) ;
#3419 = PERSON_AND_ORGANIZATION ( #3229, #83 ) ;
#3420 = CIRCLE ( 'NONE', #4624, 5.000000000000004441 ) ;
#3421 = FACE_BOUND ( 'NONE', #912, .T. ) ;
#3422 = ORIENTED_EDGE ( 'NONE', *, *, #1846, .F. ) ;
#3423 = CARTESIAN_POINT ( 'NONE',  ( 0.000000000000000000, -800.0000000000000000, 0.000000000000000000 ) ) ;
#3424 = CC_DESIGN_APPROVAL ( #3654, ( #2318 ) ) ;
#3425 = VECTOR ( 'NONE', #3527, 1000.000000000000000 ) ;
#3426 = CARTESIAN_POINT ( 'NONE',  ( 300.0000000000001705, 30.00000000000000000, 299.9999999999999432 ) ) ;
#3427 = DATE_AND_TIME ( #1896, #1828 ) ;
#3428 = SECURITY_CLASSIFICATION ( '', '', #3284 ) ;
#3429 =( GEOMETRIC_REPRESENTATION_CONTEXT ( 3 ) GLOBAL_UNCERTAINTY_ASSIGNED_CONTEXT ( ( #3227 ) ) GLOBAL_UNIT_ASSIGNED_CONTEXT ( ( #750, #4842, #3788 ) ) REPRESENTATION_CONTEXT ( 'NONE', 'WORKASPACE' ) );
#3430 = DIRECTION ( 'NONE',  ( -0.000000000000000000, -0.000000000000000000, 1.000000000000000000 ) ) ;
#3431 = ORGANIZATION ( 'NAUO-ORG6', 'UNSPECIFIED', 'UNSPECIFIED' ) ;
#3432 = EDGE_LOOP ( 'NONE', ( #103, #284, #4362, #775 ) ) ;
#3433 = VERTEX_POINT ( 'NONE', #3221 ) ;
#3434 = ORIENTED_EDGE ( 'NONE', *, *, #43, .F. ) ;
#3435 = CARTESIAN_POINT ( 'NONE',  ( -7.499999999999993783, 20.00000000000000000, 5.000000000000000000 ) ) ;
#3436 = DIRECTION ( 'NONE',  ( 1.000000000000000000, 0.000000000000000000, 0.000000000000000000 ) ) ;
#3437 = EDGE_CURVE ( 'NONE', #1039, #2665, #3617, .T. ) ;
#3438 = EDGE_LOOP ( 'NONE', ( #4243, #739, #2094, #4217 ) ) ;
#3439 = DIRECTION ( 'NONE',  ( 0.000000000000000000, -0.000000000000000000, -1.000000000000000000 ) ) ;
#3440 = ORIENTED_EDGE ( 'NONE', *, *, #2480, .T. ) ;
#3441 = DIRECTION ( 'NONE',  ( 0.000000000000000000, 0.000000000000000000, 1.000000000000000000 ) ) ;
#3442 = DIRECTION ( 'NONE',  ( 0.000000000000000000, 0.000000000000000000, 1.000000000000000000 ) ) ;
#3443 = ADVANCED_FACE ( 'NONE', ( #3568 ), #1717, .T. ) ;
#3444 = APPROVAL_DATE_TIME ( #3798, #1239 ) ;
#3445 = CARTESIAN_POINT ( 'NONE',  ( 5.000000000000000000, 0.000000000000000000, 0.000000000000000000 ) ) ;
#3446 = ORIENTED_EDGE ( 'NONE', *, *, #586, .T. ) ;
#3447 = CYLINDRICAL_SURFACE ( 'NONE', #1181, 17.50000000000000355 ) ;
#3448 = EDGE_CURVE ( 'NONE', #2593, #1039, #919, .T. ) ;
#3449 = DIRECTION ( 'NONE',  ( 0.000000000000000000, 0.000000000000000000, 1.000000000000000000 ) ) ;
#3450 = APPROVAL_STATUS ( 'not_yet_approved' ) ;
#3451 = LINE ( 'NONE', #2463, #2922 ) ;
#3452 = LINE ( 'NONE', #2341, #1263 ) ;
#3453 = DIRECTION ( 'NONE',  ( 1.000000000000000000, 0.000000000000000000, 0.000000000000000000 ) ) ;
#3454 = VERTEX_POINT ( 'NONE', #1342 ) ;
#3455 = VERTEX_POINT ( 'NONE', #2870 ) ;
#3456 =( REPRESENTATION_RELATIONSHIP ('NONE','NONE', #696, #220 ) REPRESENTATION_RELATIONSHIP_WITH_TRANSFORMATION ( #611 )SHAPE_REPRESENTATION_RELATIONSHIP( ) );
#3457 = DIRECTION ( 'NONE',  ( -0.000000000000000000, 1.000000000000000000, -0.000000000000000000 ) ) ;
#3458 = ORIENTED_EDGE ( 'NONE', *, *, #1067, .T. ) ;
#3459 = CC_DESIGN_PERSON_AND_ORGANIZATION_ASSIGNMENT ( #3401, #4504, ( #256 ) ) ;
#3460 = DIRECTION ( 'NONE',  ( 0.000000000000000000, 0.000000000000000000, 1.000000000000000000 ) ) ;
#3461 = ORIENTED_EDGE ( 'NONE', *, *, #4759, .F. ) ;
#3462 = CARTESIAN_POINT ( 'NONE',  ( 0.000000000000000000, 5.000000000000000000, -15.00000000000000000 ) ) ;
#3463 = PLANE ( 'NONE',  #178 ) ;
#3464 = ORIENTED_EDGE ( 'NONE', *, *, #3003, .T. ) ;
#3465 = PERSON_AND_ORGANIZATION_ROLE ( 'design_owner' ) ;
#3466 = EDGE_CURVE ( 'NONE', #3455, #3267, #158, .T. ) ;
#3467 = CARTESIAN_POINT ( 'NONE',  ( 0.000000000000000000, 5.000000000000000000, -15.00000000000000000 ) ) ;
#3468 = DATE_AND_TIME ( #88, #427 ) ;
#3469 = VERTEX_POINT ( 'NONE', #1273 ) ;
#3470 = DIRECTION ( 'NONE',  ( -1.110223024625161668E-15, 0.000000000000000000, -1.000000000000000000 ) ) ;
#3471 = APPLICATION_CONTEXT ( 'configuration controlled 3d designs of mechanical parts and assemblies' ) ;
#3472 = CIRCLE ( 'NONE', #2203, 10.00000000000000178 ) ;
#3473 = VECTOR ( 'NONE', #2722, 1000.000000000000000 ) ;
#3474 = ADVANCED_FACE ( 'NONE', ( #2803, #4322 ), #2040, .F. ) ;
#3475 = CARTESIAN_POINT ( 'NONE',  ( 0.000000000000000000, 0.000000000000000000, 50.00000000000000000 ) ) ;
#3476 = VECTOR ( 'NONE', #1868, 1000.000000000000000 ) ;
#3477 = ITEM_DEFINED_TRANSFORMATION ( 'NONE', 'NONE', #4393,  #4310 ) ;
#3478 = LINE ( 'NONE', #1184, #1967 ) ;
#3479 = PRODUCT_DEFINITION_SHAPE ( 'NONE', 'NONE',  #4927 ) ;
#3480 = VECTOR ( 'NONE', #3110, 1000.000000000000000 ) ;
#3481 = ORIENTED_EDGE ( 'NONE', *, *, #2907, .F. ) ;
#3482 = ADVANCED_FACE ( 'NONE', ( #3966 ), #552, .F. ) ;
#3483 = ORIENTED_EDGE ( 'NONE', *, *, #4249, .T. ) ;
#3484 = DIRECTION ( 'NONE',  ( 0.000000000000000000, -1.156482317317870492E-16, 1.000000000000000000 ) ) ;
#3485 = DIRECTION ( 'NONE',  ( -0.2035102855799034438, 0.7018719424757140501, 0.6826121446535756698 ) ) ;
#3486 = ORIENTED_EDGE ( 'NONE', *, *, #4538, .T. ) ;
#3487 = ORIENTED_EDGE ( 'NONE', *, *, #2901, .F. ) ;
#3488 = AXIS2_PLACEMENT_3D ( 'NONE', #834, #2361, #2759 ) ;
#3489 = CARTESIAN_POINT ( 'NONE',  ( -7.500000000000000000, 40.00000000000000000, 5.000000000000000000 ) ) ;
#3490 = ORIENTED_EDGE ( 'NONE', *, *, #2934, .T. ) ;
#3491 = CARTESIAN_POINT ( 'NONE',  ( -299.9999999999998295, -800.0000000000000000, 300.0000000000000568 ) ) ;
#3492 = CARTESIAN_POINT ( 'NONE',  ( -7.500000000000000000, 1.156482317317873105E-15, 14.99999999999997868 ) ) ;
#3494 = VECTOR ( 'NONE', #3208, 1000.000000000000000 ) ;
#3493 = APPROVAL ( #983, 'UNKNOWN' ) ;
#3495 = DATE_AND_TIME ( #2304, #1349 ) ;
#3496 = CARTESIAN_POINT ( 'NONE',  ( 3.097720492815726673E-15, -5.000000000000000000, 10.00000000000000178 ) ) ;
#3497 = COORDINATED_UNIVERSAL_TIME_OFFSET ( 8, 0, .AHEAD. ) ;
#3498 = EDGE_LOOP ( 'NONE', ( #1626, #4038 ) ) ;
#3499 = VECTOR ( 'NONE', #4473, 1000.000000000000000 ) ;
#3500 = DIRECTION ( 'NONE',  ( 0.000000000000000000, -0.000000000000000000, -1.000000000000000000 ) ) ;
#3501 = FACE_OUTER_BOUND ( 'NONE', #4487, .T. ) ;
#3502 = FACE_OUTER_BOUND ( 'NONE', #970, .T. ) ;
#3503 = ADVANCED_FACE ( 'NONE', ( #1694 ), #4370, .T. ) ;
#3504 = APPROVAL_PERSON_ORGANIZATION ( #1550, #2706, #2674 ) ;
#3505 = DIRECTION ( 'NONE',  ( -0.000000000000000000, -0.000000000000000000, 1.000000000000000000 ) ) ;
#3506 = CALENDAR_DATE ( 2026, 6, 6 ) ;
#3507 = DIRECTION ( 'NONE',  ( 0.000000000000000000, 0.000000000000000000, 1.000000000000000000 ) ) ;
#3508 = APPROVAL_PERSON_ORGANIZATION ( #3559, #152, #149 ) ;
#3509 = ADVANCED_FACE ( 'NONE', ( #3316 ), #1808, .F. ) ;
#3510 = VERTEX_POINT ( 'NONE', #3295 ) ;
#3511 = CC_DESIGN_SECURITY_CLASSIFICATION ( #3428, ( #4919 ) ) ;
#3512 = AXIS2_PLACEMENT_3D ( 'NONE', #1173, #1991, #2672 ) ;
#3513 = PERSON_AND_ORGANIZATION_ROLE ( 'creator' ) ;
#3514 = LINE ( 'NONE', #409, #3664 ) ;
#3515 = SECURITY_CLASSIFICATION ( '', '', #3231 ) ;
#3516 = EDGE_CURVE ( 'NONE', #2544, #4252, #77, .T. ) ;
#3517 = ORIENTED_EDGE ( 'NONE', *, *, #1340, .F. ) ;
#3518 = DIRECTION ( 'NONE',  ( 0.000000000000000000, 1.000000000000000000, 0.000000000000000000 ) ) ;
#3519 = ORIENTED_EDGE ( 'NONE', *, *, #1428, .T. ) ;
#3520 = CARTESIAN_POINT ( 'NONE',  ( 0.000000000000000000, 40.00000000000000000, 0.000000000000000000 ) ) ;
#3521 = DIRECTION ( 'NONE',  ( -0.000000000000000000, -0.000000000000000000, -1.000000000000000000 ) ) ;
#3522 = CARTESIAN_POINT ( 'NONE',  ( -85.88824536288943534, 43.44234671024412364, -382.7524949958230422 ) ) ;
#3523 = CARTESIAN_POINT ( 'NONE',  ( -249.9999999999998863, 0.000000000000000000, -249.9999999999999432 ) ) ;
#3524 = DATE_AND_TIME ( #880, #3914 ) ;
#3525 = ORIENTED_EDGE ( 'NONE', *, *, #3846, .T. ) ;
#3526 = PLANE ( 'NONE',  #549 ) ;
#3527 = DIRECTION ( 'NONE',  ( -0.000000000000000000, -0.000000000000000000, 1.000000000000000000 ) ) ;
#3528 = LINE ( 'NONE', #811, #1246 ) ;
#3529 = PERSON_AND_ORGANIZATION_ROLE ( 'creator' ) ;
#3530 = EDGE_CURVE ( 'NONE', #282, #3848, #3768, .T. ) ;
#3531 = CARTESIAN_POINT ( 'NONE',  ( -5.000000000000003553, 300.0000000000000000, 15.00000000000001421 ) ) ;
#3532 = APPROVAL_DATE_TIME ( #12, #967 ) ;
#3533 = EDGE_CURVE ( 'NONE', #3129, #723, #1186, .T. ) ;
#3534 = EDGE_LOOP ( 'NONE', ( #3156, #2366, #1774, #4916 ) ) ;
#3535 = CARTESIAN_POINT ( 'NONE',  ( 249.9999999999998863, -800.0000000000000000, 299.9999999999998295 ) ) ;
#3536 = ORIENTED_EDGE ( 'NONE', *, *, #2262, .F. ) ;
#3537 = CARTESIAN_POINT ( 'NONE',  ( 2.143131898507868643E-15, 0.000000000000000000, -17.50000000000000355 ) ) ;
#3538 = ORIENTED_EDGE ( 'NONE', *, *, #1985, .T. ) ;
#3539 = ADVANCED_FACE ( 'NONE', ( #1770 ), #1019, .F. ) ;
#3540 = DIRECTION ( 'NONE',  ( -0.000000000000000000, -0.000000000000000000, 1.000000000000000000 ) ) ;
#3541 = VERTEX_POINT ( 'NONE', #3384 ) ;
#3542 = DIRECTION ( 'NONE',  ( 0.000000000000000000, -1.000000000000000000, 0.000000000000000000 ) ) ;
#3543 = LINE ( 'NONE', #899, #3583 ) ;
#3544 = DIRECTION ( 'NONE',  ( -1.000000000000000000, 0.000000000000000000, 0.000000000000000000 ) ) ;
#3545 = COORDINATED_UNIVERSAL_TIME_OFFSET ( 8, 0, .AHEAD. ) ;
#3546 = EDGE_CURVE ( 'NONE', #3574, #106, #4064, .T. ) ;
#3547 = FACE_OUTER_BOUND ( 'NONE', #3811, .T. ) ;
#3548 = ORIENTED_EDGE ( 'NONE', *, *, #2901, .T. ) ;
#3549 = CARTESIAN_POINT ( 'NONE',  ( -25.00000000000000000, 50.00000000000000000, -12.50000000000000000 ) ) ;
#3550 = CARTESIAN_POINT ( 'NONE',  ( 0.000000000000000000, 100.0000000000000000, 12.50000000000000000 ) ) ;
#3551 = FACE_OUTER_BOUND ( 'NONE', #127, .T. ) ;
#3552 = PERSON_AND_ORGANIZATION ( #3229, #83 ) ;
#3553 = LINE ( 'NONE', #1658, #4127 ) ;
#3554 = CLOSED_SHELL ( 'NONE', ( #1937, #799, #4559, #259, #3443, #3814, #1226, #3902, #1767, #2506, #1137, #4827, #4367, #412, #3753, #3125, #3474, #446, #1500, #4388, #2450, #382 ) ) ;
#3555 = AXIS2_PLACEMENT_3D ( 'NONE', #1620, #4456, #3688 ) ;
#3556 = DIRECTION ( 'NONE',  ( 0.000000000000000000, -1.000000000000000000, 0.000000000000000000 ) ) ;
#3557 = APPROVAL ( #3611, 'ๆช' ) ;
#3558 = AXIS2_PLACEMENT_3D ( 'NONE', #118, #66, #1582 ) ;
#3559 = PERSON_AND_ORGANIZATION ( #3229, #83 ) ;
#3560 = DIRECTION ( 'NONE',  ( -0.000000000000000000, -0.000000000000000000, -1.000000000000000000 ) ) ;
#3561 = AXIS2_PLACEMENT_3D ( 'NONE', #1726, #4751, #958 ) ;
#3562 = EDGE_CURVE ( 'NONE', #3510, #1018, #4816, .T. ) ;
#3563 = ORIENTED_EDGE ( 'NONE', *, *, #1610, .F. ) ;
#3564 = CIRCLE ( 'NONE', #3171, 5.000000000000006217 ) ;
#3565 = ORIENTED_EDGE ( 'NONE', *, *, #4755, .F. ) ;
#3566 = DIRECTION ( 'NONE',  ( 0.000000000000000000, 0.000000000000000000, 1.000000000000000000 ) ) ;
#3567 = ORIENTED_EDGE ( 'NONE', *, *, #4446, .T. ) ;
#3568 = FACE_OUTER_BOUND ( 'NONE', #2355, .T. ) ;
#3569 = CYLINDRICAL_SURFACE ( 'NONE', #1121, 7.500000000000001776 ) ;
#3570 = EDGE_CURVE ( 'NONE', #1254, #651, #2519, .T. ) ;
#3571 = ORIENTED_EDGE ( 'NONE', *, *, #2042, .T. ) ;
#3572 = SHAPE_DEFINITION_REPRESENTATION ( #4644, #1738 ) ;
#3573 = CARTESIAN_POINT ( 'NONE',  ( 4.791528850480152211E-15, 20.00000000000000355, 0.000000000000000000 ) ) ;
#3574 = VERTEX_POINT ( 'NONE', #4465 ) ;
#3575 = FACE_OUTER_BOUND ( 'NONE', #3006, .T. ) ;
#3576 = FACE_OUTER_BOUND ( 'NONE', #3362, .T. ) ;
#3577 = VECTOR ( 'NONE', #2240, 1000.000000000000000 ) ;
#3578 = EDGE_CURVE ( 'NONE', #2773, #1975, #1448, .T. ) ;
#3579 = VECTOR ( 'NONE', #3470, 1000.000000000000000 ) ;
#3580 = CARTESIAN_POINT ( 'NONE',  ( 5.000000000000001776, 250.0000000000000000, 50.00000000000000000 ) ) ;
#3581 = APPROVAL_ROLE ( '' ) ;
#3582 = CARTESIAN_POINT ( 'NONE',  ( -7.500000000000000000, 42.50000000000000000, 37.50000000000000711 ) ) ;
#3583 = VECTOR ( 'NONE', #1298, 1000.000000000000000 ) ;
#3584 = ORIENTED_EDGE ( 'NONE', *, *, #3131, .T. ) ;
#3585 = PERSON_AND_ORGANIZATION ( #3229, #83 ) ;
#3586 = LOCAL_TIME ( 22, 14, 50.00000000000000000, #1857 ) ;
#3587 = ORIENTED_EDGE ( 'NONE', *, *, #1093, .F. ) ;
#3588 = VECTOR ( 'NONE', #1394, 1000.000000000000000 ) ;
#3589 = CARTESIAN_POINT ( 'NONE',  ( 17.50000000000000000, -5.000000000000000888, 2.500000000000000444 ) ) ;
#3590 = CC_DESIGN_PERSON_AND_ORGANIZATION_ASSIGNMENT ( #471, #3161, ( #3990 ) ) ;
#3591 = APPROVAL_PERSON_ORGANIZATION ( #4051, #4597, #1755 ) ;
#3592 = CIRCLE ( 'NONE', #2488, 10.00000000000000000 ) ;
#3593 = VERTEX_POINT ( 'NONE', #4437 ) ;
#3594 = EDGE_LOOP ( 'NONE', ( #2978, #4815, #1918, #3973, #1267, #2192, #62, #3785 ) ) ;
#3595 = ORIENTED_EDGE ( 'NONE', *, *, #2721, .T. ) ;
#3596 = CIRCLE ( 'NONE', #343, 9.999999999999998224 ) ;
#3597 = DIRECTION ( 'NONE',  ( -1.850371707708594563E-16, 0.000000000000000000, -1.000000000000000000 ) ) ;
#3598 = EDGE_CURVE ( 'NONE', #816, #3259, #2150, .T. ) ;
#3599 = CARTESIAN_POINT ( 'NONE',  ( 0.000000000000000000, 2.101339093494567144E-15, 0.000000000000000000 ) ) ;
#3600 = PERSON_AND_ORGANIZATION ( #3229, #83 ) ;
#3601 = CARTESIAN_POINT ( 'NONE',  ( -7.500000000000000000, 300.0000000000000000, 10.00000000000001243 ) ) ;
#3602 = ORIENTED_EDGE ( 'NONE', *, *, #3363, .F. ) ;
#3603 = CARTESIAN_POINT ( 'NONE',  ( 0.000000000000000000, -10.00000000000000000, 17.50000000000000355 ) ) ;
#3604 = EDGE_CURVE ( 'NONE', #2612, #3791, #248, .T. ) ;
#3605 = CYLINDRICAL_SURFACE ( 'NONE', #2483, 5.000000000000001776 ) ;
#3606 = LINE ( 'NONE', #4100, #456 ) ;
#3607 = CARTESIAN_POINT ( 'NONE',  ( 0.000000000000000000, 50.00000000000000000, -9.999999999999998224 ) ) ;
#3608 = ITEM_DEFINED_TRANSFORMATION ( 'NONE', 'NONE', #2865,  #4310 ) ;
#3609 = CARTESIAN_POINT ( 'NONE',  ( -299.9999999999998295, 30.00000000000000000, 300.0000000000000568 ) ) ;
#3610 = EDGE_CURVE ( 'NONE', #4189, #183, #4807, .T. ) ;
#3611 = APPROVAL_STATUS ( 'not_yet_approved' ) ;
#3612 = DIRECTION ( 'NONE',  ( 1.239088197126290570E-16, 0.000000000000000000, 1.000000000000000000 ) ) ;
#3613 = ORIENTED_EDGE ( 'NONE', *, *, #3068, .T. ) ;
#3614 = CARTESIAN_POINT ( 'NONE',  ( 249.9999999999999716, -800.0000000000000000, -299.9999999999997158 ) ) ;
#3615 = ORIENTED_EDGE ( 'NONE', *, *, #3789, .F. ) ;
#3616 = ORIENTED_EDGE ( 'NONE', *, *, #2874, .T. ) ;
#3617 = LINE ( 'NONE', #871, #1894 ) ;
#3618 = FACE_OUTER_BOUND ( 'NONE', #433, .T. ) ;
#3619 = APPROVAL ( #1135, 'ๆช' ) ;
#3620 = COORDINATED_UNIVERSAL_TIME_OFFSET ( 8, 0, .AHEAD. ) ;
#3621 = CARTESIAN_POINT ( 'NONE',  ( 7.500000000000000000, 0.000000000000000000, 9.999999999999973355 ) ) ;
#3622 = ORIENTED_EDGE ( 'NONE', *, *, #3533, .F. ) ;
#3623 = CARTESIAN_POINT ( 'NONE',  ( -14.99999999999999467, 20.00000000000000000, 0.000000000000000000 ) ) ;
#3624 = DIRECTION ( 'NONE',  ( 1.000000000000000000, 0.000000000000000000, 0.000000000000000000 ) ) ;
#3625 = EDGE_CURVE ( 'NONE', #4341, #106, #4490, .T. ) ;
#3626 = DIRECTION ( 'NONE',  ( -0.000000000000000000, -0.000000000000000000, 1.000000000000000000 ) ) ;
#3627 = APPROVAL_ROLE ( '' ) ;
#3628 = LINE ( 'NONE', #4752, #1421 ) ;
#3629 = EDGE_CURVE ( 'NONE', #4265, #2655, #1673, .T. ) ;
#3630 = ORIENTED_EDGE ( 'NONE', *, *, #1101, .F. ) ;
#3631 = PERSON_AND_ORGANIZATION_ROLE ( 'design_owner' ) ;
#3632 = ORIENTED_EDGE ( 'NONE', *, *, #160, .F. ) ;
#3633 = LINE ( 'NONE', #2469, #1749 ) ;
#3634 = VECTOR ( 'NONE', #3858, 1000.000000000000000 ) ;
#3635 = VECTOR ( 'NONE', #4245, 1000.000000000000000 ) ;
#3636 = VERTEX_POINT ( 'NONE', #4889 ) ;
#3637 = DIRECTION ( 'NONE',  ( -0.000000000000000000, -0.000000000000000000, 1.000000000000000000 ) ) ;
#3638 = ORIENTED_EDGE ( 'NONE', *, *, #1435, .T. ) ;
#3639 = AXIS2_PLACEMENT_3D ( 'NONE', #3952, #1308, #540 ) ;
#3640 = ORIENTED_EDGE ( 'NONE', *, *, #441, .T. ) ;
#3641 = DIRECTION ( 'NONE',  ( 1.000000000000000000, 0.000000000000000000, 0.000000000000000000 ) ) ;
#3642 = AXIS2_PLACEMENT_3D ( 'NONE', #2503, #3206, #583 ) ;
#3643 = APPLICATION_PROTOCOL_DEFINITION ( 'international standard', 'config_control_design', 1994, #2030 ) ;
#3644 = DIRECTION ( 'NONE',  ( 0.000000000000000000, 1.000000000000000000, 0.000000000000000000 ) ) ;
#3645 = ORIENTED_EDGE ( 'NONE', *, *, #3405, .F. ) ;
#3646 = DIRECTION ( 'NONE',  ( 0.000000000000000000, 1.156482317317870492E-16, -1.000000000000000000 ) ) ;
#3647 = FACE_OUTER_BOUND ( 'NONE', #529, .T. ) ;
#3648 = CC_DESIGN_DATE_AND_TIME_ASSIGNMENT ( #4523, #424, ( #4079 ) ) ;
#3649 = LINE ( 'NONE', #1328, #304 ) ;
#3650 = DATE_AND_TIME ( #2128, #27 ) ;
#3651 = CIRCLE ( 'NONE', #3969, 7.500000000000007105 ) ;
#3652 = CARTESIAN_POINT ( 'NONE',  ( -5.000000000000006217, 100.0000000000000000, -12.50000000000000000 ) ) ;
#3653 = MANIFOLD_SOLID_BREP ( '\X2\51f853f0\X0\-\X2\62c94f38\X0\2', #53 ) ;
#3654 = APPROVAL ( #2876, 'ๆช' ) ;
#3655 = CIRCLE ( 'NONE', #3976, 5.000000000000006217 ) ;
#3656 = PERSON_AND_ORGANIZATION_ROLE ( 'classification_officer' ) ;
#3657 = ORIENTED_EDGE ( 'NONE', *, *, #747, .T. ) ;
#3658 = DIRECTION ( 'NONE',  ( -1.000000000000000000, 0.000000000000000000, 1.850371707708594316E-16 ) ) ;
#3659 = LINE ( 'NONE', #1765, #176 ) ;
#3660 = VECTOR ( 'NONE', #1885, 1000.000000000000000 ) ;
#3661 = EDGE_CURVE ( 'NONE', #3388, #4613, #3420, .T. ) ;
#3662 = ORIENTED_EDGE ( 'NONE', *, *, #914, .T. ) ;
#3663 = AXIS2_PLACEMENT_3D ( 'NONE', #3522, #1174, #3153 ) ;
#3664 = VECTOR ( 'NONE', #3457, 1000.000000000000000 ) ;
#3665 = VERTEX_POINT ( 'NONE', #2616 ) ;
#3666 = EDGE_LOOP ( 'NONE', ( #1636, #3490, #4368, #646, #2213, #2337 ) ) ;
#3667 = DIRECTION ( 'NONE',  ( -1.925929944387235579E-32, -1.000000000000000000, 0.000000000000000000 ) ) ;
#3668 = EDGE_CURVE ( 'NONE', #2868, #2752, #4138, .T. ) ;
#3669 = CARTESIAN_POINT ( 'NONE',  ( -5.000000000000004441, 60.00000000000000000, -12.50000000000000000 ) ) ;
#3670 = LOCAL_TIME ( 22, 14, 50.00000000000000000, #2174 ) ;
#3671 = VECTOR ( 'NONE', #2507, 1000.000000000000000 ) ;
#3672 = LOCAL_TIME ( 22, 14, 50.00000000000000000, #3141 ) ;
#3673 = PERSON_AND_ORGANIZATION ( #3229, #83 ) ;
#3674 = VECTOR ( 'NONE', #4267, 1000.000000000000000 ) ;
#3675 = PLANE ( 'NONE',  #3794 ) ;
#3676 = ORIENTED_EDGE ( 'NONE', *, *, #1712, .F. ) ;
#3677 = CARTESIAN_POINT ( 'NONE',  ( 7.500000000000000000, 307.5000000000000000, 10.00000000000001243 ) ) ;
#3678 = CARTESIAN_POINT ( 'NONE',  ( -7.499999999999994671, -20.00000000000000355, 0.000000000000000000 ) ) ;
#3679 = APPROVAL_PERSON_ORGANIZATION ( #2354, #2311, #1650 ) ;
#3680 = AXIS2_PLACEMENT_3D ( 'NONE', #75, #4261, #2195 ) ;
#3681 = CARTESIAN_POINT ( 'NONE',  ( -5.000000000000001776, 250.0000000000000000, 0.000000000000000000 ) ) ;
#3682 = PERSON_AND_ORGANIZATION ( #76, #2717 ) ;
#3683 = VERTEX_POINT ( 'NONE', #1856 ) ;
#3684 = DIRECTION ( 'NONE',  ( 0.000000000000000000, -0.000000000000000000, 1.000000000000000000 ) ) ;
#3685 = CC_DESIGN_PERSON_AND_ORGANIZATION_ASSIGNMENT ( #1037, #2492, ( #2794 ) ) ;
#3686 = COORDINATED_UNIVERSAL_TIME_OFFSET ( 8, 0, .AHEAD. ) ;
#3687 = EDGE_LOOP ( 'NONE', ( #1865, #474, #4389, #1692, #4270, #870, #2896, #1064, #225 ) ) ;
#3688 = DIRECTION ( 'NONE',  ( 1.000000000000000000, 0.000000000000000000, 0.000000000000000000 ) ) ;
#3689 = LINE ( 'NONE', #3311, #4146 ) ;
#3690 = ORIENTED_EDGE ( 'NONE', *, *, #974, .T. ) ;
#3691 = EDGE_CURVE ( 'NONE', #2448, #1215, #3514, .T. ) ;
#3692 = CARTESIAN_POINT ( 'NONE',  ( 0.000000000000000000, 0.000000000000000000, 14.99999999999997513 ) ) ;
#3693 = EDGE_LOOP ( 'NONE', ( #1748, #3261, #2370, #841 ) ) ;
#3694 = ORIENTED_EDGE ( 'NONE', *, *, #3131, .F. ) ;
#3695 = CARTESIAN_POINT ( 'NONE',  ( 7.500000000000000000, 307.5000000000000000, 15.00000000000001421 ) ) ;
#3696 =( LENGTH_UNIT ( ) NAMED_UNIT ( * ) SI_UNIT ( .MILLI., .METRE. ) );
#3697 = EDGE_CURVE ( 'NONE', #3469, #4321, #2293, .T. ) ;
#3698 = APPROVAL_STATUS ( 'not_yet_approved' ) ;
#3699 = DIRECTION ( 'NONE',  ( -1.000000000000000000, 0.000000000000000000, 0.000000000000000000 ) ) ;
#3700 = EDGE_LOOP ( 'NONE', ( #963, #3622 ) ) ;
#3701 = DIRECTION ( 'NONE',  ( -0.000000000000000000, -0.000000000000000000, 1.000000000000000000 ) ) ;
#3702 = DIRECTION ( 'NONE',  ( 1.000000000000000000, 0.000000000000000000, 0.000000000000000000 ) ) ;
#3703 = CARTESIAN_POINT ( 'NONE',  ( 0.000000000000000000, -10.00000000000000000, 0.000000000000000000 ) ) ;
#3704 = CALENDAR_DATE ( 2026, 6, 6 ) ;
#3705 = DIRECTION ( 'NONE',  ( 0.000000000000000000, 0.000000000000000000, -1.000000000000000000 ) ) ;
#3706 = MANIFOLD_SOLID_BREP ( '\X2\51f853f0\X0\-\X2\62c94f38\X0\2', #4673 ) ;
#3707 = CARTESIAN_POINT ( 'NONE',  ( 7.500000000000000000, 7.500000000000000000, 14.99999999999997513 ) ) ;
#3708 = DATE_AND_TIME ( #2835, #563 ) ;
#3709 = CARTESIAN_POINT ( 'NONE',  ( -5.000000000000000000, 6.123233995736766282E-16, 25.00000000000000000 ) ) ;
#3710 = DIRECTION ( 'NONE',  ( 1.000000000000000000, 0.000000000000000000, 9.912705577010325549E-17 ) ) ;
#3711 = CC_DESIGN_DATE_AND_TIME_ASSIGNMENT ( #2559, #4081, ( #3126 ) ) ;
#3712 = ORIENTED_EDGE ( 'NONE', *, *, #3883, .F. ) ;
#3713 = PRODUCT_DEFINITION_SHAPE ( 'NONE', 'NONE',  #3775 ) ;
#3714 = ORIENTED_EDGE ( 'NONE', *, *, #2652, .T. ) ;
#3715 = CIRCLE ( 'NONE', #1560, 5.000000000000000000 ) ;
#3716 = VECTOR ( 'NONE', #2133, 1000.000000000000000 ) ;
#3717 = EDGE_CURVE ( 'NONE', #969, #3166, #3815, .T. ) ;
#3718 = AXIS2_PLACEMENT_3D ( 'NONE', #196, #4776, #1287 ) ;
#3719 = PERSON_AND_ORGANIZATION ( #3229, #83 ) ;
#3720 = DIRECTION ( 'NONE',  ( -0.000000000000000000, -0.000000000000000000, 1.000000000000000000 ) ) ;
#3721 = ORIENTED_EDGE ( 'NONE', *, *, #2082, .T. ) ;
#3722 = CYLINDRICAL_SURFACE ( 'NONE', #2626, 5.000000000000006217 ) ;
#3723 = CARTESIAN_POINT ( 'NONE',  ( -5.000000000000001776, 250.0000000000000000, 12.50000000000000888 ) ) ;
#3724 = EDGE_CURVE ( 'NONE', #1447, #835, #1276, .T. ) ;
#3725 = AXIS2_PLACEMENT_3D ( 'NONE', #1530, #3897, #2335 ) ;
#3726 = DIRECTION ( 'NONE',  ( 0.000000000000000000, 0.000000000000000000, -1.000000000000000000 ) ) ;
#3727 = CONTEXT_DEPENDENT_SHAPE_REPRESENTATION ( #4555, #1759 ) ;
#3728 = DIRECTION ( 'NONE',  ( -0.000000000000000000, -0.000000000000000000, 1.000000000000000000 ) ) ;
#3729 = ADVANCED_FACE ( 'NONE', ( #381 ), #2322, .T. ) ;
#3730 = AXIS2_PLACEMENT_3D ( 'NONE', #1611, #4279, #4711 ) ;
#3731 = FACE_OUTER_BOUND ( 'NONE', #3889, .T. ) ;
#3732 = DATE_AND_TIME ( #2237, #1120 ) ;
#3733 = CARTESIAN_POINT ( 'NONE',  ( 7.500000000000000000, 250.0000000000000000, 50.00000000000000000 ) ) ;
#3734 = CARTESIAN_POINT ( 'NONE',  ( 300.0000000000001705, -800.0000000000000000, 299.9999999999997158 ) ) ;
#3735 = VECTOR ( 'NONE', #810, 1000.000000000000000 ) ;
#3736 = ORIENTED_EDGE ( 'NONE', *, *, #4219, .F. ) ;
#3737 = CARTESIAN_POINT ( 'NONE',  ( -7.499999999999993783, 20.00000000000000000, 0.000000000000000000 ) ) ;
#3738 = ORIENTED_EDGE ( 'NONE', *, *, #3908, .F. ) ;
#3739 = CIRCLE ( 'NONE', #4704, 5.000000000000000000 ) ;
#3740 = VERTEX_POINT ( 'NONE', #3407 ) ;
#3741 = DIRECTION ( 'NONE',  ( 1.040834085586084257E-15, 0.000000000000000000, 1.000000000000000000 ) ) ;
#3742 = VECTOR ( 'NONE', #4739, 1000.000000000000000 ) ;
#3743 = CALENDAR_DATE ( 2026, 6, 6 ) ;
#3744 = EDGE_CURVE ( 'NONE', #2401, #4252, #4163, .T. ) ;
#3745 = LINE ( 'NONE', #4116, #3398 ) ;
#3746 = ORIENTED_EDGE ( 'NONE', *, *, #2233, .F. ) ;
#3747 = LOCAL_TIME ( 22, 14, 50.00000000000000000, #1050 ) ;
#3748 = AXIS2_PLACEMENT_3D ( 'NONE', #2189, #4060, #226 ) ;
#3749 = CARTESIAN_POINT ( 'NONE',  ( -7.500000000000000000, 307.5000000000000000, 15.00000000000001421 ) ) ;
#3750 = DIRECTION ( 'NONE',  ( 0.000000000000000000, 0.000000000000000000, 1.000000000000000000 ) ) ;
#3751 = LOCAL_TIME ( 22, 14, 50.00000000000000000, #3117 ) ;
#3752 = AXIS2_PLACEMENT_3D ( 'NONE', #706, #3774, #1862 ) ;
#3753 = ADVANCED_FACE ( 'NONE', ( #1143 ), #4186, .F. ) ;
#3754 = CARTESIAN_POINT ( 'NONE',  ( 0.000000000000000000, -10.00000000000000000, 0.000000000000000000 ) ) ;
#3755 = PERSON_AND_ORGANIZATION_ROLE ( 'classification_officer' ) ;
#3756 = LINE ( 'NONE', #3329, #4616 ) ;
#3757 = CC_DESIGN_SECURITY_CLASSIFICATION ( #4793, ( #4924 ) ) ;
#3758 = ADVANCED_FACE ( 'NONE', ( #32 ), #749, .F. ) ;
#3759 = CARTESIAN_POINT ( 'NONE',  ( -14.99999999999999467, 20.00000000000000000, 5.000000000000000000 ) ) ;
#3760 = PERSON_AND_ORGANIZATION ( #3229, #83 ) ;
#3761 = CARTESIAN_POINT ( 'NONE',  ( -25.00000000000000000, 90.00000000000000000, 0.000000000000000000 ) ) ;
#3762 = CARTESIAN_POINT ( 'NONE',  ( 0.000000000000000000, 60.00000000000000000, -25.00000000000000355 ) ) ;
#3763 = ORIENTED_EDGE ( 'NONE', *, *, #4764, .F. ) ;
#3764 = APPLICATION_CONTEXT ( 'configuration controlled 3d designs of mechanical parts and assemblies' ) ;
#3765 = EDGE_CURVE ( 'NONE', #2719, #3293, #1117, .T. ) ;
#3766 = EDGE_LOOP ( 'NONE', ( #1068, #732, #2691, #558 ) ) ;
#3767 = EDGE_LOOP ( 'NONE', ( #3615, #153, #4649, #1020 ) ) ;
#3768 = LINE ( 'NONE', #3695, #2059 ) ;
#3769 =( NAMED_UNIT ( * ) PLANE_ANGLE_UNIT ( ) SI_UNIT ( $, .RADIAN. ) );
#3770 = DATE_TIME_ROLE ( 'creation_date' ) ;
#3771 = LINE ( 'NONE', #2622, #148 ) ;
#3772 = VERTEX_POINT ( 'NONE', #2344 ) ;
#3773 = CARTESIAN_POINT ( 'NONE',  ( 5.000000000000001776, 250.0000000000000000, 0.000000000000000000 ) ) ;
#3774 = DIRECTION ( 'NONE',  ( 0.000000000000000000, 0.000000000000000000, 1.000000000000000000 ) ) ;
#3775 = PRODUCT_DEFINITION ( 'ๆ', '', #1194, #1476 ) ;
#3776 = LINE ( 'NONE', #2181, #1952 ) ;
#3777 = PERSON_AND_ORGANIZATION_ROLE ( 'classification_officer' ) ;
#3778 = ORIENTED_EDGE ( 'NONE', *, *, #2563, .F. ) ;
#3779 = CARTESIAN_POINT ( 'NONE',  ( 0.000000000000000000, 0.000000000000000000, 37.50000000000000711 ) ) ;
#3780 = EDGE_CURVE ( 'NONE', #1317, #2321, #1350, .T. ) ;
#3781 = FACE_BOUND ( 'NONE', #4074, .T. ) ;
#3782 = CALENDAR_DATE ( 2026, 6, 6 ) ;
#3783 = CYLINDRICAL_SURFACE ( 'NONE', #1829, 4.999999999999999112 ) ;
#3784 = EDGE_CURVE ( 'NONE', #3935, #1613, #838, .T. ) ;
#3785 = ORIENTED_EDGE ( 'NONE', *, *, #1470, .F. ) ;
#3786 = VERTEX_POINT ( 'NONE', #4587 ) ;
#3787 = DIRECTION ( 'NONE',  ( -0.000000000000000000, -1.000000000000000000, -0.000000000000000000 ) ) ;
#3788 =( NAMED_UNIT ( * ) SI_UNIT ( $, .STERADIAN. ) SOLID_ANGLE_UNIT ( ) );
#3789 = EDGE_CURVE ( 'NONE', #2248, #4283, #4540, .T. ) ;
#3790 = COORDINATED_UNIVERSAL_TIME_OFFSET ( 8, 0, .AHEAD. ) ;
#3791 = VERTEX_POINT ( 'NONE', #3844 ) ;
#3792 = DIRECTION ( 'NONE',  ( 0.000000000000000000, 0.000000000000000000, 1.000000000000000000 ) ) ;
#3793 = ORIENTED_EDGE ( 'NONE', *, *, #4123, .F. ) ;
#3794 = AXIS2_PLACEMENT_3D ( 'NONE', #2579, #3699, #2954 ) ;
#3795 = CARTESIAN_POINT ( 'NONE',  ( -299.9999999999998295, -800.0000000000000000, 300.0000000000000568 ) ) ;
#3796 = DIRECTION ( 'NONE',  ( -0.000000000000000000, -1.000000000000000000, -0.000000000000000000 ) ) ;
#3797 = AXIS2_PLACEMENT_3D ( 'NONE', #3737, #4632, #884 ) ;
#3798 = DATE_AND_TIME ( #4223, #1110 ) ;
#3799 = DIRECTION ( 'NONE',  ( 1.000000000000000000, 0.000000000000000000, 0.000000000000000000 ) ) ;
#3800 = CONTEXT_DEPENDENT_SHAPE_REPRESENTATION ( #1099, #2969 ) ;
#3801 = ORIENTED_EDGE ( 'NONE', *, *, #392, .F. ) ;
#3802 = CC_DESIGN_DATE_AND_TIME_ASSIGNMENT ( #2103, #4777, ( #4868 ) ) ;
#3803 = FACE_OUTER_BOUND ( 'NONE', #4886, .T. ) ;
#3804 = CIRCLE ( 'NONE', #616, 7.500000000000000888 ) ;
#3805 = VECTOR ( 'NONE', #4325, 1000.000000000000000 ) ;
#3806 = DIRECTION ( 'NONE',  ( -1.000000000000000000, 0.000000000000000000, -0.000000000000000000 ) ) ;
#3807 = PERSON_AND_ORGANIZATION_ROLE ( 'classification_officer' ) ;
#3808 = APPROVAL ( #2596, 'ๆช' ) ;
#3809 = DIRECTION ( 'NONE',  ( -1.000000000000000000, 0.000000000000000000, 0.000000000000000000 ) ) ;
#3810 = LINE ( 'NONE', #3927, #3273 ) ;
#3811 = EDGE_LOOP ( 'NONE', ( #1113, #2005 ) ) ;
#3812 = DIRECTION ( 'NONE',  ( 0.000000000000000000, -0.000000000000000000, 1.000000000000000000 ) ) ;
#3813 = ORIENTED_EDGE ( 'NONE', *, *, #555, .F. ) ;
#3814 = ADVANCED_FACE ( 'NONE', ( #3124 ), #2270, .T. ) ;
#3815 = LINE ( 'NONE', #3052, #4627 ) ;
#3816 = CIRCLE ( 'NONE', #319, 25.00000000000000000 ) ;
#3817 =( NAMED_UNIT ( * ) SI_UNIT ( $, .STERADIAN. ) SOLID_ANGLE_UNIT ( ) );
#3818 = AXIS2_PLACEMENT_3D ( 'NONE', #1453, #4444, #4846 ) ;
#3819 = DATE_AND_TIME ( #1880, #4461 ) ;
#3820 = ORIENTED_EDGE ( 'NONE', *, *, #2386, .F. ) ;
#3821 = ADVANCED_FACE ( 'NONE', ( #1925 ), #770, .T. ) ;
#3822 = DIRECTION ( 'NONE',  ( -0.000000000000000000, -0.000000000000000000, 1.000000000000000000 ) ) ;
#3823 = ORIENTED_EDGE ( 'NONE', *, *, #527, .F. ) ;
#3824 = DIRECTION ( 'NONE',  ( 0.000000000000000000, -1.000000000000000000, 0.000000000000000000 ) ) ;
#3825 = DIRECTION ( 'NONE',  ( 0.000000000000000000, 0.000000000000000000, -1.000000000000000000 ) ) ;
#3826 = AXIS2_PLACEMENT_3D ( 'NONE', #3245, #4763, #511 ) ;
#3827 = APPROVAL_ROLE ( '' ) ;
#3828 = VECTOR ( 'NONE', #724, 1000.000000000000000 ) ;
#3829 = CARTESIAN_POINT ( 'NONE',  ( 0.000000000000000000, 0.000000000000000000, 25.00000000000000000 ) ) ;
#3830 = ORIENTED_EDGE ( 'NONE', *, *, #4880, .F. ) ;
#3831 = LINE ( 'NONE', #2753, #3735 ) ;
#3832 = APPLICATION_CONTEXT ( 'configuration controlled 3d designs of mechanical parts and assemblies' ) ;
#3833 = CC_DESIGN_SECURITY_CLASSIFICATION ( #1038, ( #3272 ) ) ;
#3834 = AXIS2_PLACEMENT_3D ( 'NONE', #955, #2487, #4802 ) ;
#3835 = CARTESIAN_POINT ( 'NONE',  ( 25.00000000000000355, -5.000000000000000000, -4.999999999999999112 ) ) ;
#3836 = DATE_AND_TIME ( #4857, #340 ) ;
#3837 = LOCAL_TIME ( 22, 14, 50.00000000000000000, #4423 ) ;
#3838 = AXIS2_PLACEMENT_3D ( 'NONE', #2554, #2959, #756 ) ;
#3839 = DIRECTION ( 'NONE',  ( 1.000000000000000000, 0.000000000000000000, 0.000000000000000000 ) ) ;
#3840 = ORGANIZATION ( 'NAUO-ORG5', 'UNSPECIFIED', 'UNSPECIFIED' ) ;
#3841 = APPROVAL ( #4483, 'ๆช' ) ;
#3842 = EDGE_LOOP ( 'NONE', ( #1732, #2869, #3843, #3404 ) ) ;
#3843 = ORIENTED_EDGE ( 'NONE', *, *, #4642, .T. ) ;
#3844 = CARTESIAN_POINT ( 'NONE',  ( -2.499999999999992895, -20.00000000000000355, 5.000000000000000000 ) ) ;
#3845 = DIRECTION ( 'NONE',  ( -0.9583168983834726706, -3.017311718714536242E-17, -0.2857074067515246174 ) ) ;
#3846 = EDGE_CURVE ( 'NONE', #2036, #3740, #795, .T. ) ;
#3847 = PRODUCT_DEFINITION_SHAPE ( 'NONE', 'NONE',  #4876 ) ;
#3848 = VERTEX_POINT ( 'NONE', #1216 ) ;
#3849 = DIRECTION ( 'NONE',  ( 0.000000000000000000, 0.000000000000000000, 1.000000000000000000 ) ) ;
#3850 = VERTEX_POINT ( 'NONE', #4240 ) ;
#3851 = FACE_BOUND ( 'NONE', #4208, .T. ) ;
#3852 = CARTESIAN_POINT ( 'NONE',  ( 35.00000000000000000, -5.000000000000000000, -5.000000000000000888 ) ) ;
#3853 = EDGE_CURVE ( 'NONE', #1317, #918, #817, .T. ) ;
#3854 =( NAMED_UNIT ( * ) SI_UNIT ( $, .STERADIAN. ) SOLID_ANGLE_UNIT ( ) );
#3855 = DIRECTION ( 'NONE',  ( 0.000000000000000000, -1.000000000000000000, 0.000000000000000000 ) ) ;
#3856 = EDGE_LOOP ( 'NONE', ( #4109, #2983, #1187, #4908 ) ) ;
#3857 = CARTESIAN_POINT ( 'NONE',  ( -7.500000000000000000, -7.500000000000000000, 12.50000000000000355 ) ) ;
#3858 = DIRECTION ( 'NONE',  ( -0.000000000000000000, -1.000000000000000000, -0.000000000000000000 ) ) ;
#3859 = PERSON_AND_ORGANIZATION_ROLE ( 'design_supplier' ) ;
#3860 = CARTESIAN_POINT ( 'NONE',  ( -7.499999999999993783, 20.00000000000000000, 0.000000000000000000 ) ) ;
#3861 = VERTEX_POINT ( 'NONE', #4284 ) ;
#3862 = ORIENTED_EDGE ( 'NONE', *, *, #2358, .F. ) ;
#3863 = CARTESIAN_POINT ( 'NONE',  ( 3.061616997868383043E-15, 50.00000000000000000, 25.00000000000000000 ) ) ;
#3864 = CARTESIAN_POINT ( 'NONE',  ( -176.0420775404131177, 154.9999999999999432, 7.142685168788131200 ) ) ;
#3865 = EDGE_LOOP ( 'NONE', ( #451, #2485 ) ) ;
#3866 = CARTESIAN_POINT ( 'NONE',  ( 0.000000000000000000, 300.0000000000000000, 0.000000000000000000 ) ) ;
#3867 = ORIENTED_EDGE ( 'NONE', *, *, #1794, .F. ) ;
#3868 = DIRECTION ( 'NONE',  ( -0.000000000000000000, 1.000000000000000000, -0.000000000000000000 ) ) ;
#3869 = ADVANCED_FACE ( 'NONE', ( #966 ), #2007, .F. ) ;
#3870 = FACE_OUTER_BOUND ( 'NONE', #2623, .T. ) ;
#3871 = FACE_OUTER_BOUND ( 'NONE', #1345, .T. ) ;
#3872 = APPLICATION_PROTOCOL_DEFINITION ( 'international standard', 'config_control_design', 1994, #2523 ) ;
#3873 = CARTESIAN_POINT ( 'NONE',  ( 4.898587196589413026E-15, 0.000000000000000000, 40.00000000000000000 ) ) ;
#3874 = ORIENTED_EDGE ( 'NONE', *, *, #2595, .F. ) ;
#3875 = DIRECTION ( 'NONE',  ( 0.000000000000000000, 0.000000000000000000, 1.000000000000000000 ) ) ;
#3876 = CARTESIAN_POINT ( 'NONE',  ( -7.499999999999993783, 20.00000000000000000, 0.000000000000000000 ) ) ;
#3877 = EDGE_CURVE ( 'NONE', #4572, #2448, #2055, .T. ) ;
#3878 = VECTOR ( 'NONE', #3310, 1000.000000000000000 ) ;
#3879 = DIRECTION ( 'NONE',  ( 0.000000000000000000, 0.000000000000000000, -1.000000000000000000 ) ) ;
#3880 = AXIS2_PLACEMENT_3D ( 'NONE', #3400, #1848, #688 ) ;
#3881 = APPROVAL_DATE_TIME ( #812, #1866 ) ;
#3882 = CARTESIAN_POINT ( 'NONE',  ( 0.000000000000000000, 300.0000000000000000, 25.00000000000000000 ) ) ;
#3883 = EDGE_CURVE ( 'NONE', #2710, #3510, #1238, .T. ) ;
#3884 = CIRCLE ( 'NONE', #1167, 10.00000000000000000 ) ;
#3885 = ORIENTED_EDGE ( 'NONE', *, *, #1464, .F. ) ;
#3886 = ORIENTED_EDGE ( 'NONE', *, *, #684, .F. ) ;
#3887 = DIRECTION ( 'NONE',  ( -1.000000000000000000, 0.000000000000000000, 0.000000000000000000 ) ) ;
#3888 =( NAMED_UNIT ( * ) PLANE_ANGLE_UNIT ( ) SI_UNIT ( $, .RADIAN. ) );
#3889 = EDGE_LOOP ( 'NONE', ( #898, #1979, #3874, #1116 ) ) ;
#3890 = AXIS2_PLACEMENT_3D ( 'NONE', #1756, #568, #4053 ) ;
#3891 = DIRECTION ( 'NONE',  ( 0.000000000000000000, 1.000000000000000000, 0.000000000000000000 ) ) ;
#3892 = ORIENTED_EDGE ( 'NONE', *, *, #1219, .T. ) ;
#3893 = CARTESIAN_POINT ( 'NONE',  ( 0.000000000000000000, 40.00000000000000000, 0.000000000000000000 ) ) ;
#3894 = DIRECTION ( 'NONE',  ( 0.000000000000000000, 1.000000000000000000, 0.000000000000000000 ) ) ;
#3895 = AXIS2_PLACEMENT_3D ( 'NONE', #606, #3646, #3225 ) ;
#3896 = CALENDAR_DATE ( 2026, 6, 6 ) ;
#3897 = DIRECTION ( 'NONE',  ( -0.000000000000000000, -0.000000000000000000, 1.000000000000000000 ) ) ;
#3898 = VERTEX_POINT ( 'NONE', #2495 ) ;
#3899 = VECTOR ( 'NONE', #3150, 1000.000000000000000 ) ;
#3900 = DIRECTION ( 'NONE',  ( 1.000000000000000000, -0.000000000000000000, -0.000000000000000000 ) ) ;
#3901 = LINE ( 'NONE', #2782, #2070 ) ;
#3902 = ADVANCED_FACE ( 'NONE', ( #4336 ), #4363, .F. ) ;
#3903 = FACE_BOUND ( 'NONE', #3700, .T. ) ;
#3904 = APPROVAL_ROLE ( '' ) ;
#3905 = CARTESIAN_POINT ( 'NONE',  ( -7.500000000000000000, 292.5000000000000000, 10.00000000000001066 ) ) ;
#3906 = CC_DESIGN_APPROVAL ( #3399, ( #3775 ) ) ;
#3907 = AXIS2_PLACEMENT_3D ( 'NONE', #4750, #607, #2074 ) ;
#3908 = EDGE_CURVE ( 'NONE', #1379, #4577, #3936, .T. ) ;
#3909 = LOCAL_TIME ( 22, 14, 50.00000000000000000, #2786 ) ;
#3910 = AXIS2_PLACEMENT_3D ( 'NONE', #3599, #2871, #1695 ) ;
#3911 = COORDINATED_UNIVERSAL_TIME_OFFSET ( 8, 0, .AHEAD. ) ;
#3912 = ORIENTED_EDGE ( 'NONE', *, *, #736, .T. ) ;
#3913 = CARTESIAN_POINT ( 'NONE',  ( -5.000000000000001776, 250.0000000000000000, 37.50000000000000711 ) ) ;
#3914 = LOCAL_TIME ( 22, 14, 50.00000000000000000, #2964 ) ;
#3915 = AXIS2_PLACEMENT_3D ( 'NONE', #422, #60, #3063 ) ;
#3916 = EDGE_CURVE ( 'NONE', #3200, #989, #332, .T. ) ;
#3917 = VERTEX_POINT ( 'NONE', #3913 ) ;
#3918 = CARTESIAN_POINT ( 'NONE',  ( -7.500000000000000000, 207.5000000000000284, 37.50000000000000711 ) ) ;
#3919 = EDGE_LOOP ( 'NONE', ( #1296, #114, #3294, #815 ) ) ;
#3920 = CARTESIAN_POINT ( 'NONE',  ( -5.000000000000000000, 6.123233995736766282E-16, 5.000000000000000000 ) ) ;
#3921 = DIRECTION ( 'NONE',  ( 1.925929944387235579E-32, 1.000000000000000000, -0.000000000000000000 ) ) ;
#3922 = APPROVAL_STATUS ( 'not_yet_approved' ) ;
#3923 = DIRECTION ( 'NONE',  ( 0.000000000000000000, 1.000000000000000000, 0.000000000000000000 ) ) ;
#3924 = PRODUCT ( 'stamp_head', 'stamp_head', '', ( #2902 ) ) ;
#3925 = VERTEX_POINT ( 'NONE', #506 ) ;
#3926 = DIRECTION ( 'NONE',  ( -1.000000000000000000, 0.000000000000000000, 0.000000000000000000 ) ) ;
#3927 = CARTESIAN_POINT ( 'NONE',  ( -7.500000000000000000, 0.000000000000000000, 25.00000000000000000 ) ) ;
#3928 = PRODUCT_RELATED_PRODUCT_CATEGORY ( 'detail', '', ( #608 ) ) ;
#3929 = DIRECTION ( 'NONE',  ( -0.000000000000000000, -0.000000000000000000, 1.000000000000000000 ) ) ;
#3930 = CALENDAR_DATE ( 2026, 6, 6 ) ;
#3931 = CARTESIAN_POINT ( 'NONE',  ( 0.000000000000000000, 250.0000000000000000, 50.00000000000000000 ) ) ;
#3932 = EDGE_CURVE ( 'NONE', #2676, #3861, #126, .T. ) ;
#3933 = ORIENTED_EDGE ( 'NONE', *, *, #3238, .T. ) ;
#3934 = DATE_AND_TIME ( #2003, #416 ) ;
#3935 = VERTEX_POINT ( 'NONE', #4011 ) ;
#3936 = LINE ( 'NONE', #3960, #1899 ) ;
#3937 = EDGE_CURVE ( 'NONE', #2347, #1016, #1637, .T. ) ;
#3938 = VERTEX_POINT ( 'NONE', #1315 ) ;
#3939 = VERTEX_POINT ( 'NONE', #544 ) ;
#3940 = CARTESIAN_POINT ( 'NONE',  ( 7.500000000000000000, 2.101339093494567144E-15, 5.000000000000000000 ) ) ;
#3941 = ORIENTED_EDGE ( 'NONE', *, *, #825, .T. ) ;
#3942 = CARTESIAN_POINT ( 'NONE',  ( 0.000000000000000000, 250.0000000000000000, 0.000000000000000000 ) ) ;
#3943 = EDGE_CURVE ( 'NONE', #2373, #1780, #3035, .T. ) ;
#3944 = SHAPE_REPRESENTATION ( 'link3_forearm', ( #4310 ), #1898 ) ;
#3945 = PERSON ( 'NAUO-PER6', 'UNSPECIFIED', 'UNSPECIFIED', ('UNSPECIFIED'), ('UNSPECIFIED'), ('UNSPECIFIED') ) ;
#3946 = COORDINATED_UNIVERSAL_TIME_OFFSET ( 8, 0, .AHEAD. ) ;
#3947 = FACE_OUTER_BOUND ( 'NONE', #605, .T. ) ;
#3948 = ORIENTED_EDGE ( 'NONE', *, *, #3691, .T. ) ;
#3949 = CARTESIAN_POINT ( 'NONE',  ( 7.500000000000000000, 40.00000000000000000, 5.000000000000000000 ) ) ;
#3950 = DIRECTION ( 'NONE',  ( 0.000000000000000000, 0.000000000000000000, 1.000000000000000000 ) ) ;
#3951 = CC_DESIGN_PERSON_AND_ORGANIZATION_ASSIGNMENT ( #3552, #888, ( #175 ) ) ;
#3952 = CARTESIAN_POINT ( 'NONE',  ( -7.499999999999994671, -20.00000000000000355, 5.000000000000000000 ) ) ;
#3953 = COORDINATED_UNIVERSAL_TIME_OFFSET ( 8, 0, .AHEAD. ) ;
#3954 = FACE_OUTER_BOUND ( 'NONE', #4831, .T. ) ;
#3955 = CIRCLE ( 'NONE', #1248, 25.00000000000000000 ) ;
#3956 = AXIS2_PLACEMENT_3D ( 'NONE', #4183, #3050, #2093 ) ;
#3957 = CC_DESIGN_PERSON_AND_ORGANIZATION_ASSIGNMENT ( #462, #781, ( #1958 ) ) ;
#3958 = SHAPE_DEFINITION_REPRESENTATION ( #3713, #3944 ) ;
#3959 = ORIENTED_EDGE ( 'NONE', *, *, #3234, .F. ) ;
#3960 = CARTESIAN_POINT ( 'NONE',  ( -7.500000000000000000, 300.0000000000000000, 25.00000000000000000 ) ) ;
#3961 = AXIS2_PLACEMENT_3D ( 'NONE', #758, #396, #423 ) ;
#3962 = EDGE_LOOP ( 'NONE', ( #4182, #3820, #415, #5 ) ) ;
#3963 = EDGE_CURVE ( 'NONE', #237, #4873, #2629, .T. ) ;
#3964 = VERTEX_POINT ( 'NONE', #894 ) ;
#3965 = ORIENTED_EDGE ( 'NONE', *, *, #1251, .F. ) ;
#3966 = FACE_OUTER_BOUND ( 'NONE', #4544, .T. ) ;
#3967 = CARTESIAN_POINT ( 'NONE',  ( -7.499999999999994671, -20.00000000000000355, 5.000000000000000000 ) ) ;
#3968 = ORIENTED_EDGE ( 'NONE', *, *, #1185, .T. ) ;
#3969 = AXIS2_PLACEMENT_3D ( 'NONE', #4159, #2265, #1484 ) ;
#3970 = ADVANCED_FACE ( 'NONE', ( #2424 ), #2029, .T. ) ;
#3971 = APPROVAL_ROLE ( '' ) ;
#3972 = CARTESIAN_POINT ( 'NONE',  ( 3.061616997868383043E-15, 50.00000000000000000, 25.00000000000000000 ) ) ;
#3973 = ORIENTED_EDGE ( 'NONE', *, *, #1555, .T. ) ;
#3974 = DIRECTION ( 'NONE',  ( 1.000000000000000000, 0.000000000000000000, 0.000000000000000000 ) ) ;
#3975 = CYLINDRICAL_SURFACE ( 'NONE', #336, 9.999999999999998224 ) ;
#3976 = AXIS2_PLACEMENT_3D ( 'NONE', #2020, #1534, #2459 ) ;
#3977 = AXIS2_PLACEMENT_3D ( 'NONE', #1990, #4290, #2276 ) ;
#3978 = DIRECTION ( 'NONE',  ( 1.000000000000000000, 0.000000000000000000, 0.000000000000000000 ) ) ;
#3979 = SECURITY_CLASSIFICATION_LEVEL ( 'unclassified' ) ;
#3980 = DIRECTION ( 'NONE',  ( -0.000000000000000000, -1.000000000000000000, -0.000000000000000000 ) ) ;
#3981 = DIRECTION ( 'NONE',  ( -0.000000000000000000, 1.000000000000000000, -0.000000000000000000 ) ) ;
#3982 = DIRECTION ( 'NONE',  ( 0.000000000000000000, -0.000000000000000000, -1.000000000000000000 ) ) ;
#3983 = COORDINATED_UNIVERSAL_TIME_OFFSET ( 8, 0, .AHEAD. ) ;
#3984 = LOCAL_TIME ( 22, 14, 50.00000000000000000, #3298 ) ;
#3985 = VERTEX_POINT ( 'NONE', #151 ) ;
#3986 = VECTOR ( 'NONE', #1589, 1000.000000000000000 ) ;
#3987 = DIRECTION ( 'NONE',  ( 0.000000000000000000, -0.000000000000000000, 1.000000000000000000 ) ) ;
#3988 = APPROVAL ( #3359, 'ๆช' ) ;
#3989 = APPLICATION_CONTEXT ( 'configuration controlled 3d designs of mechanical parts and assemblies' ) ;
#3990 = SECURITY_CLASSIFICATION ( '', '', #4255 ) ;
#3991 = AXIS2_PLACEMENT_3D ( 'NONE', #3762, #355, #1511 ) ;
#3992 = ORIENTED_EDGE ( 'NONE', *, *, #3604, .F. ) ;
#3993 = VERTEX_POINT ( 'NONE', #1662 ) ;
#3994 = ORIENTED_EDGE ( 'NONE', *, *, #351, .T. ) ;
#3995 = CARTESIAN_POINT ( 'NONE',  ( 5.000000000000004441, 60.00000000000000000, 12.50000000000000000 ) ) ;
#3996 = DIRECTION ( 'NONE',  ( 0.000000000000000000, 0.000000000000000000, -1.000000000000000000 ) ) ;
#3997 = EDGE_CURVE ( 'NONE', #2773, #4000, #3633, .T. ) ;
#3998 = PERSON_AND_ORGANIZATION ( #3229, #83 ) ;
#3999 = DIRECTION ( 'NONE',  ( -0.000000000000000000, -0.000000000000000000, 1.000000000000000000 ) ) ;
#4000 = VERTEX_POINT ( 'NONE', #4719 ) ;
#4001 = CARTESIAN_POINT ( 'NONE',  ( 299.9999999999998295, -800.0000000000000000, 250.0000000000000568 ) ) ;
#4002 = LINE ( 'NONE', #4023, #252 ) ;
#4003 = ADVANCED_FACE ( 'NONE', ( #1294 ), #3237, .F. ) ;
#4004 = LINE ( 'NONE', #2049, #2932 ) ;
#4005 = DATE_AND_TIME ( #959, #2640 ) ;
#4006 = LINE ( 'NONE', #246, #3183 ) ;
#4007 = EDGE_CURVE ( 'NONE', #986, #54, #576, .T. ) ;
#4008 = APPROVAL_STATUS ( 'not_yet_approved' ) ;
#4009 = EDGE_LOOP ( 'NONE', ( #2247, #34, #1313, #828 ) ) ;
#4010 = EDGE_LOOP ( 'NONE', ( #1089, #3892, #3198, #1066 ) ) ;
#4011 = CARTESIAN_POINT ( 'NONE',  ( 5.000000000000000000, 0.000000000000000000, 37.50000000000000711 ) ) ;
#4012 = EDGE_LOOP ( 'NONE', ( #1473, #4263 ) ) ;
#4013 = VERTEX_POINT ( 'NONE', #1335 ) ;
#4014 = CC_DESIGN_PERSON_AND_ORGANIZATION_ASSIGNMENT ( #3682, #933, ( #4868 ) ) ;
#4015 = VERTEX_POINT ( 'NONE', #2862 ) ;
#4016 = DIRECTION ( 'NONE',  ( 1.000000000000000000, 0.000000000000000000, 0.000000000000000000 ) ) ;
#4017 = FACE_BOUND ( 'NONE', #4318, .T. ) ;
#4018 = APPROVAL_ROLE ( '' ) ;
#4019 = ADVANCED_FACE ( 'NONE', ( #1616 ), #2894, .F. ) ;
#4020 = CARTESIAN_POINT ( 'NONE',  ( 0.000000000000000000, 250.0000000000000000, 37.50000000000000711 ) ) ;
#4021 = ORIENTED_EDGE ( 'NONE', *, *, #1035, .T. ) ;
#4022 = DIRECTION ( 'NONE',  ( -0.000000000000000000, -1.000000000000000000, -0.000000000000000000 ) ) ;
#4023 = CARTESIAN_POINT ( 'NONE',  ( 2.602085213965210642E-15, 20.00000000000000000, 5.000000000000000000 ) ) ;
#4024 = DESIGN_CONTEXT ( 'detailed design', #2980, 'design' ) ;
#4025 = EDGE_CURVE ( 'NONE', #2752, #3469, #2866, .T. ) ;
#4026 = CARTESIAN_POINT ( 'NONE',  ( 0.000000000000000000, 100.0000000000000000, 12.50000000000000000 ) ) ;
#4027 = APPROVAL_DATE_TIME ( #4735, #4898 ) ;
#4028 = LINE ( 'NONE', #590, #1659 ) ;
#4029 = PRODUCT_DEFINITION_SHAPE ( 'NONE', 'NONE',  #4924 ) ;
#4030 = EDGE_CURVE ( 'NONE', #2693, #2892, #2212, .T. ) ;
#4031 = AXIS2_PLACEMENT_3D ( 'NONE', #2442, #3556, #3982 ) ;
#4032 = PERSON_AND_ORGANIZATION ( #3229, #83 ) ;
#4033 = LINE ( 'NONE', #3940, #4512 ) ;
#4034 = DIRECTION ( 'NONE',  ( 0.000000000000000000, 0.000000000000000000, 1.000000000000000000 ) ) ;
#4035 = VECTOR ( 'NONE', #1970, 1000.000000000000000 ) ;
#4036 = AXIS2_PLACEMENT_3D ( 'NONE', #1495, #4543, #897 ) ;
#4037 = VERTEX_POINT ( 'NONE', #3361 ) ;
#4038 = ORIENTED_EDGE ( 'NONE', *, *, #741, .F. ) ;
#4039 = CIRCLE ( 'NONE', #4364, 5.000000000000000000 ) ;
#4040 = ORIENTED_EDGE ( 'NONE', *, *, #2975, .T. ) ;
#4041 = DIRECTION ( 'NONE',  ( 0.000000000000000000, -1.000000000000000000, 0.000000000000000000 ) ) ;
#4042 = CARTESIAN_POINT ( 'NONE',  ( -5.000000000000003553, 300.0000000000000000, 10.00000000000001243 ) ) ;
#4043 = AXIS2_PLACEMENT_3D ( 'NONE', #2878, #3644, #209 ) ;
#4044 = PERSON_AND_ORGANIZATION_ROLE ( 'creator' ) ;
#4045 = LINE ( 'NONE', #1423, #1653 ) ;
#4046 = ORIENTED_EDGE ( 'NONE', *, *, #3744, .F. ) ;
#4047 = LINE ( 'NONE', #2852, #4132 ) ;
#4048 = CARTESIAN_POINT ( 'NONE',  ( 0.000000000000000000, 50.00000000000000000, 0.000000000000000000 ) ) ;
#4049 = CC_DESIGN_DATE_AND_TIME_ASSIGNMENT ( #2016, #188, ( #3 ) ) ;
#4050 = FACE_OUTER_BOUND ( 'NONE', #2282, .T. ) ;
#4051 = PERSON_AND_ORGANIZATION ( #2160, #1758 ) ;
#4052 = CIRCLE ( 'NONE', #1100, 4.999999999999999112 ) ;
#4053 = DIRECTION ( 'NONE',  ( -1.239088197126290570E-16, 0.000000000000000000, -1.000000000000000000 ) ) ;
#4054 = ADVANCED_FACE ( 'NONE', ( #4506, #1463 ), #987, .F. ) ;
#4055 = AXIS2_PLACEMENT_3D ( 'NONE', #3301, #3349, #345 ) ;
#4056 = PERSON_AND_ORGANIZATION ( #3229, #83 ) ;
#4057 = ORIENTED_EDGE ( 'NONE', *, *, #3932, .F. ) ;
#4058 = CARTESIAN_POINT ( 'NONE',  ( 0.000000000000000000, 0.000000000000000000, 0.000000000000000000 ) ) ;
#4059 = PERSON ( 'NAUO-PER10', 'UNSPECIFIED', 'UNSPECIFIED', ('UNSPECIFIED'), ('UNSPECIFIED'), ('UNSPECIFIED') ) ;
#4060 = DIRECTION ( 'NONE',  ( 1.000000000000000000, 0.000000000000000000, 0.000000000000000000 ) ) ;
#4061 = VECTOR ( 'NONE', #2553, 1000.000000000000000 ) ;
#4062 = ADVANCED_FACE ( 'NONE', ( #2515 ), #2995, .F. ) ;
#4063 = ORIENTED_EDGE ( 'NONE', *, *, #3260, .F. ) ;
#4064 = CIRCLE ( 'NONE', #3193, 17.50000000000000355 ) ;
#4065 = ORIENTED_EDGE ( 'NONE', *, *, #4580, .F. ) ;
#4066 = ORIENTED_EDGE ( 'NONE', *, *, #2968, .T. ) ;
#4067 = DIRECTION ( 'NONE',  ( -1.000000000000000000, 0.000000000000000000, 0.000000000000000000 ) ) ;
#4068 = CC_DESIGN_APPROVAL ( #1696, ( #3272 ) ) ;
#4069 = VECTOR ( 'NONE', #1041, 1000.000000000000000 ) ;
#4070 = LOCAL_TIME ( 22, 14, 50.00000000000000000, #4901 ) ;
#4071 = APPROVAL_ROLE ( '' ) ;
#4072 = CIRCLE ( 'NONE', #2718, 7.500000000000000000 ) ;
#4073 = DIRECTION ( 'NONE',  ( -0.000000000000000000, -0.000000000000000000, 1.000000000000000000 ) ) ;
#4074 = EDGE_LOOP ( 'NONE', ( #3207, #4259 ) ) ;
#4075 = FACE_BOUND ( 'NONE', #1855, .T. ) ;
#4076 = FACE_OUTER_BOUND ( 'NONE', #598, .T. ) ;
#4077 = PRODUCT_DEFINITION_SHAPE ( 'NONE', 'NONE',  #4918 ) ;
#4078 = DESIGN_CONTEXT ( 'detailed design', #4590, 'design' ) ;
#4079 = SECURITY_CLASSIFICATION ( '', '', #2259 ) ;
#4080 = CARTESIAN_POINT ( 'NONE',  ( 0.000000000000000000, 0.000000000000000000, 5.000000000000000000 ) ) ;
#4081 = DATE_TIME_ROLE ( 'classification_date' ) ;
#4082 = CARTESIAN_POINT ( 'NONE',  ( -7.500000000000000000, 0.000000000000000000, 25.00000000000000000 ) ) ;
#4083 = CARTESIAN_POINT ( 'NONE',  ( 7.500000000000000000, 257.5000000000000000, 12.50000000000001066 ) ) ;
#4084 = MECHANICAL_CONTEXT ( 'NONE', #4244, 'mechanical' ) ;
#4085 = ORIENTED_EDGE ( 'NONE', *, *, #2471, .T. ) ;
#4086 = EDGE_CURVE ( 'NONE', #4572, #798, #3262, .T. ) ;
#4087 = DIRECTION ( 'NONE',  ( 0.000000000000000000, -0.000000000000000000, 1.000000000000000000 ) ) ;
#4088 = CARTESIAN_POINT ( 'NONE',  ( 0.000000000000000000, 60.00000000000000000, -25.00000000000000355 ) ) ;
#4089 = EDGE_LOOP ( 'NONE', ( #3434, #1928, #2649, #271 ) ) ;
#4090 = ORIENTED_EDGE ( 'NONE', *, *, #1093, .T. ) ;
#4091 = EDGE_CURVE ( 'NONE', #1973, #2822, #1753, .T. ) ;
#4092 = ORIENTED_EDGE ( 'NONE', *, *, #3296, .T. ) ;
#4093 = DIRECTION ( 'NONE',  ( 0.000000000000000000, 0.000000000000000000, -1.000000000000000000 ) ) ;
#4094 = APPROVAL_ROLE ( '' ) ;
#4095 = EDGE_CURVE ( 'NONE', #1526, #510, #3659, .T. ) ;
#4096 = PLANE ( 'NONE',  #2923 ) ;
#4097 = ORIENTED_EDGE ( 'NONE', *, *, #3381, .T. ) ;
#4098 = CARTESIAN_POINT ( 'NONE',  ( 5.000000000000001776, 250.0000000000000000, 12.50000000000000888 ) ) ;
#4099 = CARTESIAN_POINT ( 'NONE',  ( -7.500000000000000000, 300.0000000000000000, 0.000000000000000000 ) ) ;
#4100 = CARTESIAN_POINT ( 'NONE',  ( 1.224646799147353059E-15, 50.00000000000000000, 9.999999999999998224 ) ) ;
#4101 = DIRECTION ( 'NONE',  ( 1.000000000000000000, -0.000000000000000000, -0.000000000000000000 ) ) ;
#4102 = APPROVAL_ROLE ( '' ) ;
#4103 = CARTESIAN_POINT ( 'NONE',  ( -5.000000000000000000, 6.123233995736766282E-16, 0.000000000000000000 ) ) ;
#4104 = PLANE ( 'NONE',  #4679 ) ;
#4105 = PERSON_AND_ORGANIZATION ( #3229, #83 ) ;
#4106 = DIRECTION ( 'NONE',  ( 1.000000000000000000, 0.000000000000000000, 0.000000000000000000 ) ) ;
#4107 = CARTESIAN_POINT ( 'NONE',  ( 21.65063509461096558, 102.5000000000000142, 12.50000000000000000 ) ) ;
#4108 = ORIENTED_EDGE ( 'NONE', *, *, #4091, .F. ) ;
#4109 = ORIENTED_EDGE ( 'NONE', *, *, #2907, .T. ) ;
#4110 = ORIENTED_EDGE ( 'NONE', *, *, #4249, .F. ) ;
#4111 = DIRECTION ( 'NONE',  ( -0.000000000000000000, 1.000000000000000000, -0.000000000000000000 ) ) ;
#4112 = AXIS2_PLACEMENT_3D ( 'NONE', #2147, #1790, #4872 ) ;
#4113 = ADVANCED_FACE ( 'NONE', ( #4833 ), #2589, .T. ) ;
#4114 = VECTOR ( 'NONE', #4176, 1000.000000000000000 ) ;
#4115 = CALENDAR_DATE ( 2026, 6, 6 ) ;
#4116 = CARTESIAN_POINT ( 'NONE',  ( 5.000000000000001776, 250.0000000000000000, 0.000000000000000000 ) ) ;
#4117 = VERTEX_POINT ( 'NONE', #718 ) ;
#4118 = FACE_OUTER_BOUND ( 'NONE', #2996, .T. ) ;
#4119 = PERSON ( 'NAUO-PER7', 'UNSPECIFIED', 'UNSPECIFIED', ('UNSPECIFIED'), ('UNSPECIFIED'), ('UNSPECIFIED') ) ;
#4120 = DIRECTION ( 'NONE',  ( 1.000000000000000000, 0.000000000000000000, 0.000000000000000000 ) ) ;
#4121 = UNCERTAINTY_MEASURE_WITH_UNIT (LENGTH_MEASURE( 1.000000000000000082E-05 ), #2726, 'distance_accuracy_value', 'NONE');
#4122 = AXIS2_PLACEMENT_3D ( 'NONE', #1404, #274, #685 ) ;
#4123 = EDGE_CURVE ( 'NONE', #1689, #2676, #1782, .T. ) ;
#4124 = DIRECTION ( 'NONE',  ( 0.000000000000000000, 1.000000000000000000, 0.000000000000000000 ) ) ;
#4125 = PERSON_AND_ORGANIZATION ( #4774, #3840 ) ;
#4126 = CARTESIAN_POINT ( 'NONE',  ( 7.500000000000000000, 207.5000000000000284, 37.50000000000000711 ) ) ;
#4127 = VECTOR ( 'NONE', #4356, 1000.000000000000000 ) ;
#4128 = LINE ( 'NONE', #4083, #843 ) ;
#4129 = APPROVAL_DATE_TIME ( #4882, #3557 ) ;
#4130 = CARTESIAN_POINT ( 'NONE',  ( 0.000000000000000000, 0.000000000000000000, 0.000000000000000000 ) ) ;
#4131 = CARTESIAN_POINT ( 'NONE',  ( 0.000000000000000000, 0.000000000000000000, 25.00000000000000000 ) ) ;
#4132 = VECTOR ( 'NONE', #634, 1000.000000000000000 ) ;
#4133 = ORIENTED_EDGE ( 'NONE', *, *, #160, .T. ) ;
#4134 = CARTESIAN_POINT ( 'NONE',  ( 10.00000000000000178, 5.000000000000000000, -15.00000000000000000 ) ) ;
#4135 = ORIENTED_EDGE ( 'NONE', *, *, #1619, .F. ) ;
#4136 = AXIS2_PLACEMENT_3D ( 'NONE', #81, #1956, #439 ) ;
#4137 = ORIENTED_EDGE ( 'NONE', *, *, #421, .T. ) ;
#4138 = LINE ( 'NONE', #2249, #3828 ) ;
#4139 = APPROVAL ( #4008, 'ๆช' ) ;
#4140 = PRODUCT_DEFINITION_FORMATION_WITH_SPECIFIED_SOURCE ( 'ไป', '', #654, .NOT_KNOWN. ) ;
#4141 = AXIS2_PLACEMENT_3D ( 'NONE', #476, #1564, #4260 ) ;
#4142 = CALENDAR_DATE ( 2026, 6, 6 ) ;
#4143 = DIRECTION ( 'NONE',  ( -0.000000000000000000, -0.000000000000000000, 1.000000000000000000 ) ) ;
#4144 = ORIENTED_EDGE ( 'NONE', *, *, #741, .T. ) ;
#4145 = CC_DESIGN_APPROVAL ( #1395, ( #1118 ) ) ;
#4146 = VECTOR ( 'NONE', #1413, 1000.000000000000000 ) ;
#4147 = CARTESIAN_POINT ( 'NONE',  ( 0.000000000000000000, -5.000000000000000000, 0.000000000000000000 ) ) ;
#4148 = ADVANCED_FACE ( 'NONE', ( #1014 ), #1831, .F. ) ;
#4149 = CYLINDRICAL_SURFACE ( 'NONE', #2962, 5.000000000000000888 ) ;
#4150 = APPLICATION_CONTEXT ( 'configuration controlled 3d designs of mechanical parts and assemblies' ) ;
#4151 = CC_DESIGN_SECURITY_CLASSIFICATION ( #256, ( #2711 ) ) ;
#4152 = DIRECTION ( 'NONE',  ( 0.000000000000000000, 0.000000000000000000, 1.000000000000000000 ) ) ;
#4153 = DATE_TIME_ROLE ( 'classification_date' ) ;
#4154 = CARTESIAN_POINT ( 'NONE',  ( -12.49999999999999645, -20.00000000000000355, 5.000000000000000000 ) ) ;
#4155 = EDGE_CURVE ( 'NONE', #4189, #2321, #648, .T. ) ;
#4156 = CC_DESIGN_APPROVAL ( #1459, ( #3 ) ) ;
#4157 = DIRECTION ( 'NONE',  ( 0.000000000000000000, 0.000000000000000000, -1.000000000000000000 ) ) ;
#4158 = APPLICATION_PROTOCOL_DEFINITION ( 'international standard', 'config_control_design', 1994, #4150 ) ;
#4159 = CARTESIAN_POINT ( 'NONE',  ( 0.000000000000000000, 250.0000000000000000, 12.50000000000001066 ) ) ;
#4160 = DIRECTION ( 'NONE',  ( -0.000000000000000000, -0.000000000000000000, -1.000000000000000000 ) ) ;
#4161 = ORIENTED_EDGE ( 'NONE', *, *, #615, .F. ) ;
#4162 = EDGE_LOOP ( 'NONE', ( #2738, #4090, #3714, #4630 ) ) ;
#4163 = LINE ( 'NONE', #104, #797 ) ;
#4164 = CC_DESIGN_DATE_AND_TIME_ASSIGNMENT ( #1705, #3306, ( #420 ) ) ;
#4165 = DATE_AND_TIME ( #2394, #796 ) ;
#4166 = ORIENTED_EDGE ( 'NONE', *, *, #1470, .T. ) ;
#4167 = CARTESIAN_POINT ( 'NONE',  ( -7.500000000000000000, 2.101339093494567144E-15, 5.000000000000000000 ) ) ;
#4168 = ORIENTED_EDGE ( 'NONE', *, *, #4181, .F. ) ;
#4169 = FACE_BOUND ( 'NONE', #388, .T. ) ;
#4170 = DIRECTION ( 'NONE',  ( 0.000000000000000000, 0.000000000000000000, -1.000000000000000000 ) ) ;
#4171 = EDGE_CURVE ( 'NONE', #4000, #2655, #4859, .T. ) ;
#4172 = CARTESIAN_POINT ( 'NONE',  ( 7.500000000000000000, 300.0000000000000000, 25.00000000000000000 ) ) ;
#4173 = ORIENTED_EDGE ( 'NONE', *, *, #3908, .T. ) ;
#4174 = DIRECTION ( 'NONE',  ( 0.000000000000000000, 0.000000000000000000, -1.000000000000000000 ) ) ;
#4175 = EDGE_CURVE ( 'NONE', #4185, #4691, #3689, .T. ) ;
#4176 = DIRECTION ( 'NONE',  ( 1.925929944387235579E-32, 1.000000000000000000, -0.000000000000000000 ) ) ;
#4177 = COORDINATED_UNIVERSAL_TIME_OFFSET ( 8, 0, .AHEAD. ) ;
#4178 = DIRECTION ( 'NONE',  ( -0.000000000000000000, -0.000000000000000000, -1.000000000000000000 ) ) ;
#4179 = CARTESIAN_POINT ( 'NONE',  ( -7.500000000000000000, 2.101339093494567144E-15, 0.000000000000000000 ) ) ;
#4180 = ADVANCED_BREP_SHAPE_REPRESENTATION ( '', ( #410, #4310 ), #642 ) ;
#4182 = ORIENTED_EDGE ( 'NONE', *, *, #2781, .T. ) ;
#4181 = EDGE_CURVE ( 'NONE', #3455, #3985, #4457, .T. ) ;
#4183 = CARTESIAN_POINT ( 'NONE',  ( 300.0000000000001705, 30.00000000000000000, -300.0000000000000568 ) ) ;
#4184 = EDGE_LOOP ( 'NONE', ( #3232, #4110 ) ) ;
#4185 = VERTEX_POINT ( 'NONE', #3336 ) ;
#4186 = PLANE ( 'NONE',  #3348 ) ;
#4187 = VERTEX_POINT ( 'NONE', #1441 ) ;
#4188 = PERSON_AND_ORGANIZATION ( #3229, #83 ) ;
#4189 = VERTEX_POINT ( 'NONE', #4107 ) ;
#4190 = LINE ( 'NONE', #2669, #768 ) ;
#4191 = VECTOR ( 'NONE', #2770, 1000.000000000000000 ) ;
#4192 = EDGE_LOOP ( 'NONE', ( #1046, #2897, #1424, #4569 ) ) ;
#4193 = DIRECTION ( 'NONE',  ( 0.000000000000000000, 1.000000000000000000, 0.000000000000000000 ) ) ;
#4194 = CARTESIAN_POINT ( 'NONE',  ( 0.000000000000000000, 0.000000000000000000, -40.00000000000000000 ) ) ;
#4195 = CIRCLE ( 'NONE', #4514, 5.000000000000000000 ) ;
#4196 = DATE_AND_TIME ( #3896, #485 ) ;
#4197 = DIRECTION ( 'NONE',  ( -0.000000000000000000, -0.000000000000000000, -1.000000000000000000 ) ) ;
#4198 = VERTEX_POINT ( 'NONE', #2974 ) ;
#4199 =( REPRESENTATION_RELATIONSHIP ('NONE','NONE', #696, #3944 ) REPRESENTATION_RELATIONSHIP_WITH_TRANSFORMATION ( #2583 )SHAPE_REPRESENTATION_RELATIONSHIP( ) );
#4200 = FACE_OUTER_BOUND ( 'NONE', #3438, .T. ) ;
#4201 = AXIS2_PLACEMENT_3D ( 'NONE', #4522, #2653, #2230 ) ;
#4202 = CC_DESIGN_PERSON_AND_ORGANIZATION_ASSIGNMENT ( #2587, #787, ( #2711 ) ) ;
#4203 = PLANE ( 'NONE',  #384 ) ;
#4204 = APPROVAL_ROLE ( '' ) ;
#4205 = CARTESIAN_POINT ( 'NONE',  ( 4.898587196589413026E-15, 20.00000000000000000, 40.00000000000000000 ) ) ;
#4206 = EDGE_CURVE ( 'NONE', #4343, #2269, #4714, .T. ) ;
#4207 = ORIENTED_EDGE ( 'NONE', *, *, #886, .F. ) ;
#4208 = EDGE_LOOP ( 'NONE', ( #4507, #2898 ) ) ;
#4209 = ORIENTED_EDGE ( 'NONE', *, *, #1619, .T. ) ;
#4210 = DIRECTION ( 'NONE',  ( 0.000000000000000000, -0.000000000000000000, 1.000000000000000000 ) ) ;
#4211 = VECTOR ( 'NONE', #1136, 1000.000000000000000 ) ;
#4212 = EDGE_CURVE ( 'NONE', #1410, #1860, #3810, .T. ) ;
#4213 = DIRECTION ( 'NONE',  ( 0.6320376945634205157, -5.125181086076901721E-17, 0.7749376443630521250 ) ) ;
#4214 = CIRCLE ( 'NONE', #3337, 7.500000000000000000 ) ;
#4215 = ORIENTED_EDGE ( 'NONE', *, *, #3466, .F. ) ;
#4216 = FACE_OUTER_BOUND ( 'NONE', #1833, .T. ) ;
#4217 = ORIENTED_EDGE ( 'NONE', *, *, #2939, .F. ) ;
#4218 = DIRECTION ( 'NONE',  ( -1.000000000000000000, -0.000000000000000000, -0.000000000000000000 ) ) ;
#4219 = EDGE_CURVE ( 'NONE', #677, #2998, #4707, .T. ) ;
#4220 = DIRECTION ( 'NONE',  ( -1.000000000000000000, 1.925929944387235579E-32, 0.000000000000000000 ) ) ;
#4221 = AXIS2_PLACEMENT_3D ( 'NONE', #657, #992, #2172 ) ;
#4222 = APPROVAL_PERSON_ORGANIZATION ( #4188, #967, #1635 ) ;
#4223 = CALENDAR_DATE ( 2026, 6, 6 ) ;
#4224 = VECTOR ( 'NONE', #1982, 1000.000000000000000 ) ;
#4225 = DIRECTION ( 'NONE',  ( 0.000000000000000000, 0.000000000000000000, 1.000000000000000000 ) ) ;
#4226 = ORIENTED_EDGE ( 'NONE', *, *, #2262, .T. ) ;
#4227 = PLANE ( 'NONE',  #2858 ) ;
#4228 = LOCAL_TIME ( 22, 14, 50.00000000000000000, #833 ) ;
#4229 = VECTOR ( 'NONE', #2167, 1000.000000000000000 ) ;
#4230 = DIRECTION ( 'NONE',  ( 1.000000000000000000, 0.000000000000000000, -0.000000000000000000 ) ) ;
#4231 = DATE_AND_TIME ( #498, #2324 ) ;
#4232 = APPROVAL_PERSON_ORGANIZATION ( #4295, #2830, #1205 ) ;
#4233 = AXIS2_PLACEMENT_3D ( 'NONE', #4248, #3894, #3081 ) ;
#4234 = DIRECTION ( 'NONE',  ( -0.000000000000000000, -1.000000000000000000, -0.000000000000000000 ) ) ;
#4235 = EDGE_LOOP ( 'NONE', ( #3632, #551, #3519, #3197 ) ) ;
#4236 = ADVANCED_FACE ( 'NONE', ( #745 ), #3783, .T. ) ;
#4237 = VERTEX_POINT ( 'NONE', #1231 ) ;
#4238 = EDGE_LOOP ( 'NONE', ( #4346, #4790, #767, #1074 ) ) ;
#4239 = ORIENTED_EDGE ( 'NONE', *, *, #684, .T. ) ;
#4240 = CARTESIAN_POINT ( 'NONE',  ( 7.500000000000000000, 0.000000000000000000, 14.99999999999997513 ) ) ;
#4241 = PRODUCT_DEFINITION_SHAPE ( 'NONE', 'NONE',  #4921 ) ;
#4242 = ADVANCED_FACE ( 'NONE', ( #2811 ), #1628, .F. ) ;
#4243 = ORIENTED_EDGE ( 'NONE', *, *, #1679, .F. ) ;
#4244 = APPLICATION_CONTEXT ( 'configuration controlled 3d designs of mechanical parts and assemblies' ) ;
#4245 = DIRECTION ( 'NONE',  ( -0.000000000000000000, -0.000000000000000000, -1.000000000000000000 ) ) ;
#4246 = VERTEX_POINT ( 'NONE', #2021 ) ;
#4247 = DIRECTION ( 'NONE',  ( 0.000000000000000000, 0.000000000000000000, -1.000000000000000000 ) ) ;
#4248 = CARTESIAN_POINT ( 'NONE',  ( 0.000000000000000000, 0.000000000000000000, 0.000000000000000000 ) ) ;
#4249 = EDGE_CURVE ( 'NONE', #1490, #949, #1984, .T. ) ;
#4250 = DIRECTION ( 'NONE',  ( 0.2138584613046838612, 0.6631092391041353284, -0.7173218911640212303 ) ) ;
#4251 = FACE_OUTER_BOUND ( 'NONE', #1910, .T. ) ;
#4252 = VERTEX_POINT ( 'NONE', #493 ) ;
#4253 = FACE_BOUND ( 'NONE', #360, .T. ) ;
#4254 = FACE_BOUND ( 'NONE', #1318, .T. ) ;
#4255 = SECURITY_CLASSIFICATION_LEVEL ( 'unclassified' ) ;
#4256 = DIRECTION ( 'NONE',  ( 1.000000000000000000, 0.000000000000000000, 0.000000000000000000 ) ) ;
#4257 = ORIENTED_EDGE ( 'NONE', *, *, #3625, .F. ) ;
#4258 = ORIENTED_EDGE ( 'NONE', *, *, #469, .T. ) ;
#4259 = ORIENTED_EDGE ( 'NONE', *, *, #2627, .T. ) ;
#4260 = DIRECTION ( 'NONE',  ( 0.000000000000000000, 0.000000000000000000, 1.000000000000000000 ) ) ;
#4261 = DIRECTION ( 'NONE',  ( -0.9583168983834732257, -1.325222725203258067E-19, -0.2857074067515221749 ) ) ;
#4262 = ADVANCED_FACE ( 'NONE', ( #2266 ), #2639, .F. ) ;
#4263 = ORIENTED_EDGE ( 'NONE', *, *, #4797, .F. ) ;
#4264 = DIRECTION ( 'NONE',  ( 0.000000000000000000, -1.000000000000000000, 0.000000000000000000 ) ) ;
#4265 = VERTEX_POINT ( 'NONE', #1111 ) ;
#4266 = DIRECTION ( 'NONE',  ( 0.000000000000000000, 0.000000000000000000, 1.000000000000000000 ) ) ;
#4267 = DIRECTION ( 'NONE',  ( 0.000000000000000000, 1.000000000000000000, 0.000000000000000000 ) ) ;
#4268 = ADVANCED_FACE ( 'NONE', ( #91, #468 ), #905, .T. ) ;
#4269 = DIRECTION ( 'NONE',  ( 0.000000000000000000, 0.000000000000000000, 1.000000000000000000 ) ) ;
#4270 = ORIENTED_EDGE ( 'NONE', *, *, #747, .F. ) ;
#4271 = CARTESIAN_POINT ( 'NONE',  ( 7.500000000000000000, 300.0000000000000000, 10.00000000000001243 ) ) ;
#4272 = CARTESIAN_POINT ( 'NONE',  ( 5.000000000000003553, 300.0000000000000000, 15.00000000000001421 ) ) ;
#4273 = ADVANCED_FACE ( 'NONE', ( #4328 ), #2383, .F. ) ;
#4274 = CIRCLE ( 'NONE', #2762, 10.00000000000000000 ) ;
#4275 = CIRCLE ( 'NONE', #136, 5.000000000000000000 ) ;
#4276 = CARTESIAN_POINT ( 'NONE',  ( 35.00000000000000000, 5.000000000000000000, -5.000000000000000888 ) ) ;
#4277 = VECTOR ( 'NONE', #3726, 1000.000000000000000 ) ;
#4278 = MECHANICAL_CONTEXT ( 'NONE', #4498, 'mechanical' ) ;
#4279 = DIRECTION ( 'NONE',  ( 0.000000000000000000, 1.000000000000000000, 0.000000000000000000 ) ) ;
#4280 = PLANE ( 'NONE',  #4031 ) ;
#4281 = AXIS2_PLACEMENT_3D ( 'NONE', #557, #3999, #2071 ) ;
#4282 = PERSON_AND_ORGANIZATION ( #3229, #83 ) ;
#4283 = VERTEX_POINT ( 'NONE', #4272 ) ;
#4284 = CARTESIAN_POINT ( 'NONE',  ( 249.9999999999998863, 0.000000000000000000, 299.9999999999998295 ) ) ;
#4285 = VERTEX_POINT ( 'NONE', #3380 ) ;
#4287 = AXIS2_PLACEMENT_3D ( 'NONE', #2491, #909, #542 ) ;
#4286 = APPROVAL ( #1789, 'ๆช' ) ;
#4288 = FACE_OUTER_BOUND ( 'NONE', #4619, .T. ) ;
#4289 = ORIENTED_EDGE ( 'NONE', *, *, #3089, .F. ) ;
#4290 = DIRECTION ( 'NONE',  ( 0.000000000000000000, 0.000000000000000000, 1.000000000000000000 ) ) ;
#4291 = LINE ( 'NONE', #419, #2802 ) ;
#4292 = VECTOR ( 'NONE', #1750, 1000.000000000000000 ) ;
#4293 = ADVANCED_FACE ( 'NONE', ( #3403 ), #1966, .F. ) ;
#4294 = CARTESIAN_POINT ( 'NONE',  ( 0.000000000000000000, 50.00000000000000000, 0.000000000000000000 ) ) ;
#4295 = PERSON_AND_ORGANIZATION ( #4059, #4720 ) ;
#4296 = ORIENTED_EDGE ( 'NONE', *, *, #2563, .T. ) ;
#4297 = PERSON ( 'NAUO-PER3', 'UNSPECIFIED', 'UNSPECIFIED', ('UNSPECIFIED'), ('UNSPECIFIED'), ('UNSPECIFIED') ) ;
#4298 = VECTOR ( 'NONE', #3175, 1000.000000000000000 ) ;
#4299 = DIRECTION ( 'NONE',  ( 1.000000000000000000, 0.000000000000000000, 0.000000000000000000 ) ) ;
#4300 = DIRECTION ( 'NONE',  ( -0.000000000000000000, -0.000000000000000000, 1.000000000000000000 ) ) ;
#4301 = LOCAL_TIME ( 22, 14, 50.00000000000000000, #3545 ) ;
#4302 = VECTOR ( 'NONE', #3342, 1000.000000000000000 ) ;
#4303 = ADVANCED_FACE ( 'NONE', ( #1997 ), #1139, .F. ) ;
#4304 = LINE ( 'NONE', #3426, #4834 ) ;
#4305 = APPROVAL_ROLE ( '' ) ;
#4306 = DIRECTION ( 'NONE',  ( -0.000000000000000000, -1.000000000000000000, -0.000000000000000000 ) ) ;
#4307 = LOCAL_TIME ( 22, 14, 50.00000000000000000, #2251 ) ;
#4308 = CIRCLE ( 'NONE', #2557, 7.500000000000000000 ) ;
#4309 = SECURITY_CLASSIFICATION ( '', '', #1509 ) ;
#4310 = AXIS2_PLACEMENT_3D ( 'NONE', #900, #2431, #4395 ) ;
#4311 = EDGE_CURVE ( 'NONE', #3993, #4343, #858, .T. ) ;
#4312 = PERSON_AND_ORGANIZATION_ROLE ( 'creator' ) ;
#4313 = ORIENTED_EDGE ( 'NONE', *, *, #1035, .F. ) ;
#4314 = ORIENTED_EDGE ( 'NONE', *, *, #100, .F. ) ;
#4315 = DIRECTION ( 'NONE',  ( 1.665334536937742502E-15, 0.000000000000000000, 1.000000000000000000 ) ) ;
#4316 = SECURITY_CLASSIFICATION ( '', '', #4602 ) ;
#4317 = APPROVAL_PERSON_ORGANIZATION ( #1811, #3808, #4071 ) ;
#4318 = EDGE_LOOP ( 'NONE', ( #4586, #2058 ) ) ;
#4319 = ORIENTED_EDGE ( 'NONE', *, *, #2781, .F. ) ;
#4320 = DIRECTION ( 'NONE',  ( 0.000000000000000000, 0.000000000000000000, 1.000000000000000000 ) ) ;
#4321 = VERTEX_POINT ( 'NONE', #4179 ) ;
#4322 = FACE_OUTER_BOUND ( 'NONE', #1303, .T. ) ;
#4323 = CARTESIAN_POINT ( 'NONE',  ( 7.500000000000000000, 250.0000000000000000, 37.50000000000000711 ) ) ;
#4324 = DATE_AND_TIME ( #4728, #4708 ) ;
#4325 = DIRECTION ( 'NONE',  ( -0.000000000000000000, -1.000000000000000000, -0.000000000000000000 ) ) ;
#4326 = ORIENTED_EDGE ( 'NONE', *, *, #527, .T. ) ;
#4327 = DIRECTION ( 'NONE',  ( 1.000000000000000000, 0.000000000000000000, 1.665334536937742699E-15 ) ) ;
#4328 = FACE_OUTER_BOUND ( 'NONE', #3288, .T. ) ;
#4329 = ADVANCED_FACE ( 'NONE', ( #3502 ), #3158, .T. ) ;
#4330 = LINE ( 'NONE', #4709, #2451 ) ;
#4331 = COORDINATED_UNIVERSAL_TIME_OFFSET ( 8, 0, .AHEAD. ) ;
#4332 = CARTESIAN_POINT ( 'NONE',  ( -5.000000000000003553, 300.0000000000000000, 25.00000000000000000 ) ) ;
#4333 = EDGE_CURVE ( 'NONE', #697, #4198, #3901, .T. ) ;
#4334 = MECHANICAL_CONTEXT ( 'NONE', #3989, 'mechanical' ) ;
#4335 = ORIENTED_EDGE ( 'NONE', *, *, #4333, .T. ) ;
#4336 = FACE_OUTER_BOUND ( 'NONE', #2765, .T. ) ;
#4337 = EDGE_CURVE ( 'NONE', #4187, #3411, #1355, .T. ) ;
#4338 = APPLICATION_CONTEXT ( 'configuration controlled 3d designs of mechanical parts and assemblies' ) ;
#4339 = EDGE_LOOP ( 'NONE', ( #2851, #681, #2432, #2260 ) ) ;
#4340 = LINE ( 'NONE', #1220, #2840 ) ;
#4341 = VERTEX_POINT ( 'NONE', #4445 ) ;
#4342 = DIRECTION ( 'NONE',  ( 1.000000000000000000, 0.000000000000000000, 0.000000000000000000 ) ) ;
#4343 = VERTEX_POINT ( 'NONE', #168 ) ;
#4344 = DIRECTION ( 'NONE',  ( 1.000000000000000000, 0.000000000000000000, 0.000000000000000000 ) ) ;
#4345 = LINE ( 'NONE', #265, #495 ) ;
#4346 = ORIENTED_EDGE ( 'NONE', *, *, #317, .T. ) ;
#4347 = PERSON_AND_ORGANIZATION_ROLE ( 'design_owner' ) ;
#4348 = CYLINDRICAL_SURFACE ( 'NONE', #4281, 5.000000000000000000 ) ;
#4349 = ORIENTED_EDGE ( 'NONE', *, *, #1743, .T. ) ;
#4350 = CARTESIAN_POINT ( 'NONE',  ( 5.000000000000003553, 300.0000000000000000, 0.000000000000000000 ) ) ;
#4351 = LINE ( 'NONE', #1353, #1903 ) ;
#4352 = CARTESIAN_POINT ( 'NONE',  ( -299.9999999999999432, -800.0000000000000000, -299.9999999999999432 ) ) ;
#4353 = CARTESIAN_POINT ( 'NONE',  ( -249.9999999999999716, 0.000000000000000000, -299.9999999999997158 ) ) ;
#4354 = CALENDAR_DATE ( 2026, 6, 6 ) ;
#4355 = PRODUCT_RELATED_PRODUCT_CATEGORY ( 'detail', '', ( #1363 ) ) ;
#4356 = DIRECTION ( 'NONE',  ( -0.000000000000000000, -0.000000000000000000, 1.000000000000000000 ) ) ;
#4357 = AXIS2_PLACEMENT_3D ( 'NONE', #3137, #2382, #193 ) ;
#4358 = AXIS2_PLACEMENT_3D ( 'NONE', #3866, #3792, #1546 ) ;
#4359 = AXIS2_PLACEMENT_3D ( 'NONE', #2533, #143, #172 ) ;
#4360 = DATE_AND_TIME ( #4454, #2481 ) ;
#4361 = EDGE_CURVE ( 'NONE', #997, #3038, #4732, .T. ) ;
#4362 = ORIENTED_EDGE ( 'NONE', *, *, #348, .T. ) ;
#4363 = PLANE ( 'NONE',  #1818 ) ;
#4364 = AXIS2_PLACEMENT_3D ( 'NONE', #4080, #1795, #737 ) ;
#4365 = ORIENTED_EDGE ( 'NONE', *, *, #2532, .T. ) ;
#4366 = ORIENTED_EDGE ( 'NONE', *, *, #1061, .T. ) ;
#4367 = ADVANCED_FACE ( 'NONE', ( #2123, #999 ), #3303, .F. ) ;
#4368 = ORIENTED_EDGE ( 'NONE', *, *, #1133, .T. ) ;
#4369 = FACE_OUTER_BOUND ( 'NONE', #853, .T. ) ;
#4370 = CYLINDRICAL_SURFACE ( 'NONE', #1429, 7.500000000000000000 ) ;
#4371 = VECTOR ( 'NONE', #2815, 1000.000000000000000 ) ;
#4372 = COORDINATED_UNIVERSAL_TIME_OFFSET ( 8, 0, .AHEAD. ) ;
#4373 = LINE ( 'NONE', #3573, #4687 ) ;
#4374 = VERTEX_POINT ( 'NONE', #2530 ) ;
#4375 = LINE ( 'NONE', #3603, #1104 ) ;
#4376 = DIRECTION ( 'NONE',  ( 0.000000000000000000, 1.000000000000000000, 0.000000000000000000 ) ) ;
#4377 = AXIS2_PLACEMENT_3D ( 'NONE', #904, #1325, #928 ) ;
#4378 = AXIS2_PLACEMENT_3D ( 'NONE', #4573, #4266, #2671 ) ;
#4379 = DIRECTION ( 'NONE',  ( -0.000000000000000000, -1.000000000000000000, -0.000000000000000000 ) ) ;
#4380 = COORDINATED_UNIVERSAL_TIME_OFFSET ( 8, 0, .AHEAD. ) ;
#4381 = CARTESIAN_POINT ( 'NONE',  ( 7.500000000000000000, 42.50000000000000000, 12.50000000000000355 ) ) ;
#4382 = AXIS2_PLACEMENT_3D ( 'NONE', #2716, #2688, #4210 ) ;
#4383 = CC_DESIGN_PERSON_AND_ORGANIZATION_ASSIGNMENT ( #173, #2156, ( #420 ) ) ;
#4384 = APPROVAL_DATE_TIME ( #964, #1395 ) ;
#4385 = CC_DESIGN_APPROVAL ( #454, ( #1270 ) ) ;
#4386 = DIRECTION ( 'NONE',  ( 0.000000000000000000, 0.000000000000000000, 1.000000000000000000 ) ) ;
#4387 = APPROVAL_PERSON_ORGANIZATION ( #2860, #3557, #201 ) ;
#4388 = ADVANCED_FACE ( 'NONE', ( #273 ), #3280, .F. ) ;
#4389 = ORIENTED_EDGE ( 'NONE', *, *, #4797, .T. ) ;
#4390 = ORIENTED_EDGE ( 'NONE', *, *, #980, .F. ) ;
#4391 = ORIENTED_EDGE ( 'NONE', *, *, #3268, .F. ) ;
#4392 = CARTESIAN_POINT ( 'NONE',  ( -7.500000000000000000, 7.500000000000000000, 14.99999999999997513 ) ) ;
#4393 = AXIS2_PLACEMENT_3D ( 'NONE', #4588, #1165, #818 ) ;
#4394 = DIRECTION ( 'NONE',  ( -0.000000000000000000, -0.000000000000000000, 1.000000000000000000 ) ) ;
#4395 = DIRECTION ( 'NONE',  ( 1.000000000000000000, 0.000000000000000000, 0.000000000000000000 ) ) ;
#4396 = EDGE_CURVE ( 'NONE', #4589, #3079, #1279, .T. ) ;
#4397 = SHAPE_DEFINITION_REPRESENTATION ( #4476, #696 ) ;
#4398 = LINE ( 'NONE', #879, #3805 ) ;
#4399 = VERTEX_POINT ( 'NONE', #2829 ) ;
#4400 = LINE ( 'NONE', #238, #4292 ) ;
#4401 = DIRECTION ( 'NONE',  ( -0.000000000000000000, 1.000000000000000000, 1.156482317317870492E-16 ) ) ;
#4402 = ADVANCED_FACE ( 'NONE', ( #1402 ), #3975, .F. ) ;
#4403 = CYLINDRICAL_SURFACE ( 'NONE', #4435, 5.000000000000000000 ) ;
#4404 = APPROVAL_ROLE ( '' ) ;
#4405 = CYLINDRICAL_SURFACE ( 'NONE', #4526, 5.000000000000000000 ) ;
#4406 = APPLICATION_CONTEXT ( 'configuration controlled 3d designs of mechanical parts and assemblies' ) ;
#4407 = CALENDAR_DATE ( 2026, 6, 6 ) ;
#4408 = ORIENTED_EDGE ( 'NONE', *, *, #4419, .F. ) ;
#4409 = DIRECTION ( 'NONE',  ( 1.000000000000000000, 0.000000000000000000, 0.000000000000000000 ) ) ;
#4410 = EDGE_LOOP ( 'NONE', ( #1455, #1785, #2687, #1715 ) ) ;
#4411 = ORIENTED_EDGE ( 'NONE', *, *, #3943, .F. ) ;
#4412 = VERTEX_POINT ( 'NONE', #635 ) ;
#4413 = DIRECTION ( 'NONE',  ( 1.000000000000000000, 0.000000000000000000, 9.912705577010325549E-17 ) ) ;
#4414 = DIRECTION ( 'NONE',  ( 0.000000000000000000, 0.000000000000000000, -1.000000000000000000 ) ) ;
#4415 = CALENDAR_DATE ( 2026, 6, 6 ) ;
#4416 = CARTESIAN_POINT ( 'NONE',  ( -2.499999999999992895, 20.00000000000000000, 5.000000000000000000 ) ) ;
#4417 = EDGE_LOOP ( 'NONE', ( #2670, #4603, #364, #1338 ) ) ;
#4418 = LINE ( 'NONE', #560, #3494 ) ;
#4419 = EDGE_CURVE ( 'NONE', #1806, #1763, #4351, .T. ) ;
#4420 = ADVANCED_BREP_SHAPE_REPRESENTATION ( '', ( #311, #4310 ), #1601 ) ;
#4421 = CYLINDRICAL_SURFACE ( 'NONE', #2795, 5.000000000000001776 ) ;
#4422 = CARTESIAN_POINT ( 'NONE',  ( 5.000000000000004441, 60.00000000000000000, -25.00000000000000355 ) ) ;
#4423 = COORDINATED_UNIVERSAL_TIME_OFFSET ( 8, 0, .AHEAD. ) ;
#4424 = DIRECTION ( 'NONE',  ( 1.000000000000000000, 0.000000000000000000, 0.000000000000000000 ) ) ;
#4425 = ADVANCED_FACE ( 'NONE', ( #561 ), #3605, .F. ) ;
#4426 = APPROVAL_DATE_TIME ( #3708, #4139 ) ;
#4427 = CIRCLE ( 'NONE', #4594, 9.999999999999998224 ) ;
#4428 = ORIENTED_EDGE ( 'NONE', *, *, #1976, .T. ) ;
#4429 = DIRECTION ( 'NONE',  ( 0.000000000000000000, -0.000000000000000000, 1.000000000000000000 ) ) ;
#4430 = EDGE_CURVE ( 'NONE', #1526, #2121, #1776, .T. ) ;
#4431 = DIRECTION ( 'NONE',  ( -0.000000000000000000, -1.000000000000000000, -0.000000000000000000 ) ) ;
#4432 = AXIS2_PLACEMENT_3D ( 'NONE', #1826, #4828, #1408 ) ;
#4433 = EDGE_LOOP ( 'NONE', ( #2598, #4085, #80, #916 ) ) ;
#4434 = ORIENTED_EDGE ( 'NONE', *, *, #2386, .T. ) ;
#4435 = AXIS2_PLACEMENT_3D ( 'NONE', #565, #1004, #588 ) ;
#4436 = ORIENTED_EDGE ( 'NONE', *, *, #794, .F. ) ;
#4437 = CARTESIAN_POINT ( 'NONE',  ( -5.000000000000000000, 6.123233995736766282E-16, 37.50000000000000711 ) ) ;
#4438 = SHAPE_REPRESENTATION_RELATIONSHIP ( 'NONE' , 'NONE' ,  #220, #1504 ) ;
#4439 = VECTOR ( 'NONE', #2826, 1000.000000000000000 ) ;
#4440 = CC_DESIGN_DATE_AND_TIME_ASSIGNMENT ( #4360, #2468, ( #2157 ) ) ;
#4441 = APPROVAL_DATE_TIME ( #4515, #310 ) ;
#4442 = CARTESIAN_POINT ( 'NONE',  ( 5.000000000000000000, 0.000000000000000000, 12.50000000000000355 ) ) ;
#4443 = EDGE_LOOP ( 'NONE', ( #1197, #2837, #2976, #3020 ) ) ;
#4444 = DIRECTION ( 'NONE',  ( 0.000000000000000000, 1.000000000000000000, 0.000000000000000000 ) ) ;
#4445 = CARTESIAN_POINT ( 'NONE',  ( 2.143131898507868643E-15, -10.00000000000000000, -17.50000000000000355 ) ) ;
#4446 = EDGE_CURVE ( 'NONE', #3636, #3964, #1326, .T. ) ;
#4447 = LINE ( 'NONE', #1129, #4277 ) ;
#4448 = APPROVAL_DATE_TIME ( #3650, #3493 ) ;
#4449 = AXIS2_PLACEMENT_3D ( 'NONE', #2536, #2051, #3684 ) ;
#4450 = PLANE ( 'NONE',  #2308 ) ;
#4451 = CIRCLE ( 'NONE', #943, 5.000000000000000888 ) ;
#4452 = EDGE_CURVE ( 'NONE', #3938, #1379, #2882, .T. ) ;
#4453 = CARTESIAN_POINT ( 'NONE',  ( 0.000000000000000000, 0.000000000000000000, 25.00000000000000000 ) ) ;
#4454 = CALENDAR_DATE ( 2026, 6, 6 ) ;
#4455 = VERTEX_POINT ( 'NONE', #2906 ) ;
#4456 = DIRECTION ( 'NONE',  ( 0.000000000000000000, 0.000000000000000000, 1.000000000000000000 ) ) ;
#4457 = LINE ( 'NONE', #1804, #4069 ) ;
#4458 = AXIS2_PLACEMENT_3D ( 'NONE', #1670, #3202, #2453 ) ;
#4460 = ORIENTED_EDGE ( 'NONE', *, *, #4452, .T. ) ;
#4459 = EDGE_CURVE ( 'NONE', #2317, #1445, #570, .T. ) ;
#4461 = LOCAL_TIME ( 22, 14, 50.00000000000000000, #504 ) ;
#4462 = VECTOR ( 'NONE', #3217, 1000.000000000000000 ) ;
#4463 = ORIENTED_EDGE ( 'NONE', *, *, #4333, .F. ) ;
#4464 = VERTEX_POINT ( 'NONE', #3252 ) ;
#4465 = CARTESIAN_POINT ( 'NONE',  ( 0.000000000000000000, 0.000000000000000000, 17.50000000000000355 ) ) ;
#4466 = CC_DESIGN_APPROVAL ( #3808, ( #4699 ) ) ;
#4467 = CIRCLE ( 'NONE', #803, 5.000000000000000888 ) ;
#4468 = CC_DESIGN_APPROVAL ( #839, ( #431 ) ) ;
#4469 = DATE_AND_TIME ( #4115, #3586 ) ;
#4470 = AXIS2_PLACEMENT_3D ( 'NONE', #2651, #3008, #4170 ) ;
#4471 = FACE_OUTER_BOUND ( 'NONE', #2592, .T. ) ;
#4472 = ORIENTED_EDGE ( 'NONE', *, *, #2591, .T. ) ;
#4473 = DIRECTION ( 'NONE',  ( -0.000000000000000000, 1.000000000000000000, -0.000000000000000000 ) ) ;
#4474 = CARTESIAN_POINT ( 'NONE',  ( 0.000000000000000000, 300.0000000000000000, 0.000000000000000000 ) ) ;
#4475 = CC_DESIGN_PERSON_AND_ORGANIZATION_ASSIGNMENT ( #3092, #3859, ( #175 ) ) ;
#4476 = PRODUCT_DEFINITION_SHAPE ( 'NONE', 'NONE',  #1958 ) ;
#4477 = CC_DESIGN_APPROVAL ( #1300, ( #2244 ) ) ;
#4478 = CARTESIAN_POINT ( 'NONE',  ( -249.9999999999998863, -800.0000000000000000, 299.9999999999998295 ) ) ;
#4479 = APPROVAL_STATUS ( 'not_yet_approved' ) ;
#4480 = CARTESIAN_POINT ( 'NONE',  ( -299.9999999999998295, 0.000000000000000000, 250.0000000000000568 ) ) ;
#4481 = EDGE_CURVE ( 'NONE', #1791, #2998, #2048, .T. ) ;
#4482 = CARTESIAN_POINT ( 'NONE',  ( -7.500000000000000000, 292.5000000000000000, 15.00000000000001243 ) ) ;
#4483 = APPROVAL_STATUS ( 'not_yet_approved' ) ;
#4484 = FACE_OUTER_BOUND ( 'NONE', #1223, .T. ) ;
#4485 = DIRECTION ( 'NONE',  ( 0.000000000000000000, 0.000000000000000000, -1.000000000000000000 ) ) ;
#4486 = ADVANCED_FACE ( 'NONE', ( #3576 ), #1724, .T. ) ;
#4487 = EDGE_LOOP ( 'NONE', ( #3073, #3778, #2745, #769 ) ) ;
#4488 = ORIENTED_EDGE ( 'NONE', *, *, #1251, .T. ) ;
#4489 = EDGE_LOOP ( 'NONE', ( #1661, #2328, #150, #3383 ) ) ;
#4490 = LINE ( 'NONE', #2594, #10 ) ;
#4491 = EDGE_CURVE ( 'NONE', #3267, #986, #4002, .T. ) ;
#4492 = SHAPE_REPRESENTATION_RELATIONSHIP ( 'NONE' , 'NONE' ,  #2053, #4180 ) ;
#4493 = DATE_AND_TIME ( #631, #2398 ) ;
#4494 = CARTESIAN_POINT ( 'NONE',  ( 7.500000000000000000, 0.000000000000000000, 50.00000000000000000 ) ) ;
#4495 = ORIENTED_EDGE ( 'NONE', *, *, #1877, .T. ) ;
#4496 = DIRECTION ( 'NONE',  ( 0.000000000000000000, 0.000000000000000000, 1.000000000000000000 ) ) ;
#4497 = PLANE ( 'NONE',  #3838 ) ;
#4498 = APPLICATION_CONTEXT ( 'configuration controlled 3d designs of mechanical parts and assemblies' ) ;
#4499 = CARTESIAN_POINT ( 'NONE',  ( 5.000000000000006217, 100.0000000000000000, 12.50000000000000000 ) ) ;
#4500 = PERSON_AND_ORGANIZATION ( #4119, #181 ) ;
#4501 = CARTESIAN_POINT ( 'NONE',  ( 0.000000000000000000, 0.000000000000000000, 0.000000000000000000 ) ) ;
#4502 = CC_DESIGN_DATE_AND_TIME_ASSIGNMENT ( #1108, #1802, ( #4876 ) ) ;
#4503 = CARTESIAN_POINT ( 'NONE',  ( 17.50000000000000000, -27.50000000000000000, 2.500000000000000444 ) ) ;
#4504 = PERSON_AND_ORGANIZATION_ROLE ( 'classification_officer' ) ;
#4505 = DIRECTION ( 'NONE',  ( 0.000000000000000000, -0.000000000000000000, 1.000000000000000000 ) ) ;
#4506 = FACE_BOUND ( 'NONE', #1297, .T. ) ;
#4507 = ORIENTED_EDGE ( 'NONE', *, *, #3963, .F. ) ;
#4508 = ADVANCED_FACE ( 'NONE', ( #3647 ), #4421, .F. ) ;
#4509 = ORIENTED_EDGE ( 'NONE', *, *, #4337, .T. ) ;
#4510 = ORIENTED_EDGE ( 'NONE', *, *, #3997, .F. ) ;
#4511 = CARTESIAN_POINT ( 'NONE',  ( 0.000000000000000000, 60.00000000000000000, 12.50000000000000000 ) ) ;
#4512 = VECTOR ( 'NONE', #528, 1000.000000000000000 ) ;
#4513 = EDGE_CURVE ( 'NONE', #2868, #1587, #4308, .T. ) ;
#4514 = AXIS2_PLACEMENT_3D ( 'NONE', #352, #1481, #2586 ) ;
#4515 = DATE_AND_TIME ( #313, #3747 ) ;
#4516 = FACE_OUTER_BOUND ( 'NONE', #3919, .T. ) ;
#4517 = ORIENTED_EDGE ( 'NONE', *, *, #351, .F. ) ;
#4518 = CARTESIAN_POINT ( 'NONE',  ( 17.50000000000000000, -27.50000000000000000, 7.500000000000000888 ) ) ;
#4519 = CARTESIAN_POINT ( 'NONE',  ( -7.499999999999993783, 20.00000000000000000, 5.000000000000000000 ) ) ;
#4520 = CIRCLE ( 'NONE', #857, 9.999999999999998224 ) ;
#4521 = ADVANCED_FACE ( 'NONE', ( #4548 ), #4149, .F. ) ;
#4522 = CARTESIAN_POINT ( 'NONE',  ( 0.000000000000000000, 50.00000000000000000, 0.000000000000000000 ) ) ;
#4523 = DATE_AND_TIME ( #3704, #4557 ) ;
#4524 = CARTESIAN_POINT ( 'NONE',  ( 6.123233995736765296E-16, 80.00000000000000000, 4.999999999999999112 ) ) ;
#4525 = DIRECTION ( 'NONE',  ( -1.000000000000000000, 0.000000000000000000, 0.000000000000000000 ) ) ;
#4526 = AXIS2_PLACEMENT_3D ( 'NONE', #984, #4736, #1386 ) ;
#4527 = DIRECTION ( 'NONE',  ( -0.000000000000000000, -0.000000000000000000, 1.000000000000000000 ) ) ;
#4528 = PERSON_AND_ORGANIZATION_ROLE ( 'creator' ) ;
#4529 = CARTESIAN_POINT ( 'NONE',  ( 25.00000000000000000, 90.00000000000000000, 0.000000000000000000 ) ) ;
#4530 = DIRECTION ( 'NONE',  ( 1.000000000000000000, 0.000000000000000000, 0.000000000000000000 ) ) ;
#4532 = VECTOR ( 'NONE', #4022, 1000.000000000000000 ) ;
#4531 = CC_DESIGN_PERSON_AND_ORGANIZATION_ASSIGNMENT ( #2419, #2023, ( #4633 ) ) ;
#4533 = ORIENTED_EDGE ( 'NONE', *, *, #4086, .F. ) ;
#4534 = ORIENTED_EDGE ( 'NONE', *, *, #1799, .T. ) ;
#4535 = CIRCLE ( 'NONE', #4860, 5.000000000000000000 ) ;
#4536 = VERTEX_POINT ( 'NONE', #2581 ) ;
#4537 = CARTESIAN_POINT ( 'NONE',  ( 0.000000000000000000, 250.0000000000000000, 0.000000000000000000 ) ) ;
#4538 = EDGE_CURVE ( 'NONE', #1540, #1393, #4467, .T. ) ;
#4539 = CC_DESIGN_APPROVAL ( #1239, ( #4140 ) ) ;
#4540 = CIRCLE ( 'NONE', #411, 5.000000000000004441 ) ;
#4541 = APPROVAL_DATE_TIME ( #2817, #2522 ) ;
#4542 = ORIENTED_EDGE ( 'NONE', *, *, #831, .T. ) ;
#4543 = DIRECTION ( 'NONE',  ( -0.000000000000000000, -0.000000000000000000, -1.000000000000000000 ) ) ;
#4544 = EDGE_LOOP ( 'NONE', ( #4813, #4063, #1235, #3066, #4057, #3793, #3517, #1741 ) ) ;
#4545 = CC_DESIGN_APPROVAL ( #2522, ( #2556 ) ) ;
#4546 = VECTOR ( 'NONE', #4401, 1000.000000000000000 ) ;
#4547 = CARTESIAN_POINT ( 'NONE',  ( 17.50000000000000000, 5.000000000000000000, 2.500000000000000444 ) ) ;
#4548 = FACE_OUTER_BOUND ( 'NONE', #2642, .T. ) ;
#4549 = EDGE_CURVE ( 'NONE', #1975, #2085, #3592, .T. ) ;
#4550 = LOCAL_TIME ( 22, 14, 50.00000000000000000, #3953 ) ;
#4551 = AXIS2_PLACEMENT_3D ( 'NONE', #512, #3521, #3544 ) ;
#4552 = CYLINDRICAL_SURFACE ( 'NONE', #4201, 25.00000000000000000 ) ;
#4553 = COORDINATED_UNIVERSAL_TIME_OFFSET ( 8, 0, .AHEAD. ) ;
#4554 = ORIENTED_EDGE ( 'NONE', *, *, #3697, .T. ) ;
#4555 =( REPRESENTATION_RELATIONSHIP ('NONE','NONE', #696, #2053 ) REPRESENTATION_RELATIONSHIP_WITH_TRANSFORMATION ( #4878 )SHAPE_REPRESENTATION_RELATIONSHIP( ) );
#4556 = CARTESIAN_POINT ( 'NONE',  ( -7.500000000000000000, 0.000000000000000000, 9.999999999999973355 ) ) ;
#4557 = LOCAL_TIME ( 22, 14, 50.00000000000000000, #4851 ) ;
#4558 =( GEOMETRIC_REPRESENTATION_CONTEXT ( 3 ) GLOBAL_UNCERTAINTY_ASSIGNED_CONTEXT ( ( #4121 ) ) GLOBAL_UNIT_ASSIGNED_CONTEXT ( ( #2726, #2749, #3854 ) ) REPRESENTATION_CONTEXT ( 'NONE', 'WORKASPACE' ) );
#4559 = ADVANCED_FACE ( 'NONE', ( #3415 ), #3325, .F. ) ;
#4560 = CARTESIAN_POINT ( 'NONE',  ( 0.000000000000000000, 80.00000000000000000, -4.999999999999999112 ) ) ;
#4561 = PERSON_AND_ORGANIZATION ( #3229, #83 ) ;
#4562 = CARTESIAN_POINT ( 'NONE',  ( -7.500000000000000000, 0.000000000000000000, 37.50000000000000711 ) ) ;
#4563 = CARTESIAN_POINT ( 'NONE',  ( 0.000000000000000000, 20.00000000000000000, 0.000000000000000000 ) ) ;
#4564 = EDGE_LOOP ( 'NONE', ( #306, #4097, #952, #3823 ) ) ;
#4565 = ORIENTED_EDGE ( 'NONE', *, *, #200, .T. ) ;
#4566 = DIRECTION ( 'NONE',  ( 1.000000000000000000, 0.000000000000000000, 0.000000000000000000 ) ) ;
#4567 = ORIENTED_EDGE ( 'NONE', *, *, #2595, .T. ) ;
#4568 = PERSON_AND_ORGANIZATION ( #3229, #83 ) ;
#4569 = ORIENTED_EDGE ( 'NONE', *, *, #1003, .F. ) ;
#4570 = CC_DESIGN_DATE_AND_TIME_ASSIGNMENT ( #1837, #4818, ( #4699 ) ) ;
#4571 = CARTESIAN_POINT ( 'NONE',  ( 7.500000000000000000, 300.0000000000000000, 25.00000000000000000 ) ) ;
#4572 = VERTEX_POINT ( 'NONE', #4875 ) ;
#4573 = CARTESIAN_POINT ( 'NONE',  ( -7.499999999999994671, -20.00000000000000355, 0.000000000000000000 ) ) ;
#4574 = DIRECTION ( 'NONE',  ( -0.000000000000000000, -1.000000000000000000, -0.000000000000000000 ) ) ;
#4575 = EDGE_CURVE ( 'NONE', #2448, #4399, #2255, .T. ) ;
#4576 = PLANE ( 'NONE',  #3961 ) ;
#4577 = VERTEX_POINT ( 'NONE', #4099 ) ;
#4578 = DIRECTION ( 'NONE',  ( -0.000000000000000000, -0.000000000000000000, 1.000000000000000000 ) ) ;
#4579 = DIRECTION ( 'NONE',  ( 1.000000000000000000, 0.000000000000000000, 0.000000000000000000 ) ) ;
#4580 = EDGE_CURVE ( 'NONE', #3101, #3269, #1597, .T. ) ;
#4581 = FACE_OUTER_BOUND ( 'NONE', #3432, .T. ) ;
#4582 = DATE_TIME_ROLE ( 'classification_date' ) ;
#4583 = DIRECTION ( 'NONE',  ( 1.665334536937742699E-15, 0.000000000000000000, 1.000000000000000000 ) ) ;
#4584 = DIRECTION ( 'NONE',  ( 0.000000000000000000, 1.000000000000000000, 0.000000000000000000 ) ) ;
#4585 = VERTEX_POINT ( 'NONE', #1816 ) ;
#4586 = ORIENTED_EDGE ( 'NONE', *, *, #3291, .T. ) ;
#4587 = CARTESIAN_POINT ( 'NONE',  ( 5.000000000000006217, 100.0000000000000000, -12.50000000000000000 ) ) ;
#4588 = CARTESIAN_POINT ( 'NONE',  ( 0.000000000000000000, 0.000000000000000000, 0.000000000000000000 ) ) ;
#4589 = VERTEX_POINT ( 'NONE', #3723 ) ;
#4590 = APPLICATION_CONTEXT ( 'configuration controlled 3d designs of mechanical parts and assemblies' ) ;
#4591 = DIRECTION ( 'NONE',  ( -1.000000000000000000, -0.000000000000000000, -0.000000000000000000 ) ) ;
#4592 = CLOSED_SHELL ( 'NONE', ( #2326, #4293, #4402, #4653, #3353, #2444, #2816, #1882, #3821, #2619, #920, #269, #3335, #4019, #3146 ) ) ;
#4593 = ORIENTED_EDGE ( 'NONE', *, *, #2067, .T. ) ;
#4594 = AXIS2_PLACEMENT_3D ( 'NONE', #1668, #4695, #2166 ) ;
#4595 = DIRECTION ( 'NONE',  ( -0.000000000000000000, -1.000000000000000000, -0.000000000000000000 ) ) ;
#4596 = CARTESIAN_POINT ( 'NONE',  ( -7.500000000000000000, 257.5000000000000000, 12.50000000000001066 ) ) ;
#4597 = APPROVAL ( #2535, 'UNKNOWN' ) ;
#4598 = VECTOR ( 'NONE', #3626, 1000.000000000000000 ) ;
#4599 = COORDINATED_UNIVERSAL_TIME_OFFSET ( 8, 0, .AHEAD. ) ;
#4600 = CARTESIAN_POINT ( 'NONE',  ( -7.499999999999994671, -20.00000000000000355, 5.000000000000000000 ) ) ;
#4601 = PRODUCT_DEFINITION_SHAPE ( 'NONE', 'NONE',  #1270 ) ;
#4602 = SECURITY_CLASSIFICATION_LEVEL ( 'unclassified' ) ;
#4603 = ORIENTED_EDGE ( 'NONE', *, *, #100, .T. ) ;
#4604 = CARTESIAN_POINT ( 'NONE',  ( 0.000000000000000000, 75.00000000000000000, 0.000000000000000000 ) ) ;
#4605 = CARTESIAN_POINT ( 'NONE',  ( 0.000000000000000000, -10.00000000000000000, 0.000000000000000000 ) ) ;
#4606 = CIRCLE ( 'NONE', #1800, 5.000000000000006217 ) ;
#4607 = EDGE_CURVE ( 'NONE', #3038, #1526, #4072, .T. ) ;
#4608 = FACE_OUTER_BOUND ( 'NONE', #2904, .T. ) ;
#4609 = APPROVAL_ROLE ( '' ) ;
#4610 = LINE ( 'NONE', #2001, #2464 ) ;
#4611 = ADVANCED_FACE ( 'NONE', ( #292 ), #4497, .F. ) ;
#4612 = CIRCLE ( 'NONE', #1180, 7.500000000000000000 ) ;
#4613 = VERTEX_POINT ( 'NONE', #318 ) ;
#4614 = ORIENTED_EDGE ( 'NONE', *, *, #2627, .F. ) ;
#4615 = DIRECTION ( 'NONE',  ( -1.000000000000000000, 0.000000000000000000, 0.000000000000000000 ) ) ;
#4616 = VECTOR ( 'NONE', #1105, 1000.000000000000000 ) ;
#4617 = EDGE_CURVE ( 'NONE', #3935, #3593, #4716, .T. ) ;
#4618 = AXIS2_PLACEMENT_3D ( 'NONE', #601, #2899, #3270 ) ;
#4619 = EDGE_LOOP ( 'NONE', ( #4166, #2449, #2779, #1641 ) ) ;
#4620 = CARTESIAN_POINT ( 'NONE',  ( 300.0000000000001705, -800.0000000000000000, 299.9999999999997158 ) ) ;
#4621 = ORIENTED_EDGE ( 'NONE', *, *, #4175, .T. ) ;
#4622 = FACE_OUTER_BOUND ( 'NONE', #2090, .T. ) ;
#4623 = DIRECTION ( 'NONE',  ( -1.000000000000000000, 0.000000000000000000, 0.000000000000000000 ) ) ;
#4624 = AXIS2_PLACEMENT_3D ( 'NONE', #4511, #1469, #1092 ) ;
#4625 = ORIENTED_EDGE ( 'NONE', *, *, #3363, .T. ) ;
#4626 = CC_DESIGN_APPROVAL ( #4139, ( #2794 ) ) ;
#4627 = VECTOR ( 'NONE', #1879, 1000.000000000000000 ) ;
#4628 = LINE ( 'NONE', #2378, #3013 ) ;
#4629 = APPROVAL_STATUS ( 'not_yet_approved' ) ;
#4630 = ORIENTED_EDGE ( 'NONE', *, *, #730, .F. ) ;
#4631 = DIRECTION ( 'NONE',  ( 0.000000000000000000, 1.156482317317870492E-16, -1.000000000000000000 ) ) ;
#4632 = DIRECTION ( 'NONE',  ( 0.000000000000000000, 0.000000000000000000, 1.000000000000000000 ) ) ;
#4633 = SECURITY_CLASSIFICATION ( '', '', #1211 ) ;
#4634 = CARTESIAN_POINT ( 'NONE',  ( 300.0000000000001705, 0.000000000000000000, 299.9999999999999432 ) ) ;
#4635 = SHAPE_DEFINITION_REPRESENTATION ( #1000, #2390 ) ;
#4636 = AXIS2_PLACEMENT_3D ( 'NONE', #2226, #3750, #4895 ) ;
#4637 = APPROVAL ( #235, 'ๆช' ) ;
#4638 = DIRECTION ( 'NONE',  ( 6.661338147750984996E-15, -0.000000000000000000, 1.000000000000000000 ) ) ;
#4639 = ORIENTED_EDGE ( 'NONE', *, *, #357, .F. ) ;
#4640 = ORIENTED_EDGE ( 'NONE', *, *, #3610, .T. ) ;
#4641 = VERTEX_POINT ( 'NONE', #4392 ) ;
#4642 = EDGE_CURVE ( 'NONE', #820, #3683, #3372, .T. ) ;
#4643 = DIRECTION ( 'NONE',  ( -0.000000000000000000, -0.000000000000000000, -1.000000000000000000 ) ) ;
#4644 = PRODUCT_DEFINITION_SHAPE ( 'NONE', 'NONE',  #3 ) ;
#4645 = EDGE_LOOP ( 'NONE', ( #3676, #1784, #31, #131 ) ) ;
#4646 = EDGE_LOOP ( 'NONE', ( #3440, #3315 ) ) ;
#4647 = ADVANCED_FACE ( 'NONE', ( #3031, #1076, #4076 ), #2179, .F. ) ;
#4648 = LINE ( 'NONE', #3128, #3473 ) ;
#4649 = ORIENTED_EDGE ( 'NONE', *, *, #2268, .T. ) ;
#4650 = CARTESIAN_POINT ( 'NONE',  ( 6.123233995736765296E-16, 0.000000000000000000, 4.999999999999999112 ) ) ;
#4651 = DIRECTION ( 'NONE',  ( 0.000000000000000000, 0.000000000000000000, -1.000000000000000000 ) ) ;
#4652 = DIRECTION ( 'NONE',  ( 0.2857074067515223414, 5.254729847488117114E-15, -0.9583168983834733368 ) ) ;
#4653 = ADVANCED_FACE ( 'NONE', ( #1841 ), #1475, .T. ) ;
#4654 = LINE ( 'NONE', #3467, #698 ) ;
#4655 = ORIENTED_EDGE ( 'NONE', *, *, #3304, .T. ) ;
#4656 = DIRECTION ( 'NONE',  ( 1.000000000000000000, 0.000000000000000000, 0.000000000000000000 ) ) ;
#4657 = DIRECTION ( 'NONE',  ( 1.000000000000000000, 0.000000000000000000, 0.000000000000000000 ) ) ;
#4658 = DIRECTION ( 'NONE',  ( 0.000000000000000000, 0.000000000000000000, 1.000000000000000000 ) ) ;
#4659 = SHAPE_DEFINITION_REPRESENTATION ( #3847, #1010 ) ;
#4660 = CARTESIAN_POINT ( 'NONE',  ( 300.0000000000001705, -800.0000000000000000, 299.9999999999997158 ) ) ;
#4661 = PRODUCT_RELATED_PRODUCT_CATEGORY ( 'detail', '', ( #2112 ) ) ;
#4662 = ORIENTED_EDGE ( 'NONE', *, *, #761, .F. ) ;
#4663 = APPLICATION_PROTOCOL_DEFINITION ( 'international standard', 'config_control_design', 1994, #4244 ) ;
#4664 = CARTESIAN_POINT ( 'NONE',  ( -299.9999999999998295, -800.0000000000000000, 250.0000000000000568 ) ) ;
#4665 = EDGE_CURVE ( 'NONE', #3170, #3898, #1793, .T. ) ;
#4666 = ORIENTED_EDGE ( 'NONE', *, *, #2679, .T. ) ;
#4667 = ORIENTED_EDGE ( 'NONE', *, *, #3744, .T. ) ;
#4668 = DIRECTION ( 'NONE',  ( 0.000000000000000000, 1.000000000000000000, 0.000000000000000000 ) ) ;
#4669 = ORIENTED_EDGE ( 'NONE', *, *, #713, .T. ) ;
#4670 = CARTESIAN_POINT ( 'NONE',  ( 5.000000000000001776, 250.0000000000000000, 0.000000000000000000 ) ) ;
#4671 = LINE ( 'NONE', #779, #2325 ) ;
#4672 = ADVANCED_FACE ( 'NONE', ( #872, #1645 ), #1933, .F. ) ;
#4673 = CLOSED_SHELL ( 'NONE', ( #38, #4803, #4890, #4268, #2417, #4113, #4823 ) ) ;
#4674 = MECHANICAL_CONTEXT ( 'NONE', #1244, 'mechanical' ) ;
#4675 = DIRECTION ( 'NONE',  ( 1.000000000000000000, 0.000000000000000000, -0.000000000000000000 ) ) ;
#4676 = ORIENTED_EDGE ( 'NONE', *, *, #4123, .T. ) ;
#4677 = LINE ( 'NONE', #90, #1740 ) ;
#4678 = CARTESIAN_POINT ( 'NONE',  ( 0.000000000000000000, 0.000000000000000000, 0.000000000000000000 ) ) ;
#4679 = AXIS2_PLACEMENT_3D ( 'NONE', #4482, #401, #4157 ) ;
#4680 = AXIS2_PLACEMENT_3D ( 'NONE', #1510, #330, #3809 ) ;
#4681 = CARTESIAN_POINT ( 'NONE',  ( 25.00000000000000355, -5.000000000000000000, -15.00000000000000000 ) ) ;
#4682 = EDGE_CURVE ( 'NONE', #1189, #4455, #1361, .T. ) ;
#4683 = DIRECTION ( 'NONE',  ( -0.000000000000000000, -0.000000000000000000, 1.000000000000000000 ) ) ;
#4684 = AXIS2_PLACEMENT_3D ( 'NONE', #3829, #4225, #4675 ) ;
#4685 = DATE_AND_TIME ( #1630, #3909 ) ;
#4686 = DIRECTION ( 'NONE',  ( 1.000000000000000000, 0.000000000000000000, 0.000000000000000000 ) ) ;
#4687 = VECTOR ( 'NONE', #4702, 1000.000000000000000 ) ;
#4688 = PERSON_AND_ORGANIZATION ( #3229, #83 ) ;
#4689 = CARTESIAN_POINT ( 'NONE',  ( 0.000000000000000000, 60.00000000000000000, -12.50000000000000000 ) ) ;
#4690 = CC_DESIGN_DATE_AND_TIME_ASSIGNMENT ( #45, #1921, ( #3990 ) ) ;
#4691 = VERTEX_POINT ( 'NONE', #4194 ) ;
#4692 = CARTESIAN_POINT ( 'NONE',  ( 5.000000000000000000, 40.00000000000000000, 0.000000000000000000 ) ) ;
#4693 = ORIENTED_EDGE ( 'NONE', *, *, #1730, .F. ) ;
#4694 = VECTOR ( 'NONE', #1085, 1000.000000000000000 ) ;
#4695 = DIRECTION ( 'NONE',  ( 0.000000000000000000, 1.000000000000000000, 0.000000000000000000 ) ) ;
#4696 = ORIENTED_EDGE ( 'NONE', *, *, #2190, .F. ) ;
#4697 = DIRECTION ( 'NONE',  ( 0.000000000000000000, -0.000000000000000000, -1.000000000000000000 ) ) ;
#4698 = CYLINDRICAL_SURFACE ( 'NONE', #1817, 5.000000000000001776 ) ;
#4699 = PRODUCT_DEFINITION ( 'ๆ', '', #3272, #4024 ) ;
#4700 =( NAMED_UNIT ( * ) SI_UNIT ( $, .STERADIAN. ) SOLID_ANGLE_UNIT ( ) );
#4701 = PERSON_AND_ORGANIZATION ( #3229, #83 ) ;
#4702 = DIRECTION ( 'NONE',  ( 1.925929944387235579E-32, 1.000000000000000000, -0.000000000000000000 ) ) ;
#4703 = VERTEX_POINT ( 'NONE', #3852 ) ;
#4704 = AXIS2_PLACEMENT_3D ( 'NONE', #778, #3441, #2374 ) ;
#4705 = CARTESIAN_POINT ( 'NONE',  ( -7.499999999999993783, 20.00000000000000000, 5.000000000000000000 ) ) ;
#4706 = EDGE_CURVE ( 'NONE', #4740, #2543, #2351, .T. ) ;
#4707 = LINE ( 'NONE', #1284, #86 ) ;
#4708 = LOCAL_TIME ( 22, 14, 50.00000000000000000, #1301 ) ;
#4709 = CARTESIAN_POINT ( 'NONE',  ( 0.000000000000000000, 75.00000000000000000, -10.00000000000000000 ) ) ;
#4710 = PERSON_AND_ORGANIZATION ( #3229, #83 ) ;
#4711 = DIRECTION ( 'NONE',  ( 0.000000000000000000, 0.000000000000000000, 1.000000000000000000 ) ) ;
#4712 = ADVANCED_FACE ( 'NONE', ( #3871 ), #82, .T. ) ;
#4713 = CC_DESIGN_APPROVAL ( #310, ( #1038 ) ) ;
#4714 = CIRCLE ( 'NONE', #2235, 5.000000000000000000 ) ;
#4715 = CC_DESIGN_SECURITY_CLASSIFICATION ( #4309, ( #725 ) ) ;
#4716 = CIRCLE ( 'NONE', #1203, 5.000000000000000000 ) ;
#4717 = CALENDAR_DATE ( 2026, 6, 6 ) ;
#4718 = VERTEX_POINT ( 'NONE', #2747 ) ;
#4719 = CARTESIAN_POINT ( 'NONE',  ( 10.00000000000000178, -5.000000000000000000, 20.00000000000000000 ) ) ;
#4720 = ORGANIZATION ( 'NAUO-ORG10', 'UNSPECIFIED', 'UNSPECIFIED' ) ;
#4721 = VERTEX_POINT ( 'NONE', #2725 ) ;
#4722 = ORIENTED_EDGE ( 'NONE', *, *, #1932, .T. ) ;
#4723 = DIRECTION ( 'NONE',  ( 0.000000000000000000, 1.000000000000000000, 0.000000000000000000 ) ) ;
#4724 = ORIENTED_EDGE ( 'NONE', *, *, #3060, .F. ) ;
#4725 = LINE ( 'NONE', #2823, #559 ) ;
#4726 = LINE ( 'NONE', #2143, #3044 ) ;
#4727 = CC_DESIGN_DATE_AND_TIME_ASSIGNMENT ( #2107, #3235, ( #645 ) ) ;
#4728 = CALENDAR_DATE ( 2026, 6, 6 ) ;
#4729 = DIRECTION ( 'NONE',  ( -1.982541115402065110E-16, -0.000000000000000000, -1.000000000000000000 ) ) ;
#4730 = ORIENTED_EDGE ( 'NONE', *, *, #406, .F. ) ;
#4731 = CARTESIAN_POINT ( 'NONE',  ( 7.500000000000000000, 0.000000000000000000, 50.00000000000000000 ) ) ;
#4732 = LINE ( 'NONE', #929, #17 ) ;
#4733 = EDGE_CURVE ( 'NONE', #1711, #4321, #4671, .T. ) ;
#4734 = LINE ( 'NONE', #3187, #1164 ) ;
#4735 = DATE_AND_TIME ( #639, #3837 ) ;
#4736 = DIRECTION ( 'NONE',  ( -0.000000000000000000, -0.000000000000000000, 1.000000000000000000 ) ) ;
#4737 = ADVANCED_FACE ( 'NONE', ( #2302 ), #3463, .F. ) ;
#4738 = APPROVAL_DATE_TIME ( #575, #4812 ) ;
#4739 = DIRECTION ( 'NONE',  ( -0.000000000000000000, -0.000000000000000000, 1.000000000000000000 ) ) ;
#4741 = EDGE_CURVE ( 'NONE', #4285, #1553, #3122, .T. ) ;
#4740 = VERTEX_POINT ( 'NONE', #1250 ) ;
#4742 = ORIENTED_EDGE ( 'NONE', *, *, #1286, .F. ) ;
#4743 = ORIENTED_EDGE ( 'NONE', *, *, #3546, .F. ) ;
#4744 = DIRECTION ( 'NONE',  ( 1.000000000000000000, 0.000000000000000000, 0.000000000000000000 ) ) ;
#4745 = PLANE ( 'NONE',  #3910 ) ;
#4746 = DATE_AND_TIME ( #533, #16 ) ;
#4747 = CARTESIAN_POINT ( 'NONE',  ( -12.49999999999999289, 20.00000000000000000, 5.000000000000000000 ) ) ;
#4748 = EDGE_LOOP ( 'NONE', ( #1272, #2475, #3483, #1805 ) ) ;
#4749 = CARTESIAN_POINT ( 'NONE',  ( 299.9999999999998295, 0.000000000000000000, 250.0000000000000568 ) ) ;
#4750 = CARTESIAN_POINT ( 'NONE',  ( 0.000000000000000000, 250.0000000000000000, 12.50000000000000888 ) ) ;
#4751 = DIRECTION ( 'NONE',  ( -0.000000000000000000, -0.000000000000000000, 1.000000000000000000 ) ) ;
#4752 = CARTESIAN_POINT ( 'NONE',  ( 0.000000000000000000, 80.00000000000000000, -4.999999999999999112 ) ) ;
#4753 = AXIS2_PLACEMENT_3D ( 'NONE', #1207, #2730, #829 ) ;
#4754 = VECTOR ( 'NONE', #669, 1000.000000000000000 ) ;
#4755 = EDGE_CURVE ( 'NONE', #651, #4536, #3132, .T. ) ;
#4756 = CIRCLE ( 'NONE', #1482, 9.999999999999998224 ) ;
#4757 = COORDINATED_UNIVERSAL_TIME_OFFSET ( 8, 0, .AHEAD. ) ;
#4758 = DIRECTION ( 'NONE',  ( 0.000000000000000000, -1.000000000000000000, 0.000000000000000000 ) ) ;
#4759 = EDGE_CURVE ( 'NONE', #2546, #3455, #4291, .T. ) ;
#4760 = ORIENTED_EDGE ( 'NONE', *, *, #43, .T. ) ;
#4761 = ORIENTED_EDGE ( 'NONE', *, *, #2268, .F. ) ;
#4762 = EDGE_LOOP ( 'NONE', ( #3278, #2242, #626, #1539 ) ) ;
#4763 = DIRECTION ( 'NONE',  ( -0.000000000000000000, -0.000000000000000000, -1.000000000000000000 ) ) ;
#4764 = EDGE_CURVE ( 'NONE', #4585, #820, #3596, .T. ) ;
#4765 = DIRECTION ( 'NONE',  ( 1.000000000000000000, 0.000000000000000000, 0.000000000000000000 ) ) ;
#4766 = CIRCLE ( 'NONE', #2617, 10.00000000000000178 ) ;
#4767 = PERSON_AND_ORGANIZATION ( #3229, #83 ) ;
#4768 = DIRECTION ( 'NONE',  ( -0.000000000000000000, -0.000000000000000000, -1.000000000000000000 ) ) ;
#4769 = ORIENTED_EDGE ( 'NONE', *, *, #3466, .T. ) ;
#4770 = CARTESIAN_POINT ( 'NONE',  ( -7.500000000000000000, -7.500000000000000000, 14.99999999999997513 ) ) ;
#4771 = DIRECTION ( 'NONE',  ( -0.000000000000000000, -1.000000000000000000, -0.000000000000000000 ) ) ;
#4772 = AXIS2_PLACEMENT_3D ( 'NONE', #63, #2780, #4299 ) ;
#4773 = UNCERTAINTY_MEASURE_WITH_UNIT (LENGTH_MEASURE( 1.000000000000000082E-05 ), #2219, 'distance_accuracy_value', 'NONE');
#4774 = PERSON ( 'NAUO-PER5', 'UNSPECIFIED', 'UNSPECIFIED', ('UNSPECIFIED'), ('UNSPECIFIED'), ('UNSPECIFIED') ) ;
#4775 = AXIS2_PLACEMENT_3D ( 'NONE', #4147, #2650, #1474 ) ;
#4776 = DIRECTION ( 'NONE',  ( 0.000000000000000000, 0.000000000000000000, 1.000000000000000000 ) ) ;
#4777 = DATE_TIME_ROLE ( 'classification_date' ) ;
#4778 = DIRECTION ( 'NONE',  ( 1.000000000000000000, 0.000000000000000000, 0.000000000000000000 ) ) ;
#4779 = AXIS2_PLACEMENT_3D ( 'NONE', #1904, #2367, #4566 ) ;
#4780 = APPLICATION_PROTOCOL_DEFINITION ( 'international standard', 'config_control_design', 1994, #2297 ) ;
#4781 = CC_DESIGN_SECURITY_CLASSIFICATION ( #645, ( #2794 ) ) ;
#4782 = EDGE_LOOP ( 'NONE', ( #3630, #191, #3219, #2568 ) ) ;
#4783 = AXIS2_PLACEMENT_3D ( 'NONE', #1305, #4822, #2460 ) ;
#4784 = ORIENTED_EDGE ( 'NONE', *, *, #1932, .F. ) ;
#4785 = CARTESIAN_POINT ( 'NONE',  ( 21.65063509461096558, 114.9999999999999858, 12.50000000000000355 ) ) ;
#4786 = APPROVAL_PERSON_ORGANIZATION ( #1437, #3139, #2313 ) ;
#4787 = AXIS2_PLACEMENT_3D ( 'NONE', #1623, #1744, #581 ) ;
#4788 = ORIENTED_EDGE ( 'NONE', *, *, #3330, .T. ) ;
#4789 = ADVANCED_FACE ( 'NONE', ( #39 ), #1549, .T. ) ;
#4790 = ORIENTED_EDGE ( 'NONE', *, *, #463, .F. ) ;
#4791 = PRODUCT_DEFINITION_SHAPE ( 'NONE', 'NONE',  #1118 ) ;
#4792 = ORIENTED_EDGE ( 'NONE', *, *, #4030, .F. ) ;
#4793 = SECURITY_CLASSIFICATION ( '', '', #2281 ) ;
#4794 = FACE_OUTER_BOUND ( 'NONE', #109, .T. ) ;
#4795 = CARTESIAN_POINT ( 'NONE',  ( 0.000000000000000000, 250.0000000000000000, 0.000000000000000000 ) ) ;
#4796 = DIRECTION ( 'NONE',  ( 0.000000000000000000, 0.000000000000000000, 1.000000000000000000 ) ) ;
#4797 = EDGE_CURVE ( 'NONE', #918, #4117, #1443, .T. ) ;
#4798 = APPROVAL_ROLE ( '' ) ;
#4799 = PLANE ( 'NONE',  #1727 ) ;
#4800 = EDGE_LOOP ( 'NONE', ( #2842, #3051, #3690, #3640 ) ) ;
#4801 = FACE_BOUND ( 'NONE', #525, .T. ) ;
#4802 = DIRECTION ( 'NONE',  ( 0.000000000000000000, 0.000000000000000000, -1.000000000000000000 ) ) ;
#4803 = ADVANCED_FACE ( 'NONE', ( #824 ), #460, .T. ) ;
#4804 = CYLINDRICAL_SURFACE ( 'NONE', #3561, 5.000000000000000000 ) ;
#4805 = CALENDAR_DATE ( 2026, 6, 6 ) ;
#4806 = DIRECTION ( 'NONE',  ( 1.000000000000000000, -0.000000000000000000, -0.000000000000000000 ) ) ;
#4807 =( BOUNDED_CURVE ( )  B_SPLINE_CURVE ( 3, ( #2950, #675, #309, #4909 ),
 .UNSPECIFIED., .F., .T. ) 
 B_SPLINE_CURVE_WITH_KNOTS ( ( 4, 4 ),
 ( 4.188790204786390525, 4.712388980384689674 ),
 .UNSPECIFIED. ) 
 CURVE ( )  GEOMETRIC_REPRESENTATION_ITEM ( )  RATIONAL_B_SPLINE_CURVE ( ( 1.000000000000000000, 0.9772838841927120601, 0.9772838841927120601, 1.000000000000000000 ) ) 
 REPRESENTATION_ITEM ( '' )  );
#4808 = CALENDAR_DATE ( 2026, 6, 6 ) ;
#4809 = VERTEX_POINT ( 'NONE', #1149 ) ;
#4810 = CARTESIAN_POINT ( 'NONE',  ( 24.99999999999999645, 94.41391782007332267, -4.413917820073319120 ) ) ;
#4811 = DIRECTION ( 'NONE',  ( -0.000000000000000000, -0.000000000000000000, -1.000000000000000000 ) ) ;
#4812 = APPROVAL ( #1409, 'ๆช' ) ;
#4813 = ORIENTED_EDGE ( 'NONE', *, *, #3228, .T. ) ;
#4814 = ORIENTED_EDGE ( 'NONE', *, *, #3405, .T. ) ;
#4815 = ORIENTED_EDGE ( 'NONE', *, *, #200, .F. ) ;
#4816 = LINE ( 'NONE', #2921, #4302 ) ;
#4817 = ADVANCED_FACE ( 'NONE', ( #440 ), #1573, .T. ) ;
#4818 = DATE_TIME_ROLE ( 'creation_date' ) ;
#4819 = DIRECTION ( 'NONE',  ( 1.000000000000000000, 0.000000000000000000, -1.239088197126290570E-16 ) ) ;
#4820 = ORIENTED_EDGE ( 'NONE', *, *, #2591, .F. ) ;
#4821 = CARTESIAN_POINT ( 'NONE',  ( 4.336808689942017736E-15, 5.000000000000000000, 20.00000000000000000 ) ) ;
#4822 = DIRECTION ( 'NONE',  ( 0.000000000000000000, -0.000000000000000000, 1.000000000000000000 ) ) ;
#4823 = ADVANCED_FACE ( 'NONE', ( #111 ), #2407, .T. ) ;
#4824 = LINE ( 'NONE', #1102, #2455 ) ;
#4825 = DATE_TIME_ROLE ( 'classification_date' ) ;
#4826 = DIRECTION ( 'NONE',  ( -1.000000000000000000, 0.000000000000000000, 0.000000000000000000 ) ) ;
#4827 = ADVANCED_FACE ( 'NONE', ( #187, #1375, #2847 ), #2501, .F. ) ;
#4828 = DIRECTION ( 'NONE',  ( -0.000000000000000000, -0.000000000000000000, -1.000000000000000000 ) ) ;
#4829 = APPROVAL_STATUS ( 'not_yet_approved' ) ;
#4830 = CIRCLE ( 'NONE', #385, 5.000000000000004441 ) ;
#4831 = EDGE_LOOP ( 'NONE', ( #2429, #1218, #1604, #2034 ) ) ;
#4832 = CARTESIAN_POINT ( 'NONE',  ( 300.0000000000001705, 0.000000000000000000, 299.9999999999999432 ) ) ;
#4833 = FACE_OUTER_BOUND ( 'NONE', #624, .T. ) ;
#4834 = VECTOR ( 'NONE', #2733, 1000.000000000000000 ) ;
#4835 = EDGE_LOOP ( 'NONE', ( #915, #275 ) ) ;
#4836 = DIRECTION ( 'NONE',  ( -0.000000000000000000, -1.000000000000000000, -0.000000000000000000 ) ) ;
#4837 = EDGE_LOOP ( 'NONE', ( #944, #217, #3867, #1547 ) ) ;
#4838 = CC_DESIGN_DATE_AND_TIME_ASSIGNMENT ( #4231, #908, ( #431 ) ) ;
#4839 = VECTOR ( 'NONE', #4197, 1000.000000000000000 ) ;
#4840 = VERTEX_POINT ( 'NONE', #4323 ) ;
#4841 = DIRECTION ( 'NONE',  ( 1.000000000000000000, 0.000000000000000000, 0.000000000000000000 ) ) ;
#4842 =( NAMED_UNIT ( * ) PLANE_ANGLE_UNIT ( ) SI_UNIT ( $, .RADIAN. ) );
#4843 = PERSON_AND_ORGANIZATION ( #3229, #83 ) ;
#4844 = LINE ( 'NONE', #314, #2364 ) ;
#4845 = ORIENTED_EDGE ( 'NONE', *, *, #856, .T. ) ;
#4846 = DIRECTION ( 'NONE',  ( 0.000000000000000000, 0.000000000000000000, 1.000000000000000000 ) ) ;
#4847 = DIRECTION ( 'NONE',  ( -0.000000000000000000, -0.000000000000000000, 1.000000000000000000 ) ) ;
#4848 = CIRCLE ( 'NONE', #3730, 40.00000000000000000 ) ;
#4849 = EDGE_CURVE ( 'NONE', #106, #3574, #574, .T. ) ;
#4850 = CARTESIAN_POINT ( 'NONE',  ( 7.500000000000000000, 0.000000000000000000, 0.000000000000000000 ) ) ;
#4851 = COORDINATED_UNIVERSAL_TIME_OFFSET ( 8, 0, .AHEAD. ) ;
#4852 = CIRCLE ( 'NONE', #473, 7.500000000000000000 ) ;
#4853 = LINE ( 'NONE', #4556, #2948 ) ;
#4854 = CIRCLE ( 'NONE', #3340, 5.000000000000004441 ) ;
#4855 = EDGE_CURVE ( 'NONE', #1763, #1618, #2092, .T. ) ;
#4856 = CYLINDRICAL_SURFACE ( 'NONE', #461, 5.000000000000000000 ) ;
#4857 = CALENDAR_DATE ( 2026, 6, 6 ) ;
#4858 = DIRECTION ( 'NONE',  ( 0.000000000000000000, 0.000000000000000000, 1.000000000000000000 ) ) ;
#4859 = LINE ( 'NONE', #1368, #1199 ) ;
#4860 = AXIS2_PLACEMENT_3D ( 'NONE', #705, #3323, #2224 ) ;
#4861 = EDGE_LOOP ( 'NONE', ( #3965, #720, #3314, #1170 ) ) ;
#4862 = APPROVAL_PERSON_ORGANIZATION ( #3002, #310, #4094 ) ;
#4863 = AXIS2_PLACEMENT_3D ( 'NONE', #4088, #670, #2570 ) ;
#4864 = ORIENTED_EDGE ( 'NONE', *, *, #4682, .T. ) ;
#4865 = ORIENTED_EDGE ( 'NONE', *, *, #65, .T. ) ;
#4866 = CARTESIAN_POINT ( 'NONE',  ( 0.000000000000000000, 2.101339093494567144E-15, 5.000000000000000000 ) ) ;
#4867 =( NAMED_UNIT ( * ) PLANE_ANGLE_UNIT ( ) SI_UNIT ( $, .RADIAN. ) );
#4868 = SECURITY_CLASSIFICATION ( '', '', #3979 ) ;
#4869 = CC_DESIGN_SECURITY_CLASSIFICATION ( #3515, ( #4922 ) ) ;
#4870 = APPROVAL_STATUS ( 'not_yet_approved' ) ;
#4871 = AXIS2_PLACEMENT_3D ( 'NONE', #2332, #4574, #4651 ) ;
#4872 = DIRECTION ( 'NONE',  ( 1.000000000000000000, 0.000000000000000000, 0.000000000000000000 ) ) ;
#4873 = VERTEX_POINT ( 'NONE', #3669 ) ;
#4874 = CARTESIAN_POINT ( 'NONE',  ( -7.500000000000000000, 0.000000000000000000, 37.50000000000000711 ) ) ;
#4875 = CARTESIAN_POINT ( 'NONE',  ( -249.9999999999999716, -800.0000000000000000, -299.9999999999997158 ) ) ;
#4876 = PRODUCT_DEFINITION ( 'ๆ', '', #725, #1382 ) ;
#4877 = CARTESIAN_POINT ( 'NONE',  ( -7.500000000000000000, 250.0000000000000000, 50.00000000000000000 ) ) ;
#4878 = ITEM_DEFINED_TRANSFORMATION ( 'NONE', 'NONE', #3915,  #4310 ) ;
#4879 = CARTESIAN_POINT ( 'NONE',  ( 0.000000000000000000, 60.00000000000000000, 12.50000000000000000 ) ) ;
#4880 = EDGE_CURVE ( 'NONE', #2614, #432, #4726, .T. ) ;
#4881 = FACE_OUTER_BOUND ( 'NONE', #2296, .T. ) ;
#4882 = DATE_AND_TIME ( #3782, #885 ) ;
#4883 = DIRECTION ( 'NONE',  ( 0.000000000000000000, 1.000000000000000000, 0.000000000000000000 ) ) ;
#4884 = CARTESIAN_POINT ( 'NONE',  ( 7.500000000000000000, 250.0000000000000000, 50.00000000000000000 ) ) ;
#4885 = EDGE_CURVE ( 'NONE', #1215, #4237, #4345, .T. ) ;
#4886 = EDGE_LOOP ( 'NONE', ( #971, #2713, #1953, #4460, #4173, #1147, #2493, #4567, #3538, #594, #4390, #4893 ) ) ;
#4887 = VERTEX_POINT ( 'NONE', #4042 ) ;
#4888 = EDGE_LOOP ( 'NONE', ( #1269, #2949 ) ) ;
#4889 = CARTESIAN_POINT ( 'NONE',  ( -7.500000000000000000, 7.500000000000000000, 9.999999999999973355 ) ) ;
#4890 = ADVANCED_FACE ( 'NONE', ( #946 ), #1672, .T. ) ;
#4891 = CALENDAR_DATE ( 2026, 6, 6 ) ;
#4892 = DIRECTION ( 'NONE',  ( -1.000000000000000000, 0.000000000000000000, 0.000000000000000000 ) ) ;
#4893 = ORIENTED_EDGE ( 'NONE', *, *, #2256, .F. ) ;
#4894 = DIRECTION ( 'NONE',  ( 0.000000000000000000, 1.000000000000000000, 0.000000000000000000 ) ) ;
#4895 = DIRECTION ( 'NONE',  ( 1.000000000000000000, 0.000000000000000000, -0.000000000000000000 ) ) ;
#4896 = CYLINDRICAL_SURFACE ( 'NONE', #144, 17.50000000000000355 ) ;
#4897 = DATE_AND_TIME ( #1079, #1289 ) ;
#4898 = APPROVAL ( #3212, 'UNKNOWN' ) ;
#4899 = CARTESIAN_POINT ( 'NONE',  ( 0.000000000000000000, 50.00000000000000000, -25.00000000000000000 ) ) ;
#4900 = DIRECTION ( 'NONE',  ( 0.000000000000000000, 0.000000000000000000, 1.000000000000000000 ) ) ;
#4901 = COORDINATED_UNIVERSAL_TIME_OFFSET ( 8, 0, .AHEAD. ) ;
#4902 = ADVANCED_FACE ( 'NONE', ( #2041 ), #3176, .F. ) ;
#4903 = CARTESIAN_POINT ( 'NONE',  ( -24.99999999999999645, 94.41391782007330846, -4.413917820073306686 ) ) ;
#4904 = DIRECTION ( 'NONE',  ( 1.000000000000000000, 0.000000000000000000, 0.000000000000000000 ) ) ;
#4905 = ORIENTED_EDGE ( 'NONE', *, *, #3210, .T. ) ;
#4906 = ORIENTED_EDGE ( 'NONE', *, *, #3598, .T. ) ;
#4907 = ADVANCED_FACE ( 'NONE', ( #3618 ), #3569, .T. ) ;
#4908 = ORIENTED_EDGE ( 'NONE', *, *, #4481, .T. ) ;
#4909 = CARTESIAN_POINT ( 'NONE',  ( 25.00000000000000000, 90.00000000000000000, 0.000000000000000000 ) ) ;
#4910 = VECTOR ( 'NONE', #3879, 1000.000000000000000 ) ;
#4911 = CIRCLE ( 'NONE', #3555, 5.000000000000000000 ) ;
#4912 = VECTOR ( 'NONE', #3283, 1000.000000000000000 ) ;
#4913 = COORDINATED_UNIVERSAL_TIME_OFFSET ( 8, 0, .AHEAD. ) ;
#4914 = ADVANCED_FACE ( 'NONE', ( #4017, #553, #2064 ), #4745, .F. ) ;
#4915 = CYLINDRICAL_SURFACE ( 'NONE', #4036, 7.500000000000000000 ) ;
#4916 = ORIENTED_EDGE ( 'NONE', *, *, #3260, .T. ) ;
#4917 = FACE_BOUND ( 'NONE', #991, .T. ) ;
#4918 = NEXT_ASSEMBLY_USAGE_OCCURRENCE ( 'NAUO1', ' ', ' ', #1958, #431, $ ) ;
#4919 = NEXT_ASSEMBLY_USAGE_OCCURRENCE ( 'NAUO2', ' ', ' ', #1958, #4876, $ ) ;
#4920 = NEXT_ASSEMBLY_USAGE_OCCURRENCE ( 'NAUO3', ' ', ' ', #1958, #2157, $ ) ;
#4921 = NEXT_ASSEMBLY_USAGE_OCCURRENCE ( 'NAUO4', ' ', ' ', #1958, #1118, $ ) ;
#4922 = NEXT_ASSEMBLY_USAGE_OCCURRENCE ( 'NAUO5', ' ', ' ', #1958, #1118, $ ) ;
#4923 = NEXT_ASSEMBLY_USAGE_OCCURRENCE ( 'NAUO6', ' ', ' ', #1958, #1270, $ ) ;
#4924 = NEXT_ASSEMBLY_USAGE_OCCURRENCE ( 'NAUO7', ' ', ' ', #1958, #3775, $ ) ;
#4925 = NEXT_ASSEMBLY_USAGE_OCCURRENCE ( 'NAUO8', ' ', ' ', #1958, #3775, $ ) ;
#4926 = NEXT_ASSEMBLY_USAGE_OCCURRENCE ( 'NAUO9', ' ', ' ', #1958, #4699, $ ) ;
#4927 = NEXT_ASSEMBLY_USAGE_OCCURRENCE ( 'NAUO10', ' ', ' ', #1958, #3, $ ) ;
ENDSEC;
END-ISO-10303-21;
