sample,time_s,segment_index,q1_ref_rad,q2_ref_rad,q3_ref_rad,q4_ref_m,q1_actual_rad,q2_actual_rad,q3_actual_rad,q4_actual_m,q1_error_rad,q2_error_rad,q3_error_rad,q4_error_m,q1dot_ref,q2dot_ref,q3dot_ref,q4dot_ref,q1dot_actual,q2dot_actual,q3dot_actual,q4dot_actual,q1dot_error,q2dot_error,q3dot_error,q4dot_error,q1ddot_cmd,q2ddot_cmd,q3ddot_cmd,q4ddot_cmd,stamp_ref_x_m,stamp_ref_y_m,stamp_ref_z_m,stamp_actual_x_m,stamp_actual_y_m,stamp_actual_z_m,stamp_error_x_m,stamp_error_y_m,stamp_error_z_m,stamp_error_norm_m
1,0,1,0,1.60749251715363,-1.98231317286238,0,0,1.60749251715363,-1.98231317286238,0,0,0,0,0,0,-0,0,0,0,0,0,0,0,-0,0,0,0,0,0,0,0.38,0,0.28,0.38,0,0.28,0,0,0,0
2,0.02,1,4.35765152085472e-06,1.60748558317868,-1.98231264179413,0,0,1.60749251715363,-1.98231317286238,0,4.35765152085472e-06,-6.93397494977432e-06,5.31068254483458e-07,0,0.000650356463909261,-0.0010348591225197,7.92591308511758e-05,0,0,0,0,0,0.000650356463909261,-0.0010348591225197,7.92591308511758e-05,0,0.0134428944302707,-0.0213905799453715,0.00163828944247186,0,0.380001029075508,1.65591206228773e-06,0.27999827608239,0.38,0,0.28,1.02907550808551e-06,1.65591206228773e-06,-1.72391761021906e-06,2.60248594351532e-06
3,0.04,1,3.43367332880766e-05,1.60743787991444,-1.98230898823474,0,5.37715777210828e-06,1.60748396092165,-1.98231251754661,0,2.89595755159683e-05,-4.60810072171469e-05,3.52931186609062e-06,0,0.00254913722248119,-0.00405623385886307,0.000310664092519005,0,0.000268857888605414,-0.00042781159890743,3.27657888494373e-05,0,0.00228027933387578,-0.00362842225995564,0.000277898303669568,0,0.0485015442291124,-0.0771765459208274,0.00591089726000042,0,0.380008108252582,1.30482370655034e-05,0.279986415943128,0.380001269833046,2.04332678151347e-06,0.279997872757458,6.83841953519337e-06,1.100491028399e-05,-1.1456814329347e-05,1.72953932211763e-05
4,0.06,1,0.000114130691556264,1.60731091030589,-1.98229926372191,0,3.01549332358615e-05,1.60744453407131,-1.98230949787193,0,8.39757583204021e-05,-0.00013362376541326,1.02341500183289e-05,0,0.00561910373638406,-0.00894122082992459,0.000684801801817001,0,0.00123888877318766,-0.00197134251732398,0.000150983734049446,0,0.0043802149631964,-0.00696987831260062,0.000533818067767555,0,0.0960018750959682,-0.152759942793338,0.011699776357184,0,0.380026946373622,4.33727383879583e-05,0.279954846618246,0.380007120825693,1.14590893611241e-05,0.279988070342379,1.98255479286757e-05,3.19136490268343e-05,-3.32237241327249e-05,5.01532570241214e-05
5,0.08,1,0.000266404127265407,1.60706861002473,-1.98228070611414,0,9.33334587380021e-05,1.60734400324384,-1.9823017982867,0,0.000173070668527405,-0.000275393219111963,2.1092172561632e-05,0,0.00978461001348883,-0.0155694507468896,0.00119245325974809,0,0.00315892627510703,-0.00502654137319074,0.000384979261193126,0,0.00662568373838181,-0.0105429093736989,0.00080747399855496,0,0.149820741620377,-0.238397509385174,0.0182586972272624,0,0.38006287882308,0.000101250321934125,0.279894594852024,0.380022037056898,3.54687712181726e-05,0.279963074985008,4.08417661814098e-05,6.57815507159523e-05,-6.8480132983828e-05,0.000103367262191156
6,0.1,1,0.000512324646984943,1.6066772967875,-1.98225073570909,0,0.000216440280888293,1.60714811341262,-1.98228679522259,0,0.000295884366096649,-0.000470816625125048,3.60595134987207e-05,0,0.0149716026088692,-0.0238230884112344,0.0018245935515046,0,0.00615534110751456,-0.00979449156089423,0.000750153205738374,0,0.00881626150135465,-0.0140285968503401,0.00107444034576622,0,0.205913666636758,-0.327653599519307,0.0250947582651965,0,0.380120862475158,0.000194745303717889,0.279797269327175,0.380051091147594,8.22583662043902e-05,0.279914365626985,6.97713275645828e-05,0.000112486937513499,-0.000117096299809882,0.000176728301894337
7,0.12,1,0.00087159471385781,1.60610561967382,-1.98220695136186,0,0.000421912569693288,1.6068211621416,-1.98226175425517,0,0.000449682144164522,-0.000715542467780939,5.48028933109457e-05,0,0.0211076206248016,-0.0335868327147258,0.00257239184646828,0,0.0102736144402497,-0.0163475635512804,0.0012520483710423,0,0.0108340061845519,-0.0172392691634454,0.00132034347542598,0,0.26164833810749,-0.416339630047002,0.0318871588396141,0,0.38020546752676,0.000331385159591432,0.279655041637153,0.380099551676444,0.000160368788102836,0.279833053595768,0.000105915850316218,0.000171016371488596,-0.000178011958615609,0.000268613149483599
8,0.14,1,0.0013624834985445,1.60532450844457,-1.98214712660332,0,0.000732044193741278,1.60632767501855,-1.98222395842421,0,0.000630439304803225,-0.0010031665739878,7.68318208950181e-05,0,0.0281217957107651,-0.0447479166394218,0.0034272113982103,0,0.0155065812023995,-0.0246743561522204,0.00188979154783459,0,0.0126152145083656,-0.0200735604872013,0.00153741985037572,0,0.315348220647635,-0.501787867142807,0.0384315790970161,0,0.380320867192094,0.000518181226345259,0.279460626428326,0.380172619288557,0.000278303208282785,0.279710292894453,0.000148247903537346,0.000239878018062474,-0.00024966646612723,0.000376632777067076
9,0.16,1,0.00200185873016712,1.60430712286008,-1.98206920575843,0,0.00116831510604832,1.60563347274865,-1.98217078996161,0,0.000833543624118802,-0.00132634988857117,0.00010158420318751,0,0.0359448520634416,-0.0571961072576709,0.00438060954449123,0,0.0218135456153522,-0.0347101134950765,0.00265842312977491,0,0.0141313064480894,-0.0224859937625944,0.00172218641471632,0,0.365980491373668,-0.582354864109004,0.0446021486130775,0,0.380470826119668,0.000761649862263455,0.279207261101134,0.380275249166135,0.0004442815201993,0.279537537671925,0.000195576953532395,0.000317368342064156,-0.000330276570791321,0.000498051827133721
10,0.18,1,0.00280521854725344,1.60302880199835,-1.98197130006456,0,0.00175097821490483,1.60470632853311,-1.98209978063957,0,0.00105424033234861,-0.00167752653475794,0.000128480575018575,0,0.0445091064267157,-0.0708237057321129,0.00542433770726105,0,0.0291331554428256,-0.0463572107772566,0.00355046610203646,0,0.0153759509838901,-0.0244664949548563,0.00187387160522459,0,0.412943052912662,-0.65708255257292,0.0503254896063493,0,0.380658688284059,0.00106783361356602,0.278888685422148,0.380412031530867,0.000666093860629586,0.279306696764263,0.000246656753192132,0.000401739752936436,-0.000418011342114499,0.000630053858904997
11,0.2,1,0.00378672334868094,1.6014670135732,-1.98185168378978,0,0.00249881854492641,1.60351635129653,-1.98200864112169,0,0.00128790480375453,-0.0020493377233326,0.000156957331908458,0,0.0537484680916745,-0.0855255473156779,0.00655034139265916,0,0.0373920165010788,-0.059498861828715,0.00455697589416345,0,0.0163564515905957,-0.0260266854869629,0.00199336549849572,0,0.455919512187366,-0.725467482072518,0.0555630431607602,0,0.380887365004614,0.00144232197223697,0.278499121362613,0.380587111292779,0.000951020111078887,0.279010219567437,0.000300253711834952,0.000491301861158085,-0.000511098204824534,0.000769903360963521
12,0.22,1,0.00495922764462087,1.5996013032525,-1.98170879035123,0,0.00342902667982293,1.60203618706713,-1.98189527638654,0,0.00153020096479794,-0.00243488381462531,0.000186486035317346,0,0.0635984388966081,-0.101199001351587,0.00775076019101437,0,0.0465104067448261,-0.0740082114701654,0.00566823675737865,0,0.017088032151782,-0.0271907898814218,0.00208252343363572,0,0.494780739515434,-0.787304179090968,0.060299072204449,0,0.381159323651497,0.0018902713512889,0.278033253443214,0.380804134300962,0.00130579265424305,0.278641136722635,0.00035518935053519,0.000584478697045855,-0.000607883279420685,0.000915039290650012
13,0.24,1,0.00633431190748233,1.59741324397636,-1.98154120843336,0,0.00455714711052563,1.60024110116609,-1.98175779202251,0,0.0017771647969567,-0.00282785718972756,0.000216583589158548,0,0.0739961132270093,-0.117743971273353,0.0090179277768449,0,0.0564060215351348,-0.0897542950519847,0.00687421820146763,0,0.0175900916918745,-0.0279896762213681,0.00214370957537727,0,0.52951831353316,-0.842579243400118,0.0645325504234001,0,0.381476577516461,0.00241642394594255,0.277486209829369,0.381066211893664,0.00173658680804096,0.278193071664294,0.000410365622796671,0.000679837137901598,-0.000706861834925521,0.00106312376143035
14,0.26,1,0.00792231442285629,1.5948863852753,-1.98134767810631,0,0.00589707486664159,1.59810898356769,-1.98159449463832,0,0.0020252395562147,-0.0032225982923868,0.000246816532007754,0,0.0848801780155734,-0.135062894604778,0.0103443719088584,0,0.066996387805798,-0.106605879919987,0.00816486920993563,0,0.0178837902097753,-0.0284570146847905,0.00217950269892274,0,0.560199759816977,-0.89140012293449,0.0682717071792303,0,0.381840677251205,0.00302512519359579,0.276853544386129,0.381375898275714,0.00224902829488016,0.27766023396036,0.000464778975491298,0.000776096898715633,-0.000806689574230746,0.00121206186369646
15,0.28,1,0.00973236314045963,1.59200620258848,-1.9811270869442,0,0.00746108252668434,1.59562030592012,-1.98140388857124,0,0.00227128061377529,-0.00361410333163947,0.000276801627041134,0,0.0961909127421986,-0.153060742959955,0.0117228144299519,0,0.0782003830021376,-0.124433882378677,0.00953030335352024,0,0.017990529740061,-0.0286268605812784,0.00219251107643162,0,0.586938656178749,-0.933947544789515,0.0715303842327458,0,0.382252704209952,0.00372033959168405,0.276131219866935,0.381735177134962,0.0028482105112978,0.277037401848344,0.000517527074990254,0.000872129080386254,-0.000906181981409238,0.00136000337853776
16,0.3,1,0.0117724075250793,1.58876004658185,-1.98087846614346,0,0.00925986564919859,1.59275804925463,-1.98118467035048,0,0.00251254187588067,-0.00399800267277839,0.000306204207016547,0,0.107870189433986,-0.17164502204327,0.0131461712672118,0,0.0899391561257125,-0.143112833274467,0.0109609110381752,0,0.0179310333082731,-0.0285321887688031,0.00218526022903663,0,0.609874853753529,-0.970444042653901,0.0743256252823874,0,0.382713265974359,0.00450566468028432,0.275315592376009,0.382145455159589,0.00353871671636135,0.276319898944995,0.000567810814770753,0.00096694796392297,-0.0010043065689862,0.00150533357459875
17,0.32,1,0.0140492504075161,1.58513709246639,-1.98060098664113,0,0.0113025987132143,1.58950761497208,-1.9809357218796,0,0.00274665169430187,-0.00437052250568404,0.000334735238476158,0,0.119861472665238,-0.190725771649398,0.014607552431914,0,0.102136653200783,-0.162521714127545,0.0124474235438229,0,0.0177248194644551,-0.0282040575218528,0.00216012888809115,0,0.629161558719289,-1.00113340100546,0.0766761016094387,0,0.38322249428749,0.00538434304515541,0.274403397210327,0.382607560944801,0.00432464388350148,0.275503568439784,0.000614933342689694,0.00105969916165393,-0.0011001712294571,0.00164665784645345
18,0.34,1,0.0165685798355292,1.58112828931629,-1.98029395523317,0,0.0135969964007176,1.58585672732912,-1.98065610296808,0,0.00297158343481159,-0.00472843801283762,0.00036214773491916,0,0.132109819557463,-0.210215565663305,0.0161002620195239,0,0.114719884375169,-0.182544382147654,0.0139809455760117,0,0.0173899351822937,-0.0276711835156503,0.00211931644351224,0,0.644957047127033,-1.02626747159677,0.0786011023621608,0,0.383780045578518,0.00635927224632294,0.27339173615404,0.383121748321472,0.00520962608587821,0.274584746937085,0.00065829725704597,0.00114964616044473,-0.0011930107830444,0.00178278330184006
19,0.36,1,0.0193350009247798,1.5767263093871,-1.97995681069279,0,0.0161493769070718,1.58179533269753,-1.98034504361562,0,0.00318562401770795,-0.00506902331042713,0.000388232922825749,0,0.144561879779368,-0.230029512060247,0.0176177982096961,0,0.12761902531771,-0.20306973157959,0.0155529676232549,0,0.0169428544616582,-0.0269597804806576,0.00206483058644118,0,0.657419491003959,-1.04609794065586,0.0801199040113985,0,0.384385104220311,0.00743301262673862,0.272278066266143,0.383687703494776,0.00619685606597157,0.273560239325797,0.000697400725535369,0.00123615656076705,-0.00128217305965456,0.0019126992888608
20,0.38,1,0.0223520677097752,1.57192549743402,-1.9795891198888,0,0.0189647252098276,1.57731549888968,-1.98000193630155,0,0.00338734249994758,-0.00539000145566093,0.000412816412751926,0,0.157165895546865,-0.250085252905774,0.0191538532662747,0,0.140767415137789,-0.223991690392707,0.0171553657034829,0,0.0163984804090766,-0.0260935625130667,0.00199848756279179,0,0.66670385817629,-1.06087139582743,0.0812513925310283,0,0.385036388627176,0.00860779300437404,0.271060190171351,0.384304555610706,0.00728910418334859,0.272427295516035,0.000731833016469841,0.00131868882102544,-0.00136710534468371,0.00203555810385151
21,0.4,1,0.0256223149948131,1.56672182002998,-1.97919057390384,0,0.0220467550558539,1.57241131652349,-1.97962632843047,0,0.00357555993895917,-0.00568949649351702,0.000435754526624699,0,0.16987170162307,-0.270302964355723,0.0207023135372932,0,0.154101492301315,-0.245209118309256,0.0187803935541034,0,0.0157702093217555,-0.0250938460464672,0.00192191998318972,0,0.672960180331026,-1.07082657028105,0.0820138523262643,0,0.385732160268894,0.00988551429874156,0.269736247834789,0.384970890514486,0.00848873431443535,0.271183589512942,0.000761269754408378,0.00139677998430621,-0.00144734167815286,0.00215065661993117
22,0.42,1,0.0291472902049254,1.56111281488392,-1.97876098415279,0,0.0253979689740126,1.5670788035292,-1.97921791501846,0,0.00374932123091282,-0.00596598864527964,0.000456930865663452,0,0.182630725318299,-0.290605356656224,0.0222572594549745,0,0.167560695907935,-0.266625649714877,0.0204206706006287,0,0.0150700294103636,-0.0239797069413473,0.00183658885434579,0,0.676332711298555,-1.07619300335491,0.0824248636532609,0,0.386470235648979,0.0112677511886663,0.268304709773391,0.385684767555086,0.0097977165453669,0.269827201044625,0.000785468093893293,0.00147003464329944,-0.00152249127123349,0.0022574192455118
23,0.44,1,0.0329275852368226,1.55509754015894,-1.97830027850102,0,0.0290197159766907,1.56131581333356,-1.97877653166098,0,0.00390786926013189,-0.00621827317461099,0.000476253159961137,0,0.195395986490071,-0.310917674143697,0.0238129655357311,0,0.181087350133906,-0.288149509781975,0.0220691678736939,0,0.0143086363561652,-0.0227681643617226,0.00174379766203712,0,0.676959653136493,-1.07719060469555,0.0825012692368561,0,0.38724800126891,0.012755751941574,0.266764371631178,0.386443739342881,0.0112176366883337,0.268356599788031,0.000804261926028838,0.00153811525324024,-0.00159222815685328,0.0023553824066139
24,0.46,1,0.0369628683098373,1.54867652379054,-1.97780849738273,0,0.0329122468406234,1.55512194689604,-1.97830214779581,0,0.0040506214692139,-0.00644542310549712,0.000493650413078139,0,0.208122097543111,-0.331167695244855,0.0253639003801646,0,0.194626543196636,-0.309693321875886,0.0237191932584311,0,0.0134955543464747,-0.0214743733689688,0.0016447071217335,0,0.674973233850884,-1.07402977792909,0.082259183742484,0,0.388062431575221,0.0143504365950404,0.265114350021894,0.387244874394967,0.0127497027869822,0.266770632118433,0.000817557180254558,0.00160073380805822,-0.0016562820965389,0.00244418060923526
25,0.48,1,0.0412519158168689,1.54185171280474,-1.97728578991929,0,0.0370747669980965,1.54849846854735,-1.97779486025715,0,0.00417714881877241,-0.00664675574260487,0.000509070337860296,0,0.220765263429342,-0.351285732476697,0.0269047266730662,0,0.208126007873654,-0.331173917434468,0.0253643769332807,0,0.0126392555556881,-0.0201118150422299,0.00154034973978545,0,0.670499992991003,-1.06691187510508,0.0817140285817385,0,0.38891010986212,0.016052393708333,0.263354079521158,0.388084782612944,0.0143947488734463,0.265068510227875,0.000825327249175833,0.00165764483488669,-0.00171443070671734,0.00252353405267177
26,0.5,1,0.0457926441753271,1.53462642263635,-1.97673241003749,0,0.041505487152766,1.54144822544862,-1.97725488710705,0,0.00428715702256112,-0.00682180281226641,0.000522477069556881,0,0.233283281647893,-0.371204632446519,0.0284303011834165,0,0.221536007733474,-0.352512154936569,0.0269986575049155,0,0.011747273914419,-0.0186924775099495,0.00143164367850099,0,0.663661180544492,-1.05602983142563,0.0808805805257079,0,0.389787252078106,0.017861875934645,0.261483310671387,0.388959643536158,0.0161532363093516,0.26324980340394,0.000827608541948355,0.00170863962529333,-0.00176649273255303,0.00259323771413094
27,0.52,1,0.0505821416780763,1.52700528644711,-1.97614871258794,0,0.0462016717796533,1.53397557041732,-1.97668256172474,0,0.00438046989842301,-0.00697028397020527,0.000533849136797437,0,0.245635542245094,-0.390859775851902,0.0299356747643855,0,0.234809231344364,-0.373632751565082,0.0286162691154297,0,0.0108263109007307,-0.0172270242868205,0.00131940564895584,0,0.654573207856916,-1.04156888275694,0.0797730266588605,0,0.390689733460555,0.0197787946932204,0.259502108846495,0.389865237302978,0.0180252530929167,0.261314431224508,0.000824496157576904,0.00175354160030374,-0.00181232237801304,0.00265315179733496
28,0.54,1,0.0556167003443794,1.51899420444392,-1.97553514946333,0,0.0511596856896833,1.52608628783291,-1.97607832713177,0,0.00445701465469612,-0.00709208338899492,0.000543177668441475,0,0.25778302781448,-0.410189077480723,0.0314160923533326,0,0.247900695501502,-0.394464129220221,0.0302117296486069,0,0.00988233231297805,-0.0157249482605022,0.00120436270472572,0,0.643348111729173,-1.02370730410954,0.0784050209386619,0,0.391613117896942,0.0218027142441516,0.257410853809801,0.390796978235933,0.0200105115489175,0.259262658401571,0.000816139661008852,0.00179220269523404,-0.00185180459177037,0.00270319342503965
29,0.56,1,0.0608918477708422,1.510600293197,-1.97489226571674,0,0.056375038844405,1.51778752232686,-1.97544273053042,0,0.00451680892643721,-0.00718722912986114,0.000550464813678042,0,0.269688313496786,-0.429132986211146,0.0328669929718066,0,0.260767657736085,-0.414938275302411,0.0317798300673801,0,0.00892065576070056,-0.0141947109087342,0.00108716290442649,0,0.630094007857732,-1.0026171311608,0.076789739456334,0,0.392552689885276,0.0239328454869281,0.255210239787898,0.39174995094491,0.0221083448409478,0.257095090993989,0.000802738940366421,0.0018245006459802,-0.00188485120609089,0.00274332945208283
30,0.58,1,0.0664023789823572,1.50183183495813,-1.97422069568002,0,0.0618424296022698,1.50908770996835,-1.97477641803329,0,0.00455994938008737,-0.00725587501021585,0.00055572235327439,0,0.281315566979951,-0.447634485011627,0.0342840097255457,0,0.27336953789324,-0.434990617925627,0.0333156248565068,0,0.00794602908671094,-0.0126438670859993,0.000968384869038948,0,0.614915519742956,-0.978464842741572,0.074939932708218,0,0.39350348893922,0.0261680398165004,0.252901275875395,0.392718948817326,0.0243177027581487,0.254812673702924,0.000784540121893884,0.00185033705835168,-0.00191139782752964,0.00277357027808127
31,0.6,1,0.0721423882830475,1.49269822697881,-1.97352115908202,0,0.0675557865680318,1.49999651167274,-1.97408012956308,0,0.00458660171501575,-0.00729828469393179,0.000558970481060905,0,0.292630548499117,-0.465639090940913,0.0356629698044777,0,0.285667848288099,-0.454559914780459,0.0348144235106712,0,0.00696270021101758,-0.0110791761604545,0.000848546293806499,0,0.597914175721927,-0.951411992602268,0.0728679739822205,0,0.394460346255465,0.0285067833774278,0.250485286580543,0.393698514736026,0.0266371472327188,0.252416687962984,0.000761831519439593,0.001869636144709,-0.00193140138244063,0.00279396454481935
32,0.62,1,0.0781053011072115,1.48320993082844,-1.97279445716697,0,0.0735083092040825,1.49052474858009,-1.97335469390327,0,0.00459699190312891,-0.00731481775164755,0.000560236736299347,0,0.303600610836628,-0.483094855148043,0.0369998944827194,0,0.297626131802538,-0.473588154632504,0.0362717829903156,0,0.00597447903408982,-0.00950670051553898,0.000728111492403823,0,0.579188770994688,-0.921615785475535,0.0705859034780111,0,0.395417923432402,0.0309471920574228,0.247963912319832,0.394682983835396,0.0290648480408778,0.249908750545736,0.000734939597005602,0.00188234401654498,-0.0019448382259048,0.00280459461113544
33,0.64,1,0.0842839058702659,1.47337842171257,-1.97204146881279,0,0.0796925073485312,1.48068433917325,-1.97260102388207,0,0.00459139852173476,-0.00730591746067999,0.000559555069286954,0,0.31419469932203,-0.499952362872345,0.0382909991185774,0,0.309209907222431,-0.492020470342015,0.0376835010598758,0,0.00498479209959884,-0.00793189253033011,0.000607498058701618,0,0.558835694165453,-0.889229596674601,0.0681054681027278,0,0.396370753000249,0.0334870075561679,0.245339109670572,0.39566652807454,0.031598579129089,0.247290812399565,0.000704224925709429,0.00188842842707893,-0.00195170272899348,0.00280557270669481
34,0.66,1,0.0906703858196909,1.46321613779104,-1.97126314664936,0,0.086100239770646,1.47048823792774,-1.97182011167363,0,0.0045701460490449,-0.0072721001367051,0.000556965024277378,0,0.324383351832075,-0.516164733443438,0.0395326931545476,0,0.320386621105741,-0.509805062275507,0.0390456104219304,0,0.00399673072633444,-0.00635967116793168,0.000487082732617251,0,0.536949219431179,-0.854403437029143,0.0654381570800829,0,0.397313280494162,0.036123594853645,0.242613151194355,0.396643202374028,0.0342357159896356,0.244565157460236,0.000670078120133699,0.00188787886400944,-0.00195200626588038,0.00279703767480736
35,0.68,1,0.0972563508859735,1.45273642949619,-1.97046051317689,0,0.0927227518805333,1.45995037530742,-1.97101302420236,0,0.00453359900544019,-0.00721394581123214,0.000552511025475155,0,0.334138698790714,-0.531687620281234,0.0407215801173152,0,0.331125605494364,-0.52689313101609,0.040354373563532,0,0.00301309329634991,-0.00479448926514447,0.000367206553783236,0,0.513621766471017,-0.817284366426103,0.0625952336231803,0,0.398239907773796,0.0388539413844522,0.239788624650846,0.397606992030518,0.0369732344853979,0.24173440117976,0.000632915743277618,0.0018807068990543,-0.00194577652891384,0.00277915222301893
36,0.7,1,0.104032869533552,1.44195350885107,-1.96963465688421,0,0.099550712697009,1.44908559894053,-1.97018089863764,0,0.00448215683654277,-0.00713209008945515,0.000546241753434096,0,0.343434463169102,-0.546479210895933,0.041854457617755,0,0.341398040823784,-0.543238818344612,0.0416062782359956,0,0.00203642234531787,-0.00324039255132103,0.000248179381759417,0,0.488944130560634,-0.778016859971935,0.0595877629785979,0,0.39914503726613,0.041674658200868,0.236868431430655,0.398551861092135,0.039807711493207,0.238801488536868,0.000593176173994514,0.00186694670766102,-0.00193305710621275,0.00275210060835731
37,0.72,1,0.110990500611759,1.43088239878763,-1.96878672836709,0,0.106574251165709,1.43790961582965,-1.96932493796773,0,0.00441624944605003,-0.00702721704201448,0.000538209600642325,0,0.352245960485598,-0.560500226888027,0.0429283173509311,0,0.351176923434997,-0.55879915554405,0.0427980334955676,0,0.00106903705060091,-0.00170107134397646,0.000130283855363511,0,0.463005685617021,-0.736743131080977,0.0564266371715028,0,0.400023116783559,0.0445819833780377,0.233855784047808,0.399471801347825,0.0427353276987977,0.235769691310378,0.000551315435734168,0.00184665567923994,-0.00191390726256979,0.00271608669174334
38,0.74,1,0.118119325205767,1.41953888246489,-1.96791793644656,0,0.113782991908656,1.42643893546633,-1.96844640664295,0,0.00433633329711175,-0.0069000530014387,0.000528470196396791,0,0.360550098805762,-0.573713923948299,0.0439403450960969,0,0.360437037147338,-0.57353401816567,0.0439265662389976,0,0.000113061658424174,-0.000179905782629053,1.37788570993003e-05,0,0.435894562879658,-0.693603415796451,0.0531225967816651,0,0.400868684547162,0.0475717878799986,0.230754202546415,0.400360881556688,0.0457518728345812,0.232642604416816,0.000507802990474093,0.0018199150454174,-0.00188840187040093,0.00267133230314103
39,0.76,1,0.125408978487533,1.40793945258717,-1.96702954428721,0,0.121166090476754,1.4146908137367,-1.96754662627946,0,0.00424288801077866,-0.00675136114953179,0.00051708199225331,0,0.368325378742357,-0.586086091857823,0.0448879207166955,0,0.369154928404931,-0.587406086481599,0.0449890181746309,0,-0.000829549662574036,0.00131999462377586,-0.000101097457935455,0,0.407697807826385,-0.648736222477662,0.0496862500666219,0,0.401676414026232,0.0506395840658343,0.227567509692328,0.401213296519461,0.0488527536047036,0.229424141135488,0.000463117506770916,0.0017868304611307,-0.00185663144316017,0.00261807586552286
40,0.78,1,0.132848681566738,1.39610126072224,-1.96612286551553,0,0.128712268167983,1.40268319751808,-1.96662697141594,0,0.00413641339875484,-0.00658193679583596,0.000504105900409835,0,0.375551893455349,-0.597585054487964,0.0457686181603591,0,0.377308884561458,-0.600380810931152,0.0459827431759634,0,-0.00175699110610927,0.0027957564431883,-0.000214125015604243,0,0.378501517753299,-0.60227855071983,0.0461280897288986,0,0.402441158190361,0.0537805369716712,0.22429982483864,0.402023415574596,0.0520330044907916,0.226118527067692,0.000417742615764882,0.00174753248087958,-0.00181870222905195,0.00255657123169172
41,0.8,1,0.140427273341738,1.38404206661957,-1.96519926033822,0,0.136409846466314,1.39043466987917,-1.96568886531653,0,0.004017426875424,-0.0063926032596,0.000489604978306968,0,0.382211328651908,-0.608181669800376,0.0465802054589096,0,0.384878914916524,-0.612426381945549,0.0469053049705413,0,-0.00266758626461677,0.00424471214517252,-0.000325099511631746,0,0.348390962250065,-0.55436608305655,0.0424585075980619,0,0.403157992760154,0.0569894784572175,0.220955556373486,0.40278583008656,0.0552873015771079,0.222730292701529,0.000372162673593968,0.0017021768801096,-0.00177473632804342,0.00248708669347759
42,0.82,1,0.148133242350501,1.37178018752846,-1.9642601316605,0,0.144246781149544,1.37796439580703,-1.96473377581408,0,0.00388646120095698,-0.00618420827856991,0.00047364415358131,0,0.388286962586404,-0.617849329847007,0.0473206447283581,0,0.391846734161526,-0.62351370360668,0.0477544751225026,0,-0.00355977157512188,0.00566437375967266,-0.000433830394144491,0,0.31745068859326,-0.505133352663538,0.0386878074752411,0,0.403822258037629,0.0602609242559134,0.21753939267949,0.403495399484726,0.0586099794764046,0.219264264479593,0.00032685855290232,0.00165094477950881,-0.00172487180010283,0.00240990412784052
43,0.84,1,0.155954758621558,1.35933444751631,-1.96330692120441,0,0.152210696108212,1.36529206839383,-1.96376321118864,0,0.0037440625133458,-0.00595762087752605,0.00045628998422842,0,0.393763666060411,-0.626563960770092,0.0479880921689051,0,0.398195747933391,-0.633616370659951,0.0485282312720074,0,-0.00443208187297955,0.00705240988985822,-0.000540139103102286,0,0.285764613874989,-0.45471388995544,0.0348262163607962,0,0.404429598897937,0.0635890939164027,0.214056291556092,0.404147295408092,0.0619950513784747,0.21572555429341,0.000282303489844815,0.00159404253792797,-0.00166926273731763,0.00232531824903593
44,0.86,1,0.16387970552494,1.34672412678673,-1.96234110562717,0,0.16028891691243,1.35243785542465,-1.96277871607665,0,0.00359078861251041,-0.0057137286379223,0.000437610449486314,0,0.398627902422708,-0.634304022802161,0.0485808980649408,0,0.403911040210891,-0.642710648459059,0.0492247555992233,0,-0.00528313778818268,0.00840662565689787,-0.000643857534282546,0,0.253416105487388,-0.403240350654273,0.0308838942629805,0,0.40497600253062,0.0669679335709122,0.210511468078377,0.404737043514522,0.0654362321832801,0.212119547355423,0.00023895901609805,0.00153170138763209,-0.00160807927704698,0.00223363594023658
45,0.88,1,0.171895711623129,1.33396891099781,-1.96136419263945,0,0.168468504158843,1.33942234631521,-1.96178186740696,0,0.00342720746428604,-0.00545343531740294,0.000417674767515974,0,0.402867727569273,-0.641050510266032,0.0490976067850444,0,0.408979362320638,-0.650775455472145,0.0498424334844829,0,-0.00611163475136584,0.009724945206113,-0.000744826699438532,0,0.220488051401287,-0.350844627618034,0.0268709427628268,0,0.405457833531363,0.0703911414142412,0.206910380888787,0.405260562523571,0.0689269646206356,0.208451888426371,0.000197271007792266,0.00146417679360561,-0.00154150753758442,0.00213517564192695
46,0.9,1,0.179990182521995,1.32108884058025,-1.96037771712372,0,0.176736286625816,1.32626649935472,-1.96077427036017,0,0.00325389589617892,-0.00517765877446541,0.000396553236452712,0,0.406472789943288,-0.646786951574814,0.0495369567819849,0,0.413389123348664,-0.657792348024505,0.0503798523397395,0,-0.00691633340537595,0.0110053964496916,-0.000842895557754589,0,0.187062921510373,-0.29765794845271,0.0227974124901795,0,0.40587186596425,0.0738521957264569,0.203258716940678,0.405714200079324,0.0724604481998719,0.204728466402606,0.000157665884926494,0.00139174752658505,-0.00146974946192741,0.00203026677800263
47,0.92,1,0.188150332721746,1.30810426005562,-1.95938323725254,0,0.185078894261394,1.31299158921485,-1.95975755434838,0,0.00307143846035293,-0.00488732915922485,0.000374317095838572,0,0.40943433053514,-0.651499409231908,0.0498978805927204,0,0.417130381778872,-0.66374550699356,0.0508358005895431,0,-0.00769605124373179,0.0122460977616513,-0.00093791999682262,0,0.153222821160657,-0.243810960689459,0.0186733096474048,0,0.406215312039777,0.077344385224089,0.199562374734782,0.406094765044122,0.0760296707767953,0.200955397293954,0.000120546995654891,0.00131471444729375,-0.00139302255917165,0.0019192492038413
48,0.94,1,0.196363217467871,1.2950357673545,-1.95838233060691,0,0.193482791025435,1.2996191546907,-1.95873336901273,0,0.00288042644243547,-0.00458338733620578,0.000351038405824067,0,0.411745182882415,-0.655176479831005,0.0501795048383986,0,0.420194838202085,-0.668621726207349,0.0512092667824912,0,-0.00844965531967029,0.0134452463763439,-0.00102976194409252,0,0.119049537850141,-0.1894338060937,0.0145086017005562,0,0.406485847085088,0.0808608414796407,0.195827446110963,0.406399555865283,0.0796274424727279,0.197139005647736,8.62912198049681e-05,0.00123339900691286,-0.00131155953677259,0.00180247266369512
49,0.96,1,0.204615764602078,1.28190416313467,-1.95737659029453,0,0.201934307604617,1.28617094664412,-1.9577033802364,0,0.00268145699746147,-0.00426678350944232,0.000326789941866634,0,0.413399773069903,-0.657809294056087,0.0503811502243566,0,0.422575828959088,-0.672410402329223,0.0514994388165023,0,-0.00917605588918419,0.0146011082731357,-0.00111828859214566,0,0.0846245819624636,-0.134656185481519,0.0103132223437502,0,0.406681630519772,0.0843945731085349,0.192060196677749,0.40662638469465,0.0832464316325068,0.193285804498168,5.52458251218413e-05,0.00114814147602803,-0.00122560782041942,0.00168029624758328
50,0.98,1,0.212894806413249,1.26873040009938,-1.9563676210682,0,0.210419674016584,1.27266887612334,-1.95666926617113,0,0.002475132396665,-0.00393847602395803,0.000301645102936066,0,0.414394119729599,-0.659391516681427,0.0505023315401208,0,0.424268320598337,-0.675103526038853,0.0517057032633773,0,-0.00987420086873775,0.0157120093574263,-0.0012033717232565,0,0.0500292222917448,-0.0796074152472759,0.0060970758284766,0,0.406801322592468,0.0879385013870994,0.18826704498071,0.406773596984454,0.0868792024660509,0.189402473942259,2.77256080143951e-05,0.00105929892104842,-0.00113542896154925,0.00155308784046458
51,1,1,0.221187111488372,1.25553553231545,-1.95535703544403,0,0.218925052117467,1.25913496263646,-1.95563271327553,0,0.00226205937090526,-0.00359943032101406,0.000275677831498511,0,0.414725834040698,-0.659919346571589,0.0505427576594071,0,0.425268905044172,-0.676695674343799,0.0518276447799468,0,-0.0105430710034735,0.0167763277722098,-0.00128488712053972,0,0.015344517021057,-0.0244164766572097,0.00187004073905664,0,0.406844096679915,0.0914854969356433,0.184454540527571,0.406840086331842,0.0905182539823588,0.185495838463127,4.01034807251399e-06,0.000967242953284486,-0.00104129793555557,0.00142122355882615
52,1.02,1,0.229479416563496,1.24234066453152,-1.95434644981987,0,0.227436568025159,1.24559128255893,-1.95459541236364,0,0.00204284853833714,-0.00325061802740723,0.000248962543765385,0,0.414394119729599,-0.659391516681427,0.0505023315401208,0,0.425575795384593,-0.677184003876943,0.051865045594728,0,-0.0111816756549939,0.0177924871955162,-0.00136271405460718,0,-0.0193486592661651,0.030787941169601,-0.00235802671560509,0,0.406809647000121,0.0950284170777751,0.180629340802608,0.406825304397751,0.094156059796367,0.181572843139126,-1.56573976297647e-05,0.000872357281408109,-0.00094350233651741,0.00128508717196153
53,1.04,1,0.237758458374666,1.22916690149622,-1.95333748059354,0,0.235940344469144,1.23205991765785,-1.95355905466243,0,0.00181811390552197,-0.00289301616162896,0.000221574068894226,0,0.413399773069903,-0.657809294056087,0.0503811502243566,0,0.42518882219927,-0.676568245053551,0.0518178850604159,0,-0.0117890491293666,0.0187589509974642,-0.00143673483605927,0,-0.0539695920351341,0.0858774037863874,-0.00657728983176287,0,0.406698191644177,0.0985601434713931,0.176798187415246,0.406729265782507,0.0977851083685922,0.177640528892012,-3.1074138330478e-05,0.000775035102800831,-0.000842341476766123,0.00114506950711606
54,1.06,1,0.246011005508874,1.2160352972764,-1.95233174028116,0,0.244422533076316,1.2185629037183,-1.95252532787715,0,0.0015884724325585,-0.00252760644189354,0.000193587595991307,0,0.411745182882415,-0.655176479831005,0.0501795048383986,0,0.424109430358567,-0.674850696977823,0.0516863392637806,0,-0.0123642474761524,0.0196742171468181,-0.00150683442538196,0,-0.0884377062671993,0.140723698747007,-0.0107779289085086,0,0.406510470885867,0.102073619598632,0.172967881537615,0.406552547799704,0.101397943225382,0.173706006939408,-4.20769138371746e-05,0.00067567637324932,-0.000738125401792911,0.00100156783934857
55,1.08,1,0.254223890254999,1.20296680457528,-1.95133083363553,0,0.25286934660098,1.20512217925824,-1.95149591226344,0,0.00135454365401827,-0.0021553746829639,0.000165078627914372,0,0.409434330535139,-0.651499409231908,0.0498978805927204,0,0.422340676233223,-0.672036223002883,0.0514707806856104,0,-0.0129063456980836,0.0205368137709753,-0.00157290009289005,0,-0.122672548559845,0.195198807123116,-0.0149501390663638,0,0.406247740783793,0.105561887701684,0.169145258792947,0.406296285150302,0.10498720270418,0.169776432625826,-4.85443665088625e-05,0.000574684997504432,-0.000631173832879084,0.000854985268403901
56,1.1,1,0.26238404045475,1.18998222405065,-1.95033635376435,0,0.261267091106221,1.19175953432103,-1.95047247670536,0,0.00111694934852913,-0.00177731027038597,0.000136122941005512,0,0.406472789943288,-0.646786951574814,0.0495369567819849,0,0.419887225262026,-0.668132246860421,0.0511717779042832,0,-0.013414435318738,0.0213452952856069,-0.0016348211222983,0,-0.156593771521847,0.249174878673541,-0.0190841283454148,0,0.405911762146002,0.109018124758907,0.165337163761034,0.405962159559463,0.108545658773566,0.165858978812415,-5.03974134618002e-05,0.000472465985341605,-0.000521815051380936,0.00070573008610668
57,1.12,1,0.270478511353616,1.17710215363309,-1.94934987824862,0,0.269602198102853,1.17849655933529,-1.94945667479861,0,0.000876313250763372,-0.00139440570219973,0.000106796549989685,0,0.402867727569273,-0.641050510266032,0.0490976067850444,0,0.416755349831589,-0.66314874928695,0.0507900953373749,0,-0.0138876222623162,0.0220982390209176,-0.00169248855233043,0,-0.190121120169987,0.302524210198378,-0.0231701160476401,0,0.40550478498123,0.112435677110813,0.161550424268499,0.405552384498147,0.112066254491903,0.161960809008311,-4.75995169167409e-05,0.000369422618909335,-0.000410384739812419,0.000554215138771439
58,1.14,1,0.278494517451804,1.16434693784417,-1.9483729652609,0,0.277861256651416,1.16535459403363,-1.94845014093828,0,0.000633260800388058,-0.00100765618946386,7.71756773805254e-05,0,0.398627902422708,-0.634304022802161,0.0485808980649408,0,0.412952927428189,-0.657098265082982,0.0503266930164221,0,-0.0143250250054816,0.0227942422808209,-0.00174579495148131,0,-0.223174420070826,0.355119226670033,-0.0271983312915736,0,0.405029528612762,0.115808093368162,0.157791825630225,0.405069685168829,0.115542139690833,0.158089050425962,-4.01565560674277e-05,0.000265953677329817,-0.0002972247957371,0.000400857189883641
59,1.16,1,0.286419464355187,1.15173661711459,-1.94740714968366,0,0.286031045431952,1.15235467642264,-1.94745448641047,0,0.000388418923234934,-0.000618059308049368,4.73367268110092e-05,0,0.393763666060411,-0.626563960770093,0.0479880921689051,0,0.408489439026773,-0.649995880549582,0.0497827263905906,0,-0.0147257729663615,0.023431919779489,-0.00179463422168548,0,-0.255673567003737,0.406832464784843,-0.0311590117526087,0,0.404489157679644,0.119129155263987,0.154068085004193,0.40451727398888,0.118966704500251,0.154250767139195,-2.81163092357706e-05,0.000162450763736527,-0.000182682135001944,0.00024607628884655
60,1.18,1,0.294240980626244,1.13929087710244,-1.94645393922757,0,0.294098564785686,1.13951749179756,-1.94647129548736,0,0.000142415840557741,-0.000226614695126859,1.73562597873822e-05,0,0.388286962586403,-0.617849329847007,0.047320644728358,0,0.403375967686698,-0.641859231253885,0.0491595461555384,0,-0.0150890051002948,0.0240099014068782,-0.00183890142718039,0,-0.287538517950122,0.457536558624878,-0.0350424025648696,0,0.403887254294777,0.122392906147279,0.150385826015079,0.403898821855011,0.122333610369049,0.150452933516109,-1.15675602339604e-05,5.92957782297454e-05,-6.71075010303113e-05,9.02951519195282e-05
61,1.2,1,0.301946949635007,1.12702899801133,-1.94551481054985,0,0.30205106873224,1.12686332179594,-1.94550212152527,0,-0.000104119097232902,0.000165676215397648,-1.26890245728539e-05,0,0.382211328651908,-0.608181669800377,0.0465802054589096,0,0.397625197327696,-0.632708500081387,0.048458698104241,0,-0.0154138686757879,0.0245268302810104,-0.00187849264533141,0,-0.318689283239048,0.507104227159973,-0.0388387553639136,0,0.40322778666942,0.125593676857676,0.146751553792587,0.403218425517097,0.125636818280019,0.14670240808931,9.36115232363921e-06,-4.31414223427129e-05,4.91457032774645e-05,6.60614384131566e-05
62,1.22,1,0.309525541410007,1.11496980390866,-1.94459120537254,0,0.309876096965498,1.11441199348517,-1.94454848306533,0,-0.000350555555491405,0.000557810423486016,-4.2722307204146e-05,0,0.375551893455349,-0.597585054487964,0.0457686181603591,0,0.391251411662915,-0.622566415538188,0.0476819229969628,0,-0.0156995182075658,0.0249813610502242,-0.00191330483660367,0,-0.349045919700457,0.555408263353085,-0.0425383274524879,0,0.402515074548352,0.128726108766788,0.143171630558761,0.4024805714287,0.12887061390702,0.143005908013805,3.45031196513079e-05,-0.000144505140232037,0.000165722544956531,0.000222567209458228
63,1.24,1,0.316965244489212,1.10313161204373,-1.94368452660086,0,0.317561506830876,1.10218282847975,-1.94361185993638,0,-0.000596262341664267,0.000948783563980982,-7.26666644865759e-05,0,0.368325378742357,-0.586086091857824,0.0448879207166955,0,0.384270493268906,-0.611458250271126,0.046831156447913,0,-0.0159451145265485,0.0253721584133022,-0.00194323573121748,0,-0.378528524697397,0.602321524664142,-0.0461313810730071,0,0.401753751828775,0.131785173821913,0.139652251884652,0.401690096474337,0.132029629516708,0.139369984248227,6.36553544377527e-05,-0.000244455694795087,0.000282267636425082,0.000378794943787991
64,1.26,1,0.324254897770977,1.09153218216601,-1.94279613444151,0,0.325095505286375,1.09019459208419,-1.94269368935985,0,-0.00084060751539794,0.00133759008181289,-0.000102445081666458,0,0.360550098805761,-0.573713923948299,0.0439403450960969,0,0.376699922774958,-0.599411819777843,0.0459085288264529,0,-0.0161498239691963,0.0256978958295447,-0.00196818373035599,0,-0.40705723092372,0.647716924772184,-0.0496081827737656,0,0.400948726758799,0.134766191480854,0.136199423721076,0.400852145999415,0.135108862474711,0.13580099757832,9.6580759384457e-05,-0.00034267099385682,0.000398426142755537,0.000534316988636104
65,1.28,1,0.331383722364986,1.08018866584327,-1.94192734252098,0,0.332466680849505,1.07846544245854,-1.94179536205643,0,-0.00108295848451867,0.00172322338472286,-0.000131980464551651,0,0.352245960485598,-0.560500226888026,0.042928317350931,0,0.368558778156483,-0.5864574812824,0.0449163651709776,0,-0.0163128176708858,0.0259572543943736,-0.00198804782004654,0,-0.434552201869582,0.691467426359758,-0.0529590028560958,0,0.400105140127726,0.137664842481164,0.132818940291032,0.399972129587725,0.138103690275967,0.132305095583129,0.000133010540001144,-0.00043884779480291,0.0005138447079025,0.000688705724235089
66,1.3,1,0.338341353443193,1.06911755577983,-1.94107941400386,0,0.339664035531887,1.06701287980344,-1.94091821835415,0,-0.00132268208869379,0.00210467597638742,-0.000161195649709178,0,0.343434463169103,-0.546479210895934,0.0418544576177551,0,0.359867734119092,-0.572628132755205,0.0438571851138557,0,-0.0164332709499888,0.0261489218592709,-0.00200272749610055,0,-0.460933627869156,0.733446034824159,-0.0561741148929289,0,0.399228321870433,0.140477179442452,0.129516362913009,0.399055675043218,0.141009882079764,0.128888190624425,0.000172646827215073,-0.000532702637312477,0.000628172288583861,0.000841533986771649
67,1.32,1,0.345117872090772,1.05833463513471,-1.94025355771118,0,0.346677016763121,1.05585369556227,-1.94006354429783,0,-0.00155914467234941,0.00248093957244633,-0.000190013413350121,0,0.334138698790714,-0.531687620281233,0.0407215801173152,0,0.350649061561709,-0.557959212058721,0.0427337028159971,0,-0.016510362770995,0.0262715917774881,-0.00201212269868188,0,-0.486121722654842,0.773525792794394,-0.0592437953086497,0,0.398323746512041,0.143199634355259,0.126296999805302,0.398108581037757,0.143823606790697,0.125555938919027,0.000215165474283963,-0.000623972435437936,0.000741060886275013,0.000992375442399146
68,1.34,1,0.351703837157054,1.04785492683986,-1.93945092423871,0,0.353495549305293,1.04500392163821,-1.93923256775963,0,-0.00179171214823926,0.00285100520165416,-0.000218356479078308,0,0.324383351832075,-0.516164733443439,0.0395326931545476,0,0.340926627108612,-0.542488696202834,0.0415488269098241,0,-0.0165432752765367,0.026323962759395,-0.00201613375527647,0,-0.510036720354659,0.811579775353315,-0.0621583230133602,0,0.397396987876975,0.145829023063438,0.123165886901912,0.39713676888484,0.146541437786116,0.122313720732197,0.000260218992134853,-0.000712414722678273,0.000852166169714813,0.00114080490959798
69,1.36,1,0.358090317106479,1.03769264291833,-1.93867260207528,0,0.360110067159324,1.03447877962429,-1.93842645455064,0,-0.00201975005284438,0.00321386329403395,-0.000246147524640472,0,0.31419469932203,-0.499952362872345,0.0382909991185774,0,0.330725892701519,-0.526257100695767,0.0403056604495569,0,-0.0165311933794883,0.0263047378234224,-0.00201466133097947,0,-0.532598872874204,0.847481085871843,-0.0649079790836365,0,0.396453673478956,0.148362546897902,0.120127769690987,0.396146233891377,0.149160354447529,0.119166621708629,0.000307439587578506,-0.000797807549626578,0.000961147982358523,0.00128639862804788
70,1.38,1,0.364268921869534,1.02786113380246,-1.9379196137211,0,0.366511545464204,1.02429263004473,-1.93764630453328,0,-0.0022426235946707,0.00356850375772777,-0.000273309187813098,0,0.303600610836628,-0.483094855148043,0.0369998944827194,0,0.320073915244035,-0.50930747897833,0.0390075008678841,0,-0.0164733044074069,0.0262126238302873,-0.00200760638516474,0,-0.553728447615207,0.881102852378522,-0.0674830464846046,0,0.395499438995841,0.150797791667235,0.117187086067543,0.395142996726044,0.151677740706883,0.116119415336177,0.000356442269797197,-0.000879949039647554,0.00106767073136582,0.001428734473123
71,1.4,1,0.370231834693697,1.01837283765209,-1.93719291180605,0,0.372691532390039,1.01445892160611,-1.93689314773452,0,-0.00245969769634152,0.00391391604597757,-0.000299764071532094,0,0.292630548499117,-0.465639090940913,0.0356629698044777,0,0.30899934629173,-0.49168542193076,0.0376578399381921,0,-0.0163687977926135,0.0260463309898467,-0.00199487013371438,0,-0.573345725486423,0.912318224394691,-0.069873809827497,0,0.394539883216187,0.153132724254009,0.114347950173627,0.394133055224165,0.154091380867697,0.113176546516743,0.000406827992022019,-0.000958656613688019,0.00117140365688373,0.00156739211603894
72,1.42,1,0.375971843994388,1.00923922967276,-1.93649337520805,0,0.378642181025679,1.00499014045725,-1.93616794045969,0,-0.00267033703129105,0.00424908921550959,-0.000325434748364994,0,0.281315566979951,-0.447634485011626,0.0342840097255457,0,0.297532431782002,-0.473439057442866,0.0362603637416421,0,-0.0162168648020514,0.0258045724312402,-0.00197635401609642,0,-0.591370999170132,0.941000370175764,-0.0720705551584278,0,0.393580523823548,0.155365687104164,0.111614137181607,0.393122337026255,0.156399453004881,0.110342116199035,0.000458186797292481,-0.00103376590071627,0.00127202098257231,0.00170195313061233
73,1.44,1,0.381482375205903,1.0004707714339,-1.93582180517133,0,0.384356281261651,0.995897759456468,-1.93547156140692,0,-0.00287390605574805,0.00457301197742921,-0.000350243764407843,0,0.269688313496786,-0.429132986211146,0.0328669929718066,0,0.285705011798599,-0.454619050039351,0.0348189526384736,0,-0.016016698301813,0.0254860638282048,-0.00195195966666691,0,-0.607724571611066,0.967022474307018,-0.0740635697741225,0,0.392626754360624,0.157495390929692,0.108989068960184,0.392116653421065,0.158600520284987,0.10761986700971,0.000510100939558111,-0.00110512935529514,0.00136920195047421,0.00183200104848646
74,1.46,1,0.386757522632366,0.992076860186983,-1.93517892142474,0,0.389827291668978,0.987192187445404,-1.93480480778206,0,-0.00306976903661293,0.00488467274157933,-0.000374113642683582,0,0.25778302781448,-0.410189077480723,0.0314160923533326,0,0.273550520366378,-0.43527860055321,0.0333376812429911,0,-0.0157674925518979,0.0250895230724875,-0.00192158888965849,0,-0.622326754699251,0.990257735607684,-0.0758431420615281,0,0.391683802688983,0.159520905971726,0.106475800548288,0.39112165473499,0.160693520580112,0.105013169802896,0.00056214795399262,-0.00117261460838605,0.00146263074539144,0.0019571213655118
75,1.48,1,0.391792081298669,0.984065778183789,-1.93456535830013,0,0.395049371374426,0.978882718528583,-1.93416839141402,0,-0.0032572900757577,0.0051830596552066,-0.000396966886102579,0,0.245635542245094,-0.390859775851902,0.0299356747643855,0,0.261103985272393,-0.415473445841057,0.0318208184017605,0,-0.0154684430272986,0.0246136699891545,-0.00188514363737504,0,-0.635097868121742,1.01057936530375,-0.0773995613577587,0,0.390756691232067,0.161441652191579,0.104077007349616,0.390142787578898,0.162677754773171,0.102525011033716,0.000613903653168824,-0.00123610258159162,0.00155199631589979,0.0020769015027579
76,1.5,1,0.396581578801418,0.976444641994549,-1.93398166085058,0,0.400017411932625,0.970977481357883,-1.93356293487053,0,-0.00343583313120771,0.00546716063666586,-0.000418725980045442,0,0.233283281647893,-0.371204632446519,0.0284303011834165,0,0.248402027909958,-0.395261858534982,0.0302728271746054,0,-0.0151187462620653,0.0240572260884629,-0.00184252599118886,0,-0.645958238362077,1.02786058543584,-0.0787231178283215,0,0.389850199260031,0.163257388770939,0.101794972950274,0.389185254231497,0.164552874169569,0.100157980849341,0.000664945028534036,-0.00129548539863084,0.00163699210093285,0.00219093072632486
77,1.52,1,0.401122307159876,0.969219351826155,-1.93342828096878,0,0.40472706919548,0.963483388421358,-1.93298896757417,0,-0.0036047620356035,0.00573596340479765,-0.000439313394611007,0,0.220765263429341,-0.351285732476697,0.0269047266730661,0,0.235482863142717,-0.374704646826265,0.0286983648180389,0,-0.0147175997133751,0.023418914349568,-0.00179363814497279,0,-0.654828197827852,1.04197462747113,-0.0798041023605565,0,0.388968827445334,0.16496820330926,0.0996315774541055,0.388253974406004,0.166318867440144,0.0979142617816159,0.000714853039329999,-0.00135066413088436,0.0017173156724896,0.00229880003072807
78,1.54,1,0.405411354666907,0.962394540840359,-1.93290557350533,0,0.409174795179203,0.956406085335821,-1.93244692191875,0,-0.00376344051229549,0.00598845550453808,-0.000458651586580316,0,0.208122097543111,-0.331167695244855,0.0253639003801646,0,0.222386299186159,-0.353865154276842,0.0271022827708278,0,-0.0142642016430488,0.0226974590319878,-0.00173838239066324,0,-0.661628084090524,1.05279473109356,-0.0806328064712964,0,0.388116764888388,0.166574501106281,0.0975882862249017,0.387353549614781,0.167976047522608,0.0957956179184715,0.000763215273607565,-0.00140154641632689,0.0017926683064303,0.00240010199113835
79,1.56,1,0.409446637739922,0.955973524471955,-1.93241379238705,0,0.41335786992929,0.949749900142721,-1.93193712938593,0,-0.00391123218936767,0.00622362432923362,-0.00047666300112259,0,0.195395986490072,-0.310917674143698,0.0238129655357311,0,0.209153737504349,-0.332809259654971,0.0254896266414019,0,-0.0137577510142772,0.0218915855112731,-0.00167666110567077,0,-0.666278239222311,1.06019414314882,-0.0811995222256744,0,0.38729785878327,0.168076994910585,0.0956661389218716,0.386488230315104,0.169525038903651,0.0938033844273898,0.000809628468165569,-0.00144804399306658,0.00186275449448182,0.00249443059014128
80,1.58,1,0.41322693277182,0.949958249746984,-1.93195308673528,0,0.417274433383688,0.943517792606881,-1.93145981666199,0,-0.00404750061186843,0.00644045714010255,-0.000493270073288699,0,0.182630725318299,-0.290605356656225,0.0222572594549746,0,0.195828172719903,-0.311605376791995,0.0238656361968884,0,-0.0131974474016034,0.0210000201357698,-0.00160837674191381,0,-0.668699009218912,1.06404611672565,-0.0814945421671461,0,0.386515586864942,0.169476695501391,0.0938657387145479,0.385661885988921,0.170966765691454,0.0919384573030684,0.000853700876021546,-0.00149007019006336,0.00192728141147946,0.00258138102496894
81,1.6,1,0.416751907981932,0.944349244600924,-1.93152349698423,0,0.420923517234399,0.937711303517732,-1.93101510175492,0,-0.00417160925246651,0.00663794108319182,-0.000508395229308345,0,0.16987170162307,-0.270302964355722,0.0207023135372931,0,0.182454192535525,-0.290324454457481,0.0222357453535455,0,-0.0125824909124547,0.020021490101759,-0.00153343181625234,0,-0.668810743495745,1.06422391035436,-0.0815081592558813,0,0.385773032751591,0.17077490345054,0.0921872415656908,0.384877978280298,0.172302440868904,0.0902012832132185,0.0008950544712924,-0.00152753741836326,0.00198595835247227,0.00266054950129382
82,1.62,1,0.420022155266969,0.939145567196883,-1.93112495099927,0,0.424305076787711,0.932330503992724,-1.93060299011155,0,-0.00428292152074128,0.00681506320415926,-0.000521960887722051,0,0.157165895546866,-0.250085252905775,0.0191538532662748,0,0.16907797766561,-0.269039976250394,0.0206055821684278,0,-0.0119120821187433,0.018954723344619,-0.00145172890215307,0,-0.666533794448994,1.06060078730831,-0.0812306668152665,0,0.385072864268646,0.171973202385175,0.090630345475626,0.384139537286574,0.173533557091605,0.088591849320996,0.00093332698207127,-0.00156035470643018,0.00203849615463005,0.00273153301971302
83,1.64,1,0.423039222051965,0.934344755243795,-1.93075726019527,0,0.427420022823243,0.927373944782639,-1.93022337073491,0,-0.00438080077127867,0.00697081046115611,-0.000533889460368808,0,0.144561879779369,-0.230029512060249,0.0176177982096962,0,0.15574730177663,-0.247827960504228,0.0189809688321225,0,-0.0111854219972609,0.0177984484439791,-0.0013631706224263,0,-0.661788517073086,1.05305001499519,-0.0806523584854068,0,0.384417314814679,0.173073454039349,0.0891942795886935,0.383449141072716,0.174661879362207,0.0871096729698137,0.000968173741962619,-0.0015884253228575,0.00208460661887976,0.00279392916094845
84,1.66,1,0.425805643141215,0.929942775314614,-1.9304201156549,0,0.430270253451947,0.922838605578553,-1.92987601230166,0,-0.00446461031073114,0.00710416973606076,-0.000544103353245395,0,0.132109819557463,-0.210215565663306,0.016100262019524,0,0.142511531435168,-0.226766960204324,0.0173679216624144,0,-0.0104017118777049,0.0165513945410188,-0.0012676596428904,0,-0.654495268627213,1.04144486442645,-0.0797635281823476,0,0.383808167803324,0.174077795345188,0.0878777930718924,0.382808898452963,0.175689439874123,0.0857537911260179,0.000999269350361098,-0.00161164452893517,0.00212400194587448,0.00284733587556795
85,1.68,1,0.428324972569228,0.925933972164507,-1.93011308424694,0,0.432858685973199,0.918719844320237,-1.92956055927968,0,-0.00453371340397069,0.00721412784427033,-0.000552524967257551,0,0.119861472665238,-0.190725771649398,0.014607552431914,0,0.129421626062624,-0.205938062915795,0.0157726510987674,0,-0.00956015339738586,0.0152122912663978,-0.00116509866685342,0,-0.644574408344786,1.02565860975499,-0.0785544700628234,0,0.383246744189244,0.174988637771638,0.0866791436871264,0.382220435058946,0.176618535273898,0.0845227494868838,0.00102630913029789,-0.00162989750225909,0.00215639420024263,0.00289135128368092
86,1.7,1,0.430601815451666,0.92231101804905,-1.9298356047446,0,0.435189288731114,0.915011346505823,-1.92927652804573,0,-0.00458747327944781,0.00729967154322675,-0.000559076698871674,0,0.107870189433985,-0.17164502204327,0.0131461712672117,0,0.116530137895728,-0.185424890720696,0.014201561697511,0,-0.00865994846174288,0.0137798686774259,-0.00105539043029922,0,-0.631946297179638,1.00556452787119,-0.0770154784931519,0,0.382733893059458,0.175808669072028,0.0855960859914121,0.381684882688698,0.177451726542839,0.0834145911753067,0.00104901037075977,-0.00164305747081142,0.00218149481610537,0.00292557348959916
87,1.72,1,0.432641859836285,0.919064862042422,-1.92958698394386,0,0.437267112970156,0.911705074502558,-1.92902330300318,0,-0.00462525313387097,0.00735978753986388,-0.000563680940685707,0,0.0961909127421983,-0.153060742959955,0.0117228144299518,0,0.103891211952135,-0.165313600163272,0.0126612521276479,0,-0.00770029920993698,0.0122528572033167,-0.000938437697696092,0,-0.616531297585836,0.981035898052723,-0.0751368480224925,0,0.382269985243311,0.176540857550946,0.0846258591136656,0.38120287190551,0.178191841645713,0.0824268449580752,0.00106711333780007,-0.00165098409476719,0.00219901415559043,0.00294960041588215
88,1.74,1,0.434451908553889,0.916184679355595,-1.92936639278176,0,0.439098324690165,0.908791216858513,-1.92880013269984,0,-0.00464641613627598,0.00739346249708206,-0.000566260081925618,0,0.0848801780155735,-0.135062894604778,0.0103443719088584,0,0.0915605860004186,-0.145692882202217,0.0111585151671981,0,-0.00668040798484504,0.0106299875974393,-0.000814143258339674,0,-0.598249773324498,0.951946001656993,-0.0729088733593553,0,0.381854909864318,0.17718845890726,0.0837651740718306,0.380774527828718,0.178841981037943,0.0815565129413229,0.0010803820356004,-0.00165352213068376,0.00220866113050769,0.0029630296604868
89,1.76,1,0.436039911069263,0.913657820654536,-1.92917286245471,0,0.440690236500843,0.906258137615132,-1.92860612594583,0,-0.00465032543158039,0.00739968303940441,-0.000566736508878174,0,0.0739961132270076,-0.11774397127335,0.00901792777684468,0,0.0795955905339286,-0.126653962169077,0.00970033770001096,0,-0.00559947730692104,0.00890999089572722,-0.000682409923166278,0,-0.57702208929646,0.918168121854986,-0.070321849351143,0,0.381488073724205,0.177755025653742,0.0830102006098107,0.380399469029263,0.179405526063543,0.0808000577142419,0.00108860469494143,-0.00165050040980075,0.00221014289556885,0.00296545837998688
90,1.78,1,0.437414995332124,0.911469761378396,-1.92900528053684,0,0.442051339475803,0.904092325620492,-1.92844024793158,0,-0.00463634414367969,0.00737743575790328,-0.000565032605267302,0,0.0635984388966087,-0.101199001351588,0.00775076019101443,0,0.0680551487479994,-0.108290599731978,0.0082939007129881,0,-0.00445670985139072,0.00709159838038952,-0.00054314052197367,0,-0.552768611395784,0.879575543398119,-0.0673660709662036,0,0.381168403372766,0.178244419055734,0.0823565535494204,0.380076809410371,0.179886150214655,0.0801533889299208,0.00109159396239505,-0.00164173115892047,0.0022031646194996,0.00295648320095388
91,1.8,1,0.438587499628064,0.909604051057699,-1.92886238709829,0,0.443191335006205,0.902278343843212,-1.9283013163457,0,-0.00460383537814107,0.00732570721448689,-0.000561070752584047,0,0.0537484680916734,-0.0855255473156762,0.00655034139265903,0,0.0569997765200837,-0.0906990888640152,0.00694657929366403,0,-0.00325130842841029,0.005173541548339,-0.000396237901005002,0,-0.525409706382313,0.836041552415469,-0.0640318332785048,0,0.380894349675885,0.178660823471984,0.0817992786680004,0.379805162916798,0.180287833160825,0.0796118493297934,0.00108918675908687,-0.00162700968884133,0.00218742933820699,0.00293570016067759
92,1.82,1,0.439569004429491,0.90804226263255,-1.92874277082351,0,0.444121166654054,0.900798778686898,-1.92818799749314,0,-0.00455216222456228,0.00724348394565211,-0.000554773330372793,0,0.0445091064267165,-0.0708237057321143,0.00542433770726116,0,0.0464915823924374,-0.0739782578157058,0.00566594262809393,0,-0.0019824759657209,0.00315455208359151,-0.000241604920832775,0,-0.494865741770646,0.787439436237041,-0.0603094314539348,0,0.380663894647192,0.179008762921043,0.0813328381270117,0.379582650873996,0.180614877392709,0.0791702002351391,0.00108124377319618,-0.00160611447166542,0.0021626378918726,0.00290270467745718
93,1.84,1,0.440372364246578,0.906763941770818,-1.92864486512964,0,0.444853052005194,0.899634189305079,-1.92809880241316,0,-0.00448068775861665,0.00712975246573966,-0.000546062716481499,0,0.0359448520634427,-0.0571961072576726,0.00438060954449136,0,0.0365942675570245,-0.0582294690909649,0.00445975399901523,0,-0.000649415493581801,0.00103336183329231,-7.9144454523874e-05,0,-0.461057085733301,0.733642483239812,-0.0561891607386274,0,0.380474560255649,0.179293119636964,0.0809510954903748,0.379406911710033,0.180871927261522,0.0788226065448988,0.00106764854561647,-0.00157880762455756,0.00212848894547596,0.00285709154969375
94,1.86,1,0.441011739478201,0.905746556186332,-1.92856694428475,0,0.445400514522041,0.898763056916555,-1.92803208299747,0,-0.0043887750438405,0.00698349926977693,-0.000534861287278421,0,0.0281217957107637,-0.0447479166394195,0.00342721139821013,0,0.0273731258423585,-0.0435566194261688,0.0033359707842427,0,0.000748669868405143,-0.00119129721325063,9.1240613967431e-05,0,-0.423904107015947,0.67452398271268,-0.0516613164484935,0,0.380323418861002,0.179519154319045,0.0806473003832738,0.379275112757457,0.181063990132934,0.0785626212933107,0.00104830610354562,-0.0015448358138897,0.00208467908996304,0.00279845498208143
95,1.88,1,0.441502628262887,0.904965444957082,-1.92850711952621,0,0.445778415396082,0.898161734121117,-1.92798602810837,0,-0.00427578713319543,0.00680371083596543,-0.000521091417843067,0,0.0211076206248017,-0.033586832714726,0.0025723918464683,0,0.0188950437020396,-0.0300661397719152,0.00230274445527283,0,0.00221257692276211,-0.00352069294281074,0.000269647391195469,0,-0.383327174864301,0.609957224740328,-0.0467161939603973,0,0.380207104860936,0.179692527722576,0.0804140728522018,0.379183963768564,0.181196459312832,0.0783831698331057,0.00102314109237145,-0.00150393159025608,0.00203090301909611,0.00272638863628114
96,1.9,1,0.441861898329759,0.904393767843402,-1.92846333517898,0,0.446002985400177,0.897804394215575,-1.92795865969685,0,-0.0041410870704181,0.00658937362782697,-0.000504675482131178,0,0.0149716026088696,-0.0238230884112349,0.00182459355150464,0,0.0112285002047536,-0.0178669952771087,0.00136842057606488,0,0.003743102404116,-0.00595609313412628,0.000456172975439762,0,-0.33924665895949,0.539815500100171,-0.0413440887043226,0,0.380121827057371,0.179819323181174,0.0802433874949945,0.379129731705135,0.181275138342995,0.0782765337199155,0.000992095352235656,-0.00145581516182003,0.00196685377507901,0.00264048570264169
97,1.92,1,0.44210781884948,0.904002454606169,-1.92843336477393,0,0.446091856740689,0.897662980510073,-1.92794782892081,0,-0.00398403789120899,0.00633947409609659,-0.000485535853118835,0,0.00978461001348966,-0.0155694507468909,0.00119245325974819,0,0.00444356702556377,-0.00707068527510524,0.000541538801978427,0,0.0053410429879259,-0.00849876547178571,0.000650914457769759,0,-0.291582929362381,0.463972100173944,-0.0355352961564883,0,0.380063381164347,0.179906069596544,0.0801265574353946,0.37910825628206,0.181306266207643,0.0782343343808763,0.00095512488228694,-0.00140019661109908,0.00189222305451829,0.00254033898890434
98,1.94,1,0.442260092285189,0.903760154325007,-1.92841480716616,0,0.446064094909455,0.89770715564464,-1.92795121226323,0,-0.00380400262426639,0.00605299868036702,-0.000463594902928577,0,0.00561910373638444,-0.0089412208299252,0.000684801801817047,0,-0.00138809156168386,0.00220875672837366,-0.000169167121151339,0,0.0070071952980683,-0.0111499775582989,0.000853968922968386,0,-0.240256356465273,0.382300316870725,-0.02928011183349,0,0.380027161786207,0.17995976437828,0.0800542182202507,0.379114965653176,0.181296542937134,0.0782475166550332,0.000912196133031284,-0.00133677855885347,0.00180670156521746,0.00242554102135726
99,1.96,1,0.442339886243456,0.903633184716466,-1.92840508265333,0,0.445940230535635,0.897904250905956,-1.92796630765039,0,-0.00360034429217942,0.00572893381051021,-0.000438775002938874,0,0.00254913722248122,-0.00405623385886311,0.000310664092519008,0,-0.00619321869098933,0.00985476306578816,-0.000754769357821139,0,0.00874235591347054,-0.0139109969246513,0.00106543345034015,0,-0.185187310948532,0.294673442557995,-0.0225688312870844,0,0.380008173092537,0.179987895764153,0.0800163117190536,0.379144891526974,0.181253155042725,0.0783063322951193,0.000863281565563034,-0.00126525927857205,0.00170997942393425,0.00229568415373982
100,1.98,1,0.442369865325224,0.903585481452219,-1.92840142909394,0,0.445742291237436,0.898219215544295,-1.92799043057006,0,-0.00337242591221176,0.00536626590792388,-0.000410998523878936,0,0.000650356463908993,-0.00103485912251928,7.92591308511431e-05,0,-0.00989696490995996,0.0157482319169481,-0.00120614598356283,0,0.010547321373869,-0.0167830910394673,0.00128540511441397,0,-0.126296163743797,0.200964770003042,-0.0153917500996142,0,0.380001037305834,0.179998463899338,0.0800020701055201,0.379192682889861,0.181183800165876,0.0784003235197868,0.000808354415972989,-0.00118533626653827,0.00160174658573325,0.00215036067939824
101,2,1,0.442374222976745,0.903578547477269,-1.92840089802568,0,0.445493833473739,0.898614566090635,-1.92802071018977,0,-0.00311961049699433,0.00496398138663423,-0.000380187835913315,0,0,-0,0,0,-0.0124228881848359,0.0197675273170089,-0.00151398098555511,0,0.0124228881848359,-0.0197675273170089,0.00151398098555511,0,-0.0635032860027148,0.101047592323245,-0.00773916388022925,0,0.38,0.18,0.08,0.379252617395897,0.181096710275999,0.0785183067028976,0.000747382604103008,-0.00109671027599884,0.00148169329710242,0.00198916294281677
102,2.02,2,0.442374222976745,0.903578547477269,-1.92840089802568,5.91036e-07,0.445219974395641,0.899050335673904,-1.92805408547503,0,-0.00284575141889654,0.00452821180336471,-0.000346812550650055,5.91036e-07,0,0,0,8.8209e-05,-0.0136929539048902,0.0217884791634738,-0.0016687642631597,0,0.0136929539048902,-0.0217884791634738,0.0016687642631597,8.8209e-05,-0.0107160637918495,0.0170515970669952,-0.00130596980181159,0.002585695056,0.38,0.18,0.079999408964,0.379318609355293,0.181000672700585,0.0786483562827355,0.000681390644707236,-0.00100067270058479,0.00135105268126443,0.00181410650512642
103,2.04,2,0.442374222976745,0.903578547477269,-1.92840089802568,4.657152e-06,0.444941828892027,0.899492925896001,-1.92808798314822,1.0342780224e-06,-0.00256760591528199,0.00408562158126846,-0.000312914877466097,3.6228739776e-06,0,0,0,0.000345744,-0.0139072751807272,0.0221295111048137,-0.00169488365919593,5.171390112e-05,0.0139072751807272,-0.0221295111048137,0.00169488365919593,0.00029403009888,0.021384912086345,-0.034028063969428,0.00260618543730885,0.0089429260682496,0.38,0.18,0.079995342848,0.379385559044933,0.180903084802366,0.0787794116778184,0.000614440955066908,-0.000903084802366505,0.00121593117018154,0.00163449945186529
104,2.06,2,0.442374222976745,0.903578547477269,-1.92840089802568,1.5479748e-05,0.444672237353247,0.899921904892509,-1.92812083834723,5.64572647209985e-06,-0.00229801437650201,0.00365664258475995,-0.000280059678457123,9.83402152790015e-06,0,0,0,0.000762129,-0.0134795769390003,0.0214489498254251,-0.00164275995044975,0.000230572422484992,0.0134795769390003,-0.0214489498254251,0.00164275995044975,0.000531556577515008,0.0397901011298048,-0.0633147380325079,0.00484923116328273,0.0168110523898886,0.38,0.18,0.079984520252,0.379450377469617,0.180808452779861,0.078902832042603,0.00054962253038271,-0.000808452779861163,0.001081688209397,0.00145798841062541
105,2.08,2,0.442374222976745,0.903578547477269,-1.92840089802568,3.6132864e-05,0.444418561854919,0.900325557993805,-1.92815175385377,1.69815958777552e-05,-0.0020443388781739,0.00325298948346442,-0.000249144171913462,1.91512681222448e-05,0,0,0,0.001327104,-0.0126837749164042,0.020182655064775,-0.0015457753271841,0.000566793470282765,0.0126837749164042,-0.020182655064775,0.0015457753271841,0.000760310529717235,0.0492416105106939,-0.0783541529490578,0.0060010893523357,0.0250423433840426,0.38,0.18,0.079963867136,0.37951130413242,0.180719366924827,0.0790119732007154,0.00048869586758038,-0.000719366924827242,0.000951893935284595,0.00128934653509331
106,2.1,2,0.442374222976745,0.903578547477269,-1.92840089802568,6.94875e-05,0.444184583000795,0.90069786943392,-1.92818026892457,3.83344026370275e-05,-0.00181036002405011,0.00288067804334857,-0.000220629101110648,3.11530973629725e-05,0,0,0,0.002030625,-0.0116989427061903,0.0186155720057938,-0.00142575354013738,0.00106764033796362,0.0116989427061903,-0.0186155720057938,0.00142575354013738,0.000962984662036383,0.0529428517187958,-0.0842436357810194,0.0064521606916829,0.0330695776201613,0.38,0.18,0.0799305125,0.379567444218516,0.180637163208356,0.0791017463198864,0.000432555781483823,-0.000637163208355968,0.000828766180113613,0.00113134205237747
107,2.12,2,0.442374222976745,0.903578547477269,-1.92840089802568,0.000118215936,0.443971781287359,0.901036483419724,-1.9282062031311,7.29150404443644e-05,-0.00159755831061381,0.00254206405754509,-0.000194694894584568,4.53008955556355e-05,0,0,0,0.002862864,-0.0106400856718144,0.0169306992901734,-0.00129671032630372,0.00172903189036684,0.0106400856718144,-0.0169306992901734,0.00129671032630372,0.00113383210963316,0.053045882374907,-0.0844075800489598,0.00646471706761766,0.0406262745986329,0.38,0.18,0.079881784064,0.379618456520382,0.180562370564074,0.0791682365083759,0.000381543479618218,-0.000562370564074349,0.000713547555624042,0.00098538631628084
108,2.14,2,0.442374222976745,0.903578547477269,-1.92840089802568,0.000184796052,0.443780197926872,0.901341334373508,-1.9282295514508,0.000123746188091155,-0.00140597495012751,0.00223721310376124,-0.0001713465748856,6.10498639088455e-05,0,0,0,0.003814209,-0.00957916802431627,0.0152425476891942,-0.00116741598495137,0.0025415573823395,0.00957916802431627,-0.0152425476891942,0.00116741598495137,0.0012726516176605,0.0509858654735744,-0.0811296434077612,0.00621366221046741,0.0476000186206276,0.38,0.18,0.079815203948,0.379664344416608,0.180495011774755,0.0792084007151205,0.000335655583391548,-0.000495011774755083,0.000606803232879455,0.000852004396256883
109,2.16,2,0.442374222976745,0.903578547477269,-1.92840089802568,0.000271515648,0.443609008912575,0.901613733469929,-1.92825041430561,0.000193617343186196,-0.0012347859358306,0.0019648140073405,-0.00015048372007076,7.78983048138043e-05,0,0,0,0.004875264,-0.00855945071484478,0.013619954821039,-0.00104314274074202,0.00349355775475206,0.00855945071484478,-0.013619954821039,0.00104314274074202,0.00138170624524794,0.0477104207138359,-0.0759176956867306,0.00581448280776448,0.053955842610448,0.38,0.18,0.079728484352,0.379705317010903,0.180434804462818,0.079219840114507,0.00029468298909674,-0.000434804462818433,0.000508644237492972,0.000731171625054353
110,2.18,2,0.442374222976745,0.903578547477269,-1.92840089802568,0.000380476764,0.443456904066564,0.901855765488075,-1.9282689513673,0.000285070835325416,-0.00108268108981924,0.0017227819891944,-0.000131946658379123,9.54059286745838e-05,0,0,0,0.006036849,-0.00760524230056806,0.0121016009073044,-0.000926853084586734,0.00457267460696102,0.00760524230056806,-0.0121016009073044,0.000926853084586734,0.00146417439303898,0.0438367370294374,-0.0697538192266482,0.00534239585382238,0.0596964450253099,0.38,0.18,0.079619523236,0.379741697848442,0.180381294056292,0.0792006340862542,0.000258302151558032,-0.000381294056292503,0.000418889149745777,0.000622553835935687
111,2.2,2,0.442374222976745,0.903578547477269,-1.92840089802568,0.0005136,0.443322333915365,0.90206989597853,-1.92828535147065,0.000400402905474761,-0.000948110938619628,0.00150865149873902,-0.000115546555028878,0.000113197094525239,0,0,0,0.00729,-0.00672850755997931,0.0107065245227714,-0.000820005167510286,0.00576660350746722,0.00672850755997931,-0.0107065245227714,0.000820005167510286,0.00152339649253278,0.0397590573376233,-0.0632653405815267,0.0048454478473179,0.0648417323178649,0.38,0.18,0.0794864,0.37977386575909,0.180333940576211,0.079149221878684,0.00022613424091017,-0.000333940576211333,0.000337178121315937,0.000525682498136014
112,2.22,2,0.442374222976745,0.903578547477269,-1.92840089802568,0.000672628836,0.4432036673871,0.902258720332753,-1.92829981339487,0.000541671668551251,-0.000829444410355096,0.00131982714451617,-0.000101084630817594,0.000130957167448749,0,0,0,0.008625969,-0.00593332641322684,0.00944121771114091,-0.000723096210563928,0.00706343815382452,0.00593332641322684,-0.00944121771114091,0.000723096210563928,0.00156253084617548,0.0357220872290272,-0.0568416397712009,0.00435346112951916,0.0694184685128683,0.38,0.18,0.079327371164,0.379802217286477,0.180292174209575,0.0790643197324178,0.000197782713522721,-0.000292174209575363,0.000263051431582159,0.000440090702204468
113,2.24,2,0.442374222976745,0.903578547477269,-1.92840089802568,0.000859133952,0.443099289693727,0.902424808031067,-1.92831253393463,0.000710707819032889,-0.000725066716982192,0.00115373944620178,-8.83640910580574e-05,0.000148426132967111,0,0,0,0.010036224,-0.0052188846686463,0.00830438491571689,-0.000636026987973544,0.00845180752408188,0.0052188846686463,-0.00830438491571689,0.000636026987973544,0.00158441647591811,0.0318710216747067,-0.0507137536941593,0.00388413065366514,0.0734551833872609,0.38,0.18,0.079140866048,0.379827143529938,0.180255429904588,0.0789448636663317,0.000172856470062432,-0.000255429904587656,0.000196002381668281,0.000365432249561724
114,2.26,2,0.442374222976745,0.903578547477269,-1.92840089802568,0.001074517548,0.443007660409024,0.902570610227904,-1.92832370082212,0.000909126042869426,-0.000633437432279171,0.0010079372493651,-7.7197203560031e-05,0.000165391505130574,0,0,0,0.011512449,-0.00458146423515218,0.00729010984183372,-0.000558344374900243,0.00992091119182707,0.00458146423515218,-0.00729010984183372,0.000558344374900243,0.00159153780817293,0.0282855414751264,-0.0450084719001647,0.00344716714200176,0.0769797936344345,0.38,0.18,0.078925482452,0.37984901653131,0.180223167977132,0.0787899704625014,0.000150983468690247,-0.000223167977132371,0.000135511989498613,0.000301601480654465
115,2.28,2,0.442374222976745,0.903578547477269,-1.92840089802568,0.001320017664,0.442927345340911,0.902698409035981,-1.92833348884276,0.00113833618415975,-0.000553122364166159,0.000880138441288536,-6.74091829189205e-05,0.000181681479840253,0,0,0,0.013046544,-0.00401575340564963,0.00638994040383041,-0.000489401032060206,0.0114605070645158,0.00401575340564963,-0.00638994040383041,0.000489401032060206,0.00158603693548421,0.0250028316963768,-0.0397849639477546,0.00304710234931208,0.0800186042422474,0.38,0.18,0.078679982336,0.379868181913124,0.180194885487186,0.0785989113448845,0.000131818086876068,-0.000194885487186186,8.10709911155116e-05,0.000248855111950538
116,2.3,2,0.442374222976745,0.903578547477269,-1.92840089802568,0.0015967125,0.442857031405477,0.902810293858478,-1.92834205802247,0.00139955376714696,-0.000482808428731718,0.00076825361879107,-5.88400032175418e-05,0.000197158732853044,0,0,0,0.014630625,-0.00351569677172211,0.00559424112487534,-0.000428458985073966,0.0130608791493607,0.00351569677172211,-0.00559424112487534,0.000428458985073966,0.00156974585063929,0.0220330925612704,-0.0350594606183997,0.00268517937972514,0.0825959954570967,0.38,0.18,0.0784032875,0.379884955548434,0.180170121613613,0.078371094378786,0.000115044451566348,-0.000170121613613239,3.2193121213997e-05,0.000207877334762771
117,2.32,2,0.442374222976745,0.903578547477269,-1.92840089802568,0.001905524736,0.442795530707067,0.902908154896728,-1.92834955313042,0.00169380974831701,-0.000421307730321785,0.000670392580540913,-5.13448952679241e-05,0.000211714987682992,0,0,0,0.016257024,-0.0030750349204967,0.00489305191250734,-0.000374755397479463,0.0147127990585026,0.0030750349204967,-0.00489305191250734,0.000374755397479463,0.00154422494149736,0.0193699253777555,-0.0308217801960556,0.00236061842279685,0.0847344359477924,0.38,0.18,0.078094475264,0.379899622773581,0.180148459207231,0.0781060527695688,0.000100377226419368,-0.000148459207231139,-1.15775055688078e-05,0.000179582188511386
118,2.34,2,0.442374222976745,0.903578547477269,-1.92840089802568,0.002247225852,0.442741777978808,0.9029936872229,-1.928356103991,0.00202195950386618,-0.00036755500206298,0.000584860254369213,-4.47940346874898e-05,0.000225266348133821,0,0,0,0.017918289,-0.00268763641294159,0.00427661630858623,-0.000327543029023526,0.0164074877774585,0.00268763641294159,-0.00427661630858623,0.000327543029023526,0.00151080122254151,0.0169972280525338,-0.0270463007348033,0.00207145711172154,0.0864546384653912,0.38,0.18,0.077752774148,0.379912439151911,0.180129523984806,0.0778034370819381,8.75608480888634e-05,-0.000129523984806146,-5.0662933938142e-05,0.000164347490499016
119,2.36,2,0.442374222976745,0.903578547477269,-1.92840089802568,0.002622440448,0.44269482414177,0.903068401028778,-1.92836182626873,0.00238469111480151,-0.000320601165025136,0.000510146448491455,-3.90717569516141e-05,0.000237749333198494,0,0,0,0.019607184,-0.00234769185189091,0.00373569029389016,-0.000286113886789095,0.0181365805467663,0.00234769185189091,-0.00373569029389016,0.000286113886789095,0.00147060345323368,0.0148937205353047,-0.0236991610286577,0.00181510204062049,0.0877757659974478,0.38,0.18,0.077377559552,0.379923632133209,0.180112982337174,0.077463010007141,7.63678667909384e-05,-0.00011298233717405,-8.54504551409813e-05,0.000160931165021913
120,2.38,2,0.442374222976745,0.903578547477269,-1.92840089802568,0.003031650564,0.442653827792946,0.903133635170244,-1.92836682250565,0.00278253303213581,-0.000279604816201429,0.000444912307025147,-3.40755200320952e-05,0.000249117531864189,0,0,0,0.021316689,-0.00204981744118482,0.00326170707331701,-0.000249811845976685,0.0198920958667153,0.00204981744118482,-0.00326170707331701,0.000249811845976685,0.00142459313328472,0.0130358672035535,-0.0207429107638255,0.00158868491632418,0.0887156439773531,0.38,0.18,0.076968349436,0.379933403181218,0.180098538391676,0.0770846427354764,6.65968187816279e-05,-9.85383916758953e-05,-0.000116293299476447,0.000166340260938306
121,2.4,2,0.442374222976745,0.903578547477269,-1.92840089802568,0.0034752,0.442618045791004,0.903190572147405,-1.9283711832686,0.00321586120706106,-0.000243822814259165,0.000387975329864343,-2.97147570791356e-05,0.000259338792938941,0,0,0,0.02304,-0.00178910009711375,0.0028468488580405,-0.000218038147650202,0.0216664087462623,0.00178910009711375,-0.0028468488580405,0.000218038147650202,0.00137359125373766,0.0113997205163585,-0.0181394441743757,0.00138928724509047,0.0892909585206869,0.38,0.18,0.0765248,0.379941930094853,0.180085930743407,0.076668312293684,5.80699051465627e-05,-8.59307434072643e-05,-0.000143512293684048,0.00017706491743062
122,2.42,2,0.442374222976745,0.903578547477269,-1.92840089802568,0.003953298636,0.442586823677268,0.903240253346896,-1.92837498831666,0.00368490576539458,-0.000212600700523424,0.000338294130373229,-2.59097090242744e-05,0.000268392870605418,0,0,0,0.024770529,-0.00156110568678658,0.00248405997455298,-0.000190252402748392,0.0234522279166761,0.00156110568678658,-0.00248405997455298,0.000190252402748392,0.00131830108332391,0.00996204368338915,-0.0158517864537368,0.00121407715254041,0.0895174329717314,0.38,0.18,0.076046701364,0.379949369351326,0.180074929117611,0.0762140994173512,5.06306486741659e-05,-7.49291176107558e-05,-0.000167398053351211,0.000190262827469972
123,2.44,2,0.442374222976745,0.903578547477269,-1.92840089802568,0.004466026752,0.442559586381006,0.903283593831805,-1.92837830773385,0.0041897572969168,-0.000185363404261063,0.000294953645463614,-2.25902918302712e-05,0.000276269455083205,0,0,0,0.026501904,-0.0013618648131188,0.00216702424547825,-0.000165970859697584,0.0252425765761107,0.0013618648131188,-0.00216702424547825,0.000165970859697584,0.00125932742388929,0.00870095583626961,-0.0138451203632036,0.00106038801092456,0.0894099810652081,0.38,0.18,0.075533973248,0.379955858367669,0.180065331123623,0.0757221866741906,4.41416323308519e-05,-6.53311236226695e-05,-0.000188213426190645,0.000204061101675586
124,2.46,2,0.442374222976745,0.903578547477269,-1.92840089802568,0.005013339348,0.442535829467078,0.90332139626857,-1.92838120299584,0.00473037282086509,-0.000161606490333199,0.000257151208699291,-1.96950298407828e-05,0.000282966527134905,0,0,0,0.028227969,-0.0011878456963934,0.00189012183821418,-0.000144763099479093,0.0270307761974149,0.0011878456963934,-0.00189012183821418,0.000144763099479093,0.00119719280258513,0.00759626489454814,-0.0120873158943544,0.000925759005503579,0.088982837790825,0.38,0.18,0.074986660652,0.379961517622103,0.180056959193139,0.0751928566541555,3.84823778968313e-05,-5.69591931394442e-05,-0.000206196002155573,0.000217352327792072
125,2.48,2,0.442374222976745,0.903578547477269,-1.92840089802568,0.005595070464,0.442515111059108,0.903354363778976,-1.92838372795423,0.00530658147992972,-0.000140888082363178,0.000224183698292801,-1.71700714532985e-05,0.000288488984070276,0,0,0,0.029942784,-0.00103592039850244,0.00164837552032709,-0.000126247919369021,0.0288104329532314,0.00103592039850244,-0.00164837552032709,0.000126247919369021,0.00113235104676862,0.00662959973373106,-0.0105491405772616,0.00080795124205057,0.0882496701872955,0.38,0.18,0.074404929536,0.379966452605916,0.180049657751216,0.0746264901106544,3.35473940837883e-05,-4.96577512164587e-05,-0.000221560574654459,0.000229522129972041
126,2.5,2,0.442374222976745,0.903578547477269,-1.92840089802568,0.0062109375,0.442497044491031,0.903383111633152,-1.92838592973212,0.00591809000706927,-0.000122821514286608,0.000195435844117187,-1.49682935628448e-05,0.00029284749293073,0,0,0,0.031640625,-0.000903328403827819,0.00143739270878186,-0.00011008889452801,0.0305754263569773,0.000903328403827819,-0.00143739270878186,0.00011008889452801,0.00106519864302271,0.00578441664789554,-0.00920426976391844,0.000704948534275714,0.0872236706190589,0.38,0.18,0.0737890625,0.379970755595194,0.180043290639826,0.074023563983323,2.92444048057838e-05,-4.32906398262489e-05,-0.000234501483322977,0.000240250411840827
127,2.52,2,0.442374222976745,0.903578547477269,-1.92840089802568,0.006860545536,0.442481291689614,0.903408177779422,-1.9283878495306,0.00656448800245644,-0.000107068712869196,0.000170369697847117,-1.30484950859877e-05,0.000296057533543562,0,0,0,0.033315984,-0.000787640070869909,0.00125330731350349,-9.59899238424954e-05,0.0323198997693585,0.000787640070869909,-0.00125330731350349,9.59899238424954e-05,0.000996084230641521,0.00504593013047856,-0.00802917648535802,0.000614948968251137,0.0859176350325006,0.38,0.18,0.073139454464,0.379974507243304,0.180037738795835,0.0733846492637211,2.5492756696055e-05,-3.77387958346298e-05,-0.000245194799721113,0.000249388426285762
128,2.54,2,0.442374222976745,0.903578547477269,-1.92840089802568,0.007543391652,0.442467557260249,0.903430032255098,-1.92838952334949,0.00724525305185661,-9.33342835039985e-05,0.000148515222171186,-1.13746761964961e-05,0.000298138600143392,0,0,0,0.034963569,-0.000686721468260337,0.00109272378379633,-8.36909444774726e-05,0.0340382524700085,0.000686721468260337,-0.00109272378379633,8.36909444774726e-05,0.000925316529991504,0.00440100101480689,-0.0070029534588079,0.00053635126989984,0.084344028467867,0.38,0.18,0.072456608348,0.379977778001919,0.180032898174378,0.0727104086857408,2.22219980805516e-05,-3.2898174378071e-05,-0.000253800337740806,0.000256886586869477
129,2.56,2,0.442374222976745,0.903578547477269,-1.92840089802568,0.008258869248,0.44245558323129,0.90344908554939,-1.92839098262787,0.00795975571264393,-8.13602545446934e-05,0.000129461927878771,-9.9153978148081e-06,0.000299113535356074,0,0,0,0.036578304,-0.000598701447964199,0.000952664714620167,-7.29639190794758e-05,0.0357251330393658,0.000598701447964199,-0.000952664714620167,7.29639190794758e-05,0.00085317096063417,0.00383800350481464,-0.00610710150452623,0.000467738600108706,0.0825150398275472,0.38,0.18,0.071741130752,0.379980629382176,0.18002867790245,0.0720015942357165,1.93706178235331e-05,-2.86779024501749e-05,-0.000260463483716486,0.000262752486712372
130,2.58,2,0.442374222976745,0.903578547477269,-1.92840089802568,0.009006272364,0.442445144403732,0.903465696003081,-1.92839225481081,0.00870726438936226,-7.09214269873359e-05,0.000112851474188158,-8.64321487337172e-06,0.000299007974637734,0,0,0,0.038155329,-0.000521941377867906,0.000830522684529643,-6.36091470773017e-05,0.0373754338359168,0.000521941377867906,-0.000830522684529643,6.36091470773017e-05,0.000779895164083222,0.00334668485862453,-0.00532530627177704,0.000407861454208862,0.080442627623326,0.38,0.18,0.070993727636,0.379983115069342,0.180024998644399,0.0712590444855583,1.6884930658434e-05,-2.4998644399199e-05,-0.000265316849558342,0.000267026335339235
131,2.6,2,0.442374222976745,0.903578547477269,-1.92840089802568,0.0097848,0.442436044250118,0.903480176334263,-1.92839336384917,0.00948695011712993,-6.18212733734524e-05,9.83711430062595e-05,-7.53417651355726e-06,0.000297849882870066,0,0,0,0.03969,-0.000455007680695416,0.000724016559094102,-5.54519179931244e-05,0.0389842863883833,0.000455007680695416,-0.000724016559094102,5.54519179931244e-05,0.000705713611616698,0.00291802627656307,-0.00464321688125609,0.000355620708506763,0.0781385581678005,0.38,0.18,0.0702152,0.379985281904915,0.180021791159897,0.0704836817572388,1.47180950845205e-05,-2.17911598965892e-05,-0.000268481757238856,0.000269766437761668
132,2.62,2,0.442374222976745,0.903578547477269,-1.92840089802568,0.010593560436,0.442428111307015,0.903492799378692,-1.92839433063925,0.0102978912681647,-5.38883302701465e-05,8.57480985768655e-05,-6.56738643711741e-06,0.000295669167835284,0,0,0,0.041177889,-0.000396647155164154,0.00063115222146898,-4.83395038229892e-05,0.0405470575517393,0.000396647155164154,-0.00063115222146898,4.83395038229892e-05,0.000630831448260691,0.00254411007626843,-0.00404823457169305,0.000310051432748043,0.075614437447015,0.38,0.18,0.069406439564,0.379987170749848,0.180018995035031,0.0696765091297656,1.28292501518357e-05,-1.8995035030972e-05,-0.00027006956576564,0.000271040534548115
133,2.64,2,0.442374222976745,0.903578547477269,-1.92840089802568,0.011431575552,0.442421196007942,0.903503803129293,-1.92839517340875,0.0111390781941783,-4.69730311973837e-05,7.47443479761634e-05,-5.72461693382209e-06,0.000292497357821697,0,0,0,0.042614784,-0.000345764953638785,0.000550187530035119,-4.21384751680283e-05,0.0420593463006796,0.000345764953638785,-0.000550187530035119,4.21384751680283e-05,0.000555437699320385,0.00221799595303734,-0.00352931580308604,0.000270307809978357,0.0728817377140234,0.38,0.18,0.068568424448,0.379988817241842,0.180016557568002,0.0688386073011115,1.11827581578128e-05,-1.65575680015351e-05,-0.000270182853111534,0.000270920617992854
134,2.66,2,0.442374222976745,0.903578547477269,-1.92840089802568,0.012297785148,0.442415167907251,0.903513395153572,-1.92839590805513,0.0120094178152775,-4.09449305058263e-05,6.51523236967488e-05,-4.98997055453643e-06,0.000288367332722488,0,0,0,0.043996689,-0.000301405034578039,0.000479601213973398,-3.67323189684612e-05,0.0435169810549601,0.000301405034578039,-0.000479601213973398,3.67323189684612e-05,0.000479707945039924,0.00193360764097815,-0.00307679190979308,0.000235649323915581,0.0699518196747255,0.38,0.18,0.067702214852,0.379990252458781,0.180014432792122,0.0679711313179627,9.74754121901844e-06,-1.44327921217935e-05,-0.000268916465962735,0.000269479842871659
135,2.68,2,0.442374222976745,0.903578547477269,-1.92840089802568,0.013191051264,0.442409913249616,0.903521756461088,-1.92839654844178,0.0129077381642466,-3.56902728706476e-05,5.6791016181168e-05,-4.34958390482798e-06,0.000283313099753395,0,0,0,0.045319824,-0.000262732881758476,0.000418065375777536,-3.20193324901495e-05,0.0449160174484546,0.000262732881758476,-0.000418065375777536,3.20193324901495e-05,0.00040380655154542,0.00168563034810475,-0.00268220589743393,0.000205428259320193,0.0668359509949372,0.38,0.18,0.066808948736,0.379991503499265,0.180012580620271,0.0670753071859377,8.49650073464492e-06,-1.25806202707635e-05,-0.000266358449937776,0.000266790716450902
136,2.7,2,0.442374222976745,0.903578547477269,-1.92840089802568,0.0141101625,0.44240533284412,0.903529044886245,-1.92839710665713,0.0138327928936137,-3.11098673747012e-05,4.95025910245417e-05,-3.7913685586588e-06,0.000277369606386328,0,0,0,0.046580625,-0.000229020274796381,0.000364421257828858,-2.79107673037457e-05,0.0462527364683533,0.000229020274796381,-0.000364421257828858,2.79107673037457e-05,0.00032788853164667,0.00146941875845749,-0.00233816605412299,0.000179078490209033,0.063545321737827,0.38,0.18,0.0658898375,0.379992593990173,0.180010966096422,0.0661524283723526,7.40600982651607e-06,-1.09660964224267e-05,-0.000262590872352669,0.000262924077435355
137,2.72,2,0.442374222976745,0.903578547477269,-1.92840089802568,0.015053838336,0.442401340206127,0.903535398044979,-1.92839759324108,0.0147832657516758,-2.71172293821453e-05,4.31494322896686e-05,-3.30478460863759e-06,0.000270572584324152,0,0,0,0.047775744,-0.000199631899627231,0.000317657936746399,-2.43291974995651e-05,0.0475236429031098,0.000199631899627231,-0.000317657936746399,2.43291974995651e-05,0.000252101096890153,0.0012809150543301,-0.00203821550596112,0.000156105489127543,0.060091057240458,0.38,0.18,0.064946161664,0.379993544530117,0.180009558741351,0.0652038522128344,6.45546988348178e-06,-9.55874135105672e-06,-0.000257690548834441,0.000257948563838275
138,2.74,2,0.442374222976745,0.903578547477269,-1.92840089802568,0.016020733452,0.442397859934156,0.903540935917512,-1.92839801738283,0.0157577750326343,-2.36369574113104e-05,3.76115597571225e-05,-2.88064285425271e-06,0.000262958419365748,0,0,0,0.048902049,-0.000174013598540629,0.000276893626627176,-2.12070877170142e-05,0.048725464047919,0.000174013598540629,-0.000276893626627176,2.12070877170142e-05,0.000176584952080956,0.00111657622968153,-0.00177671655683127,0.000136077468915012,0.0564842288539533,0.38,0.18,0.063979266548,0.37999437307668,0.180008331981005,0.0642309962322043,5.62692331990133e-06,-8.33198100505528e-06,-0.000251729684204283,0.000251930383406021
139,2.76,2,0.442374222976745,0.903578547477269,-1.92840089802568,0.017009442048,0.442394826292677,0.903545763103422,-1.9283983870936,0.0167548780051342,-2.06033159323438e-05,3.27843738473499e-05,-2.51093208758491e-06,0.000254564042865814,0,0,0,0.049956624,-0.000151682073946999,0.000241359295490551,-1.8485538338714e-05,0.0498551486249981,0.000151682073946999,-0.000241359295490551,1.8485538338714e-05,0.000101475375001908,0.000973309885705598,-0.00154874852507603,0.000118617558015789,0.0527358629017529,0.38,0.18,0.062990557952,0.37999509528444,0.180007262647343,0.0632353343891422,4.90471556008343e-06,-7.26264734338122e-06,-0.000244776437142241,0.000244933269404565
140,2.78,2,0.442374222976745,0.903578547477269,-1.92840089802568,0.018018502164,0.442392181975153,0.903549970789921,-1.92839870935734,0.0177730753227949,-1.79589984076745e-05,2.85766873475701e-05,-2.18866834411635e-06,0.000245426841205119,0,0,0,0.050936769,-0.000132215876232886,0.00021038432498903,-1.61131871783981e-05,0.0509098658830332,0.000132215876232886,-0.00021038432498903,1.61131871783981e-05,2.69031169668407e-05,0.000848417683890281,-0.00135001776502358,0.000103396909156328,0.0488569481512749,0.38,0.18,0.061981497836,0.379995724799913,0.18000633054261,0.0622183932532477,4.27520008705606e-06,-6.33054260951171e-06,-0.000236895417247716,0.000237018547414511
141,2.8,2,0.442374222976745,0.903578547477269,-1.92840089802568,0.0190464,0.442389877024701,0.903553638469315,-1.92839899026232,0.018810815419716,-1.56540479565592e-05,2.49090079538217e-05,-1.90776336417287e-06,0.000235584580283971,0,0,0,0.05184,-0.000115247522555081,0.000183383969688559,-1.40452489952716e-05,0.0518870048460586,0.000115247522555081,-0.000183383969688559,1.40452489952716e-05,-4.70048460586431e-05,0.000739545655445699,-0.00117677859838901,9.01286434881462e-05,0.0448584420460162,0.38,0.18,0.0609536,0.379996273518868,0.180005518059096,0.061181748122249,3.72648113228236e-06,-5.51805909584924e-06,-0.000228148122248993,0.000228245265719918
142,2.82,2,0.442374222976745,0.903578547477269,-1.92840089802568,0.020091574236,0.442387867892513,0.90355683543727,-1.92839923511584,0.0198664988934556,-1.36449157676632e-05,2.17120399994553e-05,-1.66290984160433e-06,0.000225075342544359,0,0,0,0.052664049,-0.000100456609446167,0.000159848397720778,-1.22426761255087e-05,0.052784173686979,0.000100456609446167,-0.000159848397720778,1.22426761255087e-05,-0.000120124686978966,0.00064464061215701,-0.00102576395447003,7.85625383497402e-05,0.0407512759032833,0.38,0.18,0.059908425764,0.379996751810753,0.180004809847407,0.0601270190863116,3.24818924724024e-06,-4.80984740702795e-06,-0.000218593322311667,0.000218670359044652
143,2.84,2,0.442374222976745,0.903578547477269,-1.92840089802568,0.021152420352,0.442386116616569,0.903559622099642,-1.92839944854435,0.0209384828775565,-1.18936398236236e-05,1.89253776268217e-05,-1.4494813345145e-06,0.000213937474443489,0,0,0,0.053406864,-8.75637972030268e-05,0.000139333118631378,-1.06714253585139e-05,0.0535991992050446,8.75637972030268e-05,-0.000139333118631378,1.06714253585139e-05,-0.000192335205044664,0.000561911961698179,-0.000894124609945388,6.84803737188277e-05,0.0365463592496732,0.38,0.18,0.058847579648,0.379997168714416,0.180004192527093,0.0590558670456464,2.83128558381529e-06,-4.19252709260576e-06,-0.000208287397646452,0.000208348826442125
144,2.86,2,0.442374222976745,0.903578547477269,-1.92840089802568,0.022227294948,0.442384590105409,0.903562051112171,-1.92839963458071,0.0220250854053573,-1.0367128664257e-05,1.64963650981509e-05,-1.26344497686226e-06,0.000202209542642731,0,0,0,0.054066609,-7.63255579690632e-05,0.00012145062643247,-9.30181788413734e-06,0.0543301263900381,7.63255579690632e-05,-0.00012145062643247,9.30181788413734e-06,-0.000263517390038111,0.00048979829295556,-0.000779376018834311,5.96918599965208e-05,0.0322545834369082,0.38,0.18,0.057772705052,0.379997532108769,0.180003654434272,0.057969989686937,2.46789123109492e-06,-3.65443427238765e-06,-0.000197284634937081,0.000197333911326049
145,2.88,2,0.442374222976745,0.903578547477269,-1.92840089802568,0.023314520064,0.442383259513567,0.903564168374292,-1.92839979674032,0.0231245897665328,-9.03653682204908e-06,1.43791029770801e-05,-1.10128536312537e-06,0.000189930297467212,0,0,0,0.054641664,-6.6529592109952e-05,0.000105863106055784,-8.10798068420692e-06,0.0549752180587763,6.6529592109952e-05,-0.000105863106055784,8.10798068420692e-06,-0.000333554058776303,0.000426938159994132,-0.000679351823407663,5.20310773716014e-05,0.0278868246578371,0.38,0.18,0.056685479936,0.379997848861585,0.180003185401553,0.0568711174234926,2.1511384146744e-06,-3.18540155283542e-06,-0.000185637487492687,0.000185677276321389
146,2.9,2,0.442374222976745,0.903578547477269,-1.92840089802568,0.0244123875,0.442382099696989,0.903566013895684,-1.9283999380875,0.0242352488575715,-7.8767202438268e-06,1.25335815853722e-05,-9.5993818050033e-07,0.000177138642428545,0,0,0,0.055130625,-5.79908289100694e-05,9.22760695876305e-05,-7.06735913677489e-06,0.055532954551933,5.79908289100694e-05,-9.22760695876305e-05,7.06735913677489e-06,-0.000402329551933034,0.000372144553818708,-0.000592163233215388,4.53533646854649e-05,0.0234539464618698,0.38,0.18,0.0555876125,0.379998124959234,0.18000277656612,0.0557610093034676,1.87504076604172e-06,-2.77656612002186e-06,-0.000173396803467667,0.000173429168683061
147,2.92,2,0.442374222976745,0.903578547477269,-1.92840089802568,0.025519163136,0.442381088738232,0.903567622551782,-1.92840006129334,0.0253552895271949,-6.86576148717366e-06,1.09249254869326e-05,-8.36732343634239e-07,0.000163873608805126,0,0,0,0.055532304,-5.05479378336952e-05,8.04328049233227e-05,-6.1602918430656e-06,0.0560020334811704,5.05479378336952e-05,-8.04328049233227e-05,6.1602918430656e-06,-0.000469729481170376,0.000324382607956538,-0.000516163549773196,3.95326024978881e-05,0.0189668018530342,0.38,0.18,0.054480836864,0.379998365619774,0.180002420202414,0.0546414488899923,1.63438022560136e-06,-2.42020241378316e-06,-0.000160612025992359,0.000160638574046882
148,2.94,2,0.442374222976745,0.903578547477269,-1.92840089802568,0.026633091252,0.442380207532519,0.903569024742461,-1.92840016868614,0.0264829169175595,-5.98455577366375e-06,9.52273480836485e-06,-7.29339547866914e-07,0.000150174334440516,0,0,0,0.055845729,-4.40602856745644e-05,7.01095339278588e-05,-5.36963979310783e-06,0.0563813695182311,4.40602856745644e-05,-7.01095339278588e-05,5.36963979310783e-06,-0.00053564051823108,0.000282750136124914,-0.00044991719772069,3.44588410754653e-05,0.014436235039871,0.38,0.18,0.053366908748,0.379998575391551,0.180002109576244,0.0535142401166153,1.42460844854142e-06,-2.10957624419139e-06,-0.000147331368615319,0.000147353357610965
149,2.96,2,0.442374222976745,0.903578547477269,-1.92840089802568,0.027752398848,0.44237943942686,0.90357024696626,-1.9284002622954,0.0276163188019401,-5.21645011464233e-06,8.30051100886298e-06,-6.35730288411906e-07,0.000136080046059934,0,0,0,0.056070144,-3.84052829520662e-05,6.1111189973445e-05,-4.68046297159853e-06,0.0566700942190285,3.84052829520662e-05,-6.1111189973445e-05,4.68046297159853e-06,-0.000599950219028478,0.00024646064757709,-0.000392172698582601,3.00362305907799e-05,0.00987308289494966,0.38,0.18,0.052247601152,0.379998758239141,0.180001838817607,0.0523812031210496,1.24176085924965e-06,-1.83881760709714e-06,-0.000133601969049622,0.000133620392733145
150,2.98,2,0.442374222976745,0.903578547477269,-1.92840089802568,0.028875299964,0.44237876990546,0.90357131232098,-1.92840034389016,0.0287536699194786,-4.5469287146549e-06,7.23515628886506e-06,-5.54135521246835e-07,0.000121630044521374,0,0,0,0.056205009,-3.34760700005244e-05,5.32677360017929e-05,-4.07973835978293e-06,0.0568675558769275,3.34760700005244e-05,-5.32677360017929e-05,4.07973835978293e-06,-0.00066254687692751,0.000214828528544998,-0.000341839091149352,2.61812150709751e-05,0.00528817617221898,0.38,0.18,0.051124700036,0.379998917618269,0.180001602809808,0.0512441700598724,1.08238173063269e-06,-1.6028098075993e-06,-0.00011947002387238,0.000119485677608478
151,3,2,0.442374222976745,0.903578547477269,-1.92840089802568,0.03,0.442378186315471,0.903572240940064,-1.92840041501244,0.029893136307486,-3.96333872604293e-06,6.30653720523622e-06,-4.83013240071273e-07,0.000106863692513951,0,0,0,0.05625,-2.91794994296244e-05,4.64309541788059e-05,-3.55611405836343e-06,0.0569733194003719,2.91794994296244e-05,-4.64309541788059e-05,3.55611405836343e-06,-0.000723319400371882,0.000187256115988195,-0.000297965363052496,2.28209571601413e-05,0.000692340522321741,0.38,0.18,0.05,0.379999056541123,0.180001397092802,0.0501049809065016,9.43458877467052e-07,-1.39709280158606e-06,-0.000104980906501601,0.000104994441342613
152,3.02,2,0.442374222976745,0.903578547477269,-1.92840089802568,0.031124700036,0.442377677627929,0.903573050373002,-1.92840047700634,0.0310328796317024,-3.45465118384292e-06,5.49710426689387e-06,-4.21019341834139e-07,9.18204042976017e-05,0,0,0,0.056205009,-2.54343771098605e-05,4.0471646917756e-05,-3.0996949151606e-06,0.0569871662108183,2.54343771098605e-05,-4.0471646917756e-05,3.0996949151606e-06,-0.000782157210818347,0.000163222423812918,-0.000259722511665732,1.98919641197981e-05,-0.00390360266058379,0.38,0.18,0.048875299964,0.379999177633271,0.180001217778936,0.0489654792345029,8.22366729158475e-07,-1.21777893619113e-06,-9.0179270502963e-05,9.01912418199308e-05
153,3.04,2,0.442374222976745,0.903578547477269,-1.92840089802568,0.032247601152,0.442377234229356,0.903573755916936,-1.92840053104345,0.0321710615148545,-3.01125261115143e-06,4.79156033317274e-06,-3.66982229271784e-07,7.65396371454549e-05,0,0,0,0.056070144,-2.21699286336021e-05,3.52771966844413e-05,-2.70185563276464e-06,0.0569090941576066,2.21699286336021e-05,-3.52771966844413e-05,2.70185563276464e-06,-0.000838950157606669,0.0001422733115569,-0.000226387900371552,1.73388897281144e-05,-0.00848883553247756,0.38,0.18,0.047752398848,0.379999283183291,0.180001061479498,0.0478275079880298,7.16816709322998e-07,-1.06147949757718e-06,-7.51091400298595e-05,7.51200604428909e-05
154,3.06,2,0.442374222976745,0.903578547477269,-1.92840089802568,0.033366908748,0.442376847740108,0.903574370905709,-1.92840057814501,0.0333058478637937,-2.62476336310158e-06,4.17657155959983e-06,-3.1988067261679e-07,6.10608842063209e-05,0,0,0,0.055845729,-1.93244624024641e-05,3.07494386770103e-05,-2.35507783820235e-06,0.0567393174469571,1.93244624024641e-05,-3.07494386770103e-05,2.35507783820235e-06,-0.000893588446957083,0.000124012911739125,-0.000197331617580222,1.5113489502368e-05,-0.0130525432103594,0.38,0.18,0.046633091252,0.379999375186018,0.180000925240684,0.04669290524098,6.24813982108563e-07,-9.25240683541384e-07,-5.98139889800287e-05,5.98244075652882e-05
155,3.08,2,0.442374222976745,0.903578547477269,-1.92840089802568,0.034480836864,0.442376510856025,0.903574906961836,-1.92840061920117,0.0344354131954487,-2.28787927974983e-06,3.64051543311206e-06,-2.78824511701359e-07,4.54236685513351e-05,0,0,0,0.055532304,-1.68442041676816e-05,2.68028063254058e-05,-2.05280804815499e-06,0.0564782665827499,1.68442041676816e-05,-2.68028063254058e-05,2.05280804815499e-06,-0.00094596258274994,0.00010809615537865,-0.000172004583196911,1.31737097929639e-05,-0.0175839132809366,0.38,0.18,0.0455191631359999,0.379999455380249,0.18000080648779,0.0455634999462656,5.44619750963982e-07,-8.06487789828392e-07,-4.43368102656244e-05,4.43474889679028e-05
156,3.1,2,0.442374222976745,0.903578547477269,-1.92840089802568,0.0355876125,0.442376217210403,0.903575374216129,-1.92840065498785,0.0355579449617913,-1.99423365854212e-06,3.17326113985494e-06,-2.43037834746218e-07,2.966753820869e-05,0,0,0,0.055130625,-1.46822810601086e-05,2.33627146614676e-05,-1.78933385229571e-06,0.0561265883171312,1.46822810601086e-05,-2.33627146614676e-05,1.78933385229571e-06,-0.000995963317131206,9.42222553479605e-05,-0.000149928179243858,1.14828935712924e-05,-0.0220721353907705,0.38,0.18,0.0444123875,0.379999525281605,0.180000702976559,0.0444411076764173,4.74718395149232e-07,-7.02976558686341e-07,-2.8720176417342e-05,2.87327003088816e-05
157,3.12,2,0.442374222976745,0.903578547477269,-1.92840089802568,0.036685479936,0.442375961253684,0.903575781499151,-1.92840068618137,0.0366716478739776,-1.73827693950024e-06,2.76597811832424e-06,-2.11844315201049e-07,1.38320620223648e-05,0,0,0,0.054641664,-1.27978359531494e-05,2.03641510765904e-05,-1.55967598086986e-06,0.0556851456093157,1.27978359531494e-05,-2.03641510765904e-05,1.55967598086986e-06,-0.00104348160931574,8.21290251129646e-05,-0.000130685209699385,1.00090880972924e-05,-0.0265064009044573,0.38,0.18,0.043314520064,0.379999586211175,0.18000061275077,0.0433275263565979,4.13788825315287e-07,-6.12750770401238e-07,-1.30062925979696e-05,1.30272918076852e-05
158,3.14,2,0.442374222976745,0.903578547477269,-1.92840089802568,0.037772705052,0.442375738148575,0.903576136508088,-1.92840071337125,0.0377747482258022,-1.51517183050176e-06,2.41096918063288e-06,-1.84654430857023e-07,-2.04317380215341e-06,0,0,0,0.054066609,-1.11552554508901e-05,1.77504468826027e-05,-1.35949421892401e-06,0.0551550175912266,1.11552554508901e-05,-1.77504468826027e-05,1.35949421892401e-06,-0.00108840859122663,7.15879259676265e-05,-0.000113912019588767,8.72444129277799e-06,-0.0308759026195677,0.38,0.18,0.042227294948,0.379999639320485,0.180000534105276,0.0422245319909697,3.60679514810336e-07,-5.34105276284169e-07,2.76295703022927e-06,2.83712701679917e-06
159,3.16,2,0.442374222976745,0.903578547477269,-1.92840089802568,0.038847579648,0.442375543678637,0.903576445952218,-1.92840073707136,0.0388654982165789,-1.3207018918493e-06,2.10152505086825e-06,-1.609543229808e-07,-1.79185685788633e-05,0,0,0,0.053406864,-9.7234969315376e-06,1.54722064908274e-05,-1.18500539306845e-06,0.0545374995388353,9.7234969315376e-06,-1.54722064908274e-05,1.18500539306845e-06,-0.00113063553883526,6.23997494458223e-05,-9.92916247297235e-05,7.60467556328912e-06,-0.0351698345288445,0.38,0.18,0.041152420352,0.379999685613264,0.180000465553776,0.0411338743832393,3.14386735977834e-07,-4.65553776030081e-07,1.85459687607123e-05,1.85544748406267e-05
160,3.18,2,0.442374222976745,0.903578547477269,-1.92840089802568,0.039908425764,0.442375374168598,0.903576715679698,-1.9284007577296,0.039942180273544,-1.15119185301049e-06,1.83179757096141e-06,-1.4029608541577e-07,-3.37545095440012e-05,0,0,0,0.052664049,-8.47550194262118e-06,1.3486373996233e-05,-1.03291188180268e-06,0.0538341028482584,8.47550194262118e-06,-1.3486373996233e-05,1.03291188180268e-06,-0.00117005384825841,5.43908535513744e-05,-8.65477228285184e-05,6.62862909447653e-06,-0.0393773916218596,0.38,0.18,0.040091574236,0.37999972596441,0.18000040580073,0.0400572728521086,2.74035590219768e-07,-4.05800730490791e-07,3.43013838913636e-05,3.43048787579882e-05
161,3.2,2,0.442374222976745,0.903578547477269,-1.92840089802568,0.0409536,0.4423752264149,0.903576950788089,-1.92840077573638,0.0410031113738605,-1.0034381555668e-06,1.5966891802055e-06,-1.2228929935354e-07,-4.95113738604863e-05,0,0,0,0.05184,-7.38768487159366e-06,1.17554195396626e-05,-9.00339299913142e-07,0.0530465550158212,7.38768487159366e-06,-1.17554195396626e-05,9.00339299913142e-07,-0.00120655501582112,4.74098818751928e-05,-7.54394727727013e-05,5.77785606290887e-06,-0.0434877697196467,0.38,0.18,0.0390464,0.379999761136528,0.180000353716878,0.0389964119422662,2.38863472334927e-07,-3.53716878120913e-07,4.99880577337491e-05,4.99898798496348e-05
162,3.22,2,0.442374222976745,0.903578547477269,-1.92840089802568,0.041981497836,0.442375097625156,0.903577155720691,-1.92840079143203,0.042046647366289,-8.74648410864598e-07,1.39175657853929e-06,-1.06593655679887e-07,-6.51495302889937e-05,0,0,0,0.050936769,-6.43948723408983e-06,1.02466300842086e-05,-7.84782178654967e-07,0.0521767996214283,6.43948723408983e-06,-1.02466300842086e-05,7.84782178654967e-07,-0.00124003062142827,4.13249035953368e-05,-6.57569438302422e-05,5.03627800511059e-06,-0.0474901653366344,0.38,0.18,0.038018502164,0.379999791794343,0.180000308317895,0.0379529371314769,2.08205657492577e-07,-3.08317894770482e-07,6.55650325230711e-05,6.55660880278168e-05
163,3.24,2,0.442374222976745,0.903578547477269,-1.92840089802568,0.042990557952,0.442374985365373,0.903577334350515,-1.92840080511316,0.0430711872925829,-7.62388627617572e-07,1.21312675438467e-06,-9.29125232307371e-08,-8.06293405829425e-05,0,0,0,0.0499566240000001,-5.61298916218307e-06,8.93149120760371e-06,-6.84056618552753e-07,0.0512269963146955,5.61298916218307e-06,-8.93149120760371e-06,6.84056618552753e-07,-0.00127037231469549,3.60209204819043e-05,-5.73171487136066e-05,4.38988004798134e-06,-0.0513737755657305,0.38,0.18,0.037009442048,0.379999818517262,0.180000268745791,0.0369284505342556,1.81482738448313e-07,-2.68745791454084e-07,8.09915137443967e-05,8.09921629473715e-05
164,3.26,2,0.442374222976745,0.903578547477269,-1.92840089802568,0.043979266548,0.442374887513957,0.903577490053479,-1.92840081703834,0.0440751777086505,-6.64537212591298e-07,1.05742378975204e-06,-8.09873428320174e-08,-9.59111606505456e-05,0,0,0,0.048902049,-4.892570752545e-06,7.7851482333316e-06,-5.96259017593128e-07,0.050199520803381,4.892570752545e-06,-7.7851482333316e-06,5.96259017593128e-07,-0.001297471803381,3.13976937917702e-05,-4.99605856914276e-05,3.82644606866081e-06,-0.0551277979821748,0.38,0.18,0.036020733452,0.379999841810326,0.1800002342527,0.0359245066025578,1.58189674359654e-07,-2.34252699682358e-07,9.62268494422228e-05,9.62272645972886e-05
165,3.28,2,0.442374222976745,0.903578547477269,-1.92840089802568,0.044946161664,0.44237480222162,0.90357762577221,-1.92840082743294,0.0450571170055253,-5.79244875065221e-07,9.21705059386824e-07,-7.05927409860863e-08,-0.000110955341525255,0,0,0,0.0477757439999999,-4.26461687670958e-06,6.78593651950302e-06,-5.19730096219909e-07,0.0490969648437374,4.26461687670958e-06,-6.78593651950302e-06,5.19730096219909e-07,-0.0013212208437375,2.73678500276696e-05,-4.35482244513781e-05,3.33532782578956e-06,-0.0587414305636001,0.38,0.18,0.0350538383359999,0.379999862113753,0.180000204186738,0.0349426078238565,1.37886246753816e-07,-2.04186738017587e-07,0.000111230512143422,0.000111230785021634
166,3.3,2,0.442374222976745,0.903578547477269,-1.92840089802568,0.0458898375,0.442374727876422,0.90357774407165,-1.92840083649341,0.0460155597301746,-5.0489967756695e-07,8.03405618809983e-07,-6.15322701680299e-08,-0.000125722230174617,0,0,0,0.0465806250000001,-3.7172598761562e-06,5.91497203047548e-06,-4.5302353970412e-07,0.0479221362324655,3.7172598761562e-06,-5.91497203047548e-06,4.5302353970412e-07,-0.00134151123246537,2.38552297664291e-05,-3.79588787285113e-05,2.90724377727941e-06,-0.0622038716232553,0.38,0.18,0.0341101625,0.379999879811261,0.180000177979693,0.0339842004169358,1.20188738517157e-07,-1.77979692567165e-07,0.000125962083064195,0.000125962266143377
167,3.32,2,0.442374222976745,0.903578547477269,-1.92840089802568,0.046808948736,0.442374663073317,0.903577847187539,-1.92840084439099,0.0469491209061746,-4.40096571963089e-07,7.00289729649306e-07,-5.3634696906002e-08,-0.000140172170174584,0,0,0,0.0453198239999999,-3.24015528082762e-06,5.15579445590525e-06,-3.94878664158531e-07,0.0466780588000003,3.24015528082762e-06,-5.15579445590525e-06,3.94878664158531e-07,-0.0013582348000004,2.07934484202436e-05,-3.30869161531744e-05,2.53410359257043e-06,-0.0655043197542296,0.38,0.18,0.033191051264,0.379999895237317,0.180000155136278,0.0330506700256886,1.04762682640036e-07,-1.55136278434664e-07,0.000140381238311331,0.000140381363123127
168,3.34,2,0.442374222976745,0.903578547477269,-1.92840089802568,0.047702214852,0.442374606587591,0.903577937068662,-1.92840085127492,0.0478564803542729,-3.83610845700044e-07,6.10408606993573e-07,-4.6750765037018e-08,-0.000154265502272925,0,0,0,0.043996689,-2.82428631242275e-06,4.49405613284176e-06,-3.44196592307123e-07,0.0453679724049158,2.82428631242275e-06,-4.49405613284176e-06,3.44196592307123e-07,-0.00137128340491573,1.81246416784506e-05,-2.88402619574779e-05,2.20885534244065e-06,-0.0686319737831339,0.38,0.18,0.032297785148,0.379999908683459,0.180000135224779,0.0321433374111673,9.13165409954786e-08,-1.35224779373999e-07,0.000154447736832646,0.000154447823025052
169,3.36,2,0.442374222976745,0.903578547477269,-1.92840089802568,0.048568424448,0.442374557351721,0.90357801541368,-1.92840085727531,0.048736387012858,-3.34374976096452e-07,5.32063589075982e-07,-4.07503752963834e-08,-0.000167962564857953,0,0,0,0.042614784,-2.46179347885374e-06,3.9172508936922e-06,-3.0001948545831e-07,0.0439953329292531,2.46179347885374e-06,-3.9172508936922e-06,3.0001948545831e-07,-0.00138054892925308,1.57983719674296e-05,-2.51386589662459e-05,1.92535217952786e-06,-0.071576032731245,0.38,0.18,0.0314315755519999,0.379999920403807,0.180000117868889,0.0312634541421109,7.95961934141332e-08,-1.17868889315531e-07,0.000168121409889081,0.000168121470049847
170,3.38,2,0.442374222976745,0.903578547477269,-1.92840089802568,0.049406439564,0.4423745144352,0.903578083703234,-1.92840086250556,0.0495876632583505,-2.91458455314864e-07,4.63774034842324e-07,-3.55201263957383e-08,-0.000181223694350523,0,0,0,0.041177889,-2.14582603950515e-06,3.41447771436728e-06,-2.61512441867753e-07,0.0425638122746282,2.14582603950515e-06,-3.41447771436728e-06,2.61512441867753e-07,-0.00138592327462816,1.37706752586166e-05,-2.19121508031133e-05,1.67823619778122e-06,-0.0743256957822909,0.38,0.18,0.030593560436,0.379999930619863,0.1800001027406,0.0304121982841366,6.93801366358215e-08,-1.02740600027573e-07,0.000181362151863339,0.000181362194235003
171,3.4,2,0.442374222976745,0.903578547477269,-1.92840089802568,0.0502152,0.44237447702695,0.903578143227928,-1.92840086706451,0.0504092092255302,-2.5405020465108e-07,4.04249340890672e-07,-3.0961172070576e-08,-0.000194009225530187,0,0,0,0.03969,-1.87041253433282e-06,2.97623469830502e-06,-2.27947717912128e-07,0.0410772983589824,1.87041253433282e-06,-2.97623469830502e-06,2.27947717912128e-07,-0.00138729835898235,1.20032302215484e-05,-1.90997598770331e-05,1.46283715118496e-06,-0.0768701622554223,0.38,0.18,0.0297848,0.379999939524703,0.180000089554003,0.0295906700877685,6.04752967703348e-08,-8.95540027412434e-08,0.000194129912231431,0.000194129942307115
172,3.42,2,0.442374222976745,0.903578547477269,-1.92840089802568,0.050993727636,0.442374444419991,0.903578195112718,-1.92840087103833,0.0512000071278077,-2.21443246073427e-07,3.52364550870732e-07,-2.6987352574892e-08,-0.00020627949180764,0,0,0,0.0381553289999999,-1.63034792990185e-06,2.59423950076435e-06,-1.98690974888429e-07,0.0395398951138739,1.63034792990185e-06,-2.59423950076435e-06,1.98690974888429e-07,-0.00138456611387397,1.04626339906942e-05,-1.66483349282139e-05,1.27508424027937e-06,-0.0791986315827686,0.38,0.18,0.0290062723639999,0.37999994728662,0.180000078059884,0.028799887675446,5.27133804939517e-08,-7.80598844729585e-08,0.000206384688553947,0.0002063847100479
173,3.44,2,0.442374222976745,0.903578547477269,-1.92840089802568,0.051741130752,0.442374415998086,0.903578240338174,-1.92840087450212,0.051959125577452,-1.93021341077237e-07,3.07139094823938e-07,-2.35235668721856e-08,-0.000217994825452018,0,0,0,0.036578304,-1.42109525008796e-06,2.26127280220008e-06,-1.73189290082841e-07,0.0379559224822185,1.42109525008796e-06,-2.26127280220008e-06,1.73189290082841e-07,-0.00137761848221851,9.11977089403551e-06,-1.45115465616077e-05,1.11142911443827e-06,-0.0813003032907137,0.38,0.18,0.0282588692479999,0.379999954052305,0.180000068041018,0.0280407827276444,4.59476953706961e-08,-6.80410182640756e-08,0.00021808652035557,0.00021808653580992
174,3.46,2,0.442374222976745,0.903578547477269,-1.92840089802568,0.052456608348,0.442374391224089,0.903578279759012,-1.92840087752133,0.0526857239057801,-1.68247344445316e-07,2.67718257451754e-07,-2.05043526602111e-08,-0.000229115557780123,0,0,0,0.034963569,-1.23869983220725e-06,1.97104187096792e-06,-1.50960707794076e-07,0.0363299164164043,1.23869983220725e-06,-1.97104187096792e-06,1.50960707794076e-07,-0.00136634741640426,7.94926219961346e-06,-1.2649011674183e-05,9.68778889860409e-07,-0.0831643769842234,0.38,0.18,0.027543391652,0.379999959949624,0.180000059308058,0.0273141961682181,4.00503761266435e-08,-5.93080579647243e-08,0.000229195483781884,0.000229195494954613
175,3.48,2,0.442374222976745,0.903578547477269,-1.92840089802568,0.053139454464,0.442374369629798,0.903578314120244,-1.92840088015303,0.0533790564833145,-1.46653052701673e-07,2.33357024703729e-07,-1.7872650026618e-08,-0.000239602019314528,0,0,0,0.033315984,-1.07971458821498e-06,1.71806163748426e-06,-1.31585129996868e-07,0.0346666288767198,1.07971458821498e-06,-1.71806163748426e-06,1.31585129996868e-07,-0.00135064487671981,6.92898649413236e-06,-1.10255302793124e-05,8.44437597275559e-07,-0.084780052333802,0.38,0.18,0.026860545536,0.379999965090031,0.18000005169596,0.0266208738490649,3.49099694707533e-08,-5.1695959568665e-08,0.000239671686935061,0.000239671695052787
176,3.5,2,0.442374222976745,0.903578547477269,-1.92840089802568,0.0537890625,0.4423743508071,0.903578344071265,-1.92840088244696,0.0540384770399154,-1.27830355522995e-07,2.03406004040119e-07,-1.55787225342152e-08,-0.0002494145399154,0,0,0,0.031640625,-9.41134858332335e-07,1.49755103189801e-06,-1.14696378051357e-07,0.0329710278300437,9.41134858332335e-07,-1.49755103189801e-06,1.14696378051357e-07,-0.00133040283004375,6.03966161434717e-06,-9.61042023394842e-06,7.36055307605611e-07,-0.0861365290646435,0.38,0.18,0.0262109375,0.379999969570673,0.180000045060862,0.0259614622341975,3.04293266695232e-08,-4.50608621527238e-08,0.000249475265802462,0.00024947527172775
177,3.52,2,0.442374222976745,0.903578547477269,-1.92840089802568,0.054404929536,0.442374334400268,0.903578370178118,-1.92840088444647,0.0546634429848904,-1.11423523019294e-07,1.77299151471466e-07,-1.35792170841142e-08,-0.000258513448890378,0,0,0,0.029942784,-8.20341626045392e-07,1.30534262721905e-06,-9.99752718992444e-08,0.0312482972487509,8.20341626045392e-07,-1.30534262721905e-06,9.99752718992444e-08,-0.00130551324875093,5.26448021897845e-06,-8.3769373972343e-06,6.41583729573463e-07,-0.0872230069475401,0.38,0.18,0.0255950704639999,0.379999973476232,0.180000039277369,0.025336504083298,2.65237677377073e-08,-3.9277369301427e-08,0.000258566380701902,0.00025856638504551
178,3.54,2,0.442374222976745,0.903578547477269,-1.92840089802568,0.054986660652,0.442374320099228,0.903578392934195,-1.92840088618934,0.0552535197270864,-9.71224826118444e-08,1.5454307389362e-07,-1.18363452372705e-08,-0.000266859075086431,0,0,0,0.028227969,-7.15052021665823e-07,1.13780387927436e-06,-8.71435973077751e-08,0.0295038371098001,7.15052021665823e-07,-1.13780387927436e-06,8.71435973077751e-08,-0.00127586810980007,4.58879217213202e-06,-7.30177019612515e-06,5.59237422428452e-07,-0.0880286857913426,0.38,0.18,0.025013339348,0.379999976880518,0.180000034236179,0.0247464341348198,2.3119481662448e-08,-3.42361789196222e-08,0.000266905213180166,0.00026690521637723
179,3.56,2,0.442374222976745,0.903578547477269,-1.92840089802568,0.055533973248,0.442374307633704,0.903578412769565,-1.92840088770852,0.0558083849949659,-8.46569590540192e-08,1.34707704435577e-07,-1.03171682308556e-08,-0.000274411746965887,0,0,0,0.026501904,-6.23276178223183e-07,9.91768475351856e-07,-7.59588488592061e-08,0.0277432633939732,6.23276178223183e-07,-9.91768475351856e-07,7.59588488592061e-08,-0.00124135939397317,3.99982765906174e-06,-6.36459906347941e-06,4.87460154098562e-07,-0.0885427654365628,0.38,0.18,0.024466026752,0.379999979847869,0.180000029842017,0.0241915747886948,2.01521306308905e-08,-2.98420174682512e-08,0.000274451963305167,0.000274451965667428
180,3.58,2,0.442374222976745,0.903578547477269,-1.92840089802568,0.056046701364,0.442374296768111,0.903578430059095,-1.92840088903271,0.0563278331566707,-7.37913665727064e-08,1.17418174516715e-07,-8.99297525336351e-09,-0.000281131792670711,0,0,0,0.0247705290000001,-5.43279625041948e-07,8.64476494082268e-07,-6.62096457772348e-08,0.025972408085242,5.43279625041948e-07,-8.64476494082268e-07,6.62096457772348e-08,-0.00120187908524189,3.48645584356832e-06,-5.54771242997389e-06,4.24895390208346e-07,-0.0887544457502323,0.38,0.18,0.023953298636,0.379999982434365,0.18000002601184,0.0236721317886962,1.75656347245479e-08,-2.6011840015272e-08,0.00028116684730374,0.000281166849055667
181,3.6,2,0.442374222976745,0.903578547477269,-1.92840089802568,0.0565248,0.442374287297101,0.903578445129539,-1.92840089018694,0.0568117795400755,-6.43203564298922e-08,1.02347729624697e-07,-7.83874054555156e-09,-0.000286979540075442,0,0,0,0.02304,-4.73550508170581e-07,7.5352224548279e-07,-5.77117379730679e-08,0.0241973191702373,4.73550508170581e-07,-7.5352224548279e-07,5.77117379730679e-08,-0.00115731917023735,3.03897452042241e-06,-4.83567194718614e-06,3.70360704906202e-07,-0.0886529266214326,0.38,0.18,0.0234751999999999,0.379999984688888,0.18000002267326,0.0231881899045005,1.53111119338689e-08,-2.26732598529455e-08,0.000287010095499418,0.000287010096803391
182,3.62,2,0.442374222976745,0.903578547477269,-1.92840089802568,0.056968349436,0.442374279041681,0.903578458265716,-1.92840089119303,0.0572602647528316,-5.60649360825671e-08,8.92115534778526e-08,-6.8326500013427e-09,-0.000291915316831683,0,0,0,0.0213166890000001,-4.12771017762133e-07,6.56808806539067e-07,-5.03045238749439e-08,0.0224242606378087,4.12771017762133e-07,-6.56808806539067e-07,5.03045238749439e-08,-0.00110757163780855,2.64892674698595e-06,-4.21502078299608e-06,3.22825477364607e-07,-0.0882274079576491,0.38,0.18,0.023031650564,0.379999986654046,0.180000019763181,0.0227397086134867,1.33459537310365e-08,-1.97631814802257e-08,0.000291941950513283,0.000291941951487274
183,3.64,2,0.442374222976745,0.903578547477269,-1.92840089802568,0.0573775595519999,0.442374271845831,0.903578469715883,-1.92840089206999,0.0576734590024048,-4.88690864441921e-08,7.77613856639547e-08,-5.9556897191726e-09,-0.00029589945040482,0,0,0,0.0196071840000001,-3.59792482822414e-07,5.72508390879145e-07,-4.38480143276517e-08,0.0206597124786557,3.59792482822414e-07,-5.72508390879145e-07,4.38480143276517e-08,-0.00105252847865555,2.30894101202907e-06,-3.67402925118743e-06,2.81391314635775e-07,-0.0874670896817,0.38,0.18,0.022622440448,0.379999988366979,0.180000017226607,0.0223265177823063,1.16330205468529e-08,-1.72266071407634e-08,0.000295922665693713,0.000295922666423773
184,3.66,2,0.442374222976745,0.903578547477269,-1.92840089802568,0.057752774148,0.442374265573558,0.90357847969644,-1.9284008928344,0.0580516664161052,-4.25968131878562e-08,6.77808295046489e-08,-5.19128606768504e-09,-0.000298892268105207,0,0,0,0.0179182890000001,-3.13613662581833e-07,4.99027805855397e-07,-3.82201880349362e-08,0.0189103706850217,3.13613662581833e-07,-4.99027805855397e-07,3.82201880349362e-08,-0.000992081685021604,2.01259193285103e-06,-3.20247316664304e-06,2.4527515393022e-07,-0.0863611717292254,0.38,0.18,0.022247225852,0.37999998986006,0.180000015015598,0.0219483133482531,1.0139939776721e-08,-1.50155983202893e-08,0.000298912503746876,0.000298912504296011
185,3.68,2,0.442374222976745,0.903578547477269,-1.92840089802568,0.0580944752639999,0.442374260106322,0.903578488396006,-1.92840089350069,0.0583953293611139,-3.71295766909974e-08,5.90812626599657e-08,-4.5249923807944e-09,-0.00030085409711398,0,0,0,0.016257024,-2.73361823924813e-07,4.34978342522537e-07,-3.33146849563319e-08,0.0171831472504372,2.73361823924813e-07,-4.34978342522537e-07,3.33146849563319e-08,-0.000926123250437248,1.75427880939652e-06,-2.79144058445417e-06,2.13794461047198e-07,-0.084898854046583,0.38,0.18,0.021905524736,0.379999991161506,0.180000013088369,0.0216046530004584,8.8384937702024e-09,-1.30883690274697e-08,0.000300871735541636,0.000300871735956139
186,3.7,2,0.442374222976745,0.903578547477269,-1.92840089802568,0.0584032875,0.442374255340797,0.903578495978997,-1.92840089408147,0.058705032764504,-3.23640517163604e-08,5.14982720911661e-08,-3.94421650895538e-09,-0.000301745264504015,0,0,0,0.0146306249999999,-2.38276247736882e-07,3.79149530833452e-07,-2.90387957353879e-08,0.0154851701695055,2.38276247736882e-07,-3.79149530833452e-07,2.90387957353879e-08,-0.000854545169505569,1.5291197831016e-06,-2.43316340755244e-06,1.86354263812219e-07,-0.0830693365889429,0.38,0.18,0.0215967124999999,0.379999992295914,0.180000011408497,0.0212949518609337,7.70408642436493e-09,-1.14084967584027e-08,0.000301760639066256,0.000301760639380258
187,3.72,2,0.442374222976745,0.903578547477269,-1.92840089802568,0.058679982336,0.44237425118692,0.903578502588722,-1.9284008945877,0.0589815084332586,-2.82101746962304e-08,4.48885468795623e-08,-3.43798234325732e-09,-0.000301526097258559,0,0,0,0.013046544,-2.0769385207485e-07,3.30486262682405e-07,-2.53117104591435e-08,0.0138237834377267,2.0769385207485e-07,-3.30486262682405e-07,2.53117104591435e-08,-0.000777239437726718,1.33285957187396e-06,-2.12087056569186e-06,1.62435974857139e-07,-0.0808618193190256,0.38,0.18,0.021320017664,0.379999993284722,0.180000009944234,0.0210184781654809,6.71527849993581e-09,-9.9442335199651e-09,0.000301539498519049,0.000301539498757795
188,3.74,2,0.442374222976745,0.903578547477269,-1.92840089802568,0.058925482452,0.442374247566186,0.903578508350099,-1.92840089502896,0.0592256393742855,-2.45894414829806e-08,3.91271698374496e-08,-2.99672242576321e-09,-0.000300156922285473,0,0,0,0.011512449,-1.81036660637371e-07,2.88068851368567e-07,-2.20629909620007e-08,0.0122065470513461,1.81036660637371e-07,-2.88068851368567e-07,2.20629909620007e-08,-0.000694098051346119,1.16178906444935e-06,-1.84866004362637e-06,1.41587576663693e-07,-0.078265502205644,0.38,0.18,0.021074517548,0.379999994146617,0.180000008667906,0.0207743489444855,5.85338261194224e-09,-8.66790619835633e-09,0.000300168603514436,0.000300168603696658
189,3.76,2,0.442374222976745,0.903578547477269,-1.92840089802568,0.059140866048,0.442374244410169,0.903578513372012,-1.92840089541359,0.0594384641144302,-2.14334238690661e-08,3.41052568408884e-08,-2.61209764929049e-09,-0.000297598066430108,0,0,0,0.0100362239999998,-1.57800879348384e-07,2.5109565049604e-07,-1.92312394287269e-08,0.0106412370072333,1.57800879348384e-07,-2.5109565049604e-07,1.92312394287269e-08,-0.000605013007233528,1.01267520006107e-06,-1.61138732583196e-06,1.23415023645489e-07,-0.0752695852228399,0.38,0.18,0.0208591339519999,0.37999999489789,0.180000007555394,0.0205615257036089,5.10210984572268e-09,-7.55539358854307e-09,0.000297608248390993,0.000297608248530632
190,3.78,2,0.442374222976745,0.903578547477269,-1.92840089802568,0.0593273711639999,0.442374241659221,0.90357851774937,-1.92840089574884,0.0596211810204857,-1.86824763437343e-08,2.97278988092842e-08,-2.27683893960773e-09,-0.000293809856485742,0,0,0,0.00862596900000007,-1.37547375347162e-07,2.188679039794e-07,-1.67629389558171e-08,0.00913584530277646,1.37547375347162e-07,-2.188679039794e-07,1.67629389558171e-08,-0.00050987630277639,8.8269987256981e-07,-1.40456819865958e-06,1.07574885155568e-07,-0.0718632683489445,0.38,0.18,0.020672628836,0.379999995552738,0.18000000658567,0.0203788101043926,4.44726161452635e-09,-6.58567028688495e-09,0.000293818731607387,0.00029381873171485
191,3.8,2,0.442374222976745,0.903578547477269,-1.92840089802568,0.0594864,0.442374239261354,0.903578521564901,-1.92840089604107,0.0597751526192016,-1.62846087725654e-08,2.59123680290685e-08,-1.98461003186878e-09,-0.000288752619201652,0,0,0,0.00728999999999985,-1.19893377895766e-07,1.90776540006209e-07,-1.46114412527057e-08,0.0076985799357976,1.19893377895766e-07,-1.90776540006209e-07,1.46114412527057e-08,-0.00040857993579775,7.69406680658782e-07,-1.22429399721733e-06,9.37678218672364e-08,-0.0680357515658607,0.38,0.18,0.0205136,0.379999996123538,0.180000005740409,0.0202248396447851,3.87646237332007e-09,-5.74040942558085e-09,0.000288760355214926,0.000288760355298004
192,3.82,2,0.442374222976745,0.903578547477269,-1.92840089802568,0.059619523236,0.442374237171249,0.903578524890714,-1.9284008962958,0.0599019099172912,-1.41945039056068e-08,2.25865548486581e-08,-1.72988823265996e-09,-0.000282386681291248,0,0,0,0.00603684900000012,-1.0450524428259e-07,1.66290660061862e-07,-1.2736084815361e-08,0.00633786490448035,1.0450524428259e-07,-1.66290660061862e-07,1.2736084815361e-08,-0.000301015904480236,6.70654495091122e-07,-1.06715771637142e-06,8.17328730412233e-08,-0.0637762348585313,0.38,0.18,0.020380476764,0.379999996621076,0.180000005003637,0.020098083339601,3.37892436252929e-09,-5.00363661615211e-09,0.000282393424398925,0.000282393424463468
193,3.84,2,0.442374222976745,0.903578547477269,-1.92840089802568,0.059728484352,0.442374235349406,0.903578527789664,-1.92840089651782,0.0600031567214374,-1.23726608403096e-08,1.968760476867e-08,-1.50785961494648e-09,-0.000274672369437463,0,0,0,0.00487526400000014,-9.10921543807681e-08,1.44947505734434e-07,-1.11014273545365e-08,0.00506234020730976,9.10921543807681e-08,-1.44947505734434e-07,1.11014273545365e-08,-0.000187076207309613,5.84577003584399e-07,-9.30189637821671e-07,7.12425855960824e-08,-0.059073918214412,0.38,0.18,0.020271515648,0.379999997054756,0.180000004361427,0.0199968374009225,2.94524449273581e-09,-4.36142744142387e-09,0.000274678247077484,0.0002746782471279
194,3.86,2,0.442374222976745,0.903578547477269,-1.92840089802568,0.0598152039480001,0.442374233761393,0.903578530316539,-1.92840089671136,0.0600807739582979,-1.0784648563078e-08,1.7160730503285e-08,-1.31432820182908e-09,-0.000265570010297797,0,0,0,0.00381420899999981,-7.94006143090801e-08,1.26343712978e-07,-9.67657564261488e-09,0.00388086184302151,7.94006143090801e-08,-1.26343712978e-07,9.67657564261488e-09,-6.66528430217084e-05,5.09547429873799e-07,-8.10801209231502e-07,6.20986926693892e-08,-0.0539180016229761,0.38,0.18,0.0201847960519999,0.379999997432773,0.180000003801645,0.0199192209184483,2.56722682001609e-09,-3.80164483226864e-09,0.000265575133551618,0.000265575133591236
195,3.88,2,0.442374222976745,0.903578547477269,-1.92840089802568,0.059881784064,0.4423742323772,0.903578532519092,-1.92840089688005,0.0601368239945091,-9.40045524755462e-09,1.49581766972773e-08,-1.14563625253084e-09,-0.000255039930509147,0,0,0,0.00286286400000002,-6.92096657116041e-08,1.1012768879337e-07,-8.4346017892271e-09,0.00280250181056199,6.92096657116041e-08,-1.1012768879337e-07,8.4346017892271e-09,6.03621894380234e-05,4.44147789476621e-07,-7.06736106139677e-07,5.41284105314585e-08,-0.0482976850755283,0.38,0.18,0.020118215936,0.379999997762273,0.180000003313709,0.0198631715397989,2.23772705920666e-09,-3.31370950124033e-09,0.000255044396201123,0.000255044396232467
196,3.9,2,0.442374222976745,0.903578547477269,-1.92840089802568,0.0599305124999999,0.442374231170666,0.903578534438952,-1.92840089702709,0.0601735549566901,-8.19392104167704e-09,1.30383173146953e-08,-9.9859565061422e-10,-0.00024304245669024,0,0,0,0.00203062500000005,-6.03267099220717e-08,9.59929666705767e-08,-7.35203357859793e-09,0.00183654810905143,6.03267099220717e-08,-9.59929666705767e-08,7.35203357859793e-09,0.000194076890948623,3.8714209427373e-07,-6.16027601942005e-07,4.71811065105366e-08,-0.0422021685647256,0.38,0.18,0.0200694875000001,0.379999998049482,0.1800000028884,0.0198264411507827,1.95051813589586e-09,-2.88839990814083e-09,0.000243046349217374,0.000243046349242364
197,3.92,2,0.442374222976745,0.903578547477269,-1.92840089802568,0.059963867136,0.442374230118989,0.9035785361124,-1.92840089715526,0.0601934050514453,-7.1422436853652e-09,1.1364869045849e-08,-8.70427507848603e-10,-0.000229537915445256,0,0,0,0.00132710400000011,-5.25838680365971e-08,8.36724146317366e-08,-6.4084114483872e-09,0.000992504737756914,5.25838680365971e-08,-8.36724146317366e-08,6.4084114483872e-09,0.000334599262243198,3.37452992195422e-07,-5.36961388049833e-07,4.11254781828836e-08,-0.0356206520844607,0.38,0.18,0.020036132864,0.379999998299828,0.180000002517678,0.0198065915556276,1.70017211420515e-09,-2.51767817704973e-09,0.000229541308372355,0.000229541308392459
198,3.94,2,0.442374222976745,0.903578547477269,-1.92840089802568,0.059984520252,0.442374229202292,0.903578537571064,-1.92840089726697,0.0601990068853666,-6.22554752194304e-09,9.90620530050279e-09,-7.58709539638858e-10,-0.000214486633366637,0,0,0,0.000762129000000051,-4.58348081926887e-08,7.29331868707399e-08,-5.58590188472952e-09,0.0002800916960677,4.58348081926887e-08,-7.29331868707399e-08,5.58590188472952e-09,0.000482037303932351,2.94141411659469e-07,-4.6804320736452e-07,3.58470837307047e-08,-0.028542335629755,0.38,0.18,0.020015479748,0.379999998518042,0.180000002194538,0.0198009901571833,1.48195761218162e-09,-2.19453796801439e-09,0.000214489590816699,0.000214489590833046
199,3.96,2,0.442374222976745,0.903578547477269,-1.92840089802568,0.0599953428479999,0.442374228403253,0.90357853884251,-1.92840089736435,0.0601931917850361,-5.42650790968935e-09,8.63475879686604e-09,-6.61330323836751e-10,-0.000197848937036227,0,0,0,0.000345744000000003,-3.99519799594993e-08,6.35723227234495e-08,-4.86896021011543e-09,-0.0002907550165274,3.99519799594993e-08,-6.35723227234495e-08,4.86896021011543e-09,0.000636499016527403,2.56388808221051e-07,-4.07970574782387e-07,3.12461718186335e-08,-0.0209564191963332,0.38,0.18,0.0200046571520001,0.379999998708249,0.180000001912872,0.0198068056370981,1.29175053986685e-09,-1.91287233275439e-09,0.000197851514902023,0.000197851514915487
200,3.98,2,0.442374222976745,0.903578547477269,-1.92840089802568,0.059999408964,0.442374227706769,0.903578539950769,-1.92840089744923,0.060178994117027,-4.73002381706777e-09,7.52650053392756e-09,-5.76449554756664e-10,-0.000179585153026983,0,0,0,8.82089999999636e-05,-3.48242037950783e-08,5.54129112278018e-08,-4.24403677374276e-09,-0.000709883400454064,3.48242037950783e-08,-5.54129112278018e-08,4.24403677374276e-09,0.000798092400454027,2.23481694194788e-07,-3.5560817116328e-07,2.72357799991888e-08,-0.0128521027805759,0.38,0.18,0.020000591036,0.379999998874044,0.180000001667358,0.0198210036359723,1.12595627266288e-09,-1.66735811268914e-09,0.000179587400027617,0.000179587400038887
201,4,2,0.442374222976745,0.903578547477269,-1.92840089802568,0.06,0.442374227099677,0.903578540916783,-1.92840089752322,0.0601596556079057,-4.12293243989836e-09,6.56048559921629e-09,-5.02463182172619e-10,-0.000159655607905693,0,0,0,0,-3.03545699111825e-08,4.83007478045362e-08,-3.69932117375898e-09,-0.000966925456065582,3.03545699111825e-08,-4.83007478045362e-08,3.69932117375898e-09,0.000966925456065582,1.94798154233814e-07,-3.09966396169095e-07,2.37401052579177e-08,-0.00421858637967948,0.38,0.18,0.02,0.379999999018559,0.180000001453355,0.0198403424334928,9.81441483638434e-10,-1.45335521395396e-09,0.000159657566507168,0.0001596575665168
202,4.02,3,0.442374222976745,0.903578547477269,-1.92840089802568,0.059999408964,0.442374226570505,0.903578541758812,-1.92840089758771,0.0601386296642325,-3.59376028935543e-09,5.71845715224839e-09,-4.37972769162798e-10,-0.000139220700232513,0,0,0,-8.8209e-05,-2.64586068265063e-08,4.21014198811544e-08,-3.22451906860064e-09,-0.00105129718365917,2.64586068265063e-08,-4.21014198811544e-08,3.22451906860064e-09,0.000963088183659169,1.69796107594583e-07,-2.70182682398249e-07,2.0693104455733e-08,-0.000320788103115859,0.38,0.18,0.020000591036,0.379999999144525,0.180000001266819,0.0198613686285496,8.55475024152952e-10,-1.26681926060357e-09,0.000139222407450415,0.000139222407458807
203,4.04,3,0.442374222976745,0.903578547477269,-1.92840089802568,0.059995342848,0.442374226109251,0.903578542492767,-1.92840089764392,0.0601174754053181,-3.13250658745545e-09,4.98450181130039e-09,-3.81759734935372e-10,-0.000122132557318085,0,0,0,-0.000345744,-2.30626846746146e-08,3.66977662331893e-08,-2.81065697948597e-09,-0.00105771294572149,2.30626846746146e-08,-3.66977662331893e-08,2.81065697948597e-09,0.000711968945721487,1.48003034746746e-07,-2.35505143533747e-07,1.80371660961822e-08,-0.00400285075414294,0.38,0.18,0.020004657152,0.379999999254324,0.180000001104225,0.0198825231065829,7.45675965418968e-10,-1.10422498922347e-09,0.00012213404541711,0.000122134045424379
204,4.06,3,0.442374222976745,0.903578547477269,-1.92840089802568,0.059984520252,0.442374225707199,0.903578543132521,-1.92840089769292,0.060094720006102,-2.73045408505368e-09,4.34474856092493e-09,-3.3276137401117e-10,-0.000110199754102001,0,0,0,-0.000762129,-2.01026239796797e-08,3.19876633625145e-08,-2.44991365756233e-09,-0.00113776996080434,2.01026239796797e-08,-3.19876633625145e-08,2.44991365756233e-09,0.000375640960804344,1.29007071088226e-07,-2.05278411157797e-07,1.57221357501296e-08,-0.0110812049014706,0.38,0.18,0.020015479748,0.37999999935003,0.180000000962499,0.0199052786967942,6.49969633670366e-10,-9.62499330237065e-10,0.000110201051205752,0.000110201051211872
205,4.08,3,0.442374222976745,0.903578547477269,-1.92840089802568,0.059963867136,0.442374225356749,0.903578543690162,-1.92840089773563,0.0600675321249253,-2.38000441576958e-09,3.78710662829462e-09,-2.9005198243226e-10,-0.00010366498892532,0,0,0,-0.001327104,-1.75224825579151e-08,2.78820951393584e-08,-2.13547094255973e-09,-0.00135939405883376,1.75224825579151e-08,-2.78820951393584e-08,2.13547094255973e-09,3.2290058833762e-05,1.12449209581345e-07,-1.78931239957707e-07,1.37042206079686e-08,-0.0194142161820174,0.38,0.18,0.020036132864,0.379999999433453,0.180000000838964,0.0199324667444522,5.66547031510822e-10,-8.3896395386418e-10,0.000103666119547791,0.000103666119552734
206,4.1,3,0.442374222976745,0.903578547477269,-1.92840089802568,0.0599305125,0.442374225051279,0.903578544176232,-1.92840089777286,0.0600325785572758,-2.07453443312744e-09,3.30103722134822e-09,-2.52824206015134e-10,-0.000102066057275842,0,0,0,-0.002030625,-1.52734983662883e-08,2.43034703402044e-08,-1.86138653040037e-09,-0.0017476783824741,1.52734983662883e-08,-2.43034703402044e-08,1.86138653040037e-09,-0.000282946617525899,9.80165240130216e-08,-1.55965684669265e-07,1.19453100064939e-08,-0.0279274525167901,0.38,0.18,0.0200694875,0.379999999506168,0.180000000731284,0.0199674204572153,4.93831531223066e-10,-7.31284227617479e-10,0.000102067042784676,0.00010206704278849
207,4.12,3,0.442374222976745,0.903578547477269,-1.92840089802568,0.059881784064,0.442374224785016,0.903578544599915,-1.92840089780531,0.0599864540086196,-1.80827108842152e-09,2.87735413273538e-09,-2.2037460745139e-10,-0.000104669944619641,0,0,0,-0.002862864,-1.33131678860278e-08,2.1184156646819e-08,-1.62248033027048e-09,-0.00230622743280992,1.33131678860278e-08,-2.1184156646819e-08,1.62248033027048e-09,-0.000556636567190083,8.5436248878404e-08,-1.35947719662843e-07,1.04121458602706e-08,-0.036101133026772,0.38,0.18,0.020118215936,0.379999999569551,0.180000000637425,0.0200135451323601,4.30449065280669e-10,-6.37424946159371e-10,0.000104670803639892,0.000104670803642718
208,4.14,3,0.442374222976745,0.903578547477269,-1.92840089802568,0.059815203948,0.442374224552927,0.903578544969219,-1.92840089783359,0.0599258890067527,-1.57618224028155e-09,2.50805010093558e-09,-1.92089899542225e-10,-0.000110685058752738,0,0,0,-0.003814209,-1.16044429084598e-08,1.84652022535622e-08,-1.41423741306507e-09,-0.00302825009334534,1.16044429084598e-08,-1.84652022535622e-08,1.41423741306507e-09,-0.000785958906654659,7.44706341410397e-08,-1.18499034977687e-07,9.075758307079e-09,-0.0437011209018671,0.38,0.18,0.020184796052,0.379999999624798,0.180000000555612,0.0200741102444809,3.75201536506609e-10,-5.55612472696865e-10,0.000110685807519037,0.000110685807521067
209,4.16,3,0.442374222976745,0.903578547477269,-1.92840089802568,0.059728484352,0.442374224350627,0.903578545291123,-1.92840089785825,0.0598478435565251,-1.37388161958185e-09,2.18614570890452e-09,-1.67435398878979e-10,-0.000119359204525084,0,0,0,-0.004875264,-1.01150302256389e-08,1.60952215540084e-08,-1.23272224692349e-09,-0.0039022725113827,1.01150302256389e-08,-1.60952215540084e-08,1.23272224692349e-09,-0.000972991488617296,6.49124425545934e-08,-1.03289860189717e-07,7.91090505057191e-09,-0.0506381657682007,0.38,0.18,0.020271515648,0.379999999672955,0.1800000004843,0.0201521557908115,3.27045002190829e-10,-4.84300488601264e-10,0.000119359857188459,0.000119359857189889
210,4.18,3,0.442374222976745,0.903578547477269,-1.92840089802568,0.059619523236,0.442374224174291,0.903578545571712,-1.92840089787974,0.0597495428399901,-1.19754600680366e-09,1.90555726753416e-09,-1.4594525588052e-10,-0.000130019603990152,0,0,0,-0.006036849,-8.81678137454709e-09,1.40294243502141e-08,-1.07450414591206e-09,-0.0049150358267467,8.81678137454709e-09,-1.40294243502141e-08,1.07450414591206e-09,-0.0011218131732533,5.65810268105755e-08,-9.00327602508665e-08,6.89555733018914e-09,-0.0568946112331622,0.38,0.18,0.020380476764,0.379999999714931,0.180000000422141,0.0202504565911149,2.85069357008894e-10,-4.22141183120672e-10,0.000130020172885076,0.000130020172886074
211,4.2,3,0.442374222976745,0.903578547477269,-1.92840089802568,0.0594864,0.442374224020588,0.903578545816287,-1.92840089789847,0.0596284842789619,-1.04384278998282e-09,1.66098190756969e-09,-1.27213350964439e-10,-0.000142084278961951,0,0,0,-0.00729,-7.68516083833555e-09,1.22287691451968e-08,-9.36592999308269e-10,-0.00605292805140997,7.68516083833555e-09,-1.22287691451968e-08,9.36592999308269e-10,-0.00123707194859003,4.93189377684292e-08,-7.84771921469662e-08,6.01052488972148e-09,-0.0624865332370634,0.38,0.18,0.0205136,0.379999999751519,0.18000000036796,0.0203715152251598,2.48481124565103e-10,-3.67960023561764e-10,0.000142084774840193,0.000142084774840886
212,4.22,3,0.442374222976745,0.903578547477269,-1.92840089802568,0.059327371164,0.442374223886612,0.903578546029472,-1.9284008979148,0.0594824311046389,-9.09867126086539e-10,1.44779743749268e-09,-1.10885745030487e-10,-0.000155059940638927,0,0,0,-0.008625969,-6.69878208296699e-09,1.06592253022575e-08,-8.16382501513842e-10,-0.00730265871615121,6.69878208296699e-09,-1.06592253022575e-08,8.16382501513842e-10,-0.00132331028384879,4.29889290506859e-08,-6.84047622958814e-08,5.23907552722817e-09,-0.0674444363129958,0.38,0.18,0.020672628836,0.379999999783411,0.180000000320733,0.0205175684631281,2.16588913470872e-10,-3.20732912451049e-10,0.000155060372871885,0.000155060372872368
213,4.24,3,0.442374222976745,0.903578547477269,-1.92840089802568,0.059140866048,0.442374223769832,0.903578546215294,-1.92840089792903,0.0593094001557907,-7.93087040484863e-10,1.26197485794677e-09,-9.66537960778169e-11,-0.000168534107790698,0,0,0,-0.010036224,-5.83900350195325e-09,9.29113005633982e-09,-7.11600990969276e-10,-0.00865154744241116,5.83900350195325e-09,-9.29113005633982e-09,7.11600990969276e-10,-0.00138467655758884,3.74713659905787e-08,-5.96251153321196e-08,4.56664021160384e-09,-0.0718036287394644,0.38,0.18,0.020859133952,0.37999999981121,0.180000000279567,0.0206905994674528,1.88790039157283e-10,-2.79567313743456e-10,0.000168534484547178,0.000168534484547516
214,4.26,3,0.442374222976745,0.903578547477269,-1.92840089802568,0.058925482452,0.44237422366804,0.903578546377267,-1.92840089794144,0.0591076477554467,-6.9129552082714e-10,1.10000231146046e-09,-8.42483860452603e-11,-0.000182165303446696,0,0,0,-0.011512449,-5.08957618214169e-09,8.09862774969745e-09,-6.20268186737202e-10,-0.0100876200172004,5.08957618214169e-09,-8.09862774969745e-09,6.20268186737202e-10,-0.00142482898279958,3.26619715601199e-08,-5.19723238479033e-08,3.980525130218e-09,-0.0755996109939408,0.38,0.18,0.021074517548,0.379999999835441,0.180000000243685,0.0208923519161529,1.64559144089083e-10,-2.43685266410054e-10,0.000182165631847128,0.000182165631847366
215,4.28,3,0.442374222976745,0.903578547477269,-1.92840089802568,0.058679982336,0.442374223579314,0.90357854651845,-1.92840089795225,0.0588756555107051,-6.02568772656298e-10,9.58818691110253e-10,-7.34352578746211e-11,-0.000195673174705105,0,0,0,-0.013046544,-4.43633675093928e-09,7.05918127273936e-09,-5.4065768413284e-10,-0.0115996122370793,4.43633675093928e-09,-7.05918127273936e-09,5.4065768413284e-10,-0.00144693176292074,2.84698577531558e-08,-4.5301756343762e-08,3.46962789519468e-09,-0.0788660316039812,0.38,0.18,0.021320017664,0.379999999856562,0.180000000212409,0.0211243442030441,1.43438205757462e-10,-2.12408646227402e-10,0.00019567346095585,0.000195673460956018
216,4.3,3,0.442374222976745,0.903578547477269,-1.92840089802568,0.0584032875,0.442374223501975,0.903578546641513,-1.92840089796167,0.0586121168533219,-5.25229970627095e-10,8.35755797901072e-10,-6.40099084847634e-11,-0.000208829353321935,0,0,0,-0.014630625,-3.86693959587618e-09,6.15314614586414e-09,-4.71265126228948e-10,-0.0131769328691589,3.86693959587618e-09,-6.15314614586414e-09,4.71265126228948e-10,-0.00145369213084114,2.48157948548141e-08,-3.94873431271756e-08,3.02431167610261e-09,-0.0816339329146513,0.38,0.18,0.0215967125,0.379999999874972,0.180000000185146,0.0213878828971671,1.25028154496221e-10,-1.85146314946039e-10,0.000208829602832847,0.000208829602832966
217,4.32,3,0.442374222976745,0.903578547477269,-1.92840089802568,0.058094475264,0.442374223434562,0.903578546748781,-1.92840089796989,0.0583159246227729,-4.57817506127611e-10,7.28487825618629e-10,-5.57942581025372e-11,-0.000221449358772892,0,0,0,-0.016257024,-3.37062369877988e-09,5.36339928332061e-09,-4.10778892706894e-10,-0.0148096115274519,3.37062369877988e-09,-5.36339928332061e-09,4.10778892706894e-10,-0.00144741247254808,2.16307233628365e-08,-3.44192031045493e-08,2.63615204388416e-09,-0.0839316235508331,0.38,0.18,0.021905524736,0.379999999891019,0.180000000161383,0.0216840751597405,1.0898104640944e-10,-1.61383045815811e-10,0.000221449576259469,0.000221449576259555
218,4.34,3,0.442374222976745,0.903578547477269,-1.92840089802568,0.057752774148,0.442374223375802,0.903578546842282,-1.92840089797705,0.0579861597428035,-3.99057342725939e-10,6.34987507019957e-10,-4.86330975491001e-11,-0.000233385594803522,0,0,0,-0.017918289,-2.93800923152316e-09,4.67501522122964e-09,-3.58055851829212e-10,-0.0164882439984685,2.93800923152316e-09,-4.67501522122964e-09,3.58055851829212e-10,-0.00143004500153146,1.88544503578693e-08,-3.0001553722597e-08,2.29780728167424e-09,-0.085784836624371,0.38,0.18,0.022247225852,0.379999999905007,0.18000000014067,0.022013840067624,9.499345754449e-11,-1.40669809134408e-10,0.000233385784376011,0.000233385784376073
219,4.36,3,0.442374222976745,0.903578547477269,-1.92840089802568,0.057377559552,0.442374223324584,0.903578546923781,-1.92840089798329,0.0576220809281844,-3.47838924330546e-10,5.53487811139064e-10,-4.23912016600525e-11,-0.000244521376184401,0,0,0,-0.019607184,-2.56092022436577e-09,4.07498414677768e-09,-3.12099706195726e-10,-0.018203940730956,2.56092022436577e-09,-4.07498414677768e-09,3.12099706195726e-10,-0.00140324326904399,1.64345120542608e-08,-2.61509018216473e-08,2.00287395790927e-09,-0.0872170012653743,0.38,0.18,0.022622440448,0.379999999917199,0.180000000122615,0.0223779189065744,8.28011548215102e-11,-1.22615029241047e-10,0.000244521541425569,0.000244521541425613
220,4.38,3,0.442374222976745,0.903578547477269,-1.92840089802568,0.056968349436,0.442374223279939,0.903578546994821,-1.92840089798873,0.0572231153130591,-3.03194302997412e-10,4.82448525573886e-10,-3.69504427055745e-11,-0.000254765877059145,0,0,0,-0.021316689,-2.23222998328056e-09,3.55196611034475e-09,-2.72042227037542e-10,-0.0199482807562635,2.23222998328056e-09,-3.55196611034475e-09,2.72042227037542e-10,-0.00136840824373654,1.432516936587e-08,-2.27944696495064e-08,1.74580027019339e-09,-0.0882495427282155,0.38,0.18,0.023031650564,0.379999999927826,0.180000000106878,0.0227768845429082,7.21737114517396e-11,-1.06877534600258e-10,0.000254766021091812,0.000254766021091845
221,4.4,3,0.442374222976745,0.903578547477269,-1.92840089802568,0.0565248,0.442374223241025,0.903578547056742,-1.92840089799348,0.0567888498808426,-2.64279764738973e-10,4.20526946598443e-10,-3.22080140335856e-11,-0.000264049880842575,0,0,0,-0.02304,-1.94572659596315e-09,3.09607671735461e-09,-2.37126221633673e-10,-0.0217132716108278,1.94572659596315e-09,-3.09607671735461e-09,2.37126221633673e-10,-0.0013267283891722,1.24865554453658e-08,-1.98688396872479e-08,1.5217230293149e-09,-0.0889021715419662,0.38,0.18,0.0234752,0.37999999993709,0.18000000009316,0.0232111499936112,6.29103436011746e-11,-9.31600074860484e-11,0.000264050006388822,0.000264050006388846
222,4.42,3,0.442374222976745,0.903578547477269,-1.92840089802568,0.056046701364,0.442374223207105,0.903578547110716,-1.92840089799761,0.0563190235800092,-2.30359842312566e-10,3.66552899144779e-10,-2.80742096236963e-11,-0.000272322216009244,0,0,0,-0.024770529,-1.69599548705584e-09,2.69869992360966e-09,-2.06691761047376e-10,-0.0234913150416671,1.69599548705584e-09,-2.69869992360966e-09,2.06691761047376e-10,-0.0012792139583329,1.08839255098602e-08,-1.73187085577154e-08,1.32641425857788e-09,-0.0891931451711331,0.38,0.18,0.023953298636,0.379999999945164,0.180000000081203,0.0236809763105581,5.48359135876808e-11,-8.12030442887135e-11,0.000272322325441832,0.000272322325441849
223,4.44,3,0.442374222976745,0.903578547477269,-1.92840089802568,0.055533973248,0.442374223177538,0.903578547157763,-1.92840089800121,0.0558135200211074,-2.00793492943774e-10,3.1950642132017e-10,-2.44708697749729e-11,-0.000279546773107445,0,0,0,-0.026501904,-1.47831697685863e-09,2.35232575245535e-09,-1.80163475875818e-10,-0.0252751779450898,1.47831697685863e-09,-2.35232575245535e-09,1.80163475875818e-10,-0.00122672605491021,9.48699024279528e-09,-1.50958729170899e-08,1.15618254001906e-09,-0.0891394970665449,0.38,0.18,0.024466026752,0.379999999952202,0.180000000070781,0.0241864798835054,4.77978212565233e-11,-7.07807701338936e-11,0.000279546868494532,0.000279546868494545
224,4.46,3,0.442374222976745,0.903578547477269,-1.92840089802568,0.054986660652,0.442374223151767,0.903578547198771,-1.92840089800435,0.055272360663379,-1.75021941384301e-10,2.78498224481893e-10,-2.13300488383084e-11,-0.000285700011379043,0,0,0,-0.028227969,-1.28857717200273e-09,2.05040829411355e-09,-1.57039825075437e-10,-0.0270579678864207,1.28857717200273e-09,-2.05040829411355e-09,1.57039825075437e-10,-0.00117000111357935,8.2693493016245e-09,-1.31583434340818e-08,1.0077916176779e-09,-0.0887572334105144,0.38,0.18,0.025013339348,0.379999999958337,0.180000000061696,0.0247276392534766,4.16630063782009e-11,-6.16961481902933e-11,0.000285700094523361,0.000285700094523371
225,4.48,3,0.442374222976745,0.903578547477269,-1.92840089802568,0.054404929536,0.442374223129303,0.903578547234516,-1.92840089800709,0.0546956984122864,-1.52558132793246e-10,2.42753372958759e-10,-1.85924609041876e-11,-0.000290768876286408,0,0,0,-0.029942784,-1.12319018597024e-09,1.78724142543191e-09,-1.36883992721878e-10,-0.028833112554631,1.12319018597024e-09,-1.78724142543191e-09,1.36883992721878e-10,-0.00110967144536902,7.20799044008018e-09,-1.14694912127623e-08,8.78433764018803e-10,-0.0880615002224687,0.38,0.18,0.025595070464,0.379999999963684,0.180000000053778,0.0253043015152408,3.63156171800938e-11,-5.37775379783056e-11,0.000290768948759193,0.0002907689487592
226,4.5,3,0.442374222976745,0.903578547477269,-1.92840089802568,0.0537890625,0.442374223109722,0.903578547265673,-1.92840089800948,0.0540838115611048,-1.3297751788599e-10,2.11596296040284e-10,-1.62061475350583e-11,-0.000294749061104813,0,0,0,-0.031640625,-9.79030377168637e-10,1.55785160117667e-09,-1.19315317441503e-10,-0.0305943425590803,9.79030377168637e-10,-1.55785160117667e-09,1.19315317441503e-10,-0.00104628244091968,6.2828557547737e-09,-9.99740241950505e-09,7.6569159532422e-10,-0.0870667243222944,0.38,0.18,0.0262109375,0.379999999968345,0.180000000046875,0.0259161883757241,3.165456785581e-11,-4.68753091897867e-11,0.000294749124275837,0.000294749124275842
227,4.52,3,0.442374222976745,0.903578547477269,-1.92840089802568,0.053139454464,0.442374223092655,0.903578547292831,-1.92840089801156,0.0534370980201943,-1.15910059328428e-10,1.84438242456508e-10,-1.41260336761206e-11,-0.000297643556194306,0,0,0,-0.033315984,-8.53373262073166e-10,1.35790355278658e-09,-1.04001485535019e-10,-0.0323356770455262,8.53373262073166e-10,-1.35790355278658e-09,1.04001485535019e-10,-0.000980306954473827,5.47645930862052e-09,-8.71424681008068e-09,6.67426343088308e-10,-0.0857867317393511,0.38,0.18,0.026860545536,0.379999999972408,0.180000000040859,0.0265629019247425,2.75918177194967e-11,-4.08588995970405e-11,0.000297643611257434,0.000297643611257438
228,4.54,3,0.442374222976745,0.903578547477269,-1.92840089802568,0.052456608348,0.442374223077778,0.903578547316503,-1.92840089801337,0.052756069786588,-1.01033181820753e-10,1.60765845080846e-10,-1.23130394769078e-11,-0.000299461438588028,0,0,0,-0.034963569,-7.43844075900753e-10,1.18361861658496e-09,-9.06529586732521e-11,-0.0340514116803132,7.43844075900753e-10,-1.18361861658496e-09,9.06529586732521e-11,-0.000912157319686767,4.77356333593973e-09,-7.59578782361458e-09,5.81755225774267e-10,-0.0842348469144829,0.38,0.18,0.027543391652,0.37999999997595,0.180000000035615,0.0272439301654161,2.40504283155474e-11,-3.56147888957992e-11,0.000299461486583906,0.000299461486583909
229,4.56,3,0.442374222976745,0.903578547477269,-1.92840089802568,0.051741130752,0.442374223064811,0.903578547337137,-1.92840089801495,0.0520413476142159,-8.80657213819802e-11,1.40131795056675e-10,-1.07327480236563e-11,-0.000300216862215943,0,0,0,-0.036578304,-6.48372809181956e-10,1.03170286011266e-09,-7.90178541577665e-11,-0.0357361086186029,6.48372809181956e-10,-1.03170286011266e-09,7.90178541577665e-11,-0.000842195381397078,4.1608840454411e-09,-6.62087769658576e-09,5.070822807897e-10,-0.0824239756734431,0.38,0.18,0.028258869248,0.379999999979036,0.180000000031044,0.0279586523439484,2.09635642178796e-11,-3.10436121253588e-11,0.000300216904051583,0.000300216904051585
230,4.58,3,0.442374222976745,0.903578547477269,-1.92840089802568,0.050993727636,0.442374223053507,0.903578547355123,-1.92840089801633,0.0512936558515745,-7.67625962794227e-11,1.22146071035445e-10,-9.35518329470142e-12,-0.000299928215574528,0,0,0,-0.038155329,-5.65155128273136e-10,8.9928530618095e-10,-6.88762085419728e-11,-0.0373845881320717,5.65155128273136e-10,-8.9928530618095e-10,6.88762085419728e-11,-0.000770740867928249,3.62684293752044e-09,-5.77109902007451e-09,4.42005841369314e-10,-0.0803666745545985,0.38,0.18,0.029006272364,0.379999999981727,0.180000000027059,0.0287063441119594,1.82728832065493e-11,-2.70592159790084e-11,0.000299928252040581,0.000299928252040583
231,4.6,3,0.442374222976745,0.903578547477269,-1.92840089802568,0.0502152,0.442374223043655,0.9035785473708,-1.92840089801753,0.0505138174191113,-6.69102551142942e-11,1.06468833749318e-10,-8.15436607126685e-12,-0.000298617419111268,0,0,0,-0.03969,-4.92618269522728e-10,7.83863325779462e-10,-6.00360917145867e-11,-0.0389919216231637,4.92618269522728e-10,-7.83863325779462e-10,6.00360917145867e-11,-0.000698078376836317,3.16133987902515e-09,-5.03038314065745e-09,3.85285227165049e-10,-0.0780752086972253,0.38,0.18,0.0297848,0.379999999984072,0.180000000023586,0.0294861825491029,1.59275925781799e-11,-2.35862440689516e-11,0.000298617450897022,0.000298617450897023
232,4.62,3,0.442374222976745,0.903578547477269,-1.92840089802568,0.049406439564,0.442374223035067,0.903578547384465,-1.92840089801858,0.0497027489031691,-5.83224024630624e-11,9.28037646730218e-11,-7.10764780365025e-12,-0.00029630933916909,0,0,0,-0.041177889,-4.29391471942224e-10,6.83255662966311e-10,-5.23303871712855e-11,-0.0405534257971082,4.29391471942224e-10,-6.83255662966311e-10,5.23303871712855e-11,-0.000624463202891778,2.75558919253824e-09,-4.38473679202405e-09,3.35842963060686e-10,-0.0755616001581115,0.38,0.18,0.030593560436,0.379999999986117,0.180000000020559,0.0302972510691247,1.38833389229376e-11,-2.0558943436555e-11,0.000296309366875254,0.000296309366875255
233,4.64,3,0.442374222976745,0.903578547477269,-1.92840089802568,0.048568424448,0.442374223027582,0.903578547396377,-1.92840089801949,0.0488614557471637,-5.08368347418298e-11,8.08925149087258e-11,-6.1952665220133e-12,-0.000293031299163707,0,0,0,-0.042614784,-3.7427968809146e-10,5.95560927125832e-10,-4.5613527910072e-11,-0.0420646578002704,3.7427968809146e-10,-5.95560927125832e-10,4.5613527910072e-11,-0.000550126199729578,2.40191028764623e-09,-3.82196705164406e-09,2.9274390600011e-10,-0.0728376682285147,0.38,0.18,0.031431575552,0.379999999987898,0.18000000001792,0.0311385442286861,1.21015419907167e-11,-1.79201931072015e-11,0.000293031323313861,0.000293031323313862
234,4.66,3,0.442374222976745,0.903578547477269,-1.92840089802568,0.047702214852,0.442374223021057,0.903578547406759,-1.92840089802028,0.0479910275238669,-4.43119985149565e-11,7.05100422493388e-11,-5.40012479177676e-12,-0.000288812671866867,0,0,0,-0.043996689,-3.26241482338535e-10,5.19121586092949e-10,-3.97586497900696e-11,-0.0435214111648407,3.26241482338535e-10,-5.19121586092949e-10,3.97586497900696e-11,-0.000475277835159257,2.09362979527504e-09,-3.33142749692511e-09,2.55160516623717e-10,-0.0699150630703652,0.38,0.18,0.032297785148,0.379999999989452,0.18000000001562,0.0320089724550827,1.05483399792661e-11,-1.56201995782368e-11,0.000288812692917306,0.000288812692917307
235,4.68,3,0.442374222976745,0.903578547477269,-1.92840089802568,0.046808948736,0.442374223015369,0.903578547415809,-1.92840089802098,0.0470926332753419,-3.8624603515558e-11,6.14601702864093e-11,-4.70712357980574e-12,-0.000283684539341925,0,0,0,-0.045319824,-2.84368886433035e-10,4.52493036154448e-10,-3.46554394575954e-11,-0.044919712426248,2.84368886433035e-10,-4.52493036154448e-10,3.46554394575954e-11,-0.000400111573751992,1.8249173771049e-09,-2.90384369444804e-09,2.22396431171334e-10,-0.066805293776073,0.38,0.18,0.033191051264,0.379999999990806,0.180000000013615,0.0329073667063094,9.19436748958447e-12,-1.36154143515199e-11,0.000283684557690567,0.000283684557690567
236,4.7,3,0.442374222976745,0.903578547477269,-1.92840089802568,0.0458898375,0.442374223010412,0.903578547423697,-1.92840089802158,0.0461675169093065,-3.36671801548505e-11,5.35718136518426e-11,-4.10294020980473e-12,-0.000277679409306515,0,0,0,-0.046580625,-2.47870538890936e-10,3.94416162265486e-10,-3.02075108341686e-11,-0.0462558183017695,2.47870538890936e-10,-3.94416162265486e-10,3.02075108341686e-11,-0.000324806698230491,1.59069276233367e-09,-2.53114188012547e-09,1.938561957029e-10,-0.0635197517745307,0.38,0.18,0.0341101625,0.379999999991986,0.180000000011868,0.0338324830746999,8.01431143671039e-12,-1.18678677996087e-11,0.000277679425300111,0.000277679425300111
237,4.72,3,0.442374222976745,0.903578547477269,-1.92840089802568,0.044946161664,0.442374223006091,0.903578547430573,-1.92840089802211,0.0452169926425613,-2.93460256095557e-11,4.66959804157341e-11,-3.57625040692255e-12,-0.000270830978561329,0,0,0,-0.047775744,-2.16056683644263e-10,3.43793324662978e-10,-2.63303869201107e-11,-0.0475262133372601,2.16056683644263e-10,-3.43793324662978e-10,2.63303869201107e-11,-0.000249530662739895,1.3865311119297e-09,-2.20626845168615e-09,1.68982697709959e-10,-0.0600697303547375,0.38,0.18,0.035053838336,0.379999999993014,0.180000000010345,0.0347830073434977,6.98563429324395e-12,-1.03446140542474e-11,0.000270830992502233,0.000270830992502233
238,4.74,3,0.442374222976745,0.903578547477269,-1.92840089802568,0.043979266548,0.442374223002324,0.903578547436566,-1.92840089802257,0.0442424404836742,-2.55794829762124e-11,4.07026634619001e-11,-3.11728420854251e-12,-0.00026317393567421,0,0,0,-0.048902049,-1.88326061405669e-10,2.99667955629254e-10,-2.29507329659115e-11,-0.0487276079443549,1.88326061405669e-10,-2.99667955629254e-10,2.29507329659115e-11,-0.000174441055645111,1.20857293049214e-09,-1.92309276639507e-09,1.47286238463978e-10,-0.0564664409502083,0.38,0.18,0.036020733452,0.379999999993911,0.180000000009017,0.0357575595041742,6.0890736897079e-12,-9.01687058352252e-12,0.000263173947825754,0.000263173947825754
239,4.76,3,0.442374222976745,0.903578547477269,-1.92840089802568,0.042990557952,0.442374222999041,0.903578547441791,-1.92840089802297,0.043245301748407,-2.22963869589421e-11,3.54785090195264e-11,-2.71715983046761e-12,-0.000254743796407053,0,0,0,-0.049956624,-1.64154602795826e-10,2.61206100301353e-10,-2.0005008196632e-11,-0.049856936763359,1.64154602795826e-10,-2.61206100301353e-10,2.0005008196632e-11,-9.96872366409648e-05,1.05345336002232e-09,-1.67627110407443e-09,1.28384180885879e-10,-0.0527210267217294,0.38,0.18,0.037009442048,0.379999999994692,0.18000000000786,0.036754698241001,5.30753219152302e-12,-7.85954634707764e-12,0.000254743806999025,0.000254743806999025
240,4.78,3,0.442374222976745,0.903578547477269,-1.92840089802568,0.041981497836,0.44237422299618,0.903578547446344,-1.92840089802332,0.0422270746024511,-1.94346760906683e-11,3.09249292840263e-11,-2.36832775613038e-12,-0.00024557676645115,0,0,0,-0.050936769,-1.4308553559538e-10,2.27680678219864e-10,-1.74373245789143e-11,-0.0509113572977936,1.4308553559538e-10,-2.27680678219864e-10,1.74373245789143e-11,-2.54117022063655e-05,9.18243102840762e-10,-1.46112063599465e-09,1.11913715965248e-10,-0.0488445738862036,0.38,0.18,0.038018502164,0.379999999995374,0.180000000006851,0.0377729253883163,4.62641036591549e-12,-6.85076995132761e-12,0.00024557677568364,0.00024557677568364
241,4.8,3,0.442374222976745,0.903578547477269,-1.92840089802568,0.0409536,0.442374222993685,0.903578547450313,-1.92840089802362,0.0411893096269408,-1.69402825100917e-11,2.6955770948689e-11,-2.06434869198802e-12,-0.000235709626940826,0,0,0,-0.05184,-1.24720673538565e-10,1.98458265499972e-10,-1.51990502596094e-11,-0.0518882487755177,1.24720673538565e-10,-1.98458265499972e-10,1.51990502596094e-11,4.82487755176855e-05,8.00385219762122e-10,-1.27358821513054e-09,9.75461359933867e-11,-0.0448481211659068,0.38,0.18,0.0390464,0.379999999995967,0.180000000005971,0.0388106903650117,4.03255207004349e-12,-5.9715010714001e-12,0.000235709634988319,0.00023570963498832
242,4.82,3,0.442374222976745,0.903578547477269,-1.92840089802568,0.039908425764,0.442374222991511,0.903578547453773,-1.92840089802388,0.0401336054029641,-1.47660217386658e-11,2.3496093959352e-11,-1.79944947831245e-12,-0.000225179638964075,0,0,0,-0.052664049,-1.08712969143322e-10,1.7298650119736e-10,-1.32481275397416e-11,-0.0527852111988358,1.08712969143322e-10,-1.7298650119736e-10,1.32481275397416e-11,0.000121162198835817,6.97657208999856e-10,-1.110120628012e-09,8.50176029635874e-11,-0.0407426676695558,0.38,0.18,0.040091574236,0.379999999996485,0.180000000005205,0.0398663945900212,3.51507711826571e-12,-5.20508636192574e-12,0.000225179645978742,0.000225179645978742
243,4.84,3,0.442374222976745,0.903578547477269,-1.92840089802568,0.038847579648,0.442374222989616,0.903578547456789,-1.92840089802412,0.0390616041119196,-1.28708155244794e-11,2.04803951575627e-11,-1.56852308919042e-12,-0.000214024463919549,0,0,0,-0.053406864,-9.47598249633251e-11,1.50784088637121e-10,-1.15477754804699e-11,-0.0536000645522269,9.47598249633251e-11,-1.50784088637121e-10,1.15477754804699e-11,0.000193200552226963,6.08114946818557e-10,-9.67642256986143e-10,7.41032006903564e-11,-0.0365391794658766,0.38,0.18,0.041152420352,0.379999999996936,0.180000000004537,0.0409383958819662,3.06377145875558e-12,-4.53700965685755e-12,0.000214024470033797,0.000214024470033797
244,4.86,3,0.442374222976745,0.903578547477269,-1.92840089802568,0.037772705052,0.442374222987964,0.903578547459417,-1.92840089802432,0.0379749871490886,-1.12188591749884e-11,1.78517201021577e-11,-1.36712863252342e-12,-0.000202282097088641,0,0,0,-0.054066609,-8.25975260269536e-11,1.31431243497397e-10,-1.00657114666628e-11,-0.0543308481415445,8.25975260269536e-11,-1.31431243497397e-10,1.00657114666628e-11,0.000264239141544498,5.30064603040229e-10,-8.43452859732175e-10,6.46013660809135e-11,-0.0322485950661276,0.38,0.18,0.042227294948,0.379999999997329,0.180000000003955,0.0420250128455818,2.67064148573581e-12,-3.95466992486604e-12,0.000202282102418197,0.000202282102418197
245,4.88,3,0.442374222976745,0.903578547477269,-1.92840089802568,0.036685479936,0.442374222986524,0.903578547461709,-1.92840089802449,0.0368754707482313,-9.77895542320084e-12,1.55604418239363e-11,-1.19171339463264e-12,-0.000189990812231332,0,0,0,-0.054641664,-7.19962339661493e-11,1.14562186302754e-10,-8.77368414504452e-12,-0.054975820042867,7.19962339661493e-11,-1.14562186302754e-10,8.77368414504452e-12,0.000334156042867066,4.62029137002902e-10,-7.35199543661452e-10,5.63023434376261e-11,-0.0278818299970632,0.38,0.18,0.043314520064,0.379999999997672,0.180000000003447,0.0431245292471231,2.32791563803403e-12,-3.44710371358303e-12,0.000189990816876838,0.000189990816876838
246,4.9,3,0.442374222976745,0.903578547477269,-1.92840089802568,0.0355876125,0.442374222985269,0.903578547463706,-1.92840089802464,0.0357648016153751,-8.5238482938621e-12,1.35632616249381e-11,-1.0387246618393e-12,-0.000177189115375141,0,0,0,-0.055130625,-6.2755651226091e-11,9.98581954295249e-11,-7.64763727629197e-12,-0.0555334566428083,6.2755651226091e-11,-9.98581954295249e-11,7.64763727629197e-12,0.000402831642808334,4.02728195135611e-10,-6.40837746096684e-10,4.90802793419098e-11,-0.0234497806148943,0.38,0.18,0.0444123875,0.379999999997971,0.180000000003005,0.0442351983805755,2.02909911095617e-12,-3.00470759384552e-12,0.000177189119424451,0.000177189119424451
247,4.92,3,0.442374222976745,0.903578547477269,-1.92840089802568,0.034480836864,0.442374222984175,0.903578547465447,-1.92840089802478,0.034644752570273,-7.42983452539647e-12,1.18224319223259e-11,-9.05497898884278e-13,-0.000163915706273027,0,0,0,-0.055532304,-5.4701087323379e-11,8.70414405075915e-11,-6.6660316894538e-12,-0.0560024522551062,5.4701087323379e-11,-8.70414405075915e-11,6.6660316894538e-12,0.000470148255106162,3.51038293927933e-10,-5.5858561791924e-10,4.27708439006482e-11,-0.0189633272865407,0.38,0.18,0.045519163136,0.379999999998231,0.180000000002619,0.0453552474261975,1.76864078937911e-12,-2.61907162624198e-12,0.000163915709802509,0.000163915709802509
248,4.94,3,0.442374222976745,0.903578547477269,-1.92840089802568,0.033366908748,0.442374222983221,0.903578547466964,-1.92840089802489,0.0335171181942563,-6.47620845839469e-12,1.03050901145707e-11,-7.89368570508486e-13,-0.000150209446256266,0,0,0,-0.055845729,-4.76803214448202e-11,7.58697281492065e-11,-5.81061481144081e-12,-0.056381718800837,4.76803214448202e-11,-7.58697281492065e-11,5.81061481144081e-12,0.000535989800837008,3.05985583056934e-10,-4.86885551527059e-10,3.72754391779677e-11,-0.014433337042792,0.38,0.18,0.046633091252,0.379999999998458,0.180000000002283,0.0464828818026672,1.54160018084326e-12,-2.28292384996109e-12,0.000150209449332778,0.000150209449332778
249,4.96,3,0.442374222976745,0.903578547477269,-1.92840089802568,0.032247601152,0.44237422298239,0.903578547468287,-1.928400898025,0.0323837104834224,-5.64498447985784e-12,8.98248142533475e-12,-6.88116230662672e-13,-0.000136109331422427,0,0,0,-0.056070144,-4.15606097836816e-11,6.61320171186655e-11,-5.06510602788148e-12,-0.0566703855416928,4.15606097836816e-11,-6.61320171186655e-11,5.06510602788148e-12,0.000600241541692824,2.66713747687849e-10,-4.24392199839835e-10,3.24904974913623e-11,-0.00987066579139653,0.38,0.18,0.047752398848,0.379999999998656,0.18000000000199,0.0476162895138959,1.34370292670383e-12,-1.9899082381869e-12,0.000136109334104073,0.000136109334104073
250,4.98,3,0.442374222976745,0.903578547477269,-1.92840089802568,0.031124700036,0.442374222981665,0.903578547469439,-1.92840089802508,0.031246354506272,-4.92045293398746e-12,7.82962583656399e-12,-5.9974247790251e-13,-0.000121654470271973,0,0,0,-0.056205009,-3.62263348299245e-11,5.76441731218686e-11,-4.41529607805422e-12,-0.0568677988575208,3.62263348299245e-11,-5.76441731218686e-11,4.41529607805422e-12,0.000662789857520794,2.32481403199744e-10,-3.69920878780973e-10,2.83316737708334e-11,-0.00528616016272446,0.38,0.18,0.048875299964,0.379999999998829,0.180000000001734,0.0487536454913904,1.17128529097954e-12,-1.73450143137188e-12,0.00012165447260952,0.00012165447260952
251,5,3,0.442374222976745,0.903578547477269,-1.92840089802568,0.03,0.442374222981034,0.903578547470444,-1.92840089802516,0.0301068840650565,-4.28890256642944e-12,6.82476297697576e-12,-5.22692999993524e-13,-0.000106884065056507,0,0,0,-0.05625,-3.15767067659297e-11,5.02457555462493e-11,-3.84866260263756e-12,-0.0569735220607753,3.15767067659297e-11,-5.02457555462493e-11,3.84866260263756e-12,0.000723522060775271,2.02643878675651e-10,-3.2243881322741e-10,2.47039520533988e-11,-0.000690659049367756,0.38,0.18,0.05,0.379999999998979,0.180000000001512,0.049893115932906,1.02096109344529e-12,-1.51184620378331e-12,0.000106884067093985,0.000106884067093985
252,5.02,3,0.442374222976745,0.903578547477269,-1.92840089802568,0.028875299964,0.442374222980483,0.90357854747132,-1.92840089802523,0.0289671373602213,-3.73839847966906e-12,5.94879701054651e-12,-4.55635529306164e-13,-9.18373962212962e-05,0,0,0,-0.056205009,-2.75238291924168e-11,4.37969792817012e-11,-3.35458356156959e-12,-0.0569873352417626,2.75238291924168e-11,-4.37969792817012e-11,3.35458356156959e-12,0.000782326241762651,1.7663673588143e-10,-2.81059884579374e-10,2.15281183007755e-11,0.00390500510998018,0.38,0.18,0.051124700036,0.37999999999911,0.180000000001318,0.0510328626380027,8.89954776539525e-13,-1.31777921907883e-12,9.18373979973269e-05,9.1837397997327e-05
253,5.04,3,0.442374222976745,0.903578547477269,-1.92840089802568,0.027752398848,0.442374222980003,0.903578547472084,-1.92840089802529,0.02782895265743,-3.25856008842607e-12,5.18529663651179e-12,-3.97237798210881e-13,-7.65538094299953e-05,0,0,0,-0.056070144,-2.39910944747881e-11,3.81757815901136e-11,-2.92402119555408e-12,-0.056909235139563,2.39910944747881e-11,-3.81757815901136e-11,2.92402119555408e-12,0.000839091139563042,1.53965880653156e-10,-2.44985968151093e-10,1.87566440899934e-11,0.00849000525948609,0.38,0.18,0.052247601152,0.379999999999224,0.180000000001149,0.0521710473410219,7.75712827305597e-13,-1.14863674127719e-12,7.65538109780348e-05,7.65538109780348e-05
254,5.06,3,0.442374222976745,0.903578547477269,-1.92840089802568,0.026633091252,0.442374222979585,0.903578547472749,-1.92840089802534,0.0266941639567425,-2.84033907504977e-12,4.51982895555147e-12,-3.46167539078124e-13,-6.10727047425097e-05,0,0,0,-0.055845729,-2.09117768617249e-11,3.32760622270917e-11,-2.5488883137542e-12,-0.0567394350343733,2.09117768617249e-11,-3.32760622270917e-11,2.5488883137542e-12,0.000893706034373283,1.34201629729522e-10,-2.13538348986686e-10,1.63610123672716e-11,0.01305351883292,0.38,0.18,0.053366908748,0.379999999999324,0.180000000001001,0.0533058360419082,6.7612582199672e-13,-1.00122687918258e-12,6.10727060918123e-05,6.10727060918123e-05
255,5.08,3,0.442374222976745,0.903578547477269,-1.92840089802568,0.025519163136,0.442374222979221,0.903578547473329,-1.92840089802538,0.0255645966635882,-2.4757973449141e-12,3.93973742518483e-12,-3.01758618093118e-13,-4.54335275882518e-05,0,0,0,-0.055532304,-1.82277442671346e-11,2.9005295247358e-11,-2.22166806640877e-12,-0.0564783646577149,1.82277442671346e-11,-2.9005295247358e-11,2.22166806640877e-12,0.000946060657714937,1.16975150851281e-10,-1.86132162428678e-10,1.42574995188637e-11,0.0175847270087209,0.38,0.18,0.054480836864,0.379999999999411,0.180000000000873,0.0544354033352356,5.89306381471033e-13,-8.72746319657836e-13,4.54335287644186e-05,4.54335287644187e-05
256,5.1,3,0.442374222976745,0.903578547477269,-1.92840089802568,0.0244123875,0.442374222978903,0.903578547473835,-1.92840089802542,0.0244420632612374,-2.15805151526638e-12,3.43403083746807e-12,-2.63122856836162e-13,-2.96757612374444e-05,0,0,0,-0.055130625,-1.5888241250109e-11,2.52826519987846e-11,-1.93651807603151e-12,-0.0561266701175405,1.5888241250109e-11,-2.52826519987846e-11,1.93651807603151e-12,0.000996045117540527,1.01959673475542e-10,-1.62249956228884e-10,1.24180758370139e-11,0.0220728140885956,0.38,0.18,0.0555876125,0.379999999999486,0.180000000000761,0.0555579367377373,5.13644682342829e-13,-7.60724816473157e-13,2.96757622626972e-05,2.96757622626973e-05
257,5.12,3,0.442374222976745,0.903578547477269,-1.92840089802568,0.023314520064,0.442374222978626,0.903578547474276,-1.92840089802545,0.023328358984522,-1.8810508706224e-12,2.99327229669188e-12,-2.29372076887557e-13,-1.38389205220357e-05,0,0,0,-0.054641664,-1.38490477805981e-11,2.20376528742068e-11,-1.68815655929122e-12,-0.0556852138357686,1.38490477805981e-11,-2.20376528742068e-11,1.68815655929122e-12,0.00104354983576855,8.88758685497217e-11,-1.41425827814948e-10,1.08259234970687e-11,0.0265069669792004,0.38,0.18,0.056685479936,0.379999999999552,0.180000000000663,0.0566716410145844,4.47752945831326e-13,-6.63080701457375e-13,1.38389214155779e-05,1.38389214155779e-05
258,5.14,3,0.442374222976745,0.903578547477269,-1.92840089802568,0.022227294948,0.442374222978385,0.90357854747466,-1.92840089802548,0.0222252574945983,-1.63963287391766e-12,2.60913513017158e-12,-1.99840144432528e-13,2.03745340166678e-06,0,0,0,-0.054066609,-1.20715304096036e-11,1.92091363179078e-11,-1.47163808934984e-12,-0.0551550744961845,1.20715304096036e-11,-1.92091363179078e-11,1.47163808934984e-12,0.00108846549618456,7.74673208003062e-11,-1.23269213340998e-10,9.44874734374404e-12,0.0308763747598944,0.38,0.18,0.057772705052,0.37999999999961,0.180000000000578,0.0577747425046227,3.90298904306974e-13,-5.77982106619856e-13,-2.03745262270655e-06,2.03745262270667e-06
259,5.16,3,0.442374222976745,0.903578547477269,-1.92840089802568,0.021152420352,0.442374222978174,0.903578547474995,-1.92840089802551,0.0211345065545786,-1.42919009959996e-12,2.27429186594463e-12,-1.74082970261225e-13,1.79137974213803e-05,0,0,0,-0.053406864,-1.05221839935975e-11,1.67437520510879e-11,-1.28266314247497e-12,-0.0545375470009867,1.05221839935975e-11,-1.67437520510879e-11,1.28266314247497e-12,0.00113068300098667,6.75246699119543e-11,-1.07445854427294e-10,8.24496582337687e-12,0.0351702283222173,0.38,0.18,0.058847579648,0.37999999999966,0.180000000000504,0.0588654934447423,3.40227845896379e-13,-5.0379145299928e-13,-1.79137967423679e-05,1.79137967423679e-05
260,5.18,3,0.442374222976745,0.903578547477269,-1.92840089802568,0.020091574236,0.442374222977991,0.903578547475287,-1.92840089802553,0.0200578237058878,-1.24578125593189e-12,1.98241423277068e-12,-1.51656465163796e-13,3.37505301121997e-05,0,0,0,-0.052664049,-9.17169059535848e-12,1.4594834962542e-11,-1.11776382600743e-12,-0.0538341424345423,9.17169059535848e-12,-1.4594834962542e-11,1.11776382600743e-12,0.00117009343454236,5.88556863139807e-11,-9.36552759737729e-11,7.18963000376901e-12,0.0393777200691772,0.38,0.18,0.059908425764,0.379999999999703,0.180000000000439,0.0599421762935203,2.96596081028611e-13,-4.39093206239249e-13,-3.37505295202878e-05,3.37505295202878e-05
261,5.2,3,0.442374222976745,0.903578547477269,-1.92840089802568,0.0190464,0.442374222977831,0.903578547475541,-1.92840089802555,0.0189968919452246,-1.08590914038587e-12,1.72795111552659e-12,-1.32116539930394e-13,4.95080547754344e-05,0,0,0,-0.05184,-7.99457686907884e-12,1.27217294430665e-11,-9.73971225932049e-13,-0.0530465880331588,7.99457686907884e-12,-1.27217294430665e-11,9.73971225932049e-13,0.00120658803315872,5.13006233429902e-11,-8.16394773086715e-11,6.26777052560161e-12,0.0434880436644293,0.38,0.18,0.0609535999999999,0.379999999999741,0.180000000000383,0.0610031080542595,2.58570942435199e-13,-3.82749387739523e-13,-4.95080542595727e-05,4.95080542595727e-05
262,5.22,3,0.442374222976745,0.903578547477269,-1.92840089802568,0.018018502164,0.442374222977691,0.903578547475763,-1.92840089802557,0.0179533554020272,-9.46520639644177e-13,1.50612855520649e-12,-1.15241149956091e-13,6.5146761972782e-05,0,0,0,-0.050936769,-6.96856440221905e-12,1.10889398968931e-11,-8.48615815420019e-13,-0.0521768271598702,6.96856440221905e-12,-1.10889398968931e-11,8.48615815420019e-13,0.00124005815987022,4.47192240799634e-11,-7.11659424172142e-11,5.44820131279126e-12,0.0474903938230313,0.38,0.18,0.061981497836,0.379999999999775,0.180000000000334,0.0620466445975231,2.25375273998907e-13,-3.3362201889986e-13,-6.51467615231313e-05,6.51467615231313e-05
263,5.24,3,0.442374222976745,0.903578547477269,-1.92840089802568,0.017009442048,0.44237422297757,0.903578547475956,-1.92840089802558,0.016928815016359,-8.25062240750185e-13,1.31283872661925e-12,-1.00364161426114e-13,8.0627031641009e-05,0,0,0,-0.0499566240000001,-6.07417992061977e-12,9.66562104854883e-12,-7.39651789164191e-13,-0.0512270192834095,6.07417992061977e-12,-9.66562104854883e-12,7.39651789164191e-13,0.00127039528340949,3.89773743373768e-11,-6.20285483090518e-11,4.75661964067241e-12,0.0513739661371035,0.38,0.18,0.062990557952,0.379999999999804,0.180000000000291,0.063071184983249,1.9639845305619e-13,-2.90795165724944e-13,-8.06270312490309e-05,8.06270312490309e-05
264,5.26,3,0.442374222976745,0.903578547477269,-1.92840089802568,0.016020733452,0.442374222977464,0.903578547476125,-1.9284008980256,0.0159248242171457,-7.19146964200945e-13,1.14430687148115e-12,-8.74855743404623e-14,9.5909234854339e-05,0,0,0,-0.048902049,-5.29463243387225e-12,8.42505008236782e-12,-6.44519396350745e-13,-0.0501995399606675,5.29463243387225e-12,-8.42505008236782e-12,6.44519396350745e-13,0.00129749096066754,3.39779522573504e-11,-5.40703144992415e-11,4.14183049296867e-12,0.0551279569301415,0.38,0.18,0.063979266548,0.379999999999829,0.180000000000253,0.0640751757825127,1.71196390397199e-13,-2.53491672097539e-13,-9.59092345127199e-05,9.59092345127199e-05
265,5.28,3,0.442374222976745,0.903578547477269,-1.92840089802568,0.015053838336,0.442374222977372,0.903578547476272,-1.92840089802561,0.0149428846007044,-6.26831919703363e-13,9.97424365323241e-13,-7.61612994892857e-14,0.000110953735295596,0,0,0,-0.0477757439999999,-4.61507338872522e-12,7.34364379238297e-12,-5.6168278649137e-13,-0.0490969808220646,4.61507338872522e-12,-7.34364379238297e-12,5.6168278649137e-13,0.00132123682206471,2.96182758041681e-11,-4.71304393153353e-11,3.61752578089882e-12,0.0587415631357487,0.38,0.18,0.064946161664,0.379999999999851,0.180000000000221,0.0650571153989979,1.49269485660852e-13,-2.20906626324791e-13,-0.000110953734997837,0.000110953734997837
266,5.3,3,0.442374222976745,0.903578547477269,-1.92840089802568,0.0141101625,0.442374222977291,0.9035785474764,-1.92840089802562,0.0139844416095174,-5.46396261569271e-13,8.6941565058396e-13,-6.63913368725844e-14,0.000125720890482642,0,0,0,-0.0465806250000001,-4.02270787264187e-12,6.40103500607628e-12,-4.89332270873395e-13,-0.0479221495593497,4.02270787264187e-12,-6.40103500607628e-12,4.89332270873395e-13,0.00134152455934961,2.58145312959104e-11,-4.10791350631296e-11,3.14751173020946e-12,0.0622039821963869,0.38,0.18,0.0658898374999999,0.37999999999987,0.180000000000193,0.066015558390223,1.30118138486068e-13,-1.92568183621233e-13,-0.000125720890223072,0.000125720890223072
267,5.32,3,0.442374222976745,0.903578547477269,-1.92840089802568,0.013191051264,0.442374222977221,0.903578547476511,-1.92840089802563,0.0130508802112089,-4.76285677564192e-13,7.57838236609132e-13,-5.79536418854332e-14,0.000140171052791063,0,0,0,-0.0453198239999999,-3.50641724672365e-12,5.57945230481367e-12,-4.26382036269204e-13,-0.0466780699154219,3.50641724672365e-12,-5.57945230481367e-12,4.26382036269204e-13,0.00135824591542198,2.24997771780539e-11,-3.58052224353602e-11,2.73227653684077e-12,0.0655044119788638,0.38,0.18,0.066808948736,0.379999999999887,0.180000000000168,0.0669491197885648,1.13353770814228e-13,-1.67921232474555e-13,-0.000140171052564794,0.000140171052564794
268,5.34,3,0.442374222976745,0.903578547477269,-1.92840089802568,0.012297785148,0.44237422297716,0.903578547476608,-1.92840089802563,0.012143520577692,-4.15167900058577e-13,6.60582699651968e-13,-5.06261699229071e-14,0.00015426457030796,0,0,0,-0.043996689,-3.05642170316259e-12,4.86334785610648e-12,-3.7173650553239e-13,-0.0453679816758447,3.05642170316259e-12,-4.86334785610648e-12,3.7173650553239e-13,0.00137129267584466,1.9611644057394e-11,-3.12086871569328e-11,2.37211311835709e-12,0.0686320507040107,0.38,0.18,0.067702214852,0.379999999999901,0.180000000000146,0.0678564794221107,9.88098491916389e-14,-1.46355150221211e-13,-0.000154264570110724,0.000154264570110724
269,5.36,3,0.442374222976745,0.903578547477269,-1.92840089802568,0.011431575552,0.442374222977107,0.903578547476693,-1.92840089802564,0.0112636137644568,-3.6187719487657e-13,5.75761660570606e-13,-4.41868763800812e-14,0.000167961787543197,0,0,0,-0.042614784,-2.66418882201471e-12,4.23917411296784e-12,-3.24294243165249e-13,-0.0439953406617645,2.66418882201471e-12,-4.23917411296784e-12,3.24294243165249e-13,0.0013805566617645,1.70960569526373e-11,-2.72073162022961e-11,2.06719722529686e-12,0.0715760968878726,0.38,0.18,0.068568424448,0.379999999999914,0.180000000000128,0.0687363862353713,8.61533067109121e-14,-1.2756462552943e-13,-0.000167961787371287,0.000167961787371287
270,5.38,3,0.442374222976745,0.903578547477269,-1.92840089802568,0.010593560436,0.44237422297706,0.903578547476767,-1.92840089802565,0.0104123373899766,-3.15414361296007e-13,5.01820807130571e-13,-3.86357612569554e-14,0.000181223046023365,0,0,0,-0.041177889,-2.32226768296196e-12,3.6950277889219e-12,-2.82950298659311e-13,-0.042563818724007,2.32226768296196e-12,-3.6950277889219e-12,2.82950298659311e-13,0.00138592972400699,1.49039175296385e-11,-2.3718475065381e-11,1.79542984749068e-12,0.0743257492927754,0.38,0.18,0.069406439564,0.379999999999925,0.180000000000111,0.0695876626098736,7.50510764646606e-14,-1.11244347067441e-13,-0.000181223045873591,0.000181223045873591
271,5.4,3,0.442374222976745,0.903578547477269,-1.92840089802568,0.0097848,0.44237422297702,0.903578547476832,-1.92840089802565,0.00959079131521357,-2.7494673204842e-13,4.37427871702312e-13,-3.37507799486048e-14,0.000194008684786428,0,0,0,-0.03969,-2.02418933236918e-12,3.22065828761427e-12,-2.47041701709497e-13,-0.0410773037381515,2.02418933236918e-12,-3.22065828761427e-12,2.47041701709497e-13,0.00138730373815146,1.29891134425417e-11,-2.06703785820543e-11,1.56575603932946e-12,0.0768702068863806,0.38,0.18,0.0702152,0.379999999999935,0.180000000000097,0.0704092086846558,6.5447647301653e-14,-9.69502256253918e-14,-0.000194008684655855,0.000194008684655855
272,5.42,3,0.442374222976745,0.903578547477269,-1.92840089802568,0.00900627236399997,0.442374222976985,0.903578547476888,-1.92840089802565,0.00879999332320511,-2.3964163986534e-13,3.81250586656279e-13,-2.95319324550292e-14,0.000206279040794864,0,0,0,-0.0381553289999999,-1.76440706351836e-12,2.8072507159732e-12,-2.15726580922908e-13,-0.0395398996004239,1.76440706351836e-12,-2.8072507159732e-12,2.15726580922908e-13,0.00138457060042395,1.13239772838331e-11,-1.8019955653836e-11,1.36133837295525e-12,0.0791986688076639,0.38,0.18,0.070993727636,0.379999999999943,0.180000000000084,0.0712000066766811,5.70099523145018e-14,-8.44879721739744e-14,-0.000206279040681115,0.000206279040681115
273,5.44,3,0.442374222976745,0.903578547477269,-1.92840089802568,0.00825886924799998,0.442374222976954,0.903578547476937,-1.92840089802566,0.00804087479871971,-2.08888462083223e-13,3.32289751270309e-13,-2.57571741713036e-14,0.000217994449280267,0,0,0,-0.036578304,-1.5379275178417e-12,2.44685160289648e-12,-1.88499813463804e-13,-0.0379559262242706,1.5379275178417e-12,-2.44685160289648e-12,1.88499813463804e-13,0.00137762222427061,9.86970414851164e-12,-1.57080569308987e-11,1.19427885214571e-12,0.0813003343385094,0.38,0.18,0.071741130752,0.37999999999995,0.180000000000074,0.0719591252011811,4.96269692007445e-14,-7.36632976838791e-14,-0.000217994449181122,0.000217994449181122
274,5.46,3,0.442374222976745,0.903578547477269,-1.92840089802568,0.00754339165199999,0.442374222976927,0.903578547476979,-1.92840089802566,0.00731427640796968,-1.82076576038526e-13,2.89657187124703e-13,-2.24265050974282e-14,0.000229115244030307,0,0,0,-0.034963569,-1.34053343487146e-12,2.1326904642785e-12,-1.64614236420889e-13,-0.0363299195375004,1.34053343487146e-12,-2.1326904642785e-12,1.64614236420889e-13,0.00136635053750042,8.60301109357665e-12,-1.36880905730997e-11,1.04963421867496e-12,0.0831644028799521,0.38,0.18,0.072456608348,0.379999999999957,0.180000000000064,0.0726857235919439,4.31876756579186e-14,-6.42264019745653e-14,-0.000229115243943909,0.000229115243943909
275,5.48,3,0.442374222976745,0.903578547477269,-1.92840089802568,0.006860545536,0.442374222976904,0.903578547477017,-1.92840089802566,0.00662094377837164,-1.58706381370166e-13,2.52464715799761e-13,-1.95399252334028e-14,0.000239601757628362,0,0,0,-0.033315984,-1.16847321299992e-12,1.8589286528165e-12,-1.43621552047389e-13,-0.0346666314799013,1.16847321299992e-12,-1.8589286528165e-12,1.43621552047389e-13,0.00135064747990136,7.49882612298186e-12,-1.1932101476354e-11,9.18438517607509e-13,0.0847800739323969,0.38,0.18,0.073139454464,0.379999999999962,0.180000000000056,0.0733790562215531,3.77475828372553e-14,-5.59829960167235e-14,-0.000239601757553082,0.000239601757553082
276,5.5,3,0.442374222976745,0.903578547477269,-1.92840089802568,0.0062109375,0.442374222976883,0.903578547477049,-1.92840089802567,0.00596152317834659,-1.38333788868295e-13,2.20046203480706e-13,-1.70974345792274e-14,0.000249414321653412,0,0,0,-0.031640625,-1.01849669054029e-12,1.62028662328943e-12,-1.25252781695239e-13,-0.0329710300012534,1.01849669054029e-12,-1.62028662328943e-12,1.25252781695239e-13,0.00133040500125344,6.53655492397634e-12,-1.04011121177179e-11,7.95312175982048e-13,0.0861365470791651,0.38,0.18,0.0737890625,0.379999999999967,0.180000000000049,0.0740384768215877,3.28070903776734e-14,-4.88220575078913e-14,-0.000249414321587732,0.000249414321587732
277,5.52,3,0.442374222976745,0.903578547477269,-1.92840089802568,0.00559507046399996,0.442374222976865,0.903578547477077,-1.92840089802567,0.0053365571971532,-1.20570220474292e-13,1.91846538655227e-13,-1.48769885299771e-14,0.00025851326684676,0,0,0,-0.029942784,-8.87765592060766e-13,1.41226438093507e-12,-1.09346538175599e-13,-0.0312482990596702,8.87765592060766e-13,-1.41226438093507e-12,1.09346538175599e-13,0.00130551505967022,5.69828979378611e-12,-9.06063375317875e-12,6.99231910514267e-13,0.0872230219727312,0.38,0.18,0.074404929536,0.379999999999971,0.180000000000043,0.0746634428027895,2.8643754035329e-14,-4.25215418431435e-14,-0.000258513266789523,0.000258513266789523
278,5.54,3,0.442374222976745,0.903578547477269,-1.92840089802568,0.00501333934800001,0.44237422297685,0.903578547477102,-1.92840089802567,0.00474648042474887,-1.05082609280771e-13,1.67199587508549e-13,-1.28785870856518e-14,0.000266858923251136,0,0,0,-0.028227969,-7.73799796185041e-13,1.23105170587149e-12,-9.53618999653132e-14,-0.0295038386202155,7.73799796185041e-13,-1.23105170587149e-12,9.53618999653132e-14,0.00127586962021551,4.96773499562371e-12,-7.90107536657501e-12,6.19379290741082e-13,0.0880286983232569,0.38,0.18,0.074986660652,0.379999999999975,0.180000000000037,0.0752535195752012,2.49245069028348e-14,-3.70814490224802e-14,-0.000266858923201219,0.000266858923201219
279,5.56,3,0.442374222976745,0.903578547477269,-1.92840089802568,0.004466026752,0.442374222976836,0.903578547477123,-1.92840089802567,0.00419161513167385,-9.15933995315754e-14,1.45772283133283e-13,-1.13242748511766e-14,0.000274411620326149,0,0,0,-0.026501904,-6.74445096272564e-13,1.07303019853999e-12,-8.29743141504913e-14,-0.0277432646537503,6.74445096272564e-13,-1.07303019853999e-12,8.29743141504913e-14,0.00124136065375028,4.32956197229374e-12,-6.88337565747148e-12,5.27058797892165e-13,0.0885427758889331,0.38,0.18,0.075533973248,0.379999999999978,0.180000000000032,0.0758083848682826,2.17603712826531e-14,-3.23074900165921e-14,-0.000274411620282633,0.000274411620282633
280,5.58,3,0.442374222976745,0.903578547477269,-1.92840089802568,0.00395329863599998,0.442374222976825,0.903578547477142,-1.92840089802567,0.00367216694895443,-7.98250354705488e-14,1.2712053631958e-13,-9.76996261670138e-15,0.000281131687045552,0,0,0,-0.0247705290000001,-5.87853856826691e-13,9.35362685390563e-13,-7.24331381926482e-14,-0.0259724091359717,5.87853856826691e-13,-9.35362685390563e-13,7.24331381926482e-14,0.00120188013597164,3.77457358947895e-12,-5.99520007585321e-12,4.71666502182826e-13,0.0887544544681341,0.38,0.18,0.076046701364,0.379999999999981,0.180000000000028,0.0763278330510076,1.89848137210902e-14,-2.81441536742477e-14,-0.000281131687007635,0.000281131687007635
281,5.6,3,0.442374222976745,0.903578547477269,-1.92840089802568,0.00347519999999997,0.442374222976814,0.903578547477158,-1.92840089802568,0.00318822054802226,-6.95554724927661e-14,1.10800257857591e-13,-8.43769498715119e-15,0.000286979451977711,0,0,0,-0.02304,-5.12362385037114e-13,8.15458683873501e-13,-6.29998081489919e-14,-0.0241973200466091,5.12362385037114e-13,-8.15458683873501e-13,6.29998081489919e-14,0.0011573200466091,3.29170045146567e-12,-5.22914789171096e-12,4.16226664264718e-13,0.088652933892686,0.38,0.18,0.0765248,0.379999999999984,0.180000000000025,0.0768117794519446,1.64868119156836e-14,-2.45081732686003e-14,-0.000286979451944613,0.000286979451944613
282,5.62,3,0.442374222976745,0.903578547477269,-1.92840089802568,0.00303165056400004,0.442374222976806,0.903578547477172,-1.92840089802568,0.00273973532064714,-6.06181771445335e-14,9.65894031423886e-14,-7.32747196252603e-15,0.000291915243352895,0,0,0,-0.0213166890000001,-4.46528376007799e-13,7.10875726039279e-13,-5.46752748636973e-14,-0.0224242613687553,4.46528376007799e-13,-7.10875726039279e-13,5.46752748636973e-14,0.00110757236875519,2.86874980570262e-12,-4.55857420654673e-12,3.60758301021343e-13,0.0882274140223127,0.38,0.18,0.0769683494359999,0.379999999999986,0.180000000000021,0.077260264679324,1.4432899320127e-14,-2.13440376484186e-14,-0.000291915243324101,0.000291915243324101
283,5.64,3,0.442374222976745,0.903578547477269,-1.92840089802568,0.00262244044800006,0.442374222976798,0.903578547477185,-1.92840089802568,0.00232654105888095,-5.28466159721575e-14,8.41549052665869e-14,-6.43929354282591e-15,0.000295899389119111,0,0,0,-0.0196071840000001,-3.89153379893745e-13,6.19704241908343e-13,-4.74601088432703e-14,-0.020659713088309,3.89153379893745e-13,-6.19704241908343e-13,4.74601088432703e-14,0.00105252908830888,2.49840600065916e-12,-3.97859431150817e-12,3.05272822582815e-13,0.0874670947399944,0.38,0.18,0.0773775595519999,0.379999999999987,0.180000000000019,0.0776734589410939,1.26010313294955e-14,-1.85962356624714e-14,-0.000295899389094037,0.000295899389094037
284,5.66,3,0.442374222976745,0.903578547477269,-1.92840089802568,0.00224722585200002,0.442374222976791,0.903578547477196,-1.92840089802568,0.00194833363501078,-4.6074255521944e-14,7.33857419277228e-14,-5.55111512312578e-15,0.00029889221698924,0,0,0,-0.0179182890000001,-3.39185259880563e-13,5.40132355678181e-13,-4.13546523916141e-14,-0.0189103711935092,3.39185259880563e-13,-5.40132355678181e-13,4.13546523916141e-14,0.000992082193509086,2.17627964541686e-12,-3.46407292079134e-12,2.71981535519704e-13,0.0863611759481454,0.38,0.18,0.077752774148,0.379999999999989,0.180000000000016,0.0780516663649673,1.10467190950203e-14,-1.62092561595273e-14,-0.000298892216967314,0.000298892216967314
285,5.68,3,0.442374222976745,0.903578547477269,-1.92840089802568,0.00190552473600005,0.442374222976785,0.903578547477205,-1.92840089802568,0.00160467068151986,-4.01345623401994e-14,6.3948846218409e-14,-4.88498130835069e-15,0.000300854054480192,0,0,0,-0.016257024,-2.95659666972227e-13,4.70850897262356e-13,-3.59150216812201e-14,-0.0171831476745463,2.95659666972227e-13,-4.70850897262356e-13,3.59150216812201e-14,0.000926123674546333,1.89973710542459e-12,-3.02213332340622e-12,2.29802302789334e-13,0.084898857565415,0.38,0.18,0.0780944752639999,0.37999999999999,0.180000000000014,0.0783953293184611,9.54791801177635e-15,-1.41553435639707e-14,-0.000300854054461161,0.000300854054461161
286,5.7,3,0.442374222976745,0.903578547477269,-1.92840089802568,0.00159671249999997,0.44237422297678,0.903578547477213,-1.92840089802568,0.00129496727105509,-3.49720252756924e-14,5.57331958361829e-14,-4.21884749357559e-15,0.000301745228944879,0,0,0,-0.0146306249999999,-2.57664924863734e-13,4.1040823079423e-13,-3.13189756254334e-14,-0.015485170523238,2.57664924863734e-13,-4.1040823079423e-13,3.13189756254334e-14,0.000854545523238014,1.65609596970544e-12,-2.63484503226632e-12,2.04494763151108e-13,0.0830693395238607,0.38,0.18,0.0784032875,0.379999999999992,0.180000000000012,0.0787050327289283,8.38218383591993e-15,-1.22957199977236e-14,-0.000301745228928271,0.000301745228928271
287,5.72,3,0.442374222976745,0.903578547477269,-1.92840089802568,0.00132001766399999,0.442374222976775,0.90357854747722,-1.92840089802568,0.00101849159639988,-3.04756220259605e-14,4.86277684785819e-14,-3.77475828372553e-15,0.000301526067600103,0,0,0,-0.013046544,-2.24543005469626e-13,3.57711330148905e-13,-2.72290803624113e-14,-0.0138237837327608,2.24543005469626e-13,-3.57711330148905e-13,2.72290803624113e-14,0.000777239732760808,1.44329790679646e-12,-2.29144975511991e-12,1.67105778875673e-13,0.0808618217669229,0.38,0.18,0.078679982336,0.379999999999993,0.180000000000011,0.0789815084035856,7.27196081129478e-15,-1.0769163338864e-14,-0.000301526067585586,0.000301526067585586
288,5.74,3,0.442374222976745,0.903578547477269,-1.92840089802568,0.00107451754799998,0.442374222976771,0.903578547477227,-1.92840089802568,0.000774360650451432,-2.65343302885412e-14,4.2410519540681e-14,-3.33066907387547e-15,0.000300156897548544,0,0,0,-0.011512449,-1.95677047333696e-13,3.11882335046506e-13,-2.38869647848978e-14,-0.0122065472974223,1.95677047333696e-13,-3.11882335046506e-13,2.38869647848978e-14,0.000694098297422265,1.2601079178198e-12,-1.99659474686201e-12,1.44672388310408e-13,0.078265504247338,0.38,0.18,0.078925482452,0.379999999999994,0.180000000000009,0.0792256393495359,6.21724893790088e-15,-9.38138455808257e-15,-0.000300156897535889,0.000300156897535889
289,5.76,3,0.442374222976745,0.903578547477269,-1.92840089802568,0.000859133951999949,0.442374222976768,0.903578547477232,-1.92840089802568,0.000561535906201926,-2.31481500634345e-14,3.69704267200177e-14,-2.88657986402541e-15,0.000297598045798024,0,0,0,-0.0100362239999998,-1.70474888977301e-13,2.71950440109266e-13,-2.09935170186897e-14,-0.0106412372124756,1.70474888977301e-13,-2.71950440109266e-13,2.09935170186897e-14,0.000605013212475795,1.09468277320256e-12,-1.74196613018355e-12,1.31212353971252e-13,0.0752695869257349,0.38,0.18,0.079140866048,0.379999999999995,0.180000000000008,0.0794384640937871,5.49560397189452e-15,-8.18789480661053e-15,-0.000297598045787037,0.000297598045787037
290,5.78,3,0.442374222976745,0.903578547477269,-1.92840089802568,0.000672628836000048,0.442374222976765,0.903578547477237,-1.92840089802568,0.000378818996722705,-2.01505478969466e-14,3.21964677141295e-14,-2.44249065417534e-15,0.000293809839277344,0,0,0,-0.00862596900000007,-1.48581233513249e-13,2.37111117505594e-13,-1.83692699392645e-14,-0.00913584547396083,1.48581233513249e-13,-2.37111117505594e-13,1.83692699392645e-14,0.000509876473960757,9.56569880570319e-13,-1.52257557869893e-12,1.23136333367757e-13,0.0718632697692606,0.38,0.18,0.0793273711639999,0.379999999999995,0.180000000000007,0.0796211810032676,4.77395900588817e-15,-7.13318293321663e-15,-0.000293809839267731,0.000293809839267731
291,5.8,3,0.442374222976745,0.903578547477269,-1.92840089802568,0.00051360000000001,0.442374222976762,0.903578547477241,-1.92840089802568,0.000224847395151195,-1.75415237890775e-14,2.80886425230165e-14,-2.22044604925031e-15,0.000288752604848815,0,0,0,-0.00728999999999985,-1.29449835901843e-13,2.06659605931616e-13,-1.59065432719095e-14,-0.00769858007857564,1.29449835901843e-13,-2.06659605931616e-13,1.59065432719095e-14,0.000408580078575795,8.34844339129111e-13,-1.32432786633068e-12,9.60862605131581e-14,0.0680357527504899,0.38,0.18,0.0794864,0.379999999999996,0.180000000000006,0.0797751526048404,4.16333634234434e-15,-6.18949336228525e-15,-0.000288752604840403,0.000288752604840403
292,5.82,3,0.442374222976745,0.903578547477269,-1.92840089802568,0.000380476764,0.44237422297676,0.903578547477245,-1.92840089802568,9.8090094679876e-05,-1.52655665885959e-14,2.4535928844216e-14,-1.99840144432528e-15,0.000282386669320124,0,0,0,-0.00603684900000012,-1.1275294911926e-13,1.80173048605002e-13,-1.39848180616463e-14,-0.00633786502356581,1.1275294911926e-13,-1.80173048605002e-13,1.39848180616463e-14,0.000301016023565697,7.28502323525616e-13,-1.14986808767845e-12,7.98562168003971e-14,0.0637762358465838,0.38,0.18,0.079619523236,0.379999999999996,0.180000000000005,0.0799019099053128,3.66373598126302e-15,-5.38458166943201e-15,-0.000282386669312795,0.000282386669312795
293,5.84,3,0.442374222976745,0.903578547477269,-1.92840089802568,0.000271515648000022,0.442374222976758,0.903578547477248,-1.92840089802568,0,-1.33226762955019e-14,2.14273043752655e-14,-1.77635683940025e-15,0.000271515648000022,0,0,0,-0.00487526400000014,-9.81829026487483e-14,1.57175686851434e-13,-1.23876937256384e-14,0,9.81829026487483e-14,-1.57175686851434e-13,1.23876937256384e-14,-0.00487526400000014,6.31390423424778e-13,-1.00078329950212e-12,7.0118190572742e-14,-0.0832903249919998,0.38,0.18,0.0797284843519999,0.379999999999997,0.180000000000005,0.0799999999999936,3.05311331771918e-15,-4.71844785465692e-15,-0.0002715156479937,0.0002715156479937
294,5.86,3,0.442374222976745,0.903578547477269,-1.92840089802568,0.000184796051999926,0.442374222976756,0.90357854747725,-1.92840089802568,0,-1.16018306073329e-14,1.86517468137026e-14,-1.55431223447522e-15,0.000184796051999926,0,0,0,-0.00381420899999981,-8.5555094180253e-14,1.37160020861392e-13,-1.09853299141835e-14,0,8.5555094180253e-14,-1.37160020861392e-13,1.09853299141835e-14,-0.00381420899999981,5.50918822871771e-13,-8.7802573585757e-13,6.4275374836149e-14,-0.0705778258080091,0.38,0.18,0.079815203948,0.379999999999997,0.180000000000004,0.0799999999999944,2.77555756156289e-15,-4.10782519111308e-15,-0.000184796051994382,0.000184796051994382
295,5.88,3,0.442374222976745,0.903578547477269,-1.92840089802568,0.000118215936000039,0.442374222976755,0.903578547477253,-1.92840089802568,0,-1.01030295240889e-14,1.62092561595273e-14,-1.33226762955019e-15,0.000118215936000039,0,0,0,-0.00286286400000002,-7.45367177228173e-14,1.1959950614424e-13,-9.69982241746053e-15,0,7.45367177228173e-14,-1.1959950614424e-13,9.69982241746053e-15,-0.00286286400000002,4.80431402047454e-13,-7.71064506932069e-13,6.07696853941919e-14,-0.0569898685439928,0.38,0.18,0.0798817840639999,0.379999999999998,0.180000000000004,0.0799999999999952,2.38697950294409e-15,-3.5527136788005e-15,-0.000118215935995272,0.000118215935995272
296,5.9,3,0.442374222976745,0.903578547477269,-1.92840089802568,6.94875000001038e-05,0.442374222976754,0.903578547477255,-1.92840089802568,0,-8.82627304576999e-15,1.40998324127395e-14,-1.11022302462516e-15,6.94875000001038e-05,0,0,0,-0.00203062500000005,-6.4928089681868e-14,1.04178216005598e-13,-8.48442870957667e-15,0,6.4928089681868e-14,-1.04178216005598e-13,8.48442870957667e-15,-0.00203062500000005,4.15934489060361e-13,-6.73581078838014e-13,5.86662717290177e-14,-0.0432379499999811,0.38,0.18,0.0799305124999999,0.379999999999998,0.180000000000003,0.0799999999999958,2.1094237467878e-15,-3.10862446895044e-15,-6.94874999959127e-05,6.94874999959127e-05
297,5.92,3,0.442374222976745,0.903578547477269,-1.92840089802568,3.61328639999839e-05,0.442374222976753,0.903578547477257,-1.92840089802568,0,-7.71605002114484e-15,1.23234755733392e-14,-8.88178419700125e-16,3.61328639999839e-05,0,0,0,-0.00132710400000011,-5.6609399900661e-14,9.07065944288381e-14,-7.31110327499634e-15,0,5.6609399900661e-14,-9.07065944288381e-14,7.31110327499634e-15,-0.00132710400000011,3.60582995898736e-13,-5.81784331242839e-13,5.74042235299143e-14,-0.0300768706560063,0.38,0.18,0.079963867136,0.379999999999998,0.180000000000003,0.0799999999999963,1.94289029309402e-15,-2.72004641033163e-15,-3.61328639962716e-05,3.61328639962716e-05
298,5.94,3,0.442374222976745,0.903578547477269,-1.92840089802568,1.5479748000008e-05,0.442374222976752,0.903578547477258,-1.92840089802568,0,-6.7168492989822e-15,1.0769163338864e-14,-6.66133814775094e-16,1.5479748000008e-05,0,0,0,-0.000762129000000051,-4.93977399826864e-14,7.90709078039816e-14,-6.16301880439808e-15,0,4.93977399826864e-14,-7.90709078039816e-14,6.16301880439808e-15,-0.000762129000000051,3.16269869755509e-13,-5.04501822193231e-13,5.66469946104522e-14,-0.0183055813919999,0.38,0.18,0.079984520252,0.379999999999998,0.180000000000002,0.0799999999999968,1.66533453693773e-15,-2.33146835171283e-15,-1.54797479967883e-05,1.54797479967883e-05
299,5.96,3,0.442374222976745,0.903578547477269,-1.92840089802568,4.65715200014677e-06,0.442374222976751,0.90357854747726,-1.92840089802568,0,-5.82867087928207e-15,9.43689570931383e-15,-6.66133814775094e-16,4.65715200014677e-06,0,0,0,-0.000345744000000003,-4.30723425875761e-14,6.89808713601168e-14,-5.03007891218901e-15,0,4.30723425875761e-14,-6.89808713601168e-14,5.03007891218901e-15,-0.000345744000000003,2.78579763823315e-13,-4.35927856270952e-13,3.39881967662708e-14,-0.00876803020797133,0.38,0.18,0.0799953428479998,0.379999999999999,0.180000000000002,0.0799999999999971,1.38777878078145e-15,-2.05391259555654e-15,-4.65715199728101e-06,4.65715199728101e-06
300,5.98,3,0.442374222976745,0.903578547477269,-1.92840089802568,5.91035999981948e-07,0.44237422297675,0.903578547477261,-1.92840089802568,0,-5.05151476204446e-15,8.21565038222616e-15,-6.66133814775094e-16,5.91035999981948e-07,0,0,0,-8.82089999999636e-05,-3.75007473111097e-14,6.02623142346975e-14,-4.35031497686358e-15,0,3.75007473111097e-14,-6.02623142346975e-14,4.35031497686358e-15,-8.82089999999636e-05,2.44863470017747e-13,-3.83681246471334e-13,2.03929180597622e-14,-0.00235400894400252,0.38,0.18,0.079999408964,0.379999999999999,0.180000000000002,0.0799999999999975,1.27675647831893e-15,-1.74860126378462e-15,-5.91035997518641e-07,5.91035997518641e-07
301,6,3,0.442374222976745,0.903578547477269,-1.92840089802568,0,0.442374222976749,0.903578547477262,-1.92840089802568,0,-4.38538094726937e-15,7.21644966006352e-15,-6.66133814775094e-16,0,0,0,0,-0,-3.26034779107548e-14,5.2588689305271e-14,-3.94245661566834e-15,0,3.26034779107548e-14,-5.2588689305271e-14,3.94245661566834e-15,-0,2.1353146348816e-13,-3.30128820099068e-13,1.22357508358575e-14,0,0.38,0.18,0.08,0.379999999999999,0.180000000000002,0.0799999999999979,1.0547118733939e-15,-1.55431223447522e-15,2.09554595897998e-15,2.81418132399367e-15
302,6.02,4,0.442369162903911,0.90357996160976,-1.92840618388398,0,0.442374222976749,0.903578547477263,-1.92840089802568,0,-5.06007283729293e-06,1.41413249732381e-06,-5.28585829862038e-06,0,-0.000755189133263356,0.000211051802079034,-0.000788886420784852,0,-2.83328486409917e-14,4.59861129032898e-14,-3.6977415989512e-15,0,-0.000755189133235023,0.000211051802033048,-0.000788886420781154,0,-0.0156097899484298,0.00436244929039334,-0.0163063142454851,0,0.379999762718141,0.179997533344977,0.0799996156500974,0.379999999999999,0.180000000000001,0.0799999999999982,-2.37281857939919e-07,-2.46665502415255e-06,-3.84349900767189e-07,2.50767113763033e-06
303,6.04,4,0.442334351415086,0.903589690334825,-1.92844254869594,0,0.442367979060769,0.90358029245698,-1.92840742055138,0,-3.36276456826545e-05,9.39787784526303e-06,-3.51281445551965e-05,0,-0.00296003935755995,0.000827238652042461,-0.00309211924710447,0,-0.000312195798996935,8.72489858538548e-05,-0.000326126284913408,0,-0.00264784355856302,0.000739989666188607,-0.00276599296219106,0,-0.0563196357395258,0.0157395811082984,-0.0588326736993408,0,0.37999812982627,0.179980563801185,0.0799969715539499,0.379999707201672,0.179996956252821,0.0799995257289638,-1.57737540129599e-06,-1.63924516357883e-05,-2.55417501385247e-06,1.66650650700698e-05
304,6.06,4,0.442241695258765,0.903615584839796,-1.92853933926177,0,0.442339207290493,0.90358833326914,-1.92843747614656,0,-9.75120317276423e-05,2.72515706556398e-05,-0.00010186311521565,0,-0.00652486185020654,0.00182349532209516,-0.0068160076521255,0,-0.00143858851378743,0.000402040608019817,-0.0015027797589002,0,-0.00508627333641911,0.00142145471407534,-0.0053132278932253,0,-0.111476669901146,0.0311542513470708,-0.116450869386071,0,0.379993779567841,0.179935398094415,0.0799899346793637,0.379998357649392,0.179982930876304,0.0799973403707004,-4.57808155102102e-06,-4.75327818893201e-05,-7.40569133669822e-06,4.8323580672379e-05
305,6.08,4,0.442064876467358,0.903665000175537,-1.92872404788288,0,0.442265844852257,0.903608835781839,-1.92851411208949,0,-0.000200968384898526,5.61643936970446e-05,-0.000209935793390903,0,-0.0113618170425958,0.00317527339326253,-0.0118687925786401,0,-0.00366812191181041,0.00102512563496125,-0.00383179714662167,0,-0.00769369513078539,0.00215014775830128,-0.00803699543201838,0,-0.17397074110556,0.04861939453573,-0.181733487979458,0,0.379985461430486,0.1798492123635,0.0799765091910003,0.379994913974098,0.179947169744554,0.0799917686355488,-9.4525436122872e-06,-9.79573810535594e-05,-1.52594445484433e-05,9.95884015914577e-05
306,6.1,4,0.441779315372105,0.90374480559262,-1.9290223509972,0,0.442122894117578,0.903648786052353,-1.92866344142762,0,-0.000343578745472972,9.6019540266723e-05,-0.000358909569581733,0,-0.0173849146201964,0.00485854125539047,-0.0181606467390656,0,-0.00714753673392154,0.00199751352567583,-0.00746646690621075,0,-0.0102373778862748,0.00286102772971464,-0.0106941798328549,0,-0.239105432272794,0.0668225086209652,-0.249774553615271,0,0.379971982268353,0.179710038198188,0.0799548360209799,0.379988193143184,0.179877490769393,0.0799809138877558,-1.62108748308909e-05,-0.000167452571205123,-2.60778667759143e-05,0.000170244562913392
307,6.12,4,0.441362133617997,0.903861394877503,-1.9294581478146,0,0.441884301209991,0.903715465326315,-1.92891268058719,0,-0.000522167591993472,0.000145929551188417,-0.000545467227416552,0,-0.0245100135225528,0.00684978410714543,-0.0256036746154452,0,-0.0119296453793775,0.00333396369809516,-0.0124619579785163,0,-0.0125803681431753,0.00351582040905027,-0.0131417166369289,0,-0.303824122062854,0.0849093632998471,-0.317381055480233,0,0.379952189449539,0.179506749703387,0.079923193026539,0.379976944371475,0.179761203058882,0.07996280283118,-2.47549219357102e-05,-0.000254453355494955,-3.96098046409887e-05,0.000258704953385864
308,6.14,4,0.440792117178693,0.904020696688707,-1.93005359895232,0,0.441524178653578,0.903816108345597,-1.92928887216895,0,-0.000732061474885359,0.000204588343109879,-0.000764726783368808,0,-0.0326548219432857,0.00912600395601435,-0.0341119124594471,0,-0.0180061278206345,0.00503215096409207,-0.0188095790881208,0,-0.0146486941226513,0.00409385299192228,-0.0153023333713263,0,-0.366180029941561,0.102335894149434,-0.382519345763407,0,0.379924952010064,0.179229051295936,0.0798799955470695,0.379959891752861,0.179585707864844,0.079935481261674,-3.49397427968912e-05,-0.000356656568907543,-5.54857146044946e-05,0.000362633917741826
309,6.16,4,0.440049679371438,0.904228184892987,-1.93082916507029,0,0.441017584085189,0.903957685722538,-1.92981807148902,0,-0.000967904713751411,0.000270499170448635,-0.00101109358127482,0,-0.0417388973300915,0.0116647196183047,-0.0436013282923652,0,-0.0253297284194659,0.00707886884708079,-0.0264599660033891,0,-0.0164091689106256,0.00458585077122391,-0.0171413622889761,0,-0.424973849587654,0.118766932469342,-0.443936603907004,0,0.37988914069724,0.17886746598496,0.0798237971938154,0.379935752341648,0.179338884422871,0.079897076837465,-4.66116444075571e-05,-0.000471418437911375,-7.32796436496153e-05,0.000479351536109557
310,6.18,4,0.439116823871982,0.904488888901516,-1.9318036455066,0,0.440340999976965,0.904146769872468,-1.93052484545065,0,-0.00122417610498232,0.000342119029048349,-0.00127880005594849,0,-0.0516836463847426,0.0144439667191445,-0.0539898219051187,0,-0.0338292054112188,0.00945420749646757,-0.035338698081529,0,-0.0178544409735238,0.00498975922267689,-0.0186511238235897,0,-0.479506429968708,0.134007087358373,-0.500902482066642,0,0.379843607691315,0.178413323928114,0.0797532907252647,0.379903237643386,0.179009331002276,0.0798458396560213,-5.96299520712607e-05,-0.000596007074161437,-9.25489307566224e-05,0.00060609031358263
311,6.2,4,0.437977107729502,0.904807404006056,-1.93299421691282,0,0.439472613296753,0.90438945685734,-1.9314319804051,0,-0.00149550556725081,0.000417947148715903,-0.00156223650771214,0,-0.0624123250630873,0.0174422976924821,-0.0651972248582522,0,-0.0434193340105932,0.0121343492436351,-0.0453567477228621,0,-0.0189929910524941,0.00530794844884705,-0.0198404771353902,0,-0.529410377774964,0.147953683848531,-0.553033193479018,0,0.379787166704512,0.177858751092648,0.0796673088798182,0.379861044417619,0.17858650903265,0.0797801679128653,-7.38777131072399e-05,-0.000727757940002544,-0.000112859033047058,0.000740153157847089
312,6.22,4,0.436615604381513,0.905187901715137,-1.93441647188945,0,0.438392462465431,0.904691325315752,-1.93256032863695,0,-0.00177685808391753,0.000496576399384829,-0.00185614325249395,0,-0.0738500385750499,0.0206387817810867,-0.0771453004819359,0,-0.0540075415660922,0.0150934229206056,-0.0564174115924422,0,-0.0198424970089577,0.0055453588604811,-0.0207278888894937,0,-0.574535748570907,0.160564817148105,-0.600172103039269,0,0.379718574070675,0.177196657881639,0.0795648250546293,0.379807839151033,0.178060822818254,0.0796986235340912,-8.9265080357448e-05,-0.000864164936614981,-0.000133798479461975,0.000879005873332102
313,6.24,4,0.435018866668794,0.905634140090232,-1.93608445762128,0,0.437082497334681,0.905057419701024,-1.93392874571002,0,-0.00206363066588616,0.000576720389208529,-0.00215571191126296,0,-0.0859237413846307,0.0240130050365478,-0.0897577438759654,0,-0.0654982565375106,0.0183047192635678,-0.0684208536532279,0,-0.0204254848471201,0.00570828577298003,-0.0213368902227375,0,-0.614872763531018,0.171837754380453,-0.642308995581046,0,0.379636511356399,0.176420727611835,0.0794449537355799,0.379742239399183,0.177423656859917,0.0795999410605149,-0.000105728042783804,-0.0010029292480824,-0.000154987324935019,0.00102032669600503
314,6.26,4,0.433174889850302,0.906149474081935,-1.9380107145128,0,0.435526583098518,0.905492249188047,-1.93555408638131,0,-0.00235169324821582,0.000657224893887198,-0.0024566281314875,0,-0.0985622372099059,0.0275450703192755,-0.102960181909761,0,-0.0777957118081307,0.0217414743511768,-0.0812670335648485,0,-0.0207665254017752,0.00580359596809866,-0.0216931483449129,0,-0.650499832857086,0.181794408750693,-0.679525780047009,0,0.379539569945707,0.175525404750135,0.0793069505982322,0.379662794324576,0.176667385643356,0.0794830319710611,-0.000123224378868414,-0.00114198089322137,-0.000176081372828929,0.00116202807964675
315,6.28,4,0.431073074618091,0.906736865866134,-1.94020631482358,0,0.433710468929213,0.905999796438571,-1.93745123736463,0,-0.00263739431112125,0.000737069427562465,-0.00275507745895065,0,-0.111696179023028,0.0312155972985002,-0.116680173222371,0,-0.0908057084652727,0.0253773625261908,-0.094857549165789,0,-0.0208904705577548,0.00583823477230947,-0.0218226240565816,0,-0.681548842267222,0.190471638202436,-0.711960227026697,0,0.379426237974945,0.174505882831282,0.0791502122132897,0.379567966107306,0.17578536587086,0.0793469858981165,-0.000141728132360353,-0.00127948303957773,-0.00019677368482679,0.0013022609550738
316,6.3,4,0.428704190112233,0.907398895180192,-1.94268090130366,0,0.431621735223,0.906583532344376,-1.93963317243876,0,-0.00291754511076758,0.000815362835815958,-0.00304772886490778,0,-0.125258069050224,0.0350057224522732,-0.130847208222465,0,-0.104436685310617,0.0291867952902394,-0.109096753706323,0,-0.0208213837396069,0.00581892716203378,-0.0217504545161419,0,-0.708182185868896,0.197914826822271,-0.739781976813617,0,0.379294889922546,0.173358091990032,0.0789742753026723,0.379456113416962,0.174771917789307,0.0791910696937226,-0.000161223494415663,-0.00141382579927488,-0.000216794391050226,0.00143940828601119
317,6.32,4,0.426060336935732,0.908137769659121,-1.94544272582897,0,0.42924972864244,0.90724643418091,-1.94211102030361,0,-0.00318939170670846,0.000891335478211297,-0.00333170552536055,0,-0.139182258771799,0.0388970990674659,-0.145392709088341,0,-0.118600329027995,0.0331450918266849,-0.123892393242595,0,-0.0205819297438034,0.00575200724078102,-0.0215003158457453,0,-0.730577765546914,0.20417369263675,-0.763176869450961,0,0.379143779089738,0.172078686047625,0.078778815503819,0.379325477769131,0.173622300007812,0.0790147249749475,-0.000181698679392606,-0.00154361396018624,-0.00023590947112849,0.00157207243686256
318,6.34,4,0.423134910169448,0.908955335171758,-1.94849868803667,0,0.426585490955662,0.907991005494498,-1.94489413891624,0,-0.00345058078621402,0.000964329677260123,-0.00360454912043329,0,-0.153404948922132,0.0428718972397707,-0.160250029767922,0,-0.133211884338933,0.0372285656794198,-0.139155930631614,0,-0.0201930645831988,0.00564333156035083,-0.0210940991363073,0,-0.748919370285377,0.209299598933029,-0.782336894769475,0,0.378971033143125,0.170665029095333,0.0785636456103295,0.379174173314718,0.172332680665059,0.0788175645567561,-0.000203140171593286,-0.00166765156972593,-0.000253918946426596,0.00169905930404995
319,6.36,4,0.41992256238701,0.909853086156943,-1.95185437396061,0,0.423621685520769,0.90881929664766,-1.94799019228678,0,-0.00369912313375831,0.00103378950928323,-0.0038641816738314,0,-0.16786418948968,0.0469128038736999,-0.175354455978755,0,-0.148190271744641,0.0414145576580805,-0.154802668527004,0,-0.0196739177450385,0.00549824621561944,-0.0205517874517511,0,-0.763390668276601,0.213343875240712,-0.797453916418162,0,0.378774652828382,0.169115181517907,0.0783287132666292,0.379000180401563,0.170900106768579,0.078599368035366,-0.000225527573181061,-0.00178492525067159,-0.000270654768736778,0.00181936110780404
320,6.38,4,0.416419166669741,0.910832175959693,-1.95551409466667,0,0.420352523818565,0.909732925350918,-1.95140522722389,0,-0.00393335714882459,0.00109925060877536,-0.0041088674427765,0,-0.182499879716973,0.051003022682587,-0.190643205208015,0,-0.163458085110173,0.0456814351628947,-0.170751746855367,0,-0.0190417946068007,0.00532158751969234,-0.0198914583526483,0,-0.774171607018474,0.216356811271383,-0.808715911330616,0,0.378552513906154,0.167427885397737,0.0780740981030392,0.378801343087796,0.169322472828017,0.0783600766901171,-0.000248829181642485,-0.00189458743028051,-0.000285978587077906,0.00193213903352757
321,6.4,4,0.412621779621568,0.911893427167381,-1.95948092488815,0,0.416773693473554,0.910733096778684,-1.95514374852553,0,-0.0041519138519866,0.00116033038869678,-0.00433717636262432,0,-0.197253768100622,0.0551262741885855,-0.206055426712501,0,-0.178941517250543,0.0500085713883224,-0.18692606508198,0,-0.018312250850079,0.0051177028002631,-0.0191293616305212,0,-0.78143640220024,0.21838709487494,-0.816304868872856,0,0.378302372306622,0.165602549237027,0.0778000083055466,0.378575370662119,0.167598489434069,0.0780997878107944,-0.000272998355497267,-0.0019959401970423,-0.000299779505247871,0.00203670644031979
322,6.42,4,0.408528604383948,0.91303734194591,-1.96375674166123,0,0.412882288567664,0.9118206230444,-1.95920879177472,0,-0.00435368418371584,0.00121671890151009,-0.00454794988651042,0,-0.212069452391307,0.0592667957226696,-0.221532201518636,0,-0.194570245294547,0.0543763132858211,-0.203252162459436,0,-0.0174992070967602,0.00489048243684851,-0.0182800390591997,0,-0.785352560306789,0.21948153888798,-0.820395769835035,0,0.378021872448206,0.163639231931197,0.077506776621755,0.378319843128277,0.165727652120796,0.0778187485189532,-0.000297970680070647,-0.00208842018959898,-0.000311971897198199,0.00213251304313663
323,6.44,4,0.404138953650782,0.914264112375894,-1.96834226296027,0,0.40867674263765,0.912995941925672,-1.96360199333184,0,-0.00453778898686757,0.00126817045022165,-0.00474026962842733,0,-0.22689237959379,0.0634093414246342,-0.237016542422471,0,-0.210277296500683,0.0587659440635808,-0.219660077856138,0,-0.0166150830931073,0.00464339736105333,-0.0173564645663335,0,-0.786080560548904,0.219684992243232,-0.821156254169403,0,0.377708558618467,0.161538625922611,0.0771948558110244,0.378032220532711,0.163710210641609,0.0775173491285209,-0.000323661914244155,-0.0021715847189982,-0.000322493317496453,0.0022191302725051
324,6.46,4,0.399453212683337,0.915573630788826,-1.97323708633327,0,0.404156764483417,0.914259134803841,-1.96832365739063,0,-0.00470355180007948,0.00131449598498512,-0.00491342894263647,0,-0.241669845966907,0.0675391822430943,-0.252453393989681,0,-0.225998907711661,0.0631596439084454,-0.236083202939525,0,-0.015670938255246,0.00437953833464892,-0.0163701910501556,0,-0.783773945112867,0.21904036519149,-0.818746715266759,0,0.377359889271602,0.159302039460281,0.0768648135527407,0.377709855950886,0.161547138654288,0.0771961160776847,-0.000349966679284497,-0.00224509919400689,-0.00033130252494408,0.00229623788632061
325,6.48,4,0.394472802325161,0.916965500103264,-1.97843972753723,0,0.399323276751138,0.915609943828086,-1.97337282013553,0,-0.00485047442597719,0.00135555627517736,-0.00506690740170246,0,-0.256350997023568,0.0716421059354857,-0.267789632555566,0,-0.241674386613919,0.0675404512122753,-0.252458137244861,0,-0.0146766104096492,0.00410165472321047,-0.0153314953107054,0,-0.778579650790702,0.217588721981946,-0.813320646384353,0,0.376973254056973,0.156931377889039,0.0765173268320598,0.377350011895699,0.159240103725192,0.0768557044573483,-0.000376757838725261,-0.00230872583615246,-0.000338377625288433,0.00236361182787163
326,6.5,4,0.389200142017003,0.918439044161,-1.98394765917356,0,0.394178357158544,0.917047788341125,-1.97874731113898,0,-0.00497821514154068,0.00139125581987554,-0.00520034803458613,0,-0.270886827530761,0.0757044170680648,-0.282974066225053,0,-0.257245979629732,0.0718922256519141,-0.268724550172547,0,-0.0136408479010284,0.00381219141615075,-0.0142495160525056,0,-0.770638472174636,0.215369410310569,-0.805025124508725,0,0.376545993356958,0.154429123891182,0.0761531758273781,0.376949879868285,0.156791437511695,0.0764968901589502,-0.000403886511327001,-0.00236231362051245,-0.000343714331572126,0.00242111327645334
327,6.52,4,0.383638612811732,0.919993318063242,-1.98975734932347,0,0.388725182177079,0.918571780618287,-1.98444381219223,0,-0.00508656936534735,0.00142153744495455,-0.0053135371312385,0,-0.285230181509549,0.0797129370159083,-0.297957434872693,0,-0.272658749073225,0.0761996138581254,-0.284825052662722,0,-0.0125714324363246,0.00351332315778295,-0.0131323822099715,0,-0.760085585261226,0.212420207651114,-0.794001357323281,0,0.37607542008013,0.151798316605291,0.0757732373282577,0.376506602735838,0.154204105954463,0.0761205616646101,-0.000431182655707629,-0.00240578934917166,-0.000347324336352414,0.00246867881057733
328,6.54,4,0.377792520389255,0.921627118506785,-1.99586430018334,0,0.38296797296151,0.92018074097851,-1.99045791378842,0,-0.00517545257225543,0.00144637752827448,-0.0054063863949223,0,-0.299335752235073,0.0836550039629136,-0.312692410142663,0,-0.28786046077845,0.0804480180111477,-0.300705079809188,0,-0.0114752914566232,0.00320698595176583,-0.0119873303334759,0,-0.747051086358008,0.208777471862764,-0.780385246161748,0,0.375558843427463,0.149042529551103,0.0753784777166118,0.37601729959155,0.151481679300516,0.075727711504367,-0.000458456164086962,-0.0024391497494132,-0.000349233787755171,0.00250631159135524
329,6.56,4,0.371667058071435,0.923338994120191,-2.00226308670014,0,0.376911943311398,0.921873212327478,-1.99678416948307,0,-0.00524488523996314,0.00146578179271284,-0.00547891721707128,0,-0.313160082236547,0.0875184729017984,-0.327133595448766,0,-0.30280148250561,0.0846235674484031,-0.316312784732423,0,-0.0103585997309367,0.00289490545339524,-0.0108208107163434,0,-0.731660518615047,0.204476288339189,-0.764307936033997,0,0.374993594324911,0.146165847296111,0.0749699455476492,0.375479092727825,0.148628301779248,0.0753194274080191,-0.000485498402913231,-0.00246245448313684,-0.000349481860369871,0.00253407347002402
330,6.58,4,0.36526826983701,0.925127255799966,-2.0089473952068,0,0.37056324945384,0.923647474191782,-2.00341614835213,0,-0.00529497961682979,0.00147978160818418,-0.00553124685467754,0,-0.326661563297262,0.091291715634101,-0.34123752597443,0,-0.317434692877911,0.0887130932151868,-0.331598943453103,0,-0.00922687041935139,0.00257862241891424,-0.0096385825213271,0,-0.714035370070006,0.199550609196703,-0.745896335894296,0,0.374377052195566,0.143172840809223,0.0745487637704453,0.374889136334944,0.145648660763653,0.0748968831822896,-0.000512084139377478,-0.0024758199544293,-0.00034811941184433,0.00255207792542766
331,6.6,4,0.358603013336512,0.926989987046734,-2.01591006205765,0,0.363928941448254,0.925501556299764,-2.01034648575555,0,-0.00532592811174148,0.00148843074696958,-0.00556357630210202,0,-0.339800436454586,0.0949636207701805,-0.354962668672707,0,-0.331715400279311,0.0927041053991208,-0.346516870170988,0,-0.00808503617527573,0.00225951537105971,-0.00844579850171839,0,-0.694293534679663,0.194033382118153,-0.72527360024457,0,0.373706672728525,0.140068541459207,0.0741161216310305,0.374244646523121,0.142547955265635,0.074461329347443,-0.000537973794595858,-0.0024794138064273,-0.000345207716412457,0.00256048374231216
332,6.62,4,0.351678922907185,0.928925054301413,-2.02314311226373,0,0.357016916028795,0.927433251760594,-2.01756693259906,0,-0.0053379931216106,0.00149180254081938,-0.00557617966466806,0,-0.352538791999962,0.0985235937292161,-0.368269422266276,0,-0.345601270972904,0.0965847730414839,-0.36102234217588,0,-0.0069375210270583,0.0019388206877322,-0.00724708009039599,0,-0.672549732702226,0.187956667836582,-0.702559568274725,0,0.372980016289907,0.136858413630857,0.0736732663035979,0.373542932256224,0.139331863636012,0.0740140835708503,-0.000562915966316635,-0.00247345000515442,-0.000340817267252352,0.00255948934805167
333,6.64,4,0.344504372587902,0.930930117281396,-2.03063779812827,0,0.349835870716257,0.929440129888558,-2.02506840326989,0,-0.00533149812835482,0.00148998739283757,-0.0055693948583766,0,-0.364840569478909,0.101961556739208,-0.381120117247442,0,-0.359052265626948,0.100343906398215,-0.375073533541374,0,-0.00578830385196116,0.00161765034099229,-0.00604658370606748,0,-0.648915889874705,0.181351746103602,-0.677871159959009,0,0.37219477661403,0.133548325949479,0.0732214942978351,0.37278142678026,0.136006510365401,0.0735565209382242,-0.000586650166229441,-0.00245818441592113,-0.000335026640389147,0.00254932773294941
334,6.66,4,0.337088439134086,0.933002639316721,-2.03838463788201,0,0.342395259047768,0.931519548714964,-2.0328410224047,0,-0.00530681991368159,0.00148309060175633,-0.00554361547730897,0,-0.376671557691023,0.105267948836976,-0.393479015878133,0,-0.372030583424443,0.103970941320288,-0.388630956740555,0,-0.00464097426658011,0.00129700751668828,-0.0048480591375788,0,-0.623501476699762,0.174249210509399,-0.651322730482473,0,0.37134880940968,0.130144521124333,0.0727621426924655,0.371957719128947,0.13257843191086,0.0730900641062258,-0.000608909719266693,-0.00243391078652627,-0.000327921413760313,0.00253026188695734
335,6.68,4,0.329440865032627,0.935139897686251,-2.04637345431865,0,0.334705246788599,0.933668667225574,-2.04087417063171,0,-0.0052643817559716,0.00147123046067765,-0.00549928368694541,0,-0.387999394689973,0.108433725868161,-0.405312312189906,0,-0.384500612958438,0.107455925530476,-0.401657411350204,0,-0.00349878173153556,0.000977800337685922,-0.00365490083970255,0,-0.596413810227872,0.166679052821484,-0.623026385488592,0,0.370440160517824,0.126653584443593,0.0722965802468536,0.371069585292437,0.12905454150407,0.0726161733828182,-0.000629424774612919,-0.00240095706047716,-0.000319593135964621,0.00250258069314605
336,6.7,4,0.321572021516802,0.937338993953853,-2.05459341343021,0,0.326776669005339,0.935884457357312,-2.04915652941291,0,-0.005204647488537,0.00145453659654127,-0.00543688401730114,0,-0.398793567783508,0.111450360487226,-0.41658813198394,0,-0.396428889162995,0.110789506586905,-0.414117939059976,0,-0.00236467862051215,0.000660853900320502,-0.0024701929239645,0,-0.567758321263943,0.158670737660537,-0.593092260209404,0,0.369467093262781,0.123082410976885,0.0718261984439636,0.370115018643308,0.125442092929371,0.0721363367840751,-0.000647925380526548,-0.00235968195248532,-0.000310138340111538,0.00246659522533036
337,6.72,4,0.31349287158119,0.939596864304568,-2.06303306304241,0,0.318620987893574,0.938163715784114,-2.05767612509819,0,-0.00512811631238386,0.00143314852045417,-0.00535693794422532,0,-0.409025413533449,0.114309842157451,-0.427276532831042,0,-0.407784055588274,0.113962921340116,-0.425979784264164,0,-0.00124135794517471,0.000346920817334992,-0.00129674856687806,0,-0.53763879014188,0.150253268392117,-0.561628765760093,0,0.368428114648973,0.119438171566009,0.0713524025190576,0.369092259226455,0.121748643293443,0.0716520601180939,-0.000664144577482262,-0.00231047172743407,-0.000299657599036274,0.00242263540379716
338,6.74,4,0.305214932996594,0.941910289880793,-2.07168037145012,0,0.310250251265751,0.940503075518273,-2.06642037228978,0,-0.00503531826915721,0.00140721436251978,-0.00525999916034658,0,-0.418668117755696,0.117004677150939,-0.437349504071642,0,-0.418536831391112,0.116967986707958,-0.437212359579366,0,-0.000131286364583871,3.66904429810744e-05,-0.00013714449227592,0,-0.506157554207398,0.1414552451116,-0.528742805880177,0,0.367322000069618,0.115728277709542,0.0708766025292658,0.367999821536269,0.117982014842262,0.0711648571482085,-0.000677821466650519,-0.00225373713271994,-0.000288254618942746,0.00237104696904021
339,6.76,4,0.296750241324959,0.944275907118454,-2.08052276605269,0,0.301677051616246,0.942899017350477,-2.07537611660372,0,-0.00492681029128744,0.00137688976797701,-0.00514664944897225,0,-0.427696715520223,0.119527888548614,-0.446780966815797,0,-0.42865998247526,0.11979709161019,-0.447787215696969,0,0.000963266955036457,-0.000269203061576073,0.00100624888117229,0,-0.473415690028015,0.132304915566179,-0.494539967273779,0,0.366147816212127,0.111960345472149,0.0704002045195253,0.366836520425443,0.11415025591443,0.0706762398888058,-0.000688704213315738,-0.0021899104422814,-0.000276035369280433,0.00231218873878101
340,6.78,4,0.288111312934288,0.946690218083184,-2.08954717198936,0,0.29291448569073,0.945347881148907,-2.08452967690457,0,-0.00480317275644138,0.00134233693427677,-0.00501749508479588,0,-0.436088091151082,0.121873016240219,-0.45554677394319,0,-0.43812829627582,0.122443189921514,-0.457678015042445,0,0.00204020512473818,-0.000570173681295028,0.00213124109925539,0,-0.439513173149374,0.122830219801776,-0.45912468649448,0,0.364904941867167,0.108142158573917,0.0699246018403817,0.365601494814727,0.110261601152577,0.0701877090877094,-0.000696552947560658,-0.00211944257865997,-0.00026310724732774,0.00224643011834079
341,6.8,4,0.279311108013564,0.9491496008065,-2.09874005077468,0,0.283976114495954,0.947845877035258,-2.09386688708001,0,-0.00466500648238916,0.00130372377124144,-0.00487316369467239,0,-0.443820978226398,0.124034116924317,-0.463624710103127,0,-0.446918559738807,0.124899794317549,-0.466860508772334,0,0.00309758151240896,-0.00086567739323197,0.00323579866920737,0,-0.404549017990736,0.113058829259504,-0.422600396083092,0,0.363593086374215,0.104281630838472,0.0694511666727262,0.364294228901643,0.106324431125547,0.0697007449492965,-0.000701142527427812,-0.00204280028707504,-0.000249578276570378,0.00217414883869011
342,6.82,4,0.270362993587667,0.951650319621976,-2.10808743893388,0,0.274875923693981,0.950389096453313,-2.10337313741389,0,-0.00451293010631432,0.00126122316866317,-0.00471430151998886,0,-0.450875959578376,0.126005764108294,-0.470994491714542,0,-0.455009540098622,0.12716097090274,-0.475312516693996,0,0.00413358052024676,-0.00115520679444509,0.00431802497945388,0,-0.368621400226496,0.103018180977416,-0.385069652409809,0,0.36221230546556,0.100386768200273,0.0689812418137241,0.362914570598378,0.102347231542923,0.0692167981522316,-0.00070226513281868,-0.00196046334265011,-0.00023555633850747,0.00209572890022988
343,6.84,4,0.261280706532289,0.954188535501426,-2.11757498663825,0,0.265628284331918,0.952973523143759,-2.11303341560874,0,-0.00434757779962947,0.00121501235766686,-0.00454157102951491,0,-0.457235467293291,0.127783048108355,-0.477637766965994,0,-0.462381968103152,0.129221334522288,-0.483013909742192,0,0.00514650080986101,-0.00143828641393295,0.00537614277619863,0,-0.331827763765726,0.0927355074880265,-0.346634247427519,0,0.360763014302729,0.0964656304909728,0.0685161327769416,0.361462746964367,0.0983385522695892,0.0687372812149343,-0.000699732661637809,-0.00187292177861637,-0.000221148437992758,0.00201155870364373
344,6.86,4,0.252078316588858,0.956760316391072,-2.12718799634056,0,0.256247913864348,0.9555950440372,-2.12283234750255,0,-0.00416959727549021,0.00116527235387176,-0.00435564883800943,0,-0.462883782711501,0.129361576049525,-0.483538115815666,0,-0.469018523378467,0.131076044672048,-0.489946594690743,0,0.00613474066696612,-0.00171446862252383,0.00640847887507717,0,-0.294264914209699,0.0822378629366993,-0.307395306299399,0,0.359245997533885,0.092526293241391,0.068057100258002,0.359939376436995,0.0943069663708383,0.06826356026064,-0.000693378903109665,-0.00178067312944734,-0.000206460002637965,0.00192202935198779
345,6.88,4,0.242770189379456,0.959361647547727,-2.13691146141044,0,0.246749837431095,0.958249460075815,-2.13275423751889,0,-0.00397964805163983,0.00111218747191122,-0.00415722389155038,0,-0.467807036427434,0.130737471865649,-0.488681049991367,0,-0.474903821662661,0.132720801930782,-0.496094500816731,0,0.007096785235227,-0.00198333006513299,0.00741345082536404,0,-0.256029100459443,0.0715521458884621,-0.267453372647757,0,0.357662416237207,0.0885768097491671,0.0676053530150024,0.358345477704014,0.0902610294376365,0.0677969472321543,-0.000683061466807133,-0.00168421968846938,-0.000191594217151855,0.00182753311064687
346,6.9,4,0.233370949421731,0.961988441874969,-2.14673010476976,0,0.237149349357658,0.960932496972787,-2.14278310888428,0,-0.00377839993592688,0.00105594490218208,-0.00394699588547676,0,-0.471993208289597,0.131907376299396,-0.493054012990532,0,-0.48002440367185,0.134151844848552,-0.501443568269686,0,0.00803119538225233,-0.0022444685491555,0.0083895552791538,0,-0.217216085947641,0.0607051192350982,-0.2269084829646,0,0.356013811653285,0.0846251736720714,0.0671620412103776,0.356682475102983,0.0862092394565341,0.0673386926041597,-0.00066866344969746,-0.00158406578446274,-0.000176651393782132,0.00172846201387014
347,6.92,4,0.223895443143825,0.964636550259317,-2.15662841752805,0,0.227461974849842,0.963639815917452,-2.15290274364286,0,-0.00356653170601731,0.000996734341865202,-0.00372567388518652,0,-0.475432127400574,0.132868446902252,-0.496646380080222,0,-0.484368725390802,0.135365947233254,-0.505981737928978,0,0.0089365979902285,-0.00249750033100155,0.00933535784875555,0,-0.177921210797161,0.0497234275664893,-0.185860231543541,0,0.354302105648456,0.0806792824129549,0.0667282502579448,0.354952200475867,0.082159997499094,0.0668899786381948,-0.000650094827411352,-0.00148071508613914,-0.00016172838024997,0.00162520660838102
348,6.94,4,0.214358701899284,0.967301771906408,-2.16659069761786,0,0.217703431857707,0.966367024233143,-2.16309672249406,0,-0.00334472995842333,0.000934747673265068,-0.00349397512380856,0,-0.478115472117021,0.133618358034524,-0.499449458297122,0,-0.487927149606746,0.136360415784583,-0.509698942559849,0,0.00981167748972511,-0.00274205775005895,0.0102494842627271,0,-0.138239446047831,0.0386336123253278,-0.144407827126314,0,0.352529597890192,0.076746901564189,0.066304995215491,0.353156891450132,0.0781215695112775,0.0664519132222262,-0.000627293559939235,-0.00137466794708854,-0.000146918006735219,0.00151815482602958
349,6.96,4,0.204775904981982,0.969979864677175,-2.1766010884302,0,0.207889593087153,0.969109685993765,-2.1733484644761,0,-0.00311368810517185,0.000870178683409883,-0.00325262395410153,0,-0.480036770049673,0.134155300865342,-0.501456486447542,0,-0.490691938527702,0.13713308803109,-0.512587099102375,0,0.0106551684780295,-0.00297778716574812,0.0111306126548327,0,-0.0982654409565947,0.027462125026026,-0.102650142313498,0,0.350698959754635,0.0728356306770156,0.0658932157594907,0.351299186160646,0.074102049483875,0.0660255243330767,-0.000600226406010818,-0.00126641880685943,-0.000132308573586051,0.00140769097868968
350,6.98,4,0.195162342641036,0.972666555424019,-2.18664361744988,0,0.198036448140217,0.971863332604397,-2.18364126651508,0,-0.00287410549918074,0.00080322281962153,-0.00300235093480383,0,-0.481191398063339,0.134477983372653,-0.50266263510742,0,-0.492657247346834,0.13768233053161,-0.514640101948645,0,0.0114658492834946,-0.00320434715895779,0.0119774668412252,0,-0.0580935642481811,0.0162353387829972,-0.0606857566558783,0,0.348813225024378,0.068952870614442,0.0654937717744122,0.349382114468842,0.0701093242806663,0.0656117551558869,-0.000568889444463927,-0.0011564536662243,-0.000117983381474729,0.0012941948695812
351,7,4,0.185533379095727,0.97535755032699,-2.19670223489092,0,0.188160065767581,0.974623473350543,-2.19395834285671,0,-0.00262668667185348,0.000734076976447007,-0.00274389203420844,0,-0.481576582276908,0.134585630343226,-0.503065006622317,0,-0.493819118631798,0.13800703730727,-0.515853817081762,0,0.0122425363548898,-0.00342140696404397,0.0127888104594459,0,-0.0178179400875528,0.00497955836382125,-0.0186129942319258,0,0.346875777471208,0.0651057927352081,0.0651074395845773,0.347409085776121,0.066151040391634,0.0652114598903035,-0.000533308304912439,-0.0010452476564259,-0.000104020305726288,0.00117804101599045
352,7.02,4,0.175904415550419,0.978048545229961,-2.20676085233196,0,0.17827655621891,0.977385605920034,-2.20428286439604,0,-0.00237214066849123,0.000662939309927002,-0.00247798793592002,0,-0.481191398063339,0.134477983372653,-0.502662635107419,0,-0.494175477433549,0.138106628474547,-0.516226076966401,0,0.0129840793702095,-0.0036286451018942,0.0135634418589815,0,0.0224675205550662,-0.00627897104518382,0.0234700435876278,0,0.344890335453056,0.0613013101410321,0.0647349088517398,0.34538387356696,0.0622345728643077,0.0648254002682407,-0.000493538113903791,-0.000933262723275548,-9.04914165009568e-05,0.0010595979789485
353,7.04,4,0.166290853209473,0.980735235976805,-2.21680338135163,0,0.168402033678461,0.980145226901107,-2.21459799791793,0,-0.00211118046898784,0.00059000907569795,-0.00220538343370169,0,-0.480036770049672,0.134155300865342,-0.501456486447542,0,-0.493726127022447,0.137981049053643,-0.515756676094648,0,0.0136893569727752,-0.00382574818830142,0.0143001896471067,0,0.0626690925567208,-0.0175140561962334,0.0654654495719642,0,0.342860933686344,0.0575460512000302,0.0643767801564766,0.343310596852822,0.0583669966474674,0.0644542428028892,-0.000449663166477987,-0.000820945447437244,-7.74626464125627e-05,0.000939227795874986
354,7.06,4,0.156708056292171,0.983413328747571,-2.22681377216397,0,0.158552578775034,0.982897842259701,-2.22488694526,0,-0.00184452248286382,0.000515486487870254,-0.00192682690397783,0,-0.478115472117021,0.133618358034524,-0.499449458297122,0,-0.492472745171313,0.137630767929718,-0.514447367103209,0,0.0143572730542925,-0.004012409895194,0.0149979088060874,0,0.102693212799467,-0.0286995491168546,0.107275485723966,0,0.340791902383861,0.0538463355361814,0.0640335632761666,0.341193698720382,0.0545550605582572,0.0640985567831972,-0.000401796336521043,-0.000708725022075841,-6.49935070305974e-05,0.000817285512482798
355,7.08,4,0.147171315047629,0.986078550394663,-2.23677605225379,0,0.148744201156728,0.985638977798649,-2.23513298240777,0,-0.00157288610909873,0.000439572596014237,-0.0016430698460228,0,-0.475432127400573,0.132868446902252,-0.496646380080222,0,-0.490418880915324,0.137056776947381,-0.51230185738873,0,0.0149867535147505,-0.0041883300451295,0.0156554773085081,0,0.142446459385137,-0.0398093413011663,0.148802561567882,0,0.338687843973689,0.050208152648349,0.0637056761668311,0.339037922216187,0.0508051640566865,0.0637588130223649,-0.000350078242497887,-0.000597011408337504,-5.31368555337919e-05,0.000694118810414729
356,7.1,4,0.137695808769723,0.988726658779011,-2.24667436501208,0,0.138992802122176,0.988364189601076,-2.24531949853092,0,-0.00129699335245267,0.000362469177935254,-0.00135486648116423,0,-0.471993208289597,0.131907376299396,-0.493054012990532,0,-0.487569951727621,0.136260590121358,-0.509325806157372,0,0.0155767434380239,-0.00435321382196197,0.0162717931668402,0,0.181835533515211,-0.0508173586457139,0.189949215220382,0,0.336553607636316,0.0466371432930871,0.0633934446504649,0.336848283824328,0.0471233369809911,0.0634353833630377,-0.000294676188012211,-0.000486193687904063,-4.19387125727977e-05,0.000570067727161804
357,7.12,4,0.128296568811999,0.991353453106253,-2.2564930083714,0,0.129314137301029,0.991069074460045,-2.25543003496798,0,-0.00101756848903028,0.000284378646208228,-0.00106297340342509,0,-0.467807036427434,0.130737471865649,-0.488681049991367,0,-0.483933241057317,0.135244242948444,-0.505526821852965,0,0.0161262046298827,-0.00450677108279429,0.0168457718615975,0,0.220767243694626,-0.0616975570350631,0.23061809688944,0,0.334394261914528,0.0431385837337609,0.0630971028037414,0.334630044813632,0.0435152223639321,0.0631285409358939,-0.000235782899103532,-0.000376638630171157,-3.14381321525059e-05,0.000445464464800628
358,7.14,4,0.118988441602596,0.993954784262908,-2.26621647344128,0,0.119723779377361,0.9937492802962,-2.26544832416628,0,-0.000735337774764297,0.000205503966708487,-0.000768149274996688,0,-0.4628837827115,0.129361576049524,-0.483538115815666,0,-0.479517896183424,0.134010291807742,-0.500914459915176,0,0.0166341134719237,-0.00464871575821793,0.0173763440995101,0,0.259148491962044,-0.0724239184935099,0.270711954490533,0,0.332215065663836,0.0397173729249036,0.0628167940381993,0.332388680746066,0.039986062414406,0.0628384611622762,-0.000173615082230183,-0.000268689489502427,-2.16671240768906e-05,0.000320633284006248
359,7.16,4,0.109786051659166,0.996526565152554,-2.27582948314359,0,0.110237080850477,0.996400516564957,-2.27535832858279,0,-0.000451029191311084,0.000126048587596905,-0.000471154560798936,0,-0.457235467293291,0.127783048108355,-0.477637766965994,0,-0.474334926344183,0.132561813437872,-0.495500220825365,0,0.0170994590508922,-0.00477876532951738,0.0178624538593713,0,0.296886261886735,-0.082970447830657,0.310133621107532,0,0.330021437619945,0.0363780226657807,0.0625525728562418,0.330129849448423,0.0365406877113624,0.0625652234854486,-0.000108411828478649,-0.000162665045581691,-1.26506292068007e-05,0.000195890479675521
360,7.18,4,0.100703764603788,0.999064781032003,-2.28531703084796,0,0.100869136828348,0.999018564654582,-2.28514427955085,0,-0.000165372224560367,4.62163774210822e-05,-0.00017275129710459,0,-0.450875959578375,0.126005764108294,-0.470994491714542,0,-0.468397201106449,0.130902404481259,-0.489297548403215,0,0.0175212415280737,-0.00489664037296483,0.0183030566886726,0,0.333887608105436,-0.0933111697171884,0.348786004062993,0,0.327818924864086,0.0331246507214192,0.0623044072615853,0.327859357754719,0.033183509618601,0.0623088138090506,-4.0432890633213e-05,-5.88588971817822e-05,-4.40654746536318e-06,7.15444343256515e-05
361,7.2,4,0.0917556501778904,1.00156549984748,-2.29466441900715,0,0.0916347478494614,1.00159928827632,-2.29479071611729,0,0.00012090232842904,-3.37884288408308e-05,0.000126297110138562,0,-0.443820978226399,0.124034116924318,-0.463624710103127,0,-0.46171944894434,0.129036181086915,-0.482321828321955,0,0.0178984707179412,-0.00500206416259782,0.0186971182188273,0,0.370059647201727,-0.10342012613604,0.386572075390402,0,0.325613170466958,0.0299609768734435,0.0620721817971958,0.32558312732732,0.0299185158902068,0.0620691276154056,3.00431396381695e-05,4.24609832366807e-05,3.05418179014083e-06,5.21042547509458e-05
362,7.22,4,0.0829554452571664,1.0040248825708,-2.30385729779248,0,0.0825483827294554,1.0041386438476,-2.30428252385358,0,0.000407062527710986,-0.000113761276808955,0.000425226061098627,0,-0.436088091151082,0.121873016240219,-0.455546773943189,0,-0.454318256000306,0.126967778564195,-0.474590386814147,0,0.0182301648492238,-0.00509476232397575,0.0190436128709575,0,0.405309549755574,-0.11327137416041,0.423394863529012,0,0.323409880587794,0.0268903218275258,0.0618557011783493,0.323307159860687,0.0267492693978071,0.0618459737305971,0.000102720727106598,0.000141052429718729,9.72744775224604e-06,0.000174762578793738
363,7.24,4,0.0743165168664959,1.00643919353553,-2.31288170372915,0,0.0736241414293514,1.00663269086922,-2.31360497364445,0,0.000692375437144579,-0.000193497333698556,0.000723269915297475,0,-0.427696715520224,0.119527888548614,-0.446780966815797,0,-0.446212065005194,0.124702351080986,-0.466122489543566,0,0.0185153494849701,-0.00517446253237196,0.0193415227277688,0,0.439544533413861,-0.122838984017295,0.459157446085124,0,0.321214791296833,0.0239156088696483,0.0616546944832492,0.321037501963028,0.0236789098731188,0.0616390786976921,0.000177289333805841,0.000236698996529446,1.56157855570882e-05,0.000296144855768137
364,7.26,4,0.0658518251948607,1.00880481077319,-2.32172409833171,0,0.0648757179426132,1.00907760229724,-2.32274376045688,0,0.000976107252247518,-0.000272791524050353,0.00101966212516924,0,-0.418668117755695,0.117004677150939,-0.437349504071641,0,-0.437421174336917,0.12224557140064,-0.456939340621864,0,0.0187530565812214,-0.00524089424970116,0.0195898365502226,0,0.47267185684918,-0.132097037399058,0.493762943521376,0,0.319033635377604,0.0210393681301914,0.0614688198587182,0.318780209998448,0.0207101585229827,0.0614480917142295,0.000253425379156291,0.000329209607208714,2.07281444886687e-05,0.000415972408042852
365,7.28,4,0.0575738866102644,1.01111823634941,-2.33037140673942,0,0.0563163631986143,1.01146967491029,-2.33168504209191,0,0.00125752341165007,-0.000351438560878714,0.00131363535248896,0,-0.409025413533448,0.114309842157451,-0.427276532831041,0,-0.427967737199933,0.119603630652659,-0.447064081751436,0,0.0189423236664848,-0.00529378849520848,0.0197875489203951,0,0.504598814494703,-0.141019625992041,0.527114513656798,0,0.316872109350286,0.0182637432836071,0.0612976696938718,0.316541315155819,0.0178453253397611,0.0612725900851474,0.000330794194466522,0.000418417943846065,2.50796087244223e-05,0.000533973184344395
366,7.3,4,0.0494947366746529,1.01337610670013,-2.33881105635163,0,0.0479588479804137,1.01380533967295,-2.34041547792148,0,0.00153588869423914,-0.000429232972819937,0.00160442156984786,0,-0.398793567783508,0.111450360487226,-0.416588131983941,0,-0.417875760910039,0.116783238132818,-0.436521791478301,0,0.0190821931265309,-0.00533287764559254,0.0199336594943594,0,0.535232731954532,-0.149580850193844,0.559115346871975,0,0.314735840939447,0.0155905004825011,0.0611407762104366,0.314326788990926,0.0150863188981256,0.0611120851377446,0.000409051948520922,0.000504181584375483,2.86910726919887e-05,0.00064988133090923
367,7.32,4,0.041625893158827,1.01557520296773,-2.34703101546319,0,0.0398154258549946,1.01608117209553,-2.3489222676123,0,0.00181046730383245,-0.000505969127796879,0.00189125214910923,0,-0.387999394689973,0.108433725868161,-0.405312312189906,0,-0.407171106270948,0.113791621128942,-0.425339484540861,0,0.0191717115809756,-0.00535789526078027,0.0200271723509551,0,0.564480962002756,-0.157754817995293,0.589668661930025,0,0.312630357189138,0.0130210392987277,0.0609976174145328,0.312142509666157,0.0124346584002517,0.0609660285411015,0.000487847522981699,0.000586380898476051,3.15888734313957e-05,0.000763436716893827
368,7.34,4,0.0339783190573686,1.01771246133726,-2.35501983189983,0,0.0318977961143769,1.01829390259091,-2.35719318983834,0,0.0020805229429917,-0.000581441253646897,0.00217335793851392,0,-0.376671557691023,0.105267948836976,-0.393479015878133,0,-0.395881487030893,0.110636524769036,-0.413546111302261,0,0.0192099293398704,-0.00536857593205982,0.020067095424127,0,0.592250881096579,-0.165515644005886,0.618677702333933,0,0.310561053406171,0.0105564054209087,0.0608676233513314,0.309994229087551,0.00989148770565833,0.0608338189686613,0.000566824318619874,0.000664917715250329,3.38043826701578e-05,0.000874384419188901
369,7.36,4,0.0265623856035525,1.01978498337258,-2.36276667165357,0,0.0242170667261978,1.02044042682868,-2.36521664098345,0,0.00234531887735469,-0.000655443456100357,0.00244996932988206,0,-0.364840569478909,0.101961556739208,-0.381120117247442,0,-0.384036469408962,0.107326211888918,-0.401172557255582,0,0.0191958999300526,-0.00536465514971032,0.0200524400081406,0,0.618449886336522,-0.172837448604242,0.646045733151018,0,0.308533163088949,0.00819730483784101,0.0607501826010637,0.307887541113019,0.0074575910596321,0.060714809039437,0.000645621975929545,0.000739713778208909,3.53735616267434e-05,0.00098247417184241
370,7.38,4,0.0193878352842696,1.02179004635257,-2.37026135751811,0,0.016783717292553,1.02251781608702,-2.3729816738353,0,0.00260411799171656,-0.000727769734454764,0.00272031631719782,0,-0.352538791999963,0.0985235937292162,-0.368269422266276,0,-0.371667471682231,0.103869462916833,-0.388251642592562,0,0.0191286796822688,-0.00534586918761701,0.0199822203262855,0,0.642985392817033,-0.179694357197817,0.671676038245492,0,0.306551728975055,0.00594411922081354,0.0606446489524309,0.305827850978658,0.00513341021559271,0.06060831247058,0.000723877996397004,0.000810709005220827,3.63364818509807e-05,0.00108745978533792
371,7.4,4,0.0124637448549424,1.02372511360725,-2.37749440772419,0,0.00960756201603504,1.02452332760248,-2.38047803627186,0,0.00285618283890736,-0.000798213995232944,0.00298362854766765,0,-0.339800436454586,0.0949636207701805,-0.354962668672707,0,-0.35880776382589,0.100275575772877,-0.374818121827651,0,0.0190073273713041,-0.0053119550026962,0.0198554531549447,0,0.665764831316817,-0.186060499577218,0.695471917865659,0,0.304621575316357,0.00379692220496863,0.0605503481875572,0.303820346062848,0.00291906263201802,0.0605136113718701,0.000801229253509617,0.000877859572950605,3.67368156871037e-05,0.00118909854096598
372,7.42,4,0.00579848835444441,1.02558784485401,-2.38445707457503,0,0.0026977126720441,1.02645441491811,-2.38769620994126,0,0.00310077568240031,-0.000866570064091965,0.00323913536622999,0,-0.326661563297262,0.0912917156341009,-0.341237525974429,0,-0.345492467199554,0.0965543657813325,-0.360908683470338,0,0.0188309039022928,-0.00526265014723155,0.0196711574959094,0,0.686695646285887,-0.191910009353828,0.717336686541187,0,0.302747281466287,0.00175549626067121,0.0604665849112885,0.301869968080824,0.000814360413746493,0.060429963611074,0.000877313385462875,0.000941135846924721,3.66213002144858e-05,0.00128715056551611
373,7.44,4,-0.000600299879980282,1.02737610653379,-2.3911413830817,0,-0.0039374584134325,1.02830873822999,-2.39462744893605,0,0.00333715853345222,-0.000932631696201724,0.00348606585435185,0,-0.313160082236547,0.0875184729017984,-0.327133595448767,0,-0.331758554273837,0.092716165594256,-0.346561949739515,0,0.0185984720372899,-0.00519769269245755,0.0194283542907484,0,0.705685294091019,-0.197217023469324,0.737173671250152,0,0.300933156840635,-0.000180650159633215,0.0603926493568736,0.299981386776276,-0.00118117033936417,0.0603566101780969,0.000951770064359203,0.00100052017973095,3.60391787767103e-05,0.00138137819146897
374,7.46,4,-0.00672576219780019,1.02908798214719,-2.3975401695985,0,-0.010290355381273,1.03008417473249,-2.40126381846234,0,0.00356459318347278,-0.000996192585292599,0.0037236488638448,0,-0.299335752235073,0.0836550039629136,-0.312692410142664,0,-0.317644848392016,0.0887718251248694,-0.331818476314512,0,0.0183090961569433,-0.00511682116195586,0.0191260661718481,0,0.722641241486143,-0.201955681768377,0.754886209821443,0,0.299183217291112,-0.00201226551536285,0.0603278240998925,0.298158975151667,-0.00306827011634493,0.0602927824754441,0.00102424213944458,0.00105600460098208,3.50416244483953e-05,0.00147154530781533
375,7.48,4,-0.0125718546202773,1.03072178259074,-2.40364712045837,0,-0.016354195852519,1.03177882896228,-2.40759823350471,0,0.0037823412322417,-0.0010570463715398,0.00395111304633877,0,-0.285230181509549,0.0797129370159083,-0.297957434872693,0,-0.303192023562293,0.0847327114895018,-0.316720752118082,0,0.0179618420527438,-0.0050197744735935,0.0187633172453894,0,0.737470964279045,-0.206100126625851,0.770377649541665,0,0.297501162910433,-0.00374033842695169,0.0602713906127513,0.296406786255908,-0.00484792685054081,0.0602377094627266,0.00109437665452489,0.00110758842358912,3.3681150024778e-05,0.00155741670657044
376,7.5,4,-0.0181333838255484,1.03227605649298,-2.40945681060827,0,-0.0221230479380531,1.03339104314142,-2.41362449748725,0,0.00398966411250474,-0.00111498664843812,0.00416768687897706,0,-0.270886827530761,0.0757044170680648,-0.282974066225053,0,-0.288442604276712,0.0806107089569849,-0.30131319912725,0,0.0175557767459517,-0.00490629188892006,0.0183391329021965,0,0.750081946169507,-0.209624502622213,0.783551345941635,0,0.295890357269211,-0.00536608158915143,0.0602226355931413,0.294728531527128,-0.00652135738075308,0.0601906245838047,0.00116182574208357,0.00115527579160164,3.20110093365439e-05,0.00163875742999004
377,7.52,4,-0.0234060441337067,1.03374960055072,-2.41496474224461,0,-0.0275918672451194,1.03491940751951,-2.41933734093142,0,0.0041858231114127,-0.00116980696879221,0.00437259868681039,0,-0.256350997023567,0.0716421059354856,-0.267789632555566,0,-0.273440965353323,0.0764182189045407,-0.285642172208417,0,0.0170899683297553,-0.00477611296905509,0.0178525396528514,0,0.760381677736376,-0.212502956260323,0.794310661738068,0,0.294353808068579,-0.00689091664846452,0.0601808570015955,0.29312756066985,-0.00808998984388555,0.060150772406687,0.00122624739872862,0.00119907319542103,3.00845949084902e-05,0.00171533212344336
378,7.54,4,-0.0283864544918825,1.03514146986515,-2.42016738344857,0,-0.0327565338810914,1.03636277071509,-2.42473246011089,0,0.0043700793892089,-0.00122130084994132,0.00456507666232087,0,-0.241669845966907,0.0675391822430943,-0.252453393989681,0,-0.258233331798595,0.0721681597793341,-0.269755958973655,0,0.0165634858316879,-0.00462897753623988,0.0173025649839745,0,0.768277655554648,-0.21470963571893,0.802558965911577,0,0.292894149178574,-0.00831646033234015,0.0601453697456753,0.291606843030193,-0.00955544731294219,0.0601174149084881,0.00128730614838107,0.00123898698060204,2.79548371872052e-05,0.00178690439886504
379,7.56,4,-0.0330721954593275,1.03645098827809,-2.42506220682157,0,-0.0376138894548416,1.03772025005639,-2.429806555704,0,0.00454169399551403,-0.00126926177830811,0.00474434888243014,0,-0.226892379593791,0.0634093414246343,-0.237016542422471,0,-0.242867778687501,0.0678739670649555,-0.253704779655423,0,0.0159753990937105,-0.00446462564032117,0.016688237232952,0,0.773677381425612,-0.216218690637234,0.808199632902054,0,0.291513624020869,-0.00964451210213188,0.060115510951396,0.290168950419845,-0.0109195329788903,0.0600898373406354,0.00134467360102414,0.00127502087675842,2.56736107606265e-05,0.00185323621369499
380,7.58,4,-0.0374618461924933,1.03767775870807,-2.42964772812061,0,-0.0421617740760213,1.03899124192144,-2.43455737144395,0,0.00469992788352801,-0.00131348321336899,0.00490964332333776,0,-0.212069452391308,0.0592667957226698,-0.221532201518637,0,-0.227394231058989,0.0635495932522109,-0.237540786997383,0,0.0153247786676816,-0.00428279752954103,0.0160085854787459,0,0.776488361706432,-0.21700427192772,0.811136041908695,0,0.290214070245486,-0.010877043582992,0.0600906447662775,0.28881604132964,-0.0121842171563076,0.0600673536130843,0.00139802891584628,0.00130717357331555,2.32911531932098e-05,0.00191408727025022
381,7.6,4,-0.0415550214301134,1.0388216734866,-2.43392354489369,0,-0.0463990633525184,1.04017543207771,-2.43898373276713,0,0.00484404192240499,-0.00135375859111231,0.00506018787344686,0,-0.197253768100621,0.0551262741885854,-0.206055426712501,0,-0.211864463824861,0.0592095078136566,-0.221318066159209,0,0.01461069572424,-0.00408323362507113,0.0152626394467086,0,0.776618106725298,-0.217040531612653,0.811271576278859,0,0.288996905644624,-0.012016190001974,0.0600701666428961,0.287549846466472,-0.0133516263709929,0.0600493111406008,0.00144705917815163,0.00133543636901897,2.08555022953583e-05,0.00196921444051871
382,7.62,4,-0.0453524084782859,1.03988292469429,-2.43789037511517,0,-0.0503257053863256,1.04127280602134,-2.44308558545981,0,0.00497329690803973,-0.00138988132705276,0.00519521034463288,0,-0.182499879716974,0.0510030226825873,-0.190643205208016,0,-0.196332101690355,0.0548686971814034,-0.205092634633632,0,0.0138322219733804,-0.0038656744988161,0.0144494294256153,0,0.773974130271581,-0.216301622681598,0.808509622975593,0,0.287863115242448,-0.0130642438406845,0.0600535070570299,0.286371655542932,-0.0144240347629436,0.0600350950991924,0.0014914596995152,0.00135979092225914,1.84119578375275e-05,0.0020183712214872
383,7.64,4,-0.0488558041955552,1.04086201449704,-2.44155009582123,0,-0.0539427577680241,1.04228365931589,-2.44686403430329,0,0.0050869535724689,-0.0014216448188582,0.0053139384820633,0,-0.167864189489681,0.0469128038737003,-0.175354455978756,0,-0.180852619084923,0.0505426647277713,-0.188922442174119,0,0.0129884295952422,-0.00362986085407107,0.013567986195363,0,0.768463949151734,-0.214761698967242,0.80275357211359,0,0.286813239497439,-0.0140236508809505,0.0600401346204568,0.285282305247188,-0.0154038580103645,0.0600241320465385,0.0015309342502518,0.00138020712941399,1.60025739183167e-05,0.00206130722626475
384,7.66,4,-0.0520681519779928,1.04175976548222,-2.44490578174516,0,-0.0572524245700618,1.04320860793086,-2.45032138171793,0,0.00518427259206904,-0.00144884244864207,0.00541559997276142,0,-0.153404948922132,0.0428718972397708,-0.160250029767922,0,-0.165483340101889,0.0462474307484266,-0.172867370731848,0,0.0120783911797561,-0.00337553350865578,0.0126173409639258,0,0.759995082802025,-0.212394915037323,0.793906816554659,0,0.285847363553309,-0.0148970087911719,0.0600295585551977,0.284282168320926,-0.016293649949738,0.06001589286681,0.00156519523238369,0.00139664115856605,1.36656883876762e-05,0.00209776771648256
385,7.68,4,-0.0549935787442767,1.04257733099486,-2.44796174395287,0,-0.0602580933389787,1.04404859857982,-2.45346116640594,0,0.00526451459470201,-0.00147126758495841,0.005499422453072,0,-0.139182258771798,0.0388970990674658,-0.14539270908834,0,-0.150283438445848,0.0419995324476802,-0.156989234400755,0,0.0111011796740501,-0.00310243338021439,0.0115965253124149,0,0.748475052951204,-0.209175426100129,0.781872751555497,0,0.2849651074751,-0.0156870683673487,0.06002133050352,0.283371143675204,-0.0170961020334752,0.060009895007593,0.00159396379989601,0.00140903366612647,1.14354959270327e-05,0.00212749318171031
386,7.7,4,-0.0576374319207782,1.04331620547379,-2.45072356847817,0,-0.0629643720867153,1.04480491905833,-2.45628820199333,0,0.0053269401659371,-0.00148871358454272,0.00556463351515957,0,-0.125258069050223,0.035005722452273,-0.130847208222464,0,-0.135313937386824,0.0378160239256776,-0.141351779369645,0,0.0100558683366007,-0.00281030147340453,0.0105045711471808,0,0.733811383325723,-0.205077387922363,0.766554774459573,0,0.284165617408511,-0.0163967375061913,0.0600150456563409,0.282548647477316,-0.0178140457302966,0.060005703984753,0.0016169699311947,0.00141730822410531,9.34167158791327e-06,0.0021502189719497
387,7.72,4,-0.0600063164266368,1.04397823478785,-2.45319815495826,0,-0.0653771262811214,1.04547920858168,-2.45880861567094,0,0.00537080985448465,-0.00150097379382919,0.00561046071268523,0,-0.111696179023027,0.0312155972985001,-0.11668017322237,0,-0.12063770972031,0.0337144761672304,-0.126020683880454,0,0.0089415306972825,-0.00249887886873024,0.00934051065808342,0,0.715911599394115,-0.200074956757523,0.747856284430191,0,0.283447557602045,-0.0170290879482354,0.0600103431918369,0.281813605145687,-0.0184504579342463,0.060002934140049,0.00163395245635728,0.00142136998601089,7.40905178786555e-06,0.00216567498965495
388,7.74,4,-0.0621081316588478,1.04456562657204,-2.45539375526904,0,-0.06750351583577,1.04607346812232,-2.46102988683478,0,0.00539538417692227,-0.00150784155027184,0.00563613156574316,0,-0.098562237209906,0.0275450703192755,-0.102960181909762,0,-0.106319477732427,0.0297129770320798,-0.11106355819185,0,0.00775724052252109,-0.00216790671280431,0.00810337628208793,0,0.694683228142649,-0.19414228928327,0.725680682216075,0,0.282809103232714,-0.0175873647864671,0.0600069060260763,0.281164444193736,-0.0190084694060839,0.0600012486461015,0.0016446590389782,0.00142110461961679,5.65737997475224e-06,0.00217358544813336
389,7.76,4,-0.0639521084773402,1.04508096056375,-2.45732001216056,0,-0.0693520320991615,1.04659007074725,-2.46296088572573,0,0.00539992362182126,-0.00150911018349786,0.00564087356517229,0,-0.0859237413846287,0.0240130050365473,-0.0897577438759632,0,-0.0924258131695745,0.0258301312464145,-0.0965499445475284,0,0.00650207178494577,-0.00181712620986723,0.00679220067156511,0,0.670033797881042,-0.187253542547131,0.699931369948531,0,0.282247933976074,-0.0180749986905523,0.0600044598883872,0.2805990878668,-0.0194913762256843,0.0600003587640214,0.0016488461092739,0.00141637753513202,4.10112436576709e-06,0.00217366870367023
390,7.78,4,-0.0655488461900583,1.04552719893884,-2.45898799789239,0,-0.0709325348434006,1.04703177195515,-2.4646119120687,0,0.00538368865334229,-0.00150457301631235,0.00562391417631103,0,-0.0738500385750505,0.0206387817810869,-0.0771453004819366,0,-0.0790251372119533,0.0220850603954718,-0.0825513171485574,0,0.00517509863690281,-0.00144627861438489,0.00540601666662084,0,0.641870838072286,-0.179382873918933,0.67051175096352,0,0.281761228259596,-0.0184956207483508,0.0600027717459673,0.280114949517981,-0.0199026541859518,0.0600000223705852,0.00164627874161549,0.00140703343760099,2.74937538214531e-06,0.00216563716921541
391,7.8,4,-0.0669103495380472,1.04590769664792,-2.46041025286902,0,-0.0722562892524107,1.0474017200135,-2.46599473371129,0,0.00534593971436352,-0.00149402336557314,0.00558448084226537,0,-0.062412325063086,0.0174422976924818,-0.0651972248582509,0,-0.0661877204505079,0.0184974029170932,-0.0691410821292873,0,0.00377539538742189,-0.00105510522461145,0.00394385727103642,0,0.61010187918479,-0.170504441049543,0.637325229647266,0,0.281345658134138,-0.0188530797748919,0.0600016476149638,0.279708927668215,-0.0202459760075555,0.0600000417843634,0.00163673046592283,0.00139289623266356,1.60583060038882e-06,0.00214919731800973
392,7.82,4,-0.0680500656805276,1.04622621175246,-2.46160082427524,0,-0.073336002909747,1.04770346629542,-2.46712262526201,0,0.00528593722921936,-0.00147725454295511,0.00552180098677146,0,-0.0516836463847436,0.0144439667191447,-0.0539898219051197,0,-0.0539856828668118,0.0150873140961023,-0.0563945775363417,0,0.00230203648206822,-0.000643347376957554,0.00240475563122199,0,0.5746344525633,-0.160592401834662,0.600275211301586,0,0.280997384690779,-0.0191514618843673,0.0600009298089273,0.279377401692329,-0.0205252311994754,0.0600002609336743,0.00161998299844951,0.00137376931510812,6.68875252941847e-07,0.00212404978609076
393,7.84,4,-0.0689829211799827,1.04648691576099,-2.46257530471155,0,-0.0741858627860579,1.04794097561661,-2.46801040672822,0,0.00520294160607516,-0.00145405985561409,0.00543510201667319,0,-0.0417388973300927,0.011664719618305,-0.0436013282923665,0,-0.042492993815546,0.0118754660594091,-0.0443890733103102,0,0.000754096485453305,-0.000210746441104082,0.000787745017943771,0,0.535376090316583,-0.14962091438349,0.559265102026194,0,0.280712053938982,-0.0193951120629165,0.0600004936901853,0.279116228065473,-0.0207445483328456,0.0600005619236748,0.00159582587350882,0.00134943626992913,-6.82334895252268e-08,0.00208988958316372
394,7.86,4,-0.0697253589872389,1.04669440396527,-2.46335087082952,0,-0.0748215722262422,1.04811863657204,-2.46867448215362,0,0.00509621323900331,-0.00142423260676816,0.0053236113240942,0,-0.0326548219432841,0.00912600395601388,-0.0341119124594454,0,-0.0317854720092146,0.00888304777173938,-0.0332037712697866,0,-0.000869349934069466,0.000242956184274508,-0.000908141189658783,0,0.492234325218941,-0.137564136991326,0.514198308616244,0,0.280484793046221,-0.0195886574189695,0.0600002440053314,0.278920737092424,-0.0209083194348661,0.0600008610753421,0.00156405595379644,0.00131966201589662,-6.17070010706933e-07,0.00204640642189713
395,7.88,4,-0.0702953754265424,1.04685370577648,-2.46394632196724,0,-0.0752603879363389,1.04824127187268,-2.46913287825556,0,0.00496501250979649,-0.0013875660962035,0.00518655628832976,0,-0.024510013522553,0.00684978410714547,-0.0256036746154453,0,-0.0219407855048356,0.00613176503191279,-0.0229198050974615,0,-0.00256922801771742,0.000718019075232675,-0.00268386951798387,0,0.4451166906253,-0.124396228115696,0.464978238473298,0,0.28031020681839,-0.0197370317236489,0.060000110902695,0.278785730025139,-0.0210212261455809,0.0600011045255638,0.00152447679325168,0.00128419442193199,-9.93622868816768e-07,0.00199328517622807
396,7.9,4,-0.0707125571806499,1.04697029506136,-2.46438211878464,0,-0.0755211569701855,1.04831414868207,-2.46940528306212,0,0.00480859978953553,-0.00134385362071221,0.00502316427748539,0,-0.0173849146201968,0.00485854125539059,-0.0181606467390661,0,-0.0130384516923294,0.00364384046959881,-0.0136202403279953,0,-0.00434646292786745,0.00121470078579178,-0.0045404064110708,0,0.393930720396204,-0.110091346355385,0.411508299527123,0,0.280182374274145,-0.0198455007861526,0.0600000457473705,0.278705476451081,-0.0210882672130575,0.0600012634950616,0.00147689782306337,0.00124276642690492,-1.21774769106658e-06,0.00193020647976344
397,7.92,4,-0.0709981182759037,1.04705010047844,-2.46468042189896,0,-0.0756243537158736,1.04834298895292,-2.46951308454887,0,0.00462623543996984,-0.00129288847447873,0.00483266264991844,0,-0.0113618170425968,0.00317527339326279,-0.0118687925786411,0,-0.00515983728440544,0.00144201354249115,-0.00539007433745299,0,-0.00620197975819132,0.00173325985077164,-0.00647871824118806,0,0.338583948833158,-0.0946236504324398,0.353691900168083,0,0.280094845134468,-0.019919688138045,0.0600000168681768,0.278673711805822,-0.0211147868319198,0.060001329349452,0.00142113332864596,0.0011950986938748,-1.3124812751758e-06,0.00185684747583012
398,7.94,4,-0.0711749370673107,1.04709951581418,-2.46486513052006,0,-0.0755921168820284,1.0483339797636,-2.46947940927556,0,0.00441717981471773,-0.00123446394941484,0.00461427875549258,0,-0.00652486185020697,0.00182349532209528,-0.00681600765212596,0,0.00161184169225758,-0.000450459466157603,0.00168376366590851,0,-0.00813670354246455,0.00227395478825289,-0.00849977131803448,0,0.278983910622482,-0.0779672991764266,0.291432449188569,0,0.280040636011311,-0.0199656004259101,0.0600000053908053,0.278683634827936,-0.0211065032562212,0.0600013085984196,0.00135700118337534,0.00114090283031109,-1.3032076142741e-06,0.00177288273110322
399,7.96,4,-0.0712675932236303,1.04712541031915,-2.4649619210859,0,-0.0754482864839343,1.0482937836546,-2.46932916102256,0,0.00418069326030399,-0.00116837333545061,0.00436723993666144,0,-0.00296003935755998,0.000827238652042469,-0.0030921192471045,0,0.00719151990470735,-0.00200980544968617,0.00751241264968003,0,-0.0101515592622673,0.00283704410172864,-0.0106045318967845,0,0.215038140785052,-0.0600964515104884,0.224633355730453,0,0.280012226036237,-0.0199896518336582,0.0600000013324379,0.278727904732406,-0.0210695370402161,0.0600012179987684,0.00128432130383133,0.00107988520655791,-1.2166663304683e-06,0.0016779853250534
400,7.98,4,-0.071302404712457,1.04713513904422,-2.46499828589786,0,-0.0752184408295261,1.04822954896501,-2.46908905942728,0,0.00391603611706914,-0.00109440992078724,0.00409077352941933,0,-0.000755189133263044,0.000211051802078947,-0.000788886420784526,0,0.0114922827204085,-0.00321173447989597,0.0120050797642892,0,-0.0122474718536715,0.00342278628197491,-0.0127939661850737,0,0.146654174633484,-0.040985266439226,0.153198029240459,0,0.280001551622226,-0.0199986867737135,0.0600000001552994,0.278798637830718,-0.0210104381795504,0.0600010799490567,0.00120291379150822,0.00101175140583685,-1.07979375730399e-06,0.00157182812768066
401,8,4,-0.0713074647852903,1.04713655317671,-2.46500357175615,0,-0.0749299335052646,1.04814892016883,-2.46878767862029,0,0.00362246871997429,-0.0010123669921227,0.00378410686413977,0,-0,0,-0,0,0.0144253662130781,-0.00403143980868047,0.0150690403490983,0,-0.0144253662130781,0.00403143980868047,-0.0150690403490983,0,0.0737395477358672,-0.020607903038661,0.0770298794320107,0,0.28,-0.02,0.0599999999999999,0.27888740327232,-0.0209362113405153,0.0600009183866429,0.00111259672768027,0.000936211340515331,-9.18386642956293e-07,0.00145408527810042
402,8.02,5,-0.0713074647852903,1.04713655317671,-2.46500357175615,5.91036e-07,-0.0746119303619086,1.04806004821144,-2.46845548586154,0,0.00330446557661833,-0.000923495034733657,0.00345191410538481,5.91036e-07,0,0,0,8.8209e-05,0.0159001571677954,-0.00444359786945368,0.0166096379377385,0,-0.0159001571677954,0.00444359786945368,-0.0166096379377385,8.8209e-05,0.0124434143059247,-0.00347754608429204,0.0129986517837114,0.002585695056,0.28,-0.02,0.059999408964,0.278985217524076,-0.0208543382759622,0.0600007554223136,0.00101478247592357,0.000854338275962228,-1.34645831365021e-06,0.0013265289955993
403,8.04,5,-0.0713074647852903,1.04713655317671,-2.46500357175615,4.657152e-06,-0.0742889498528304,1.04796978523562,-2.46811809364207,1.03427802239996e-06,0.00298148506754006,-0.000833232058910838,0.00311452188591677,3.62287397760005e-06,0,0,0,0.000345744,0.0161490254539139,-0.00451314879113952,0.0168696109734127,5.17139011199989e-05,-0.0161490254539139,0.00451314879113952,-0.0168696109734127,0.000294030098880001,-0.0248320023242717,0.00693976993170664,-0.0259400308765778,0.00894292606824964,0.28,-0.02,0.059995342848,0.279084534593699,-0.0207711219499612,0.0599995718534493,0.000915465406300942,0.000771121949961241,-4.22900544938543e-06,0.00119696443403004
404,8.06,5,-0.0713074647852903,1.04713655317671,-2.46500357175615,1.5479748e-05,-0.0739759021446818,1.04788229816777,-2.46779107743495,5.64572647210034e-06,0.00266843735939147,-0.000745744991060615,0.00278750567879893,9.83402152789966e-06,0,0,0,0.000762129,0.0156523854074284,-0.00437435339250538,0.0163508103558811,0.000230572422485004,-0.0156523854074284,0.00437435339250538,-0.0163508103558811,0.000531556577514996,-0.0462039722094216,0.0129125687440461,-0.0482656392377295,0.0168110523898882,0.28,-0.02,0.0599845202519999,0.279180770189634,-0.0206904054062362,0.0599948313085031,0.000819229810365585,0.000690405406236192,-1.03110565031483e-05,0.00107140255041604
405,8.08,5,-0.0713074647852903,1.04713655317671,-2.46500357175615,3.6132864e-05,-0.073681336025417,1.04779997612742,-2.46748336748353,1.69815958777553e-05,0.00237387124012668,-0.000663422950708092,0.00247979572737655,1.91512681222447e-05,0,0,0,0.001327104,0.01472830596324,-0.00411610201762446,0.0153854975711266,0.000566793470282761,-0.01472830596324,0.00411610201762446,-0.0153854975711266,0.000760310529717239,-0.0571789952521322,0.01597974528168,-0.0597303786848756,0.0250423433840426,0.28,-0.02,0.059963867136,0.279271299858464,-0.0206144007724878,0.0599833879897019,0.000728700141536254,0.000614400772487783,-1.95208537019931e-05,0.000953348451112077
406,8.1,5,-0.0713074647852903,1.04713655317671,-2.46500357175615,6.94875e-05,-0.0734096415042531,1.04772404598518,-2.46719954968358,3.83344026370269e-05,0.00210217671896273,-0.000587492808468371,0.00219597792742787,3.11530973629731e-05,0,0,0,0.002030625,0.0135847260581974,-0.00379650711199087,0.0141908899974291,0.0010676403379636,-0.0135847260581974,0.00379650711199087,-0.0141908899974291,0.000962984662036397,-0.0614768492676747,0.0171808613929803,-0.0642200072057941,0.0330695776201618,0.28,-0.02,0.0599305124999999,0.279354779344263,-0.0205442516253338,0.059961948132164,0.000645220655736967,0.000544251625333749,-3.14356321640813e-05,0.000844693864804063
407,8.12,5,-0.0713074647852903,1.04713655317671,-2.46500357175615,0.000118215936,-0.0731625377227962,1.0476549881875,-2.46694141988652,7.29150404443627e-05,0.00185507293750586,-0.000518435010785856,0.0019378481303618,4.53008955556373e-05,0,0,0,0.002862864,0.0123551890728439,-0.00345288988413127,0.0129064898533132,0.00172903189036683,-0.0123551890728439,0.00345288988413127,-0.0129064898533132,0.00113383210963317,-0.0615964877062923,0.0172142966040398,-0.0643449840300846,0.0406262745986338,0.28,-0.02,0.059881784064,0.279430685684605,-0.0204804133538771,0.059927298367673,0.000569314315394975,0.000480413353877118,-4.55143036730346e-05,0.000746315839397739
408,8.14,5,-0.0713074647852903,1.04713655317671,-2.46500357175615,0.000184796052,-0.0729400725364218,1.04759281610846,-2.46670902808306,0.000123746188091157,0.00163260775113148,-0.000456262931744833,0.00170545632690766,6.10498639088428e-05,0,0,0,0.003814209,0.011123259318718,-0.00310860395205045,0.0116195901727114,0.00254155738233956,-0.011123259318718,0.00310860395205045,-0.0116195901727114,0.00127265161766044,-0.0592044112612116,0.0165457858665257,-0.0618461707634625,0.0476000186206256,0.28,-0.02,0.059815203948,0.27949900915272,-0.0204229092100691,0.0598764131711731,0.000500990847280225,0.000422909210069086,-6.12092231731254e-05,0.000658475966168298
409,8.16,5,-0.0713074647852903,1.04713655317671,-2.46500357175615,0.000271515648,-0.0727412891145519,1.04753726234376,-2.46650137474791,0.000193617343186197,0.00143382432926162,-0.000400709167050373,0.00149780299175895,7.78983048138033e-05,0,0,0,0.004875264,0.0099391710934938,-0.00277768823471994,0.0103826667574422,0.00349355775475205,-0.0099391710934938,0.00277768823471994,-0.0103826667574422,0.00138170624524795,-0.0554009889437141,0.0154828479893616,-0.0578730359729496,0.0539558426104481,0.28,-0.02,0.0597284843519999,0.279560048018111,-0.0203715015010705,0.0598065002819287,0.000439951981889286,0.00037150150107048,-7.80159299287875e-05,0.000581083123992243
410,8.18,5,-0.0713074647852903,1.04713655317671,-2.46500357175615,0.000380476764,-0.0725646660882596,1.04748790171826,-2.46631687062715,0.000285070835325415,0.00125720130296923,-0.00035134854155161,0.00131329887099918,9.54059286745855e-05,0,0,0,0.006036849,0.00883115131461954,-0.00246803127493272,0.00922520603798324,0.00457267460696099,-0.00883115131461954,0.00246803127493272,-0.00922520603798324,0.00146417439303901,-0.0509028959954675,0.0142257713434933,-0.0531742336597468,0.0596964450253111,0.28,-0.02,0.0596195232359999,0.279614273180882,-0.0203258049582642,0.0597150149033239,0.000385726819117915,0.000325804958264168,-9.54916673239492e-05,0.000513860592325048
411,8.2,5,-0.0713074647852903,1.04713655317671,-2.46500357175615,0.0005136,-0.0724084042203653,1.0474442314013,-2.46615363619986,0.000400402905474756,0.00110093943507503,-0.000307678224590324,0.00115006444370325,0.000113197094525244,0,0,0,0.00729,0.00781309339471021,-0.00218351584806286,0.00816172136478833,0.00576660350746718,-0.00781309339471021,0.00218351584806286,-0.00816172136478833,0.00152339649253282,-0.0461679243867015,0.0129024945022247,-0.0482279829254419,0.0648417323178668,0.28,-0.02,0.0594864,0.279662240118625,-0.0202853608188522,0.0595996586981579,0.000337759881375133,0.0002853608188522,-0.000113258698157953,0.000456442841011858
412,8.22,5,-0.0713074647852903,1.04713655317671,-2.46500357175615,0.000672628836,-0.0722706095222258,1.04740572208214,-2.46600969296573,0.000541671668551257,0.000963144736935498,-0.00026916890542994,0.00100612120957777,0.000130957167448743,0,0,0,0.008625969,0.00688973490697612,-0.00192546595801835,0.00719716170627943,0.00706343815382461,-0.00688973490697612,0.00192546595801835,-0.00719716170627943,0.00156253084617539,-0.0414802244459725,0.011592428617373,-0.0433311131678115,0.0694184685128645,0.28,-0.02,0.0593273711639999,0.279704532721902,-0.0202496843250907,0.0594583718270189,0.000295467278098371,0.000249684325090697,-0.000131000663019,0.000408416880569688
413,8.24,5,-0.0713074647852903,1.04713655317671,-2.46500357175615,0.000859133952,-0.0721494069138647,1.04737184973443,-2.46588308217687,0.000710707819032891,0.000841942128574372,-0.000235296557716591,0.000879510420719321,0.000148426132967109,0,0,0,0.010036224,0.00606013041805668,-0.00169361738567089,0.00633053944292322,0.00845180752408187,-0.00606013041805668,0.00169361738567089,-0.00633053944292322,0.00158441647591813,-0.0370083955036965,0.0103426919417587,-0.0386597467865323,0.0734551833872609,0.28,-0.02,0.059140866048,0.279741728493973,-0.020218294339975,0.0592893222083227,0.000258271506026586,0.000218294339975011,-0.000148456160322712,0.000369318048879457
414,8.26,5,-0.0713074647852903,1.04713655317671,-2.46500357175615,0.001074517548,-0.072043007663705,1.04734211446349,-2.46577193528673,0.000909126042869428,0.000735542878414722,-0.000205561286779954,0.0007683635305753,0.000165391505130572,0,0,0,0.011512449,0.00531996250798277,-0.00148676354683572,0.00555734450719259,0.00992091119182706,-0.00531996250798277,0.00148676354683572,-0.00555734450719259,0.00159153780817294,-0.0328449623181832,0.00917914225871904,-0.0343105370863217,0.0769797936344345,0.28,-0.02,0.058925482452,0.279774377950155,-0.0201907310241793,0.0590908940585382,0.00022562204984472,0.000190731024179287,-0.00016541160653822,0.000338592133012815
415,8.28,5,-0.0713074647852903,1.04713655317671,-2.46500357175615,0.001320017664,-0.0719497463984727,1.04731605084946,-2.46567451261142,0.00113833618415974,0.000642281613182347,-0.00017949767274672,0.000670940855266089,0.000181681479840263,0,0,0,0.013046544,0.00466306326161912,-0.00130318070166134,0.00487113376546617,0.0114605070645157,-0.00466306326161912,0.00130318070166134,-0.00487113376546617,0.00158603693548429,-0.0290331039141477,0.00811384675855488,-0.0303285897827144,0.0800186042422516,0.28,-0.02,0.0586799823359999,0.279802993353447,-0.0201665656261942,0.0588616766757815,0.000197006646552922,0.000166565626194208,-0.000181694339781595,0.000315544861666556
416,8.3,5,-0.0713074647852903,1.04713655317671,-2.46500357175615,0.0015967125,-0.0718680983748059,1.04729323277413,-2.46558922137202,0.00139955376714697,0.000560633589515622,-0.000156679597416831,0.000585649615870043,0.000197158732853027,0,0,0,0.014630625,0.00408240118333613,-0.00114090376649024,0.00426456196981184,0.0130608791493609,-0.00408240118333613,0.00114090376649024,-0.00426456196981184,0.00156974585063915,-0.0255846647151604,0.00715011558812161,-0.0267262778092324,0.0825959954570895,0.28,-0.02,0.0584032874999999,0.279828043497373,-0.0201454051375774,0.0586004538719057,0.000171956502627468,0.000145405137577371,-0.000197166371905796,0.000299309657445695
417,8.32,5,-0.0713074647852903,1.04713655317671,-2.46500357175615,0.001905524736,-0.0717966842170253,1.04727327474503,-2.46551462064375,0.00169380974831702,0.000489219431734966,-0.00013672156832234,0.000511048887597454,0.000211714987682983,0,0,0,0.016257024,0.00357070788903293,-0.000997901454727807,0.0037300364136272,0.0147127990585026,-0.00357070788903293,0.000997901454727807,-0.0037300364136272,0.00154422494149739,-0.022492214607162,0.00628587226232214,-0.0234958395127986,0.0847344359477916,0.28,-0.02,0.058094475264,0.279849952322342,-0.0201268936734695,0.0583061941806049,0.000150047677657583,0.000126893673469478,-0.000211718916604958,0.000288861921314301
418,8.34,5,-0.0713074647852903,1.04713655317671,-2.46500357175615,0.002247225852,-0.0717342669450875,1.04725583106484,-2.46544941825128,0.00202195950386618,0.000426802159797179,-0.000119277888132707,0.00044584649513002,0.000225266348133821,0,0,0,0.017918289,0.0031208635968897,-0.000872184009481367,0.00326011962337124,0.0164074877774584,-0.0031208635968897,0.000872184009481367,-0.00326011962337124,0.0015108012225416,-0.0197370559580761,0.00551589137635661,-0.0206177429544227,0.0864546384653936,0.28,-0.02,0.057752774148,0.279869099885105,-0.0201107118278922,0.0579780418367684,0.000130900114895194,0.000110711827892185,-0.000225267688768474,0.000283085641666782
419,8.36,5,-0.0713074647852903,1.04713655317671,-2.46500357175615,0.002622440448,-0.0716797444955329,1.0472405937412,-2.465392462956,0.0023846911148015,0.000372279710242618,-0.000104040564493646,0.000388891199844199,0.000237749333198504,0,0,0,0.019607184,0.00272612247772819,-0.000761866181954237,0.00284776476428279,0.0181365805467662,-0.00272612247772819,0.000761866181954237,-0.00284776476428279,0.00147060345323375,-0.017294478530302,0.00483326718972014,-0.0180661753012359,0.0877757659974519,0.28,-0.02,0.057377559552,0.279885824699648,-0.0200965748361802,0.0576153084644265,0.000114175300351904,9.65748361802451e-05,-0.000237748912426526,0.000280868730110144
420,8.38,5,-0.0713074647852903,1.04713655317671,-2.46500357175615,0.003031650564,-0.0716321398373905,1.04722728972444,-2.46534273413083,0.00278253303213583,0.000324675052100168,-9.07365477305078e-05,0.000339162374678903,0.00024911753186417,0,0,0,0.021316689,0.00238023290712212,-0.000665200838159827,0.00248644125825805,0.0198920958667154,-0.00238023290712212,0.000665200838159827,-0.00248644125825805,0.0014245931332846,-0.0151371529324257,0.00423036199014577,-0.0158125876972707,0.088715643977346,0.28,-0.02,0.0569683494359999,0.279900426806217,-0.0200842300927707,0.057217465390052,9.95731937827316e-05,8.42300927706915e-05,-0.000249115954052068,0.000281190839131584
421,8.4,5,-0.0713074647852903,1.04713655317671,-2.46500357175615,0.0034752,-0.071590590040421,1.04721567785247,-2.46529933034075,0.00321586120706107,0.00028312525513069,-7.91246757634312e-05,0.000295758584592853,0.000259338792938933,0,0,0,0.02304,0.00207748984847362,-0.000580593598356914,0.00217018950431264,0.0216664087462623,-0.00207748984847362,0.000580593598356914,-0.00217018950431264,0.00137359125373772,-0.0132372714564034,0.00369940439079516,-0.0138279316269675,0.0892909585206871,0.28,-0.02,0.0565248,0.279913171153661,-0.0200734543798082,0.0567841364954576,8.68288463385936e-05,7.34543798081647e-05,-0.000259336495457618,0.000283178763938493
422,8.42,5,-0.0713074647852903,1.04713655317671,-2.46500357175615,0.003953298636,-0.0715543351520341,1.04720554574226,-2.46526145772331,0.00368490576539458,0.000246870366743784,-6.89925655525947e-05,0.000257885967157367,0.000268392870605422,0,0,0,0.024770529,0.00181274441934556,-0.000506605510541012,0.0018936308717733,0.023452227916676,-0.00181274441934556,0.000506605510541012,-0.0018936308717733,0.00131830108332401,-0.0115678517125327,0.00323285365556078,-0.0120840207197292,0.089517432971735,0.28,-0.02,0.056046701364,0.279924291033936,-0.0200640510319115,0.0563150915301524,7.57089660636812e-05,6.40510319114516e-05,-0.000268390166152481,0.000286125258442364
423,8.44,5,-0.0713074647852903,1.04713655317671,-2.46500357175615,0.004466026752,-0.0715227074043322,1.04719670677351,-2.46522841871416,0.00418975729691678,0.000215242619041892,-6.01535968038913e-05,0.000224846958009728,0.000276269455083222,0,0,0,0.026501904,0.00158138738509491,-0.000441948437429798,0.00165195045737872,0.0252425765761106,-0.00158138738509491,0.000441948437429798,-0.00165195045737872,0.00125932742388935,-0.010103485797709,0.00282360906820683,-0.0105543133466016,0.0894099810652133,0.28,-0.02,0.055533973248,0.279933991410134,-0.0200558471752057,0.0558102398117965,6.60085898661067e-05,5.58471752057331e-05,-0.000276266563796562,0.000289481010062028
424,8.46,5,-0.0713074647852903,1.04713655317671,-2.46500357175615,0.005013339348,-0.0714951210509494,1.04718899724839,-2.46519960143036,0.00473037282086512,0.000187656265659072,-5.24440716824781e-05,0.000196029674200737,0.000282966527134883,0,0,0,0.028227969,0.00137931766914071,-0.000385476256065658,0.00144086419044667,0.027030776197415,-0.00137931766914071,0.000385476256065658,-0.00144086419044667,0.00119719280258497,-0.00882072681690703,0.00246511795306534,-0.00921431638885973,0.0889828377908163,0.28,-0.02,0.0549866606519999,0.279942452047225,-0.0200486911207513,0.0552696242528583,5.75479527745726e-05,4.86911207513152e-05,-0.000282963600858388,0.000292832702270953
425,8.48,5,-0.0713074647852903,1.04713655317671,-2.46500357175615,0.005595070464,-0.0714710629882933,1.04718227377045,-2.4651744698731,0.00530658147992973,0.000163598203003018,-4.57205937423044e-05,0.00017089811694726,0.000288488984070268,0,0,0,0.029942784,0.00120290313280258,-0.000336173897004352,0.00125657786266948,0.0288104329532313,-0.00120290313280258,0.000336173897004352,-0.00125657786266948,0.00113235104676868,-0.00769824235574973,0.0021514185658566,-0.00804174555866363,0.0882496701872955,0.28,-0.02,0.054404929536,0.279949830399005,-0.0200424499544379,0.0546934156606148,5.01696009954644e-05,4.24499544378829e-05,-0.000288486124614871,0.000295877054857469
426,8.5,5,-0.0713074647852903,1.04713655317671,-2.46500357175615,0.0062109375,-0.0714500842225796,1.04717641085994,-2.46515255501407,0.00591809000706926,0.000142619437289271,-3.98576832285613e-05,0.000148983257917124,0.000292847492930738,0,0,0,0.031640625,0.00104893828568759,-0.000293145525687221,0.00109574295149621,0.0305754263569772,-0.00104893828568759,0.000293145525687221,-0.00109574295149621,0.0010651986430228,-0.00671682198482463,0.00187714219088829,-0.0070165332382119,0.087223670619063,0.28,-0.02,0.0537890624999999,0.279956264233125,-0.0200370073408452,0.0540819072657613,4.37357668753857e-05,3.70073408452291e-05,-0.000292844765761364,0.000298396409855148
427,8.52,5,-0.0713074647852903,1.04713655317671,-2.46500357175615,0.006860545536,-0.0714317921856598,1.0471712988063,-2.46513344676834,0.00656448800245642,0.000124327400369453,-3.47456295912707e-05,0.000129875012182534,0.000296057533543585,0,0,0,0.033315984,0.000914601845991096,-0.000255602681869456,0.000955412286731978,0.0323198997693584,-0.000914601845991096,0.000255602681869456,-0.000955412286731978,0.00099608423064157,-0.00585929688287658,0.00163749067826205,-0.00612074451638613,0.0859176350325066,0.28,-0.02,0.053139454464,0.279961873993882,-0.0200322615430967,0.0534355094419936,3.81260061176336e-05,3.22615430967191e-05,-0.000296054977993697,0.0003002381546378
428,8.54,5,-0.0713074647852903,1.04713655317671,-2.46500357175615,0.007543391652,-0.0714158438674931,1.04716684174894,-2.46511678682041,0.00724525305185657,0.000108379082202778,-3.02885722252011e-05,0.000113215064254657,0.00029813860014343,0,0,0,0.034963569,0.000797415908333567,-0.000222852868304216,0.000832997396404258,0.0340382524700085,-0.000797415908333567,0.000222852868304216,-0.000832997396404258,0.000925316529991477,-0.00511040994639353,0.0014282001435642,-0.00533844150261946,0.0843440284678737,0.28,-0.02,0.052456608348,0.279966764913061,-0.0200281236513423,0.0527547445850036,3.32350869389209e-05,2.81236513422906e-05,-0.000298136237003629,0.000301298401229321
429,8.56,5,-0.0713074647852903,1.04713655317671,-2.46500357175615,0.008258869248,-0.071401939713305,1.04716295597163,-2.46510226224908,0.00795975571264394,9.44749280146623e-05,-2.64027949166135e-05,9.86904929276555e-05,0.000299113535356058,0,0,0,0.036578304,0.000695207709405689,-0.00019428886543293,0.000726228566351861,0.0357251330393661,-0.000695207709405689,0.00019428886543293,-0.000726228566351861,0.000853170960633892,-0.00445666138664755,0.00124549781699725,-0.00465552203427168,0.0825150398275364,0.28,-0.02,0.051741130752,0.279971028885114,-0.0200245160071523,0.0520402421244811,2.89711148856453e-05,2.45160071522532e-05,-0.000299111372481176,0.000301509491147425
430,8.58,5,-0.0713074647852903,1.04713655317671,-2.46500357175615,0.009006272364,-0.0713898182236715,1.04715956839345,-2.46508959988657,0.00870726438936226,8.23534383812136e-05,-2.30152167346453e-05,8.60281304144728e-05,0.000299007974637736,0,0,0,0.038155329,0.00060607448167274,-0.000169378909092985,0.00063311812566643,0.0373754338359168,-0.00060607448167274,0.000169378909092985,-0.00063311812566643,0.000779895164083194,-0.00388614579533344,0.00108605650839517,-0.00405954947188132,0.0804426276233256,0.28,-0.02,0.0509937276359999,0.279974746125904,-0.0200213708083865,0.0512927336470655,2.52538740965202e-05,2.13708083865241e-05,-0.000299006011065542,0.000300830623875468
431,8.6,5,-0.0713074647852903,1.04713655317671,-2.46500357175615,0.0097848,-0.0713792511923562,1.04715661523787,-2.46507856134384,0.00948695011712991,7.17864070658991e-05,-2.00620611561231e-05,7.49895876897e-05,0.000297849882870085,0,0,0,0.03969,0.000528351565766073,-0.000147657778925082,0.000551927136228805,0.0389842863883833,-0.000528351565766073,0.000147657778925082,-0.000551927136228805,0.000705713611616719,-0.00338839060873154,0.000946949462889338,-0.00353958395560611,0.0781385581678049,0.28,-0.02,0.0502152,0.279977986635185,-0.0200186288780832,0.050513048111824,2.201336481511e-05,1.86288780832378e-05,-0.000297848111824053,0.000299240908042796
432,8.62,5,-0.0713074647852903,1.04713655317671,-2.46500357175615,0.010593560436,-0.0713700395172844,1.04715404086207,-2.4650689386347,0.0102978912681647,6.25747319940723e-05,-1.74876853626937e-05,6.53668785473016e-05,0.00029566916783532,0,0,0,0.041177889,0.000460583753591443,-0.000128718789667296,0.000481135457116685,0.0405470575517393,-0.000460583753591443,0.000128718789667296,-0.000481135457116685,0.000630831448260663,-0.00295420187242164,0.000825607257076545,-0.00308602128760353,0.0756144374470214,0.28,-0.02,0.049406439564,0.279980811482823,-0.0200162385809498,0.0497021071428946,1.91885171768047e-05,1.62385809498455e-05,-0.000295667578894675,0.000296734237849541
433,8.64,5,-0.0713074647852903,1.04713655317671,-2.46500357175615,0.011431575552,-0.0713620095229615,1.04715179672918,-2.46506055033407,0.0111390781941783,5.45447376712055e-05,-1.52435524722883e-05,5.69785779198639e-05,0.000292497357821673,0,0,0,0.042614784,0.000401499716143007,-0.000112206644525764,0.00041941503136461,0.0420593463006799,-0.000401499716143007,0.000112206644525764,-0.00041941503136461,0.000555437699320128,-0.00257552055573958,0.000719777643286453,-0.0026904428353058,0.0728817377140114,0.28,-0.02,0.0485684244479999,0.279983273937773,-0.0200141548717159,0.0488609203864719,1.67260622273568e-05,1.41548717158962e-05,-0.000292495938471929,0.000293315522217119
434,8.66,5,-0.0713074647852903,1.04713655317671,-2.46500357175615,0.012297785148,-0.071355009736861,1.04714984050735,-2.46505323821058,0.0120094178152775,4.75449515706383e-05,-1.32873306391001e-05,4.96664544265002e-05,0.000288367332722484,0,0,0,0.043996689,0.000349989305028216,-9.78110916600352e-05,0.000365606174658495,0.0435169810549601,-0.000349989305028216,9.78110916600352e-05,-0.000365606174658495,0.000479707945039938,-0.00224529094350049,0.000627488769290689,-0.00234547805051988,0.0699518196747252,0.28,-0.02,0.0477022148519999,0.279985420457546,-0.0200123384606383,0.0479905809214477,1.45795424544293e-05,1.23384606382573e-05,-0.000288366069447793,0.000288997907739609
435,8.68,5,-0.0713074647852903,1.04713655317671,-2.46500357175615,0.013191051264,-0.0713489080671378,1.04714813528102,-2.46504686427831,0.0129077381642466,4.1443281847478e-05,-1.15821043136233e-05,4.32925221534042e-05,0.000283313099753412,0,0,0,0.045319824,0.000305083486158207,-8.52613162742217e-05,0.000318696613648098,0.0449160174484545,-0.000305083486158207,8.52613162742217e-05,-0.000318696613648098,0.000403806551545476,-0.00195734153841634,0.000547015894122106,-0.00204468005762155,0.0668359509949422,0.28,-0.02,0.046808948736,0.279987291554385,-0.0200107550826548,0.0470922607147907,1.27084456152393e-05,1.07550826548217e-05,-0.000283311978790758,0.000283800728891246
436,8.7,5,-0.0713074647852903,1.04713655317671,-2.46500357175615,0.0141101625,-0.07134358933403,1.04714664886106,-2.46504130821806,0.0138327928936136,3.61245487396772e-05,-1.00956843458455e-05,3.77364619033038e-05,0.000277369606386366,0,0,0,0.046580625,0.000265936655389881,-7.43209983917798e-05,0.000277803012495668,0.0462527364683534,-0.000265936655389881,7.43209983917798e-05,-0.000277803012495668,0.000327888531646656,-0.00170627823382991,0.000476851533251045,-0.00178241405958298,0.0635453217378341,0.28,-0.02,0.0458898374999999,0.279988922552803,-0.0200093748579437,0.0461672061142335,1.10774471973052e-05,9.37485794374332e-06,-0.000277368614233567,0.000277747990019233
437,8.72,5,-0.0713074647852903,1.04713655317671,-2.46500357175615,0.015053838336,-0.0713389531122157,1.0471453531817,-2.46503646512343,0.0147832657516759,3.14883269254135e-05,-8.80000499137168e-06,3.28933672770759e-05,0.0002705725843241,0,0,0,0.047775744,0.000231811090713281,-6.47839677267583e-05,0.000242154731304006,0.0475236429031101,-0.000231811090713281,6.47839677267583e-05,-0.000242154731304006,0.000252101096889883,-0.00148738912172427,0.000415678855397997,-0.00155375789837253,0.0600910572404403,0.28,-0.02,0.044946161664,0.279990344251633,-0.0200081717328905,0.0452167333720676,9.65574836725436e-06,8.17173289049955e-06,-0.000270571708067643,0.000270867236670675
438,8.74,5,-0.0713074647852903,1.04713655317671,-2.46500357175615,0.016020733452,-0.0713349118460502,1.04714422377389,-2.46503224353197,0.0157577750326343,2.74470607598415e-05,-7.6705971789881e-06,2.86717758104515e-05,0.000262958419365741,0,0,0,0.048902049,0.000202063308278796,-5.64703906187985e-05,0.000211079573336556,0.0487254640479189,-0.000202063308278796,5.64703906187985e-05,-0.000211079573336556,0.000176584952081095,-0.00129656008959177,0.000362348094477159,-0.00135441388568597,0.0564842288539558,0.28,-0.02,0.043979266548,0.279991583502302,-0.020007122991651,0.0442422241948801,8.41649769767194e-06,7.1229916510443e-06,-0.000262957646880106,0.00026318871270683
439,8.76,5,-0.0713074647852903,1.04713655317671,-2.46500357175615,0.017009442048,-0.0713313892039204,1.04714323930531,-2.46502856370605,0.0167548780051342,2.39244186300974e-05,-6.68612860432738e-06,2.49919498980233e-05,0.00025456404286581,0,0,0,0.049956624,0.000176132106486961,-4.92234287292555e-05,0.000183991295622837,0.049855148624998,-0.000176132106486961,4.92234287292555e-05,-0.000183991295622837,0.000101475375001998,-0.00113020026672948,0.000315855714152371,-0.00118063092265441,0.0527358629017548,0.28,-0.02,0.0429905579519999,0.279992663713704,-0.0200062088296027,0.0432451213149212,7.33628629634442e-06,6.20882960267882e-06,-0.000254563362921213,0.000254744727920745
440,8.78,5,-0.0713074647852903,1.04713655317671,-2.46500357175615,0.018018502164,-0.0713283186418974,1.04714238117903,-2.46502535613251,0.0177730753227948,2.08538566070504e-05,-5.82800231541114e-06,2.17843763548053e-05,0.000245426841205165,0,0,0,0.050936769,0.000153528101152372,-4.29063144462082e-05,0.00016037867716975,0.0509098658830331,-0.000153528101152372,4.29063144462082e-05,-0.00016037867716975,2.69031169669379e-05,-0.0009851763623424,0.000275326057383049,-0.00102913590791446,0.0488569481512865,0.28,-0.02,0.0419814978359999,0.279993605292826,-0.0200054119809836,0.0422269240795112,6.39470717428425e-06,5.41198098355511e-06,-0.000245426243511218,0.000245569181336012
441,8.8,5,-0.0713074647852903,1.04713655317671,-2.46500357175615,0.0190464,-0.0713256421504193,1.04714163318316,-2.46502256021333,0.0188108154197161,1.81773651289352e-05,-5.08000644949824e-06,1.8988457174629e-05,0.000235584580283919,0,0,0,0.05184,0.000133824573905523,-3.73997932985468e-05,0.000139795959011459,0.0518870048460589,-0.000133824573905523,3.73997932985468e-05,-0.000139795959011459,-4.70048460588582e-05,-0.000858754965216935,0.000239995221021112,-0.000897073462766277,0.044858442046,0.28,-0.02,0.0409536,0.279994426029216,-0.0200047173939357,0.0411891840554897,5.57397078393418e-06,4.71739393573256e-06,-0.000235584055489763,0.000235697200146392
442,8.82,5,-0.0713074647852903,1.04713655317671,-2.46500357175615,0.020091574236,-0.0713233091609272,1.04714098118538,-2.46502012312353,0.0198664988934556,1.58443756369114e-05,-4.42800867195281e-06,1.65513673793249e-05,0.000225075342544356,0,0,0,0.052664049,0.000116649474601184,-3.25998888781247e-05,0.000121854489756134,0.0527841736869788,-0.000116649474601184,3.25998888781247e-05,-0.000121854489756134,-0.00012012468697882,-0.000748551928332545,0.000209196910367212,-0.000781953057190184,0.0407512759032867,0.28,-0.02,0.039908425764,0.27999514143036,-0.0200041119469852,0.0401335006462096,4.85856963960973e-06,4.11194698515457e-06,-0.000225074882209637,0.000225164864951515
443,8.84,5,-0.0713074647852903,1.04713655317671,-2.46500357175615,0.021152420352,-0.0713212755922065,1.04714041286637,-2.46501799881496,0.0209384828775565,1.38108069162174e-05,-3.85968965854744e-06,1.44270588071649e-05,0.000213937474443485,0,0,0,0.053406864,0.000101678436034534,-2.84159506707805e-05,0.000106215428612331,0.0535991992050446,-0.000101678436034534,2.84159506707805e-05,-0.000106215428612331,-0.000192335205044587,-0.000652488029068937,0.000182350047560866,-0.000681602691530123,0.0365463592496747,0.28,-0.02,0.038847579648,0.279995765014196,-0.0200035842017222,0.0390615167189908,4.23498580370829e-06,3.58420172216073e-06,-0.000213937070990815,0.000214008999695975
444,8.86,5,-0.0713074647852903,1.04713655317671,-2.46500357175615,0.022227294948,-0.0713195030186975,1.04713991748737,-2.46501614714747,0.0220250854053572,1.20382334071606e-05,-3.36431066405574e-06,1.25753913113869e-05,0.000202209542642755,0,0,0,0.054066609,8.86286754531554e-05,-2.47689497195633e-05,9.25833747817284e-05,0.054330126390038,-8.86286754531554e-05,2.47689497195633e-05,-9.25833747817284e-05,-0.000263517390038048,-0.000568750168347048,0.000158947927985692,-0.000594128364495883,0.0322545834369147,0.28,-0.02,0.0377727050519999,0.279996308564206,-0.0200031241870932,0.0379749142413003,3.69143579359577e-06,3.12418709324039e-06,-0.000202209189300369,0.000202267010361859
445,8.88,5,-0.0713074647852903,1.04713655317671,-2.46500357175615,0.023314520064,-0.0713179579452557,1.04713948568755,-2.46501453313132,0.0231245897665328,1.04931599654301e-05,-2.93251084082513e-06,1.09613751617665e-05,0.000189930297467163,0,0,0,0.054641664,7.72536720862136e-05,-2.15899911598492e-05,8.07008074918099e-05,0.0549752180587764,-7.72536720862136e-05,2.15899911598492e-05,-8.07008074918099e-05,-0.000333554058776414,-0.000495757445181263,0.000138548739114471,-0.000517878633659545,0.0278868246578244,0.28,-0.02,0.0366854799359999,0.279996782351854,-0.0200027232112863,0.0368754099242051,3.21764814603664e-06,2.7232112862971e-06,-0.000189929988205155,0.000189976760575897
446,8.9,5,-0.0713074647852903,1.04713655317671,-2.46500357175615,0.0244123875,-0.0713166111747921,1.04713910930722,-2.46501312626662,0.0242352488575715,9.14638950177959e-06,-2.55613051325376e-06,9.5545104654704e-06,0.000177138642428524,0,0,0,0.055130625,6.73385231825886e-05,-1.88190163775599e-05,7.03432348186193e-05,0.0555329545519329,-6.73385231825886e-05,1.88190163775599e-05,-7.03432348186193e-05,-0.000402329551932881,-0.000432131513473812,0.000120767276225821,-0.000451413649825345,0.02345394646187,0.28,-0.02,0.0355876124999999,0.279997195330528,-0.0200023736976957,0.0357647508718944,2.80466947200075e-06,2.37369769574142e-06,-0.000177138371894481,0.000177176475326228
447,8.92,5,-0.0713074647852903,1.04713655317671,-2.46500357175615,0.025519163136,-0.0713154372569338,1.04713878123381,-2.46501189996738,0.0253552895271949,7.97247164351089e-06,-2.22805709615415e-06,8.32821122909166e-06,0.000163873608805133,0,0,0,0.055532304,5.86958929131125e-05,-1.64036708530435e-05,6.13149618221126e-05,0.0560020334811702,-5.86958929131125e-05,1.64036708530435e-05,-6.13149618221126e-05,-0.000469729481170224,-0.000376670693911161,0.000105267707445455,-0.000393478113533085,0.0189668018530398,0.28,-0.02,0.034480836864,0.279997555304632,-0.0200020690418957,0.0346447102362603,2.44469536753167e-06,2.06904189572685e-06,-0.000163873372260349,0.00016390466621114
448,8.94,5,-0.0713074647852903,1.04713655317671,-2.46500357175615,0.026633091252,-0.0713144140073531,1.04713849526747,-2.46501083105939,0.0264829169175595,6.94922206281867e-06,-1.94209076198604e-06,7.25930323808299e-06,0.000150174334440548,0,0,0,0.055845729,5.11624790348895e-05,-1.42983167041344e-05,5.3445399551451e-05,0.056381369518231,-5.11624790348895e-05,1.42983167041344e-05,-5.3445399551451e-05,-0.000535640518231031,-0.000328327374415922,9.17572578840848e-05,-0.000342977667220721,0.0144362350398785,0.28,-0.02,0.0333669087479999,0.279997869077002,-0.0200018034869391,0.0335170828756987,2.13092299811146e-06,1.80348693907401e-06,-0.000150174127698757,0.00015020007332903
449,8.96,5,-0.0713074647852903,1.04713655317671,-2.46500357175615,0.027752398848,-0.0713135220887222,1.04713824600404,-2.46500989934247,0.0276163188019401,6.0573034318806e-06,-1.69282733097909e-06,6.32758631402552e-06,0.000136080046059889,0,0,0,0.056070144,4.45959315465706e-05,-1.24631715464526e-05,4.65858462070361e-05,0.0566700942190286,-4.45959315465706e-05,1.24631715464526e-05,-4.65858462070361e-05,-0.000599950219028603,-0.000286188287743351,7.99806978311436e-05,-0.000298958292738171,0.00987308289493732,0.28,-0.02,0.032247601152,0.279998142577413,-0.0200015720146388,0.0323836810174297,1.85742258657084e-06,1.57201463884399e-06,-0.000136079865429711,0.000136101620210996
450,8.98,5,-0.0713074647852903,1.04713655317671,-2.46500357175615,0.028875299964,-0.0713127446454064,1.04713802873289,-2.46500908720886,0.0287536699194786,5.27986011604475e-06,-1.47555617924233e-06,5.51545270699449e-06,0.000121630044521356,0,0,0,0.056205009,3.88721657917037e-05,-1.08635575898298e-05,4.06066803522729e-05,0.0568675558769274,-3.88721657917037e-05,1.08635575898298e-05,-4.06066803522729e-05,-0.000662546876927385,-0.000249457304229598,6.97155338723622e-05,-0.000260588336346008,0.00528817617221908,0.28,-0.02,0.031124700036,0.279998380974617,-0.0200013702507881,0.0312463299227531,1.61902538298175e-06,1.37025078813385e-06,-0.000121629886753113,0.00012164837928221
451,9,5,-0.0713074647852903,1.04713655317671,-2.46500357175615,0.03,-0.0713120669850122,1.04713783934795,-2.46500837931059,0.029893136307486,4.60219972189813e-06,-1.28617124106611e-06,4.80755443454939e-06,0.000106863692513962,0,0,0,0.05625,3.38830197071118e-05,-9.46924691238256e-06,3.53949136253528e-05,0.0569733194003718,-3.38830197071118e-05,9.46924691238256e-06,-3.53949136253528e-05,-0.000723319400371757,-0.000217440421952424,6.07678141410397e-05,-0.000227142829052117,0.000692340522327278,0.28,-0.02,0.03,0.279998588773995,-0.0200011943825335,0.0301068635547507,1.41122600516574e-06,1.19438253353907e-06,-0.000106863554750765,0.000106879546417656
452,9.02,5,-0.0713074647852903,1.04713655317671,-2.46500357175615,0.031124700036,-0.0713114763007869,1.04713767427014,-2.46500776226945,0.0310328796317024,4.01151549653256e-06,-1.1210934285355e-06,4.19051329370035e-06,9.18204042976399e-05,0,0,0,0.056205009,2.95342112680634e-05,-8.25389062956179e-06,3.08520570443106e-05,0.0569871662108183,-2.95342112680634e-05,8.25389062956179e-06,-3.08520570443106e-05,-0.000782157210818334,-0.000189532675708013,5.29684697376855e-05,-0.000197989811516176,-0.00390360266057592,0.28,-0.02,0.0288752999639999,0.279998769902692,-0.0200010410863458,0.0289671202480304,1.23009730762513e-06,1.04108634581268e-06,-9.18202840304652e-05,9.18344246979365e-05
453,9.04,5,-0.0713074647852903,1.04713655317671,-2.46500357175615,0.032247601152,-0.0713109614296318,1.04713753037971,-2.46500722442423,0.0321710615148545,3.4966443414608e-06,-9.7720300384907e-07,3.65266807733633e-06,7.65396371455174e-05,0,0,0,0.056070144,2.57435577539033e-05,-7.1945212348081e-06,2.68922608139871e-05,0.0569090941576068,-2.57435577539033e-05,7.1945212348081e-06,-2.68922608139871e-05,-0.000838950157606815,-0.000165206720931985,4.6170124311255e-05,-0.000172578408546109,-0.0084888355324694,0.28,-0.02,0.0277523988479999,0.279998927783827,-0.0200009074652298,0.0278289383801734,1.07221617334785e-06,9.07465229779691e-07,-7.65395321734308e-05,7.65524207716078e-05
454,9.06,5,-0.0713074647852903,1.04713655317671,-2.46500357175615,0.033366908748,-0.0713105126411651,1.04713740495734,-2.46500675561038,0.0333058478637937,3.04785587475209e-06,-8.51780628918775e-07,3.18385422426459e-06,6.10608842063001e-05,0,0,0,0.055845729,2.24394233352633e-05,-6.27111874858294e-06,2.34406926430647e-05,0.0567393174469574,-2.24394233352633e-05,6.27111874858294e-06,-2.34406926430647e-05,-0.000893588446957382,-0.000144002879230057,4.02443120797813e-05,-0.000150428430434835,-0.0130525432103719,0.28,-0.02,0.0266330912519999,0.279999065401172,-0.0200007909939893,0.0266941520446,9.34598828217226e-07,7.90993989276817e-07,-6.10607926000151e-05,6.10730672179057e-05
455,9.08,5,-0.0713074647852903,1.04713655317671,-2.46500357175615,0.034480836864,-0.0713101214538501,1.04713729563269,-2.4650063469679,0.0344354131954487,2.65666855973901e-06,-7.42455978697265e-07,2.77521174352202e-06,4.54236685513421e-05,0,0,0,0.055532304,1.95593657506622e-05,-5.46623250698733e-06,2.04321240343681e-05,0.05647826658275,-1.95593657506622e-05,5.46623250698733e-06,-2.04321240343681e-05,-0.000945962582749996,-0.000125520459039344,3.50790522700201e-05,-0.000131121306335159,-0.0175839132809368,0.28,-0.02,0.0255191631359999,0.279999185355546,-0.0200006894715145,0.0255645867246211,8.14644454449898e-07,6.89471514516565e-07,-4.54235886211685e-05,4.5436124612269e-05
456,9.1,5,-0.0713074647852903,1.04713655317671,-2.46500357175615,0.0355876125,-0.0713097804747187,1.04713720033966,-2.46500599077394,0.0355579449617913,2.3156894283366e-06,-6.47162949451996e-07,2.41901778519349e-06,2.96675382087178e-05,0,0,0,0.055130625,1.70489565698754e-05,-4.76465146158694e-06,1.78096979076649e-05,0.0561265883171312,-1.70489565698754e-05,4.76465146158694e-06,-1.78096979076649e-05,-0.000995963317131268,-0.000109410188563848,3.05767342865393e-05,-0.00011429217963395,-0.0220721353907668,0.28,-0.02,0.0244123874999999,0.279999289913958,-0.0200006009791912,0.0244420549684756,7.10086041799673e-07,6.00979191189843e-07,-2.96674684756096e-05,2.96820498605856e-05
457,9.12,5,-0.0713074647852903,1.04713655317671,-2.46500357175615,0.036685479936,-0.0713094832596627,1.04713711727732,-2.46500568029685,0.0366716478739777,2.01847437236724e-06,-5.64100613997809e-07,2.10854069893074e-06,1.38320620223162e-05,0,0,0,0.054641664,1.48607527985983e-05,-4.15311677585612e-06,1.55238543149858e-05,0.0556851456093159,-1.48607527985983e-05,4.15311677585612e-06,-1.55238543149858e-05,-0.00104348160931585,-9.53676187352418e-05,2.66522741173414e-05,-9.96230164066419e-05,-0.0265064009044697,0.28,-0.02,0.023314520064,0.279999381052455,-0.0200005238446464,0.0233283520651923,6.18947544772652e-07,5.23844646362071e-07,-1.3832001192364e-05,1.38557484915923e-05
458,9.14,5,-0.0713074647852903,1.04713655317671,-2.46500357175615,0.037772705052,-0.0713092241916542,1.0471370448759,-2.46500540966897,0.0377747482258022,1.75940636389094e-06,-4.91699188032158e-07,1.83791281926915e-06,-2.04317380217423e-06,0,0,0,0.054066609,1.29534004238935e-05,-3.6200712935093e-06,1.3531393986853e-05,0.0551550175912265,-1.29534004238935e-05,3.6200712935093e-06,-1.3531393986853e-05,-0.0010884085912265,-8.31273720887764e-05,2.32315070669702e-05,-8.68365978101449e-05,-0.0308759026195681,0.28,-0.02,0.0222272949479999,0.279999460493461,-0.0200004566101464,0.0222252517211395,5.39506538943524e-07,4.56610146366832e-07,2.04322686039871e-06,2.16202130756908e-06
459,9.16,5,-0.0713074647852903,1.04713655317671,-2.46500357175615,0.038847579648,-0.0713089983745946,1.04713698176708,-2.46500517377573,0.0388654982165789,1.5335893042423e-06,-4.28590364975889e-07,1.60201957877248e-06,-1.79185685788563e-05,0,0,0,0.053406864,1.1290852982118e-05,-3.1554411521699e-06,1.17946620306501e-05,0.0545374995388351,-1.1290852982118e-05,3.1554411521699e-06,-1.17946620306501e-05,-0.00113063553883513,-7.24581292181301e-05,2.02497865458092e-05,-7.56912827357542e-05,-0.0351698345288396,0.28,-0.02,0.0211524203519999,0.279999529738331,-0.0200003980050502,0.0211345017371457,4.70261669383021e-07,3.98005050215866e-07,1.79186148542843e-05,1.7929202780767e-05
460,9.18,5,-0.0713074647852903,1.04713655317671,-2.46500357175615,0.039908425764,-0.0713088015407866,1.04713692675817,-2.46500496815901,0.039942180273544,1.33675549628121e-06,-3.73581456658556e-07,1.39640285112819e-06,-3.37545095439942e-05,0,0,0,0.052664049,9.84169039775543e-06,-2.75044542125373e-06,1.02808363759351e-05,0.0538341028482583,-9.84169039775543e-06,2.75044542125373e-06,-1.02808363759351e-05,-0.00117005384825838,-6.31582583269881e-05,1.7650762759219e-05,-6.59764424058829e-05,-0.0393773916218574,0.28,-0.02,0.0200915742359999,0.279999590095723,-0.0200003469217979,0.0200578196860993,4.09904277409723e-07,3.46921797893252e-07,3.37545499006012e-05,3.3758821295221e-05
461,9.2,5,-0.0713074647852903,1.04713655317671,-2.46500357175615,0.0409536,-0.071308629970282,1.04713687880956,-2.46500478893286,0.0410031113738604,1.1651849916583e-06,-3.25632853348523e-07,1.21717670076293e-06,-4.95113738604308e-05,0,0,0,0.05184,8.5785252312157e-06,-2.39743016606936e-06,8.96130752781745e-06,0.0530465550158212,-8.5785252312157e-06,2.39743016606936e-06,-8.96130752781745e-06,-0.00120655501582117,-5.50520054584843e-05,1.53853179865348e-05,-5.75084804800556e-05,-0.0434877697196372,0.28,-0.02,0.0190464,0.279999642706331,-0.0200003023949802,0.018996888590947,3.57293668595826e-07,3.02394980174203e-07,4.95114090530019e-05,4.9513621639942e-05
462,9.22,5,-0.0713074647852903,1.04713655317671,-2.46500357175615,0.041981497836,-0.0713084804205795,1.04713683701509,-2.4650046327101,0.042046647366289,1.01563528921711e-06,-2.83838377246326e-07,1.06095394247774e-06,-6.51495302890354e-05,0,0,0,0.050936769,7.47748512204594e-06,-2.08972380633864e-06,7.81113791821626e-06,0.0521767996214284,-7.47748512204594e-06,2.08972380633864e-06,-7.81113791821626e-06,-0.00124003062142843,-4.79861735192078e-05,1.34106384021402e-05,-5.01273641165514e-05,-0.047490165336647,0.28,-0.02,0.0180185021639999,0.279999688564445,-0.0200002635830946,0.0179533526030233,3.11435554567474e-07,2.63583094593789e-07,6.51495609766684e-05,6.5150838548748e-05
463,9.24,5,-0.0713074647852903,1.04713655317671,-2.46500357175615,0.042990557952,-0.0713083500653465,1.04713680058487,-2.46500449653828,0.0430711872925829,8.85280056178717e-07,-2.47408156406337e-07,9.24782129541057e-07,-8.06293405829356e-05,0,0,0,0.0499566240000001,6.5177616516618e-06,-1.82151103829584e-06,6.80859063588525e-06,0.0512269963146955,-6.5177616516618e-06,1.82151103829584e-06,-6.80859063588525e-06,-0.00127037231469544,-4.18272274153644e-05,1.16894051252831e-05,-4.36935997635993e-05,-0.0513737755657276,0.28,-0.02,0.017009442048,0.279999728536738,-0.0200002297526427,0.0169288126806591,2.71463262424554e-07,2.29752642695591e-07,8.06293673408093e-05,8.06301516577938e-05
464,9.26,5,-0.0713074647852903,1.04713655317671,-2.46500357175615,0.043979266548,-0.0713082364410044,1.04713676883041,-2.46500437784391,0.0440751777086505,7.71655714118524e-07,-2.15653697788198e-07,8.06087756544116e-07,-9.59111606505386e-05,0,0,0,0.048902049,5.68121710335453e-06,-1.58772293579018e-06,5.93471864061329e-06,0.050199520803381,-5.68121710335453e-06,1.58772293579018e-06,-5.93471864061329e-06,-0.001297471803381,-3.64587706552382e-05,1.01890889369838e-05,-3.80855971578541e-05,-0.0551277979821734,0.28,-0.02,0.016020733452,0.279999763378645,-0.0200002002642683,0.015924822268019,2.36621355509392e-07,2.00264268314376e-07,9.59111839809318e-05,9.59116849401948e-05
465,9.28,5,-0.0713074647852903,1.04713655317671,-2.46500357175615,0.044946161664,-0.0713081374001706,1.04713674115159,-2.46500427438378,0.0450571170055253,6.72614880320443e-07,-1.87974874554797e-07,7.0262762275064e-07,-0.000110955341525207,0,0,0,0.0477757439999999,4.95204169024978e-06,-1.38394115705051e-06,5.17300669745622e-06,0.0490969648437375,-4.95204169024978e-06,1.38394115705051e-06,-5.17300669745622e-06,-0.00132122084373758,-3.17793457729513e-05,8.88133568553052e-06,-3.31973716740604e-05,-0.0587414305635927,0.28,-0.02,0.0150538383359999,0.279999793748644,-0.0200001745606748,0.0149428829741335,2.06251356327236e-07,1.74560674807284e-07,0.000110955361866436,0.000110955690876867
466,9.3,5,-0.0713074647852903,1.04713655317671,-2.46500357175615,0.0458898375,-0.0713080510710751,1.0471367170253,-2.46500418420259,0.0460155597301746,5.86285784823226e-07,-1.63848585588156e-07,6.12446437564529e-07,-0.000125722230174659,0,0,0,0.0465806250000001,4.31645477479071e-06,-1.20631444333989e-06,4.50905926397497e-06,0.0479221362324656,-4.31645477479071e-06,1.20631444333989e-06,-4.50905926397497e-06,-0.00134151123246549,-2.77005170134917e-05,7.74143030798223e-06,-2.89365415230465e-05,-0.062203871623267,0.28,-0.02,0.0141101625,0.279999820220698,-0.0200001521560931,0.0139844402520909,1.79779301945349e-07,1.52156093127798e-07,0.000125722247909084,0.000125722468522485
467,9.32,5,-0.0713074647852903,1.04713655317671,-2.46500357175615,0.046808948736,-0.0713079758221865,1.04713669599558,-2.46500410559602,0.0469491209061746,5.11036896133632e-07,-1.42818868953398e-07,5.33839868754882e-07,-0.000140172170174604,0,0,0,0.0453198239999999,3.76244443452089e-06,-1.05148583718025e-06,3.93032843351405e-06,0.0466780588000003,-3.76244443452089e-06,1.05148583718025e-06,-3.93032843351405e-06,-0.00135823480000032,-2.41451990770547e-05,6.74782984826513e-06,-2.52225817947928e-05,-0.0655043197542315,0.28,-0.02,0.0131910512639999,0.279999843295103,-0.0200001326271015,0.0130508790783641,1.56704896725479e-07,1.32627101478294e-07,0.000140172185635862,0.000140172335973641
468,9.34,5,-0.0713074647852903,1.04713655317671,-2.46500357175615,0.047702214852,-0.0713079102313774,1.04713667766499,-2.46500403707849,0.0478564803542729,4.45446087071755e-07,-1.2448828412559e-07,4.65322332665608e-07,-0.000154265502272918,0,0,0,0.043996689,3.27954045297981e-06,-9.16529240214948e-07,3.4258767976182e-06,0.0453679724049157,-3.27954045297981e-06,9.16529240214948e-07,-3.4258767976182e-06,-0.00137128340491564,-2.10462003524207e-05,5.88175639173995e-06,-2.19853026858033e-05,-0.06863197378313,0.28,-0.02,0.012297785148,0.279999863407943,-0.0200001156046233,0.012143519632248,1.36592057220497e-07,1.15604623249221e-07,0.00015426551575197,0.000154265619539936
469,9.36,5,-0.0713074647852903,1.04713655317671,-2.46500357175615,0.048568424448,-0.0713078530590485,1.04713666168711,-2.46500397735507,0.0487363870128579,3.88273758158975e-07,-1.08510401775064e-07,4.05598918007399e-07,-0.000167962564857925,0,0,0,0.042614784,2.8586164459314e-06,-7.98894112380151e-07,2.98617074390215e-06,0.0439953329292531,-2.8586164459314e-06,7.98894112380151e-07,-2.98617074390215e-06,-0.00138054892925309,-1.83449531027306e-05,5.12684207009665e-06,-1.9163523077303e-05,-0.0715760327312399,0.28,-0.02,0.0114315755519999,0.279999880939329,-0.020000100766952,0.0112636129753912,1.19060671044391e-07,1.00766951997844e-07,0.000167962576608748,0.000167962649033859
470,9.38,5,-0.0713074647852903,1.04713655317671,-2.46500357175615,0.049406439564,-0.0713078032247008,1.04713664775997,-2.46500392529707,0.0495876632583505,3.38439410482727e-07,-9.45832563381543e-08,3.53540912545469e-07,-0.000181223694350481,0,0,0,0.041177889,2.4917173838768e-06,-6.96357270978221e-07,2.60290028235609e-06,0.0425638122746283,-2.4917173838768e-06,6.96357270978221e-07,-2.60290028235609e-06,-0.0013859232746283,-1.59904066292633e-05,4.46881978574898e-06,-1.6703914392575e-05,-0.0743256957822868,0.28,-0.02,0.0105935604359999,0.279999896220588,-0.0200000878336716,0.0104123367314055,1.03779412286009e-07,8.78336716379768e-08,0.000181223704594384,0.000181223755594659
471,9.4,5,-0.0713074647852903,1.04713655317671,-2.46500357175615,0.0502152,-0.0713077597865158,1.04713663562035,-2.46500387992063,0.0504092092255302,2.95001225461555e-07,-8.24436388047189e-08,3.0816447260662e-07,-0.000194009225530201,0,0,0,0.03969,2.17190925129151e-06,-6.06980875263235e-07,2.26882199450457e-06,0.0410772983589825,-2.17190925129151e-06,6.06980875263235e-07,-2.26882199450457e-06,-0.00138729835898247,-1.39380624796747e-05,3.89525362479281e-06,-1.45599926294294e-05,-0.0768701622554285,0.28,-0.02,0.00978479999999995,0.27999990954052,-0.0200000765603569,0.00959079076553961,9.0459480406313e-08,7.65603569152784e-08,0.000194009234460335,0.000194009270655531
472,9.42,5,-0.0713074647852903,1.04713655317671,-2.46500357175615,0.050993727636,-0.0713077219235558,1.04713662503883,-2.46500384036818,0.0512000071278077,2.5713826543039e-07,-7.18621226969418e-08,2.68612029952209e-07,-0.00020627949180764,0,0,0,0.0381553289999999,1.89314800169802e-06,-5.29075802767381e-07,1.97762214191599e-06,0.0395398951138739,-1.89314800169802e-06,5.29075802767381e-07,-1.97762214191599e-06,-0.001384566113874,-1.21491334909215e-05,3.39530378565343e-06,-1.26912398430989e-05,-0.0791986315827695,0.28,-0.02,0.00900627236399992,0.279999921150858,-0.0200000667339541,0.00879999286440757,7.88491419378978e-08,6.67339540780243e-08,0.000206279499592357,0.000206279525456796
473,9.44,5,-0.0713074647852903,1.04713655317671,-2.46500357175615,0.051741130752,-0.0713076889202491,1.04713661581544,-2.46500380589224,0.051959125577452,2.24134958787259e-07,-6.26387282043339e-08,2.34136082966074e-07,-0.000217994825451998,0,0,0,0.036578304,1.6501653318796e-06,-4.61169727054313e-07,1.72379734505402e-06,0.0379559224822186,-1.6501653318796e-06,4.61169727054313e-07,-1.72379734505402e-06,-0.00137761848221855,-1.05898107588661e-05,2.95952172065288e-06,-1.10623386044729e-05,-0.081300303290711,0.28,-0.02,0.00825886924799993,0.279999931271027,-0.0200000581687544,0.0080408744157618,6.87289730683105e-08,5.8168754417387e-08,0.000217994832238125,0.000217994850833234
474,9.46,5,-0.0713074647852903,1.04713655317671,-2.46500357175615,0.052456608348,-0.0713076601528668,1.04713660777585,-2.46500377584123,0.0526857239057802,1.9536757644989e-07,-5.45991423184233e-08,2.04085071509041e-07,-0.00022911555778015,0,0,0,0.034963569,1.43836911670226e-06,-4.01979292641252e-07,1.50255057296454e-06,0.0363299164164043,-1.43836911670226e-06,4.01979292641252e-07,-1.50255057296454e-06,-0.00136634741640426,-9.23062468905629e-06,2.5796716209827e-06,-9.64250430838674e-06,-0.0831643769842286,0.28,-0.02,0.00754339165199994,0.279999940092287,-0.0200000507028846,0.00731427608830415,5.99077127350078e-08,5.07028846061242e-08,0.000229115563695793,0.000229115577138172
475,9.48,5,-0.0713074647852903,1.04713655317671,-2.46500357175615,0.053139454464,-0.0713076350777343,1.04713660076814,-2.46500374964722,0.0533790564833145,1.70292443993358e-07,-4.75914250230858e-08,1.77891061881041e-07,-0.000239602019314542,0,0,0,0.033315984,1.25375662292114e-06,-3.50385860221599e-07,1.30970048679681e-06,0.0346666288767197,-1.25375662292114e-06,3.50385860221599e-07,-1.30970048679681e-06,-0.00135064487671973,-8.04588805908698e-06,2.2485747021234e-06,-8.40490354783212e-06,-0.0847800523338026,0.28,-0.02,0.00686054553599996,0.279999947781352,-0.0200000441952475,0.00662094351152871,5.22186480167441e-08,4.41952474478091e-08,0.00023960202447125,0.000239602034237459
476,9.5,5,-0.0713074647852903,1.04713655317671,-2.46500357175615,0.0537890625,-0.0713076132209571,1.04713659465985,-2.46500372681517,0.0540384770399154,1.4843566675804e-07,-4.14831375916691e-08,1.55059013629e-07,-0.000249414539915394,0,0,0,0.031640625,1.0928388617394e-06,-3.05414366179132e-07,1.14160241584017e-06,0.0329710278300437,-1.0928388617394e-06,3.05414366179132e-07,-1.14160241584017e-06,-0.0013304028300437,-7.0132105589841e-06,1.95997356441573e-06,-7.32614695390351e-06,-0.0861365290646408,0.28,-0.02,0.00621093749999996,0.279999954483537,-0.0200000385228554,0.00596152295558945,4.5516463209605e-08,3.85228553501094e-08,0.000249414544410506,0.000249414551538717
477,9.52,5,-0.0713074647852903,1.04713655317671,-2.46500357175615,0.054404929536,-0.0713075941694641,1.04713658933555,-2.46500370691358,0.0546634429848904,1.29384173749858e-07,-3.61588397002066e-08,1.35157423919452e-07,-0.000258513448890357,0,0,0,0.029942784,9.52574650559726e-07,-2.66214894890818e-07,9.95079476762107e-07,0.0312482972487509,-9.52574650559726e-07,2.66214894890818e-07,-9.95079476762107e-07,-0.00130551324875097,-6.11307563620872e-06,1.7084139277957e-06,-6.38584714329695e-06,-0.0872230069475372,0.28,-0.02,0.00559507046399992,0.279999960325506,-0.020000033578506,0.00533655701119118,3.96744937458671e-08,3.35785059479843e-08,0.000258513452808737,0.000258513458033961
478,9.54,5,-0.0713074647852903,1.04713655317671,-2.46500357175615,0.054986660652,-0.0713075775632013,1.04713658469462,-2.46500368956633,0.0552535197270864,1.12777910996065e-07,-3.15179073950844e-08,1.17810173172472e-07,-0.000266859075086404,0,0,0,0.028227969,8.30313137835554e-07,-2.32046616334905e-07,8.67362533896171e-07,0.0295038371098002,-8.30313137835554e-07,2.32046616334905e-07,-8.67362533896171e-07,-0.00127586810980021,-5.32847165710461e-06,1.48914158718965e-06,-5.56623336067619e-06,-0.0880286857913411,0.28,-0.02,0.00501333934799997,0.279999965417668,-0.0200000292687561,0.00474648026949795,3.45823321645788e-08,2.92687561270766e-08,0.000266859078502019,0.000266859082347865
479,9.56,5,-0.0713074647852903,1.04713655317671,-2.46500357175615,0.055533973248,-0.0713075630883272,1.04713658064934,-2.46500367444557,0.0558083849949659,9.83030369050564e-08,-2.74726317250895e-08,1.02689415637514e-07,-0.000274411746965901,0,0,0,0.026501904,7.23743704693455e-07,-2.0226378459111e-07,7.5603786668264e-07,0.0277432633939733,-7.23743704693455e-07,2.0226378459111e-07,-7.5603786668264e-07,-0.00124135939397323,-4.64457040336346e-06,1.29801251931324e-06,-4.85181576990144e-06,-0.0885427654365669,0.28,-0.02,0.00446602675199996,0.279999969856258,-0.020000025512156,0.00419161500205677,3.01437420024975e-08,2.55121560266414e-08,0.000274411749943193,0.000274411752784754
480,9.58,5,-0.0713074647852903,1.04713655317671,-2.46500357175615,0.056046701364,-0.0713075504712813,1.04713657712327,-2.46500366126554,0.0563278331566707,8.56859909692531e-08,-2.39465609563894e-08,8.95093847930184e-08,-0.000281131792670711,0,0,0,0.0247705290000001,6.30852296626188e-07,-1.76303534204845e-07,6.59001551284613e-07,0.025972408085242,-6.30852296626188e-07,1.76303534204845e-07,-6.59001551284613e-07,-0.0012018790852419,-4.04844683559844e-06,1.13141458845797e-06,-4.22909254639042e-06,-0.0887544457502325,0.28,-0.02,0.00395329863599994,0.279999973725162,-0.0200000222377098,0.00367216684073397,2.62748382495737e-08,2.2237709750017e-08,0.000281131795265968,0.000281131797373312
481,9.6,5,-0.0713074647852903,1.04713655317671,-2.46500357175615,0.0565248,-0.0713075394736141,1.04713657404977,-2.46500364977715,0.0568117795400755,7.46883237756624e-08,-2.08730561723769e-08,7.8020991001182e-08,-0.000286979540075435,0,0,0,0.02304,5.4988335991422e-07,-1.53675242435686e-07,5.74419700356806e-07,0.0241973191702374,-5.4988335991422e-07,1.53675242435686e-07,-5.74419700356806e-07,-0.00115731917023739,-3.52883482071817e-06,9.8619923147604e-07,-3.68629490701793e-06,-0.0886529266214324,0.28,-0.02,0.00347519999999993,0.279999977097498,-0.0200000193835336,0.0031882204576623,2.29025024500729e-08,1.93835336184667e-08,0.000286979542337626,0.000286979543906111
482,9.62,5,-0.0713074647852903,1.04713655317671,-2.46500357175615,0.056968349436,-0.0713075298874808,1.04713657137074,-2.46500363976327,0.0572602647528317,6.51021904995996e-08,-1.81940309484929e-08,6.80071150505057e-08,-0.000291915316831703,0,0,0,0.0213166890000001,4.79306663499852e-07,-1.33951257806164e-07,5.00693802216443e-07,0.0224242606378086,-4.79306663499852e-07,1.33951257806164e-07,-5.00693802216443e-07,-0.00110757163780847,-3.07591422003708e-06,8.59622061273994e-07,-3.21316453927828e-06,-0.0882274079576512,0.28,-0.02,0.003031650564,0.279999980036999,-0.0200000168956866,0.00273973524519637,1.99630009189988e-08,1.68956866067327e-08,0.000291915318803626,0.000291915319975174
483,9.64,5,-0.0713074647852903,1.04713655317671,-2.46500357175615,0.0573775595519999,-0.0713075215317132,1.04713656903557,-2.46500363103466,0.0576734590024048,5.67464229217496e-08,-1.58588546739225e-08,5.92785047714983e-08,-0.000295899450404834,0,0,0,0.0196071840000001,4.17788379099112e-07,-1.16758816580685e-07,4.36430511430879e-07,0.0206597124786556,-4.17788379099112e-07,1.16758816580685e-07,-4.36430511430879e-07,-0.00105252847865547,-2.68112528980728e-06,7.49290864221451e-07,-2.80075975146774e-06,-0.0874670896817006,0.28,-0.02,0.00262244044800002,0.27999998259922,-0.020000014727151,0.00232654099587634,1.74007798725562e-08,1.47271509536029e-08,0.000295899452123674,0.000295899453001804
484,9.66,5,-0.0713074647852903,1.04713655317671,-2.46500357175615,0.057752774148,-0.0713075142483958,1.04713656700011,-2.46500362342635,0.0580516664161052,4.94631054587247e-08,-1.3823394651169e-08,5.16701983421797e-08,-0.000298892268105214,0,0,0,0.0179182890000001,3.64165873302968e-07,-1.01772999296256e-07,3.80415316401525e-07,0.0189103706850216,-3.64165873302968e-07,1.01772999296256e-07,-3.80415316401525e-07,-0.000992081685021556,-2.33700692018688e-06,6.53120520808222e-07,-2.44128649381253e-06,-0.0863611717292254,0.28,-0.02,0.00224722585199998,0.279999984832584,-0.0200000128369435,0.00194833358239645,1.51674161008586e-08,1.28369435394016e-08,0.000298892269603529,0.000298892270264031
485,9.68,5,-0.0713074647852903,1.04713655317671,-2.46500357175615,0.0580944752639999,-0.0713075078998811,1.04713656522589,-2.46500361679456,0.0583953293611139,4.3114590758675e-08,-1.20491827626523e-08,4.50384067818277e-08,-0.00030085409711398,0,0,0,0.016257024,3.17425734899231e-07,-8.87105888800919e-08,3.31589586525275e-07,0.0171831472504372,-3.17425734899231e-07,8.87105888800919e-08,-3.31589586525275e-07,-0.0009261232504372,-2.03705562211712e-06,5.69293501336606e-07,-2.12795105232274e-06,-0.0848988540465816,0.28,-0.02,0.001905524736,0.279999986779299,-0.0200000111893413,0.00160467063757996,1.3220701200467e-08,1.11893413423658e-08,0.000300854098420039,0.0003008540989186
486,9.7,5,-0.0713074647852903,1.04713655317671,-2.46500357175615,0.0584032875,-0.0713075023661886,1.0471365636794,-2.46500361101395,0.058705032764504,3.75808983099635e-08,-1.05026882746273e-08,3.92577956809248e-08,-0.000301745264504008,0,0,0,0.0146306249999999,2.76684622456889e-07,-7.73247188533601e-08,2.89030565478822e-07,0.0154851701695056,-2.76684622456889e-07,7.73247188533601e-08,-2.89030565478822e-07,-0.000854545169505623,-1.77560261814144e-06,4.96225549604471e-07,-1.85483174148395e-06,-0.083069336588943,0.28,-0.02,0.00159671249999993,0.279999988476156,-0.0200000097532064,0.00129496723435744,1.15238443232357e-08,9.75320637794375e-09,0.000301745265642486,0.000301745266020163
487,9.72,5,-0.0713074647852903,1.04713655317671,-2.46500357175615,0.058679982336,-0.0713074975427372,1.04713656233139,-2.46500360597527,0.0589815084332586,3.27574469077829e-08,-9.15468412188147e-09,3.42191168734018e-08,-0.000301526097258573,0,0,0,0.013046544,2.41172570094058e-07,-6.740020786127e-08,2.5193393064914e-07,0.0138237834377266,-2.41172570094058e-07,6.740020786127e-08,-2.5193393064914e-07,-0.000777239437726621,-1.54770671110287e-06,4.32535745037252e-07,-1.61676692564262e-06,-0.0808618193190256,0.28,-0.02,0.00132001766399995,0.279999989955224,-0.0200000085013972,0.00101849156574907,1.00447762330091e-08,8.50139715569131e-09,0.000301526098250876,0.000301526098538034
488,9.74,5,-0.0713074647852903,1.04713655317671,-2.46500357175615,0.058925482452,-0.0713074933383685,1.0471365611564,-2.4650036015833,0.0592256393742855,2.8553078193494e-08,-7.97969423871336e-09,2.98271451981691e-08,-0.00030015692228548,0,0,0,0.011512449,2.10218435872001e-07,-5.87494929605251e-08,2.19598592136288e-07,0.0122065470513461,-2.10218435872001e-07,5.87494929605251e-08,-2.19598592136288e-07,-0.000694098051346095,-1.34906089809063e-06,3.77020435339166e-07,-1.40925732290886e-06,-0.0782655022056447,0.28,-0.02,0.00107451754799993,0.279999991244456,-0.0200000074102557,0.000774360624849479,8.75554440060711e-09,7.41025573541831e-09,0.000300156923150455,0.000300156923369626
489,9.76,5,-0.0713074647852903,1.04713655317671,-2.46500357175615,0.059140866048,-0.0713074896736242,1.04713656013222,-2.46500359775503,0.0594384641144302,2.4888333838291e-08,-6.95551261031824e-09,2.59988763851027e-08,-0.000297598066430114,0,0,0,0.0100362239999998,1.83237217910189e-07,-5.1209084253742e-08,1.91413445678112e-07,0.0106412370072333,-1.83237217910189e-07,5.1209084253742e-08,-1.91413445678112e-07,-0.00060501300723349,-1.17591097437468e-06,3.28630424043015e-07,-1.22838127505197e-06,-0.0752695852228401,0.28,-0.02,0.000859133951999907,0.279999992368216,-0.0200000064591607,0.000561535884815903,7.63178353846428e-09,6.45916065772356e-09,0.000297598067184004,0.000297598067351957
490,9.78,5,-0.0713074647852903,1.04713655317671,-2.46500357175615,0.0593273711639999,-0.0713074864792442,1.04713655923949,-2.46500359441811,0.0596211810204857,2.16939538694172e-08,-6.06278316439557e-09,2.2661959864223e-08,-0.000293809856485742,0,0,0,0.00862596900000007,1.59718998422696e-07,-4.46364757728818e-08,1.66845820177073e-07,0.00913584530277648,-1.59718998422696e-07,4.46364757728818e-08,-1.66845820177073e-07,-0.000509876302776413,-1.0249845815122e-06,2.86451199018079e-07,-1.07072041711916e-06,-0.0718632683489451,0.28,-0.02,0.000672628836,0.279999993347744,-0.0200000056301372,0.000378818978857123,6.65225563523109e-09,5.63013718979377e-09,0.000293809857142877,0.000293809857272128
491,9.8,5,-0.0713074647852903,1.04713655317671,-2.46500357175615,0.0594864,-0.0713074836948581,1.04713655846134,-2.46500359150949,0.0597751526192017,1.89095677310958e-08,-5.28463406368473e-09,1.97533314150178e-08,-0.000288752619201665,0,0,0,0.00728999999999985,1.39219306792451e-07,-3.89074517925198e-08,1.45431411834688e-07,0.00769857993579748,-1.39219306792451e-07,3.89074517925198e-08,-1.45431411834688e-07,-0.000408579935797633,-8.93429362739438e-07,2.49685629481923e-07,-9.3329509519199e-07,-0.0680357515658601,0.28,-0.02,0.000513599999999961,0.279999994201551,-0.0200000049075176,0.000224847380225462,5.79844866566148e-09,4.90751762491359e-09,0.000288752619774499,0.000288752619874421
492,9.82,5,-0.0713074647852903,1.04713655317671,-2.46500357175615,0.059619523236,-0.0713074812678437,1.04713655778307,-2.46500358897418,0.0599019099172913,1.64825533360835e-08,-4.60635929400155e-09,1.72180212310025e-08,-0.000282386681291262,0,0,0,0.00603684900000012,1.21350719537662e-07,-3.39137392028815e-08,1.26765509930849e-07,0.00633786490448031,-1.21350719537662e-07,3.39137392028815e-08,-1.26765509930849e-07,-0.000301015904480191,-7.78759057144896e-07,2.17638854657474e-07,-8.13508075516733e-07,-0.0637762348585327,0.28,-0.02,0.000380476763999951,0.279999994945773,-0.0200000042776452,9.80900822094288e-05,5.05422653729326e-09,4.27764517904605e-09,0.000282386681790522,0.000282386681868153
493,9.84,5,-0.0713074647852903,1.04713655317671,-2.46500357175615,0.059728484352,-0.0713074791523329,1.04713655719185,-2.46500358676427,0.0600031567214375,1.43670425695186e-08,-4.01513999825909e-09,1.50081143068803e-08,-0.000274672369437477,0,0,0,0.00487526400000014,1.05775538394765e-07,-2.95609621097321e-08,1.10495348420515e-07,0.00506234020730968,-1.05775538394765e-07,2.95609621097321e-08,-1.10495348420515e-07,-0.000187076207309539,-6.78806510943435e-07,1.89705242368733e-07,-7.09095537722262e-07,-0.0590739182144126,0.28,-0.02,0.000271515647999973,0.279999995594476,-0.0200000037286159,-3.15672187264915e-06,4.4055242232055e-09,3.72861590214324e-09,0.000274672369872622,0.00027467236993326
494,9.86,5,-0.0713074647852903,1.04713655317671,-2.46500357175615,0.0598152039480001,-0.0713074773083447,1.04713655667651,-2.465003584838,0.0600807739582979,1.25230544129051e-08,-3.49980289193752e-09,1.30818453847326e-08,-0.000265570010297811,0,0,0,0.00381420899999981,9.21994081758963e-08,-2.57668572623575e-08,9.63134376660698e-08,0.00388086184302145,-9.21994081758963e-08,2.57668572623575e-08,-9.63134376660698e-08,-6.66528430216481e-05,-5.91682722227413e-07,1.65356856053398e-07,-6.18084214848139e-07,-0.0539180016229771,0.28,-0.02,0.000184796051999878,0.279999996159918,-0.0200000032500537,-8.0773958677352e-05,3.84008180809303e-09,3.25005370879761e-09,0.00026557001067723,0.00026557001072488
495,9.88,5,-0.0713074647852903,1.04713655317671,-2.46500357175615,0.059881784064,-0.0713074757010297,1.04713655622732,-2.46500358315896,0.0601368239945091,1.09157393402004e-08,-3.05060843253102e-09,1.14028102515817e-08,-0.000255039930509161,0,0,0,0.00286286400000002,8.03657537313483e-08,-2.24597201412896e-08,8.39517533691072e-08,0.00280250181056194,-8.03657537313483e-08,2.24597201412896e-08,-8.39517533691072e-08,6.03621894380802e-05,-5.15741140606926e-07,1.4413355957269e-07,-5.38754042223971e-07,-0.0482976850755294,0.28,-0.02,0.000118215935999991,0.279999996652787,-0.0200000028329142,-0.000136823994839788,3.34721306227692e-09,2.83291424346688e-09,0.000255039930839779,0.000255039930877477
496,9.9,5,-0.0713074647852903,1.04713655317671,-2.46500357175615,0.0599305124999999,-0.071307474300011,1.04713655583578,-2.46500358169543,0.0601735549566901,9.51472071963888e-09,-2.6590674107041e-09,9.93927695702723e-09,-0.000243042456690254,0,0,0,0.00203062500000005,7.00509309192091e-08,-1.95770489498356e-08,7.31766725246271e-08,0.00183654810905128,-7.00509309192091e-08,1.95770489498356e-08,-7.31766725246271e-08,0.000194076890948767,-4.49546546420294e-07,1.25634237926303e-07,-4.69605754789819e-07,-0.0422021685647243,0.28,-0.02,6.94875000000622e-05,0.279999997082397,-0.020000002469314,-0.000173554956978392,2.91760338111402e-09,2.46931398592554e-09,0.000243042456978454,0.00024304245700851
497,9.92,5,-0.0713074647852903,1.04713655317671,-2.46500357175615,0.059963867136,-0.071307473078811,1.04713655549449,-2.46500358041974,0.0601934050514453,8.29352071740619e-09,-2.31778018999762e-09,8.66358584872273e-09,-0.00022953791544527,0,0,0,0.00132710400000011,6.10599999908034e-08,-1.70643641913096e-08,6.37845574288309e-08,0.000992504737756815,-6.10599999908034e-08,1.70643641913096e-08,-6.37845574288309e-08,0.000334599262243297,-3.91847928075449e-07,1.0950926482643e-07,-4.09332563704345e-07,-0.0356206520844606,0.28,-0.02,3.61328639999353e-05,0.279999997456867,-0.0200000021523813,-0.000193405051696571,2.54313337055834e-09,2.15238128015161e-09,0.000229537915696507,0.000229537915720686
498,9.94,5,-0.0713074647852903,1.04713655317671,-2.46500357175615,0.059984520252,-0.0713074720143502,1.04713655519701,-2.46500357930778,0.0601990068853666,7.22905989236633e-09,-2.02029659668312e-09,7.55162776755469e-09,-0.000214486633366644,0,0,0,0.000762129000000051,5.32230414292946e-08,-1.48741788947811e-08,5.55979061547442e-08,0.000280091696067618,-5.32230414292946e-08,1.48741788947811e-08,-5.55979061547442e-08,0.000482037303932433,-3.41554839349259e-07,9.54539182273087e-08,-3.56795346339415e-07,-0.028542335629754,0.28,-0.02,1.54797479999663e-05,0.279999997783274,-0.0200000018761264,-0.000199006885585676,2.21672608047285e-09,1.87612640006884e-09,0.000214486633585642,0.000214486633605302
499,9.96,5,-0.0713074647852903,1.04713655317671,-2.46500357175615,0.0599953428479999,-0.0713074710865113,1.04713655493771,-2.46500357833854,0.0601931917850361,6.3012210033131e-09,-1.76099468340851e-09,6.5823879680238e-09,-0.000197848937036234,0,0,0,0.000345744000000003,4.6391944642309e-08,-1.29651005302348e-08,4.84619992279554e-08,-0.000290755016527501,-4.6391944642309e-08,1.29651005302348e-08,-4.84619992279554e-08,0.000636499016527505,-2.97716792514869e-07,8.32025422638438e-08,-3.11001187756729e-07,-0.0209564191963317,0.28,-0.02,4.6571520000982e-06,0.279999998067787,-0.0200000016353284,-0.000193191785226976,1.93221272315469e-09,1.6353284143511e-09,0.000197848937227074,0.000197848937243268
500,9.98,5,-0.0713074647852903,1.04713655317671,-2.46500357175615,0.059999408964,-0.0713074702777591,1.04713655471168,-2.4650035774937,0.060178994117027,5.49246882697307e-09,-1.53497370369848e-09,5.73754865840215e-09,-0.00017958515302699,0,0,0,8.82089999999636e-05,4.04376087920117e-08,-1.13010496849579e-08,4.2241975472821e-08,-0.000709883400454126,-4.04376087920117e-08,1.13010496849579e-08,-4.2241975472821e-08,0.00079809240045409,-2.59505293142926e-07,7.25236233293099e-08,-2.71084643616205e-07,-0.0128521027805755,0.28,-0.02,5.91035999933376e-07,0.279999998315784,-0.0200000014254365,-0.000178994117193368,1.68421615542869e-09,1.42543648759541e-09,0.000179585153193301,0.000179585153206856
501,10,5,-0.0713074647852903,1.04713655317671,-2.46500357175615,0.06,-0.0713074695728091,1.04713655451467,-2.4650035767573,0.0601596556079057,4.78751877031058e-09,-1.3379621854881e-09,5.0011430552388e-09,-0.000159655607905693,0,0,0,0,3.52475029291533e-08,-9.85057721837175e-09,3.6820282600497e-08,-0.000966925456065631,-3.52475029291533e-08,9.85057721837175e-09,-3.6820282600497e-08,0.000966925456065631,-2.26198181552007e-07,6.32153258186254e-08,-2.3629134648606e-07,-0.0042185863796781,0.28,-0.02,-4.16333634234434e-17,0.27999999853195,-0.0200000012424839,-0.000159655608050716,1.46804962630753e-09,1.24248386926262e-09,0.000159655608050674,0.000159655608062258
502,10.02,6,-0.0713074647852903,1.04713655317671,-2.46500357175615,0.059999408964,-0.0713074689583383,1.04713655434295,-2.46500357611541,0.0601386296642325,4.17304799049667e-09,-1.16623666279736e-09,4.35925384678626e-09,-0.000139220700232513,0,0,0,-8.8209e-05,3.07235392981132e-08,-8.58627070199926e-09,3.20944556707759e-08,-0.00105129718365919,-3.07235392981132e-08,8.58627070199926e-09,-3.20944556707759e-08,0.000963088183659191,-1.97165986912598e-07,5.51017477602493e-08,-2.05963728736892e-07,-0.000320788103115258,0.28,-0.02,5.91035999961131e-07,0.279999998720372,-0.020000001083013,-0.000138629664358958,1.27962762608291e-09,1.08301295015378e-09,0.000139220700358919,0.000139220700369012
503,10.04,6,-0.0713074647852903,1.04713655317671,-2.46500357175615,0.059995342848,-0.0713074684227339,1.04713655419326,-2.4650035755559,0.0601174754053181,3.63744359632712e-09,-1.0165519537253e-09,3.79975029218826e-09,-0.000122132557318085,0,0,0,-0.000345744,2.67802195598614e-08,-7.4842357467943e-09,2.79751810960381e-08,-0.0010577129457215,-2.67802195598614e-08,7.4842357467943e-09,-2.79751810960381e-08,0.000711968945721496,-1.71860031564516e-07,4.80295195633563e-08,-1.79528592701936e-07,-0.00400285075414269,0.28,-0.02,4.65715199995942e-06,0.279999998884611,-0.0200000009440099,-0.000117475405428322,1.1153893919591e-09,9.44009877212881e-10,0.000122132557428281,0.000122132557437023
504,10.06,6,-0.0713074647852903,1.04713655317671,-2.46500357175615,0.059984520252,-0.0713074679558735,1.04713655406279,-2.46500357506821,0.060094720006102,3.17058321264163e-09,-8.86078987960559e-10,3.31205818326907e-09,-0.000110199754101994,0,0,0,-0.000762129,2.33430189285708e-08,-6.52364535552711e-09,2.43846092419992e-08,-0.00113776996080435,-2.33430189285708e-08,6.52364535552711e-09,-2.43846092419992e-08,0.000375640960804355,-1.49802057307253e-07,4.18650083144863e-08,-1.56486366513076e-07,-0.011081204901469,0.28,-0.02,1.54797479999524e-05,0.279999999027769,-0.0200000008228476,-9.47200061980763e-05,9.72230851381539e-10,8.22847637249602e-10,0.000110199754198029,0.00011019975420539
505,10.08,6,-0.0713074647852903,1.04713655317671,-2.46500357175615,0.059963867136,-0.071307467548934,1.04713655394906,-2.46500357464312,0.0600675321249253,2.76364366114112e-09,-7.72352182210057e-10,2.88696044847825e-09,-0.00010366498892532,0,0,0,-0.001327104,2.03469777824258e-08,-5.6863451892374e-09,2.12548819117377e-08,-0.00135939405883373,-2.03469777824258e-08,5.6863451892374e-09,-2.12548819117377e-08,3.22900588337297e-05,-1.30575189534404e-07,3.64916855637424e-08,-1.3640159338693e-07,-0.0194142161820183,0.28,-0.02,3.61328639999492e-05,0.279999999152554,-0.0200000007172364,-6.75321250090122e-05,8.47446501861526e-10,7.17236395275656e-10,0.000103664989008961,0.000103664989014906
506,10.1,6,-0.0713074647852903,1.04713655317671,-2.46500357175615,0.0599305125,-0.0713074671942245,1.04713655384993,-2.46500357427258,0.0600325785572758,2.40893417713384e-09,-6.73221922653511e-10,2.5164235140096e-09,-0.000102066057275842,0,0,0,-0.002030625,1.77354739917378e-08,-4.95651147796257e-09,1.85268500439992e-08,-0.00174767838247409,-1.77354739917378e-08,4.95651147796257e-09,-1.85268500439992e-08,-0.000282946617525913,-1.13816062121372e-07,3.18080372939003e-08,-1.18894649479023e-07,-0.0279274525167905,0.28,-0.02,6.94874999999512e-05,0.279999999261322,-0.0200000006251802,-3.25785573488252e-05,7.38678063161302e-10,6.2518018192903e-10,0.000102066057348776,0.000102066057353364
507,10.12,6,-0.0713074647852903,1.04713655317671,-2.46500357175615,0.059881784064,-0.0713074668850414,1.04713655376353,-2.4650035739496,0.0599864540086196,2.09975112297478e-09,-5.86814818959169e-10,2.19344453711301e-09,-0.000104669944619641,0,0,0,-0.002862864,1.54591527493104e-08,-4.32035073208458e-09,1.61489570544188e-08,-0.00230622743280989,-1.54591527493104e-08,4.32035073208458e-09,-1.61489570544188e-08,-0.000556636567190114,-9.920794268873e-08,2.77255327457746e-08,-1.03634687377074e-07,-0.0361011330267729,0.28,-0.02,0.000118215935999949,0.27999999935613,-0.0200000005449393,1.35459913166852e-05,6.43869901839622e-10,5.44939249974563e-10,0.000104669944683264,0.000104669944686663
508,10.14,6,-0.0713074647852903,1.04713655317671,-2.46500357175615,0.059815203948,-0.0713074666155416,1.04713655368821,-2.46500357366807,0.0599258890067527,1.83025124222969e-09,-5.11497955102413e-10,1.91191906750987e-09,-0.000110685058752731,0,0,0,-0.003814209,1.34749938955357e-08,-3.76584007716905e-09,1.40762633068771e-08,-0.00302825009334539,-1.34749938955357e-08,3.76584007716905e-09,-1.40762633068771e-08,-0.000785958906654609,-8.64747536877447e-08,2.41670060331396e-08,-9.03333593865557e-08,-0.0437011209018643,0.28,-0.02,0.000184796051999961,0.27999999943877,-0.0200000004749971,7.41109931918227e-05,5.6123006242359e-10,4.74997124966237e-10,0.000110685058808138,0.00011068505881058
509,10.16,6,-0.0713074647852903,1.04713655317671,-2.46500357175615,0.059728484352,-0.0713074663806316,1.04713655362256,-2.46500357342268,0.0598478435565251,1.595341261873e-09,-4.45848025165674e-10,1.66652736055539e-09,-0.000119359204525077,0,0,0,-0.004875264,1.17454988217808e-08,-3.28249995650627e-09,1.22695961191461e-08,-0.00390227251138266,-1.17454988217808e-08,3.28249995650627e-09,-1.22695961191461e-08,-0.00097299148861734,-7.53758502483166e-08,2.10651966135579e-08,-7.87391863273821e-08,-0.0506381657682006,0.28,-0.02,0.000271515647999959,0.279999999510803,-0.020000000414032,0.000152156443426588,4.89197127251373e-10,4.14031958023697e-10,0.000119359204573372,0.000119359204575092
510,10.18,6,-0.0713074647852903,1.04713655317671,-2.46500357175615,0.059619523236,-0.0713074661758719,1.04713655356533,-2.46500357320879,0.0597495428399901,1.39058162207384e-09,-3.88624021852024e-10,1.45263090445269e-09,-0.000130019603990145,0,0,0,-0.006036849,1.02379818168145e-08,-2.86119602423512e-09,1.06948123925985e-08,-0.00491503582674665,-1.02379818168145e-08,2.86119602423512e-09,-1.06948123925985e-08,-0.00112181317325335,-6.57014741289063e-08,1.83615182994999e-08,-6.86331574067001e-08,-0.0568946112331621,0.28,-0.02,0.000380476763999951,0.279999999573591,-0.0200000003608916,0.000250457159967618,4.26409352272117e-10,3.60891587447565e-10,0.000130019604032333,0.000130019604033533
511,10.2,6,-0.0713074647852903,1.04713655317671,-2.46500357175615,0.0594864,-0.0713074659973929,1.04713655351546,-2.46500357302234,0.0596284842789619,1.21210257109094e-09,-3.38744809980085e-10,1.26618804330292e-09,-0.000142084278961951,0,0,0,-0.00729,8.92395233423641e-09,-2.49396565824513e-09,9.32214924446448e-09,-0.00605292805140987,-8.92395233423641e-09,2.49396565824513e-09,-9.32214924446448e-09,-0.00123707194859013,-5.72687895756337e-08,1.6004832166894e-08,-5.98241805589978e-08,-0.0624865332370662,0.28,-0.02,0.000513599999999961,0.27999999962832,-0.0200000003145717,0.000371515721001317,3.71680353161707e-10,3.14571695081423e-10,0.000142084278998644,0.000142084278999479
512,10.22,6,-0.0713074647852903,1.04713655317671,-2.46500357175615,0.059327371164,-0.0713074658418214,1.04713655347198,-2.46500357285983,0.0594824311046389,1.05653104320869e-09,-2.95267366112739e-10,1.10367492922592e-09,-0.000155059940638913,0,0,0,-0.008625969,7.77857654272366e-09,-2.17386901490722e-09,8.12566563328444e-09,-0.00730265871615128,-7.77857654272366e-09,2.17386901490722e-09,-8.12566563328444e-09,-0.00132331028384872,-4.99184265336046e-08,1.39506436868706e-08,-5.21458197430972e-08,-0.0674444363129912,0.28,-0.02,0.000672628835999958,0.279999999676024,-0.0200000002741969,0.000517568895329085,3.23975790639253e-10,2.74196890887035e-10,0.000155059940670874,0.000155059940671454
513,10.24,6,-0.0713074647852903,1.04713655317671,-2.46500357175615,0.059140866048,-0.0713074657062172,1.04713655343408,-2.46500357271817,0.0593094001557907,9.20926876424311e-10,-2.57370347256369e-10,9.62019797157154e-10,-0.000168534107790691,0,0,0,-0.010036224,6.78020801205159e-09,-1.89485614116982e-09,7.08274923842252e-09,-0.00865154744241107,-6.78020801205159e-09,1.89485614116982e-09,-7.08274923842252e-09,-0.00138467655758893,-4.35114725986007e-08,1.21600880977594e-08,-4.5453005052735e-08,-0.0718036287394654,0.28,-0.02,0.000859133951999949,0.279999999717606,-0.0200000002390041,0.000690599844181392,2.82393941564152e-10,2.39004128987919e-10,0.000168534107818558,0.000168534107818964
514,10.26,6,-0.0713074647852903,1.04713655317671,-2.46500357175615,0.058925482452,-0.0713074655880176,1.04713655340105,-2.4650035725947,0.0591076477554467,8.02727301296713e-10,-2.24337215470882e-10,8.38546121428863e-10,-0.000182165303446696,0,0,0,-0.011512449,5.90997856007959e-09,-1.65165437921464e-09,6.17368913736784e-09,-0.0100876200172003,-5.90997856007959e-09,1.65165437921464e-09,-6.17368913736784e-09,-0.00142482898279965,-3.79268410719206e-08,1.05993660372045e-08,-3.96191706044706e-08,-0.0755996109939426,0.28,-0.02,0.00107451754799996,0.279999999753851,-0.0200000002083283,0.000892352244528952,2.46149156613029e-10,2.08328312933936e-10,0.00018216530347101,0.000182165303471296
515,10.28,6,-0.0713074647852903,1.04713655317671,-2.46500357175615,0.058679982336,-0.0713074654849888,1.04713655337225,-2.46500357248707,0.0588756555107051,6.9969846583362e-10,-1.95543803371834e-10,7.3092021324328e-10,-0.000195673174705112,0,0,0,-0.013046544,5.1514417386412e-09,-1.43966705847055e-09,5.38130572527845e-09,-0.0115996122370792,-5.1514417386412e-09,1.43966705847055e-09,-5.38130572527845e-09,-0.00144693176292083,-3.30589881894619e-08,9.23896083222763e-09,-3.45340931812409e-08,-0.0788660316039852,0.28,-0.02,0.00132001766399996,0.279999999785444,-0.0200000001815897,0.00112434448927365,2.1455637266854e-10,1.81589680792182e-10,0.00019567317472631,0.000195673174726512
516,10.3,6,-0.0713074647852903,1.04713655317671,-2.46500357175615,0.0584032875,-0.0713074653951836,1.04713655334716,-2.46500357239326,0.0586121168533219,6.0989323313887e-10,-1.70446101677157e-10,6.37107699930084e-10,-0.000208829353321914,0,0,0,-0.014630625,4.49026197485191e-09,-1.25488784182598e-09,4.69062386165358e-09,-0.013176932869159,-4.49026197485191e-09,1.25488784182598e-09,-4.69062386165358e-09,-0.00145369213084102,-2.88159161831513e-08,8.05314666880395e-09,-3.01017072400632e-08,-0.0816339329146437,0.28,-0.02,0.00159671249999996,0.279999999812982,-0.0200000001582829,0.00138788314665961,1.87018400765737e-10,1.58282921491892e-10,0.000208829353340351,0.000208829353340494
517,10.32,6,-0.0713074647852903,1.04713655317671,-2.46500357175615,0.058094475264,-0.0713074653169047,1.04713655332528,-2.46500357231149,0.0583159246227729,5.31614363641353e-10,-1.48569601066129e-10,5.55335777363553e-10,-0.000221449358772885,0,0,0,-0.016257024,3.9139436511889e-09,-1.09382490844991e-09,4.08858971685233e-09,-0.0148096115274518,-3.9139436511889e-09,1.09382490844991e-09,-4.08858971685233e-09,-0.00144741247254818,-2.51174366596427e-08,7.01953806238532e-09,-2.62382166006913e-08,-0.0839316235508346,0.28,-0.02,0.00190552473599996,0.279999999836985,-0.0200000001379676,0.00168407537721103,1.63014768350678e-10,1.37967554048046e-10,0.000221449358788928,0.000221449358789031
518,10.34,6,-0.0713074647852903,1.04713655317671,-2.46500357175615,0.057752774148,-0.0713074652486728,1.04713655330621,-2.46500357224021,0.0579861597428035,4.63382471282969e-10,-1.29500854484377e-10,4.84059459182618e-10,-0.000233385594803515,0,0,0,-0.017918289,3.41159491799606e-09,-9.53434147202206e-10,3.56382538483851e-09,-0.0164882439984685,-3.41159491799606e-09,9.53434147202206e-10,-3.56382538483851e-09,-0.00143004500153153,-2.18936512316242e-08,6.11859749560644e-09,-2.28705617785085e-08,-0.0857848366243717,0.28,-0.02,0.00224722585199995,0.279999999857908,-0.0200000001202596,0.00201384025718244,1.42092115851256e-10,1.20259621705365e-10,0.000233385594817503,0.000233385594817578
519,10.36,6,-0.0713074647852903,1.04713655317671,-2.46500357175615,0.057377559552,-0.0713074651891984,1.04713655328959,-2.46500357217809,0.0576220809281844,4.03908032020617e-10,-1.12879705582714e-10,4.21931378724594e-10,-0.000244521376184408,0,0,0,-0.019607184,2.97372189336358e-09,-8.31062197290079e-10,3.10641414926835e-09,-0.0182039407309559,-2.97372189336358e-09,8.31062197290079e-10,-3.10641414926835e-09,-0.00140324326904413,-1.908363466521e-08,5.33327338753024e-09,-1.99351451129077e-08,-0.0872170012653794,0.28,-0.02,0.00262244044799996,0.279999999876145,-0.0200000001048245,0.00237791907180333,1.23854870803797e-10,1.04824475488652e-10,0.000244521376196627,0.000244521376196681
520,10.38,6,-0.0713074647852903,1.04713655317671,-2.46500357175615,0.056968349436,-0.0713074651373574,1.0471365532751,-2.46500357212393,0.0572231153130591,3.52067042186377e-10,-9.83917392005651e-11,3.67777364118638e-10,-0.00025476587705911,0,0,0,-0.021316689,2.59204920005936e-09,-7.24396729539468e-10,2.70771124701017e-09,-0.0199482807562636,-2.59204920005936e-09,7.24396729539468e-10,-2.70771124701017e-09,-0.00136840824373642,-1.66342797825494e-08,4.64876067073284e-09,-1.73764885283397e-08,-0.0882495427282053,0.28,-0.02,0.00303165056399995,0.279999999892042,-0.0200000000913704,0.00277688468693019,1.07958419981458e-10,9.13704077676325e-11,0.000254765877069768,0.000254765877069807
521,10.4,6,-0.0713074647852903,1.04713655317671,-2.46500357175615,0.0565248,-0.0713074650921701,1.04713655326247,-2.46500357207673,0.0567888498808426,3.06879771594382e-10,-8.57633963846638e-11,3.20573789736045e-10,-0.000264049880842561,0,0,0,-0.02304,2.25936360440838e-09,-6.31421516124813e-10,2.36018147644339e-09,-0.0217132716108276,-2.25936360440838e-09,6.31421516124813e-10,-2.36018147644339e-09,-0.00132672838917236,-1.44992949287293e-08,4.05209068402987e-09,-1.51462505552632e-08,-0.0889021715419679,0.28,-0.02,0.00347519999999996,0.279999999905898,-0.0200000000796432,0.00321115011914812,9.41021149891696e-11,7.96431531835395e-11,0.000264049880851838,0.000264049880851867
522,10.42,6,-0.0713074647852903,1.04713655317671,-2.46500357175615,0.056046701364,-0.0713074650527825,1.04713655325147,-2.46500357203558,0.0563190235800092,2.67492222816301e-10,-7.47557571401103e-11,2.79428480354227e-10,-0.00027232221600923,0,0,0,-0.024770529,1.96937770583379e-09,-5.50379702444217e-10,2.05725646533813e-09,-0.023491315041667,-1.96937770583379e-09,5.50379702444217e-10,-2.05725646533813e-09,-0.00127921395833303,-1.26383318350458e-08,3.53201833487331e-09,-1.32022812713399e-08,-0.0891931451711337,0.28,-0.02,0.00395329863599996,0.279999999917976,-0.0200000000694211,0.00368097641998266,8.20242207488775e-11,6.94210799956352e-11,0.000272322216017293,0.000272322216017314
523,10.44,6,-0.0713074647852903,1.04713655317671,-2.46500357175615,0.055533973248,-0.0713074650184503,1.04713655324187,-2.46500357199972,0.0558135200211074,2.33160005191912e-10,-6.51609877166948e-11,2.43564279855946e-10,-0.000279546773107452,0,0,0,-0.026501904,1.71661106913288e-09,-4.79739335746752e-10,1.79321083991134e-09,-0.0252751779450896,-1.71661106913288e-09,4.79739335746752e-10,-1.79321083991134e-09,-0.00122672605491039,-1.10162208634664e-08,3.07868794326557e-09,-1.15077888126322e-08,-0.0891394970665515,0.28,-0.02,0.00446602675199996,0.279999999928504,-0.020000000060511,0.00418647997888548,7.14964754067182e-11,6.05109920503999e-11,0.000279546773114481,0.000279546773114496
524,10.46,6,-0.0713074647852903,1.04713655317671,-2.46500357175615,0.054986660652,-0.0713074649885246,1.04713655323351,-2.46500357196846,0.055272360663379,2.03234276630049e-10,-5.67976776721935e-11,2.1230306401776e-10,-0.000285700011379002,0,0,0,-0.028227969,1.49628665186354e-09,-4.18165576881437e-10,1.56305506365868e-09,-0.0270579678864208,-1.49628665186354e-09,4.18165576881437e-10,-1.56305506365868e-09,-0.00117000111357925,-9.60230537426594e-09,2.68354377040939e-09,-1.00307948713975e-08,-0.0887572334105034,0.28,-0.02,0.00501333934799995,0.27999999993768,-0.0200000000527445,0.00472763933661487,6.23199825078302e-11,5.27445032094676e-11,0.000285700011385087,0.000285700011385099
525,10.48,6,-0.0713074647852903,1.04713655317671,-2.46500357175615,0.054404929536,-0.0713074649624398,1.04713655322622,-2.46500357194121,0.0546956984122864,1.7714946176639e-10,-4.95077312478998e-11,1.8505419419057e-10,-0.000290768876286394,0,0,0,-0.029942784,1.30424054437823e-09,-3.6449470147325e-10,1.36243916623073e-09,-0.0288331125546308,-1.30424054437823e-09,3.6449470147325e-10,-1.36243916623073e-09,-0.00110967144536922,-8.36986471092548e-09,2.33912090467503e-09,-8.74336390555759e-09,-0.0880615002224715,0.28,-0.02,0.00559507046399996,0.279999999945679,-0.0200000000459748,0.00530430158770824,5.43212697046158e-11,4.5974821172301e-11,0.000290768876291717,0.000290768876291725
526,10.5,6,-0.0713074647852903,1.04713655317671,-2.46500357175615,0.0537890625,-0.0713074649397029,1.04713655321986,-2.46500357191746,0.0540838115611048,1.54412593822428e-10,-4.31534807887601e-11,1.61302970980159e-10,-0.000294749061104806,0,0,0,-0.031640625,1.13684325015972e-09,-3.17712283379751e-10,1.18757188811958e-09,-0.0305943425590802,-1.13684325015972e-09,3.17712283379751e-10,-1.18757188811958e-09,-0.00104628244091982,-7.29560562095157e-09,2.038897588719e-09,-7.62114066437572e-09,-0.087066724322297,0.28,-0.02,0.00621093749999996,0.279999999952651,-0.020000000040074,0.00591618843889048,4.73492356434235e-11,4.00740170214409e-11,0.000294749061109476,0.000294749061109482
527,10.52,6,-0.0713074647852903,1.04713655317671,-2.46500357175615,0.053139454464,-0.0713074649198843,1.04713655321433,-2.46500357189675,0.0534370980201943,1.34593974854269e-10,-3.76148001635102e-11,1.40599976106159e-10,-0.000297643556194299,0,0,0,-0.033315984,9.90931137740692e-10,-2.76934331605372e-10,1.03514907483207e-09,-0.0323356770455261,-9.90931137740692e-10,2.76934331605372e-10,-1.03514907483207e-09,-0.000980306954473917,-6.35922526938693e-09,1.77720661575641e-09,-6.64298388602551e-09,-0.0857867317393523,0.28,-0.02,0.00686054553599996,0.279999999958728,-0.0200000000349306,0.00656290197980162,4.12720968512303e-11,3.49305792624044e-11,0.000297643556198338,0.000297643556198343
528,10.54,6,-0.0713074647852903,1.04713655317671,-2.46500357175615,0.052456608348,-0.0713074649026094,1.0471365532095,-2.46500357187871,0.052756069786588,1.1731904336898e-10,-3.27871063632301e-11,1.22553966974692e-10,-0.000299461438588056,0,0,0,-0.034963569,8.63746632352956e-10,-2.41390199290244e-10,9.02289397111565e-10,-0.0340514116803131,-8.63746632352956e-10,2.41390199290244e-10,-9.02289397111565e-10,-0.000912157319686906,-5.54302831016115e-09,1.54909334948187e-09,-5.79039124476207e-09,-0.0842348469144923,0.28,-0.02,0.00754339165199996,0.279999999964025,-0.0200000000304473,0.00724393021340841,3.59747787115339e-11,3.04473043999387e-11,0.000299461438591546,0.00029946143859155
529,10.56,6,-0.0713074647852903,1.04713655317671,-2.46500357175615,0.051741130752,-0.0713074648875516,1.04713655320529,-2.46500357186298,0.0520413476142159,1.02261324408381e-10,-2.85789170106909e-11,1.06824327161803e-10,-0.000300216862215937,0,0,0,-0.036578304,7.52886066149725e-10,-2.10408332300605e-10,7.86481572216316e-10,-0.035736108618603,-7.52886066149725e-10,2.10408332300605e-10,-7.86481572216316e-10,-0.000842195381396953,-4.83158888215637e-09,1.350274944943e-09,-5.04719872814601e-09,-0.0824239756734382,0.28,-0.02,0.00825886924799995,0.279999999968643,-0.0200000000265394,0.00795865238578101,3.13574721744203e-11,2.65394338450076e-11,0.000300216862218934,0.000300216862218937
530,10.58,6,-0.0713074647852903,1.04713655317671,-2.46500357175615,0.050993727636,-0.0713074648744266,1.04713655320162,-2.46500357184927,0.0512936558515745,8.91362400556872e-11,-2.49109621819343e-11,9.31135168968922e-11,-0.000299928215574521,0,0,0,-0.038155329,6.562542885066e-10,-1.83402833401745e-10,6.85537597653398e-10,-0.0373845881320718,-6.562542885066e-10,1.83402833401745e-10,-6.85537597653398e-10,-0.000770740867928221,-4.21146176456328e-09,1.17696044984147e-09,-4.39940026337873e-09,-0.0803666745545964,0.28,-0.02,0.00900627236399995,0.279999999972667,-0.0200000000231331,0.00870634414842283,2.73327471767004e-11,2.31331412359204e-11,0.000299928215577124,0.000299928215577126
531,10.6,6,-0.0713074647852903,1.04713655317671,-2.46500357175615,0.0502152,-0.0713074648629861,1.04713655319842,-2.46500357183732,0.0505138174191113,7.76957387316202e-11,-2.17137419156188e-11,8.11626321706171e-11,-0.000298617419111261,0,0,0,-0.03969,5.72025053215336e-10,-1.59863624404916e-10,5.97549592385825e-10,-0.0389919216231637,-5.72025053215336e-10,1.59863624404916e-10,-5.97549592385825e-10,-0.000698078376836331,-3.67092719114471e-09,1.02589829653644e-09,-3.83472863065478e-09,-0.0780752086972243,0.28,-0.02,0.00978479999999995,0.279999999976175,-0.020000000020164,0.00948618258088641,2.38246644634899e-11,2.01640301678019e-11,0.000298617419113537,0.000298617419113538
532,10.62,6,-0.0713074647852903,1.04713655317671,-2.46500357175615,0.049406439564,-0.0713074648530139,1.04713655319564,-2.4650035718269,0.0497027489031691,6.77236045021345e-11,-1.89268600792047e-11,7.07456315751642e-11,-0.000296309339169118,0,0,0,-0.041177889,4.98606509392444e-10,-1.39345658474188e-10,5.20855019772731e-10,-0.0405534257971081,-4.98606509392444e-10,1.39345658474188e-10,-5.20855019772731e-10,-0.000624463202891883,-3.19976973763542e-09,8.94227161563282e-10,-3.34253723793819e-09,-0.0755616001581198,0.28,-0.02,0.010593560436,0.279999999979233,-0.020000000017576,0.0102972510968288,2.0766832697916e-11,1.7576003152886e-11,0.000296309339171116,0.000296309339171118
533,10.64,6,-0.0713074647852903,1.04713655317671,-2.46500357175615,0.048568424448,-0.0713074648443217,1.04713655319321,-2.46500357181782,0.0488614557471636,5.90313770088002e-11,-1.64976921013249e-11,6.166533950136e-11,-0.000293031299163651,0,0,0,-0.042614784,4.34611114639731e-10,-1.21461115242921e-10,4.54004275013962e-10,-0.0420646578002706,-4.34611114639731e-10,1.21461115242921e-10,-4.54004275013962e-10,-0.000550126199729377,-2.7890845919146e-09,7.79453094725929e-10,-2.91355155014325e-09,-0.0728376682284982,0.28,-0.02,0.011431575552,0.279999999981899,-0.0200000000153202,0.0111385442528346,1.81014092603959e-11,1.53201548669379e-11,0.000293031299165317,0.000293031299165318
534,10.66,6,-0.0713074647852903,1.04713655317671,-2.46500357175615,0.047702214852,-0.0713074648367451,1.04713655319109,-2.46500357180991,0.0479910275238669,5.14547848773361e-11,-1.43802747487598e-11,5.37507816034122e-11,-0.000288812671866853,0,0,0,-0.043996689,3.7882942280144e-10,-1.05872053348403e-10,3.95733244011099e-10,-0.0435214111648406,-3.7882942280144e-10,1.05872053348403e-10,-3.95733244011099e-10,-0.000475277835159452,-2.43110996829519e-09,6.79413592092074e-10,-2.53958671988076e-09,-0.0699150630703679,0.28,-0.02,0.012297785148,0.279999999984222,-0.0200000000133538,0.0120089724761317,1.57780455367629e-11,1.33538388680243e-11,0.000288812671868297,0.000288812671868297
535,10.68,6,-0.0713074647852903,1.04713655317671,-2.46500357175615,0.046808948736,-0.071307464830141,1.04713655318925,-2.46500357180301,0.0470926332753419,4.48506370931412e-11,-1.25346399926229e-11,4.68518557283915e-11,-0.000283684539341911,0,0,0,-0.045319824,3.30207223435537e-10,-9.22837815065615e-11,3.44941509613485e-10,-0.0449197124262479,-3.30207223435537e-10,9.22837815065615e-11,-3.44941509613485e-10,-0.000400111573752131,-2.11908075939663e-09,5.92211630868936e-10,-2.21364461943055e-09,-0.0668052937760742,0.28,-0.02,0.0131910512639999,0.279999999986247,-0.0200000000116399,0.0129073667246568,1.37529432286954e-11,1.16398904403958e-11,0.000283684539343187,0.000283684539343188
536,10.7,6,-0.0713074647852903,1.04713655317671,-2.46500357175615,0.0458898375,-0.0713074648243845,1.04713655318764,-2.46500357179699,0.0461675169093065,3.90941307104598e-11,-1.09259268299411e-11,4.08384437378118e-11,-0.00027767940930655,0,0,0,-0.046580625,2.87825608247606e-10,-8.04395488891831e-11,3.00668617224875e-10,-0.0462558183017693,-2.87825608247606e-10,8.04395488891831e-11,-3.00668617224875e-10,-0.000324806698230665,-1.84709909390614e-09,5.16198294789552e-10,-1.92952797071632e-09,-0.0635197517745424,0.28,-0.02,0.0141101625,0.279999999988012,-0.0200000000101459,0.0138324830906923,1.19877441306926e-11,1.01459327050968e-11,0.00027767940930766,0.000277679409307661
537,10.72,6,-0.0713074647852903,1.04713655317671,-2.46500357175615,0.044946161664,-0.0713074648193668,1.04713655318623,-2.46500357179175,0.0452169926425613,3.40764638728785e-11,-9.52371514983952e-12,3.55968587939515e-11,-0.000270830978561273,0,0,0,-0.047775744,2.5088362636948e-10,-7.01155829933913e-11,2.62078057810546e-10,-0.0475262133372603,-2.5088362636948e-10,7.01155829933913e-11,-2.62078057810546e-10,-0.000249530662739729,-1.61002614010175e-09,4.49940144883875e-10,-1.68187527681577e-09,-0.060069730354722,0.28,-0.02,0.015053838336,0.279999999989551,-0.0200000000088437,0.0147830073574377,1.04491415520158e-11,8.84371742504442e-12,0.00027083097856221,0.00027083097856221
538,10.74,6,-0.0713074647852903,1.04713655317671,-2.46500357175615,0.043979266548,-0.0713074648149931,1.04713655318501,-2.46500357178718,0.0442424404836742,2.9702795778519e-11,-8.30135959972722e-12,3.1028069003014e-11,-0.000263173935674203,0,0,0,-0.048902049,2.18683103567446e-10,-6.1116780095714e-11,2.28440552274231e-10,-0.0487276079443547,-2.18683103567446e-10,6.1116780095714e-11,-2.28440552274231e-10,-0.000174441055645312,-1.40338249349702e-09,3.92199641941558e-10,-1.46600414518322e-09,-0.0564664409502126,0.28,-0.02,0.016020733452,0.279999999990892,-0.0200000000077086,0.015757559516325,9.10799213826863e-12,7.70863928245547e-12,0.00026317393567498,0.000263173935674981
539,10.76,6,-0.0713074647852903,1.04713655317671,-2.46500357175615,0.042990557952,-0.0713074648111808,1.04713655318395,-2.4650035717832,0.043245301748407,2.58904842009855e-11,-7.23598958529692e-12,2.70454769690787e-11,-0.000254743796407053,0,0,0,-0.049956624,1.90615453697506e-10,-5.3272787256883e-11,1.99120469370567e-10,-0.0498569367633589,-1.90615453697506e-10,5.3272787256883e-11,-1.99120469370567e-10,-9.96872366410828e-05,-1.22326065385157e-09,3.41856786607968e-10,-1.27786169050348e-09,-0.0527210267217327,0.28,-0.02,0.017009442048,0.279999999992061,-0.0200000000067193,0.0167546982515922,7.93892729333834e-12,6.7192536257199e-12,0.000254743796407719,0.000254743796407719
540,10.78,6,-0.0713074647852903,1.04713655317671,-2.46500357175615,0.041981497836,-0.0713074648078578,1.04713655318302,-2.46500357177973,0.0422270746024512,2.25674756659799e-11,-6.30717700289551e-12,2.35740316156807e-11,-0.000245576766451198,0,0,0,-0.050936769,1.66150240620475e-10,-4.64356515247238e-11,1.73563235560498e-10,-0.0509113572977935,-1.66150240620475e-10,4.64356515247238e-11,-1.73563235560498e-10,-2.54117022064695e-05,-1.06625724581151e-09,2.97995330204925e-10,-1.11386154964189e-09,-0.048844573886216,0.28,-0.02,0.018018502164,0.27999999999308,-0.0200000000058568,0.0177729253975481,6.91990909018614e-12,5.85684278853194e-12,0.000245576766451802,0.000245576766451802
541,10.8,6,-0.0713074647852903,1.04713655317671,-2.46500357175615,0.0409536,-0.0713074648049613,1.04713655318221,-2.4650035717767,0.0411893096269408,1.96709731836719e-11,-5.49760237333885e-12,2.05484518289722e-11,-0.000235709626940778,0,0,0,-0.05184,1.44825095704244e-10,-4.04757449206249e-11,1.51286004567659e-10,-0.0518882487755179,-1.44825095704244e-10,4.04757449206249e-11,-1.51286004567659e-10,4.82487755179214e-05,-9.29404595717677e-10,2.59754661078613e-10,-9.70874908455953e-10,-0.0448481211658906,0.28,-0.02,0.0190464,0.279999999993968,-0.0200000000051051,0.0188106903730587,6.03184169278848e-12,5.10512465634605e-12,0.000235709626941222,0.000235709626941222
542,10.82,6,-0.0713074647852903,1.04713655317671,-2.46500357175615,0.039908425764,-0.0713074648024365,1.0471365531815,-2.46500357177407,0.0401336054029641,1.71462288811597e-11,-4.7919446188871e-12,1.79110060116727e-11,-0.000225179638964082,0,0,0,-0.052664049,1.2623700378989e-10,-3.52806516990528e-11,1.3186850639854e-10,-0.0527852111988357,-1.2623700378989e-10,3.52806516990528e-11,-1.3186850639854e-10,0.000121162198835692,-8.1011718768184e-10,2.26418572092345e-10,-8.46269526803533e-10,-0.0407426676695607,0.28,-0.02,0.0200915742359999,0.279999999994742,-0.0200000000044499,0.0198663945970354,5.25757215541489e-12,4.44989184389399e-12,0.000225179638964526,0.000225179638964526
543,10.84,6,-0.0713074647852903,1.04713655317671,-2.46500357175615,0.038847579648,-0.0713074648002359,1.04713655318089,-2.46500357177177,0.0390616041119196,1.49455309239599e-11,-4.17688106324476e-12,1.5611956172279e-11,-0.000214024463919556,0,0,0,-0.053406864,1.10034660036254e-10,-3.0752280257206e-11,1.1494311586247e-10,-0.0536000645522269,-1.10034660036254e-10,3.0752280257206e-11,-1.1494311586247e-10,0.000193200552226935,-7.0614010832909e-10,1.97357498819643e-10,-7.37666700021504e-10,-0.0365391794658787,0.28,-0.02,0.0211524203519999,0.279999999995417,-0.0200000000038788,0.02093839588808,4.58272308989649e-12,3.87875495611034e-12,0.000214024463919937,0.000214024463919937
544,10.86,6,-0.0713074647852903,1.04713655317671,-2.46500357175615,0.037772705052,-0.0713074647983176,1.04713655318035,-2.46500357176976,0.0379749871490887,1.30272875820125e-11,-3.64086538695574e-12,1.36082256574355e-11,-0.000202282097088696,0,0,0,-0.054066609,9.59118578696725e-11,-2.68051302808132e-11,1.0018978186204e-10,-0.0543308481415445,-9.59118578696725e-11,2.68051302808132e-11,-1.0018978186204e-10,0.000264239141544477,-6.15508399192194e-10,1.7201606692069e-10,-6.42973071497257e-10,-0.0322485950661391,0.28,-0.02,0.022227294948,0.279999999996005,-0.0200000000033809,0.0220250128509109,3.99458244260131e-12,3.38092054352757e-12,0.000202282097089043,0.000202282097089043
545,10.88,6,-0.0713074647852903,1.04713655317671,-2.46500357175615,0.036685479936,-0.0713074647966456,1.04713655317988,-2.46500357176802,0.0368754707482313,1.13552500735636e-11,-3.17346149358855e-12,1.18616227950952e-11,-0.000189990812231283,0,0,0,-0.054641664,8.36016898858277e-11,-2.33648089423992e-11,8.73303204320942e-11,-0.0549758200428673,-8.36016898858277e-11,2.33648089423992e-11,-8.73303204320942e-11,0.00033415604286733,-5.36508790360191e-10,1.49950029489128e-10,-5.60444129132366e-10,-0.0278818299970463,0.28,-0.02,0.023314520064,0.279999999996518,-0.020000000002947,0.0231245292517685,3.48188144982942e-12,2.94698640490587e-12,0.000189990812231505,0.000189990812231505
546,10.9,6,-0.0713074647852903,1.04713655317671,-2.46500357175615,0.0355876125,-0.0713074647951881,1.04713655317948,-2.46500357176649,0.0357648016153751,9.89781867577477e-12,-2.76623168815604e-12,1.03392849837292e-11,-0.000177189115375148,0,0,0,-0.055130625,7.28715140786241e-11,-2.03658083526167e-11,7.61214378494471e-11,-0.0555334566428082,-7.28715140786241e-11,2.03658083526167e-11,-7.61214378494471e-11,0.000402831642808237,-4.67648413995006e-10,1.30692998236729e-10,-4.88500258616026e-10,-0.0234497806148984,0.28,-0.02,0.0244123875,0.279999999996965,-0.0200000000025687,0.0242351983846246,3.03501668241779e-12,2.56874382875694e-12,0.000177189115375405,0.000177189115375405
547,10.92,6,-0.0713074647852903,1.04713655317671,-2.46500357175615,0.034480836864,-0.0713074647939178,1.04713655317912,-2.46500357176517,0.034644752570273,8.62744597984744e-12,-2.41118236488091e-12,9.01234642469717e-12,-0.000163915706273034,0,0,0,-0.055532304,6.35185457987242e-11,-1.77519483878821e-11,6.63514326771268e-11,-0.0560024522551062,-6.35185457987242e-11,1.77519483878821e-11,-6.63514326771268e-11,0.000470148255106141,-4.07626317989741e-10,1.13920731269551e-10,-4.25794011072819e-10,-0.0189633272865427,0.28,-0.02,0.0255191631359999,0.279999999997355,-0.020000000002239,0.0253552474297267,2.64543942307682e-12,2.23904228491278e-12,0.000163915706273256,0.000163915706273256
548,10.94,6,-0.0713074647852903,1.04713655317671,-2.46500357175615,0.033366908748,-0.0713074647928104,1.04713655317881,-2.46500357176401,0.0335171181942563,7.52012341287411e-12,-2.10165218561542e-12,7.85549403303776e-12,-0.000150209446256329,0,0,0,-0.055845729,5.53660194389296e-11,-1.54735337624912e-11,5.78355524556706e-11,-0.056381718800837,-5.53660194389296e-11,1.54735337624912e-11,-5.78355524556706e-11,0.000535989800837008,-3.5530804749118e-10,9.9305456688281e-11,-3.71161645809636e-10,-0.0144333370428042,0.28,-0.02,0.026633091252,0.279999999997694,-0.0200000000019517,0.0264828818057434,2.30598873329768e-12,1.95166452443551e-12,0.000150209446256509,0.000150209446256509
549,10.96,6,-0.0713074647852903,1.04713655317671,-2.46500357175615,0.032247601152,-0.0713074647918452,1.04713655317854,-2.465003571763,0.0323837104834224,6.55492327084062e-12,-1.83186799063151e-12,6.84741152667812e-12,-0.000136109331422385,0,0,0,-0.056070144,4.82598584891055e-11,-1.34874246287254e-11,5.04123195394774e-11,-0.0566703855416931,-4.82598584891055e-11,1.34874246287254e-11,-5.04123195394774e-11,0.000600241541693095,-3.09704842698048e-10,8.65616935113572e-11,-3.23505238121736e-10,-0.00987066579138079,0.28,-0.02,0.0277523988479999,0.27999999999799,-0.0200000000017012,0.0276162895165774,2.00994776378138e-12,1.70116698505751e-12,0.000136109331422558,0.000136109331422558
550,10.98,6,-0.0713074647852903,1.04713655317671,-2.46500357175615,0.031124700036,-0.0713074647910039,1.04713655317831,-2.46500357176212,0.031246354506272,5.71361014056748e-12,-1.5967227540159e-12,5.96855898038484e-12,-0.000121654470271983,0,0,0,-0.056205009,4.20657616351447e-11,-1.17561907584983e-11,4.39422147770428e-11,-0.0568677988575207,-4.20657616351447e-11,1.17561907584983e-11,-4.39422147770428e-11,0.000662789857520746,-2.69954218646145e-10,7.54515397683759e-11,-2.81988397502372e-10,-0.00528616016272786,0.28,-0.02,0.0288752999639999,0.279999999998248,-0.0200000000014828,0.0287536454937278,1.75204295516096e-12,1.48282428003021e-12,0.00012165447027216,0.00012165447027216
551,11,6,-0.0713074647852903,1.04713655317671,-2.46500357175615,0.03,-0.0713074647902706,1.0471365531781,-2.46500357176136,0.0301068840650565,4.98028007722695e-12,-1.3917755836701e-12,5.20250509339348e-12,-0.000106884065056517,0,0,0,-0.05625,3.66666772622219e-11,-1.02471599631308e-11,3.83024468269955e-11,-0.0569735220607753,-3.66666772622219e-11,1.02471599631308e-11,-3.83024468269955e-11,0.000723522060775292,-2.35305537521743e-10,6.57656408956066e-11,-2.45798427200561e-10,-0.000690659049369213,0.28,-0.02,0.03,0.279999999998473,-0.0200000000012925,0.0298931159349434,1.52716728152313e-12,1.2925077674808e-12,0.000106884065056566,0.000106884065056566
552,11.02,6,-0.0713074647852903,1.04713655317671,-2.46500357175615,0.028875299964,-0.0713074647896314,1.04713655317792,-2.46500357176069,0.0289671373602213,4.34106917079902e-12,-1.21302967670545e-12,4.53459492177899e-12,-9.18373962213066e-05,0,0,0,-0.056205009,3.19605665117871e-11,-8.93184714521871e-12,3.33864782829844e-11,-0.0569873352417627,-3.19605665117871e-11,8.93184714521871e-12,-3.33864782829844e-11,0.000782326241762707,-2.05104413155841e-10,5.73339752338295e-11,-2.14270073481788e-10,0.0039050051099797,0.28,-0.02,0.031124700036,0.279999999998669,-0.0200000000011266,0.0310328626397786,1.3310463842231e-12,1.12662310036704e-12,9.18373962214211e-05,9.18373962214211e-05
553,11.04,6,-0.0713074647852903,1.04713655317671,-2.46500357175615,0.027752398848,-0.0713074647890742,1.04713655317777,-2.46500357176011,0.02782895265743,3.78390374589088e-12,-1.057376408653e-12,3.95239396766556e-12,-7.65538094300543e-05,0,0,0,-0.056070144,2.78584782486704e-11,-7.78516764054214e-12,2.91010768133487e-11,-0.0569092351395631,-2.78584782486704e-11,7.78516764054214e-12,-2.91010768133487e-11,0.000839091139563111,-1.7877919038432e-10,4.99657119455429e-11,-1.86782139500418e-10,0.00849000525947648,0.28,-0.02,0.032247601152,0.27999999999884,-0.020000000000982,0.0321710473425698,1.16018306073329e-12,9.8202695975047e-13,7.65538094301063e-05,7.65538094301063e-05
554,11.06,6,-0.0713074647852903,1.04713655317671,-2.46500357175615,0.026633091252,-0.0713074647885886,1.04713655317763,-2.4650035717596,0.0266941639567425,3.29825056155642e-12,-9.21707155043805e-13,3.44524409001679e-12,-6.10727047425132e-05,0,0,0,-0.055845729,2.42828944409838e-11,-6.78585340163121e-12,2.53654340233401e-11,-0.0567394350343735,-2.42828944409838e-11,6.78585340163121e-12,-2.53654340233401e-11,0.000893706034373533,-1.55832832664034e-10,4.35463525282438e-11,-1.62784271465123e-10,0.0130535188329263,0.28,-0.02,0.033366908748,0.279999999998989,-0.020000000000856,0.0333058360432573,1.01124664197982e-12,8.55981951985996e-13,6.10727047426207e-05,6.10727047426207e-05
555,11.08,6,-0.0713074647852903,1.04713655317671,-2.46500357175615,0.025519163136,-0.0713074647881652,1.04713655317751,-2.46500357175916,0.0255645966635882,2.87492252226684e-12,-8.03357380618763e-13,3.00293123700612e-12,-4.54335275882518e-05,0,0,0,-0.055532304,2.11662377877032e-11,-5.91492635106636e-12,2.21097485940377e-11,-0.056478364657715,-2.11662377877032e-11,5.91492635106636e-12,-2.21097485940377e-11,0.000946060657715062,-1.35832503527379e-10,3.79627889594508e-11,-1.41901848180141e-10,0.0175847270087244,0.28,-0.02,0.034480836864,0.279999999999119,-0.0200000000007461,0.0344354033364117,8.81461570401143e-13,7.46118444805433e-13,4.54335275882484e-05,4.54335275882484e-05
556,11.1,6,-0.0713074647852903,1.04713655317671,-2.46500357175615,0.0244123875,-0.0713074647877962,1.04713655317741,-2.46500357175877,0.0244420632612374,2.50592602224486e-12,-7.00328683933549e-13,2.61746180285627e-12,-2.96757612374444e-05,0,0,0,-0.055130625,1.84495877171556e-11,-5.15567057187736e-12,1.92717116304349e-11,-0.0561266701175405,-1.84495877171556e-11,5.15567057187736e-12,-1.92717116304349e-11,0.000996045117540582,-1.18399152118626e-10,3.30805430441923e-11,-1.23688052323071e-10,0.0220728140885972,0.28,-0.02,0.0355876125,0.279999999999232,-0.0200000000006504,0.0355579367387625,7.68274333040608e-13,6.50354770037609e-13,2.9675761237441e-05,2.9675761237441e-05
557,11.12,6,-0.0713074647852903,1.04713655317671,-2.46500357175615,0.023314520064,-0.0713074647874746,1.04713655317732,-2.46500357175844,0.023328358984522,2.18429441201096e-12,-6.10400618938911e-13,2.28128627099977e-12,-1.38389205219872e-05,0,0,0,-0.054641664,1.60816046747829e-11,-4.49405971099347e-12,1.67979505839733e-11,-0.0556852138357686,-1.60816046747829e-11,4.49405971099347e-12,-1.67979505839733e-11,0.00104354983576856,-1.03202652294563e-10,2.88411323259782e-11,-1.07830384579489e-10,0.0265069669792101,0.28,-0.02,0.0366854799359999,0.27999999999933,-0.0200000000005669,0.036671641015478,6.69575506151432e-13,5.66886815267509e-13,1.38389205219108e-05,1.38389205219109e-05
558,11.14,6,-0.0713074647852903,1.04713655317671,-2.46500357175615,0.022227294948,-0.0713074647871943,1.04713655317724,-2.46500357175814,0.0222252574945983,1.9039492205053e-12,-5.32018873400375e-13,1.98863148170858e-12,2.03745340166331e-06,0,0,0,-0.054066609,1.40175516288917e-11,-3.91723706447391e-12,1.46413428923836e-11,-0.0551550744961844,-1.40175516288917e-11,3.91723706447391e-12,-1.46413428923836e-11,0.0010884654961844,-8.99561105273048e-11,2.51428539494408e-11,-9.39637096768136e-11,0.0308763747598891,0.28,-0.02,0.037772705052,0.279999999999416,-0.0200000000004941,0.0377747425054016,5.83699755196676e-13,4.94125573791138e-13,-2.03745340166678e-06,2.03745340166692e-06
559,11.16,6,-0.0713074647852903,1.04713655317671,-2.46500357175615,0.021152420352,-0.0713074647869499,1.04713655317717,-2.46500357175789,0.0211345065545786,1.65957525499749e-12,-4.63629135083465e-13,1.73328018604479e-12,1.79137974213768e-05,0,0,0,-0.053406864,1.22184294183457e-11,-3.41437998548511e-12,1.27620686988473e-11,-0.0545375470009866,-1.22184294183457e-11,3.41437998548511e-12,-1.27620686988473e-11,0.00113068300098661,-7.84110628671642e-11,2.19246862013557e-11,-8.19133553724676e-11,0.0351702283222148,0.28,-0.02,0.038847579648,0.279999999999491,-0.0200000000004307,0.0388654934454213,5.08759701034478e-13,4.30707552956378e-13,-1.79137974213803e-05,1.79137974213803e-05
560,11.18,6,-0.0713074647852903,1.04713655317671,-2.46500357175615,0.020091574236,-0.0713074647867369,1.04713655317711,-2.46500357175767,0.0200578237058878,1.44656508993535e-12,-4.04121180963557e-13,1.51079149190991e-12,3.37505301121963e-05,0,0,0,-0.052664049,1.06502081610024e-11,-2.97588626145801e-12,1.1123801591398e-11,-0.0538341424345423,-1.06502081610024e-11,2.97588626145801e-12,-1.1123801591398e-11,0.00117009343454234,-6.83476542265136e-11,1.91056071328044e-11,-7.13968826369693e-11,0.0393777200691761,0.28,-0.02,0.039908425764,0.279999999999557,-0.0200000000003754,0.0399421762941122,4.43423076035288e-13,3.75428854670901e-13,-3.37505301122101e-05,3.37505301122101e-05
561,11.2,6,-0.0713074647852903,1.04713655317671,-2.46500357175615,0.0190464,-0.0713074647865512,1.04713655317706,-2.46500357175747,0.0189968919452246,1.2608941668546e-12,-3.521627434111e-13,1.31672450720544e-12,4.95080547753858e-05,0,0,0,-0.05184,9.28325507647217e-12,-2.59377411880193e-12,9.69586393865868e-12,-0.0530465880331588,-9.28325507647217e-12,2.59377411880193e-12,-9.69586393865868e-12,0.00120658803315876,-5.95756848439837e-11,1.66592080349285e-11,-6.224482805263e-11,0.043488043664421,0.28,-0.02,0.0409535999999999,0.279999999999614,-0.0200000000003272,0.0410031080547753,3.86524146023248e-13,3.27238236508265e-13,-4.95080547753893e-05,4.95080547753893e-05
562,11.22,6,-0.0713074647852903,1.04713655317671,-2.46500357175615,0.018018502164,-0.0713074647863894,1.04713655317702,-2.4650035717573,0.0179533554020272,1.09906528322767e-12,-3.06865644006393e-13,1.14752651825256e-12,6.51467619728306e-05,0,0,0,-0.050936769,8.09174137959242e-12,-2.26058995810333e-12,8.45096737760599e-12,-0.0521768271598703,-8.09174137959242e-12,2.26058995810333e-12,-8.45096737760599e-12,0.00124005815987035,-5.1928299269081e-11,1.45252347614273e-11,-5.42666957268637e-11,0.0474903938230446,0.28,-0.02,0.041981497836,0.279999999999663,-0.0200000000002853,0.0420466445979728,3.36841665671272e-13,2.8524752004877e-13,-6.5146761972848e-05,6.5146761972848e-05
563,11.24,6,-0.0713074647852903,1.04713655317671,-2.46500357175615,0.017009442048,-0.0713074647862483,1.04713655317698,-2.46500357175715,0.016928815016359,9.5799757016124e-13,-2.67563748934663e-13,1.00008890058234e-12,8.06270316410125e-05,0,0,0,-0.0499566240000001,7.05317539421082e-12,-1.97008526287479e-12,7.36563346306874e-12,-0.0512270192834095,-7.05317539421082e-12,1.97008526287479e-12,-7.36563346306874e-12,0.0012703952834094,-4.52637508680925e-11,1.26453303640296e-11,-4.73037792031407e-11,0.0513739661371017,0.28,-0.02,0.0429905579519999,0.279999999999706,-0.0200000000002486,0.043071184983641,2.93542967710891e-13,2.48634446364804e-13,-8.06270316410715e-05,8.06270316410715e-05
564,11.26,6,-0.0713074647852903,1.04713655317671,-2.46500357175615,0.016020733452,-0.0713074647861254,1.04713655317694,-2.46500357175703,0.0159248242171457,8.35040370184004e-13,-2.33146835171283e-13,8.71747118935673e-13,9.59092348543425e-05,0,0,0,-0.048902049,6.14790037684899e-12,-1.71717865559421e-12,6.41955787900595e-12,-0.0501995399606674,-6.14790037684899e-12,1.71717865559421e-12,-6.41955787900595e-12,0.00129749096066748,-3.94539705185795e-11,1.10288895947558e-11,-4.12164456865517e-11,0.0551279569301406,0.28,-0.02,0.0439792665479999,0.279999999999744,-0.0200000000002167,0.0440751757828543,2.55906407176099e-13,2.16722473300734e-13,-9.59092348543425e-05,9.59092348543425e-05
565,11.28,6,-0.0713074647852903,1.04713655317671,-2.46500357175615,0.015053838336,-0.0713074647860182,1.04713655317691,-2.46500357175691,0.0149428846007044,7.27862214944253e-13,-2.03170813506404e-13,7.59836638053457e-13,0.000110953735295556,0,0,0,-0.0477757439999999,5.35882096647742e-12,-1.49660086369909e-12,5.59522896527493e-12,-0.0490969808220647,-5.35882096647742e-12,1.49660086369909e-12,-5.59522896527493e-12,0.00132123682206472,-3.43901978351231e-11,9.61493592334151e-12,-3.59209155001529e-11,0.058741563135741,0.28,-0.02,0.044946161664,0.279999999999777,-0.0200000000001889,0.0450571153992956,2.22988294495963e-13,1.88911386533874e-13,-0.000110953735295558,0.000110953735295558
566,11.3,6,-0.0713074647852903,1.04713655317671,-2.46500357175615,0.0141101625,-0.0713074647859248,1.04713655317689,-2.46500357175682,0.0139844416095173,6.34436947422046e-13,-1.77191594730175e-13,6.62137011886443e-13,0.000125720890482689,0,0,0,-0.0465806250000001,4.67101700977491e-12,-1.30430214523225e-12,4.87681065527182e-12,-0.0479221495593498,-4.67101700977491e-12,1.30430214523225e-12,-4.87681065527182e-12,0.00134152455934967,-2.99766454532936e-11,8.36688343162752e-12,-3.13225119167922e-11,0.0622039821963977,0.28,-0.02,0.0458898374999999,0.279999999999806,-0.0200000000001647,0.0460155583904827,1.94344540460634e-13,1.64666891233622e-13,-0.000125720890482815,0.000125720890482815
567,11.32,6,-0.0713074647852903,1.04713655317671,-2.46500357175615,0.013191051264,-0.0713074647858433,1.04713655317687,-2.46500357175673,0.0130508802112089,5.5300208856579e-13,-1.54543045027822e-13,5.77315972805081e-13,0.000140171052791066,0,0,0,-0.0453198239999999,4.07148410070905e-12,-1.1369644765997e-12,4.250360416936e-12,-0.0466780699154218,-4.07148410070905e-12,1.1369644765997e-12,-4.250360416936e-12,0.00135824591542188,-2.6129473157602e-11,7.2849850292119e-12,-2.72756110582118e-11,0.0655044119788616,0.28,-0.02,0.046808948736,0.279999999999831,-0.0200000000001435,0.046949119788791,1.6947554470903e-13,1.43524081508417e-13,-0.000140171052791065,0.000140171052791065
568,11.34,6,-0.0713074647852903,1.04713655317671,-2.46500357175615,0.012297785148,-0.0713074647857724,1.04713655317685,-2.46500357175666,0.012143520577692,4.82031081716627e-13,-1.34781075189494e-13,5.03153074760121e-13,0.000154264570307962,0,0,0,-0.043996689,3.54889463755702e-12,-9.91264776015469e-13,3.70484819577177e-12,-0.0453679816758446,-3.54889463755702e-12,9.91264776015469e-13,-3.70484819577177e-12,0.0013712926758446,-2.27747845794777e-11,6.34718800135998e-12,-2.37816564394233e-11,0.0686320507040093,0.28,-0.02,0.0477022148519999,0.279999999999852,-0.0200000000001251,0.047856479422308,1.47659662275146e-13,1.25108257087447e-13,-0.000154264570308031,0.000154264570308031
569,11.36,6,-0.0713074647852903,1.04713655317671,-2.46500357175615,0.011431575552,-0.0713074647857105,1.04713655317683,-2.46500357175659,0.0112636137644568,4.2016390366939e-13,-1.17461596005342e-13,4.38760139331862e-13,0.000167961787543199,0,0,0,-0.042614784,3.09339894596748e-12,-8.64321015988272e-13,3.22921506698332e-12,-0.0439953406617645,-3.09339894596748e-12,8.64321015988272e-13,-3.22921506698332e-12,0.00138055666176447,-1.98515885524105e-11,5.54026071923129e-12,-2.07082874064801e-11,0.071576096887872,0.28,-0.02,0.048568424448,0.279999999999871,-0.020000000000109,0.0487363862355433,1.28785870856518e-13,1.09044717699902e-13,-0.00016796178754331,0.00016796178754331
570,11.38,6,-0.0713074647852903,1.04713655317671,-2.46500357175615,0.010593560436,-0.0713074647856566,1.04713655317681,-2.46500357175654,0.0104123373899767,3.66234820248224e-13,-1.02362562870439e-13,3.82360809680904e-13,0.000181223046023329,0,0,0,-0.041177889,2.69636717491928e-12,-7.53515801603649e-13,2.81504931885372e-12,-0.0425638187240071,-2.69636717491928e-12,7.53515801603649e-13,-2.81504931885372e-12,0.00138592972400704,-1.73038614735632e-11,4.83405974502903e-12,-1.8064905408984e-11,0.0743257492927694,0.28,-0.02,0.049406439564,0.279999999999888,-0.0200000000000951,0.0495876626100234,1.12243547789603e-13,9.50489686957212e-14,-0.000181223046023388,0.000181223046023388
571,11.4,6,-0.0713074647852903,1.04713655317671,-2.46500357175615,0.0097848,-0.0713074647856096,1.0471365531768,-2.46500357175649,0.00959079131521356,3.19230752943156e-13,-8.92619311798626e-14,3.33066907387547e-13,0.000194008684786431,0,0,0,-0.03969,2.35028994544799e-12,-6.56834606703062e-13,2.45375121067402e-12,-0.0410773037381516,-2.35028994544799e-12,6.56834606703062e-13,-2.45375121067402e-12,0.00138730373815155,-1.50827236146442e-11,4.21049901607497e-12,-1.57683334747256e-11,0.076870206886384,0.28,-0.02,0.0502152,0.279999999999902,-0.0200000000000829,0.0504092086847865,9.7755137318245e-14,8.28573321065562e-14,-0.000194008684786542,0.000194008684786542
572,11.42,6,-0.0713074647852903,1.04713655317671,-2.46500357175615,0.00900627236399997,-0.0713074647855686,1.04713655317679,-2.46500357175645,0.0087999933232051,2.78263523334488e-13,-7.7715611723761e-14,2.90434343241941e-13,0.000206279040794868,0,0,0,-0.0381553289999999,2.04863547315511e-12,-5.72624626381564e-13,2.13838454117951e-12,-0.0395398996004239,-2.04863547315511e-12,5.72624626381564e-13,-2.13838454117951e-12,0.00138457060042398,-1.31463571296535e-11,3.68093135525518e-12,-1.37242564993961e-11,0.0791986688076654,0.28,-0.02,0.050993727636,0.279999999999915,-0.0200000000000722,0.0512000066767949,8.52096171399808e-14,7.22200077518664e-14,-0.000206279040794927,0.000206279040794927
573,11.44,6,-0.0713074647852903,1.04713655317671,-2.46500357175615,0.00825886924799998,-0.0713074647855329,1.04713655317678,-2.46500357175641,0.00804087479871971,2.42555975304981e-13,-6.77236045021345e-14,2.53130849614536e-13,0.00021799444928027,0,0,0,-0.036578304,1.78570833056205e-12,-4.99005999276462e-13,1.86389941119159e-12,-0.0379559262242706,-1.78570833056205e-12,4.99005999276462e-13,-1.86389941119159e-12,0.00137762222427061,-1.14585690807429e-11,3.20775953531578e-12,-1.19649032623783e-11,0.0813003343385101,0.28,-0.02,0.051741130752,0.279999999999926,-0.020000000000063,0.0519591252012803,7.43294314986542e-14,6.29496454962464e-14,-0.000217994449280327,0.000217994449280327
574,11.46,6,-0.0713074647852903,1.04713655317671,-2.46500357175615,0.00754339165199999,-0.0713074647855017,1.04713655317677,-2.46500357175638,0.00731427640796965,2.11428097252053e-13,-5.90638649100583e-14,2.20712337295481e-13,0.000229115244030341,0,0,0,-0.034963569,1.55653694894718e-12,-4.34850808570142e-13,1.62460134594401e-12,-0.0363299195375003,-1.55653694894718e-12,4.34850808570142e-13,-1.62460134594401e-12,0.00136635053750033,-9.98792925373819e-12,2.790629680397e-12,-1.04207931893321e-11,0.0831644028799562,0.28,-0.02,0.052456608348,0.279999999999935,-0.0200000000000549,0.0526857235920304,6.47815134868779e-14,5.48727729920984e-14,-0.000229115244030458,0.000229115244030458
575,11.48,6,-0.0713074647852903,1.04713655317671,-2.46500357175615,0.006860545536,-0.0713074647854746,1.04713655317676,-2.46500357175635,0.00662094377837164,1.84297022087776e-13,-5.15143483426073e-14,1.92290627865077e-13,0.000239601757628364,0,0,0,-0.033315984,1.35677836387242e-12,-3.79038214962203e-13,1.41618548215737e-12,-0.0346666314799012,-1.35677836387242e-12,3.79038214962203e-13,-1.41618548215737e-12,0.00135064747990125,-8.70586506867072e-12,2.42932946498333e-12,-9.09464685663976e-12,0.0847800739323944,0.28,-0.02,0.0531394544639999,0.279999999999944,-0.0200000000000478,0.0533790562216283,5.6399329650958e-14,4.78297956796325e-14,-0.000239601757628355,0.000239601757628355
576,11.5,6,-0.0713074647852903,1.04713655317671,-2.46500357175615,0.0062109375,-0.071307464785451,1.04713655317676,-2.46500357175632,0.00596152317834659,1.6064927166326e-13,-4.48530101948563e-14,1.67421632113474e-13,0.000249414321653413,0,0,0,-0.031640625,1.18266106249901e-12,-3.30451625662537e-13,1.23429254502458e-12,-0.0329710300012534,-1.18266106249901e-12,3.30451625662537e-13,-1.23429254502458e-12,0.00133040500125339,-7.58829408365409e-12,2.12373149376511e-12,-7.94368768914429e-12,0.0861365470791639,0.28,-0.02,0.0537890624999999,0.279999999999951,-0.0200000000000417,0.0540384768216535,4.91273688396632e-14,4.17027523624824e-14,-0.000249414321653513,0.000249414321653513
577,11.52,6,-0.0713074647852903,1.04713655317671,-2.46500357175615,0.00559507046399996,-0.0713074647854303,1.04713655317675,-2.4650035717563,0.0053365571971532,1.40026878980848e-13,-3.90798504668055e-14,1.46105350040671e-13,0.00025851326684676,0,0,0,-0.029942784,1.03089518082593e-12,-2.87976995787236e-13,1.0754187912417e-12,-0.0312482990596702,-1.03089518082593e-12,2.87976995787236e-13,-1.0754187912417e-12,0.0013055150596702,-6.61521571843375e-12,1.85155486906417e-12,-6.89784082076694e-12,0.0872230219727306,0.28,-0.02,0.054404929536,0.279999999999957,-0.0200000000000363,0.0546634428028468,4.2854608750531e-14,3.63424568217141e-14,-0.000258513266846762,0.000258513266846762
578,11.54,6,-0.0713074647852903,1.04713655317671,-2.46500357175615,0.00501333934800001,-0.0713074647854124,1.04713655317674,-2.46500357175628,0.0047464804247489,1.22055143769728e-13,-3.39728245535298e-14,1.27453603226968e-13,0.000266858923251111,0,0,0,-0.028227969,8.98590866457255e-13,-2.50945898405953e-13,9.37461974826364e-13,-0.0295038386202156,-8.98590866457255e-13,2.50945898405953e-13,-9.37461974826364e-13,0.00127586962021558,-5.76630295217228e-12,1.62163551276609e-12,-6.00387917383049e-12,0.0880286983232539,0.28,-0.02,0.0549866606519999,0.279999999999963,-0.0200000000000317,0.0552535195752511,3.74145159298678e-14,3.16760506713365e-14,-0.000266858923251116,0.000266858923251116
579,11.56,6,-0.0713074647852903,1.04713655317671,-2.46500357175615,0.004466026752,-0.0713074647853967,1.04713655317674,-2.46500357175627,0.00419161513167385,1.06387121334706e-13,-2.95319324550292e-14,1.11022302462516e-13,0.000274411620326149,0,0,0,-0.026501904,7.83264807413801e-13,-2.18513188150629e-13,8.17384391349746e-13,-0.0277432646537504,-7.83264807413801e-13,2.18513188150629e-13,-8.17384391349746e-13,0.00124136065375033,-5.02658401480546e-12,1.41707051750967e-12,-5.24545758074336e-12,0.0885427758889344,0.28,-0.02,0.0555339732479999,0.279999999999967,-0.0200000000000276,0.0558083848683261,3.25850457727483e-14,2.76098588436469e-14,-0.000274411620326147,0.000274411620326147
580,11.58,6,-0.0713074647852903,1.04713655317671,-2.46500357175615,0.00395329863599998,-0.0713074647853831,1.04713655317674,-2.46500357175625,0.00367216694895443,9.27313781318162e-14,-2.57571741713036e-14,9.68114477473137e-14,0.000281131687045553,0,0,0,-0.0247705290000001,6.82733127117694e-13,-1.90171777800437e-13,7.12475239734881e-13,-0.0259724091359717,-6.82733127117694e-13,1.90171777800437e-13,-7.12475239734881e-13,0.00120188013597166,-4.38152472917226e-12,1.22771813887837e-12,-4.56836001996626e-12,0.0887544544681347,0.28,-0.02,0.056046701364,0.279999999999972,-0.0200000000000241,0.0563278330510455,2.8421709430404e-14,2.40640840587503e-14,-0.000281131687045501,0.000281131687045501
581,11.6,6,-0.0713074647852903,1.04713655317671,-2.46500357175615,0.00347519999999997,-0.0713074647853711,1.04713655317673,-2.46500357175624,0.00318822054802226,8.08242361927114e-14,-2.24265050974282e-14,8.43769498715119e-14,0.000286979451977711,0,0,0,-0.02304,5.95102632534251e-13,-1.6561741502287e-13,6.21108039335558e-13,-0.0241973200466091,-5.95102632534251e-13,1.6561741502287e-13,-6.21108039335558e-13,0.00115732004660911,-3.81962903141388e-12,1.06969779071458e-12,-3.98446579955997e-12,0.0886529338926863,0.28,-0.02,0.0565248,0.279999999999975,-0.020000000000021,0.0568117794519777,2.48134846003722e-14,2.09693373776076e-14,-0.000286979451977767,0.000286979451977767
582,11.62,6,-0.0713074647852903,1.04713655317671,-2.46500357175615,0.00303165056400004,-0.0713074647853608,1.04713655317673,-2.46500357175623,0.00273973532064712,7.04436509124662e-14,-1.95399252334028e-14,7.37188088351104e-14,0.000291915243352914,0,0,0,-0.0213166890000001,5.18710051905968e-13,-1.44223459208577e-13,5.41418723344353e-13,-0.0224242613687552,-5.18710051905968e-13,1.44223459208577e-13,-5.41418723344353e-13,0.00110757236875511,-3.32983594687274e-12,9.30476660831259e-13,-3.45649358337603e-12,0.0882274140223141,0.28,-0.02,0.0569683494359999,0.279999999999978,-0.0200000000000183,0.0572602646793528,2.16493489801906e-14,1.82770465428916e-14,-0.000291915243352918,0.000291915243352918
583,11.64,6,-0.0713074647852903,1.04713655317671,-2.46500357175615,0.00262244044800006,-0.0713074647853517,1.04713655317673,-2.46500357175622,0.00232654105888095,6.13953332617712e-14,-1.70974345792274e-14,6.43929354282591e-14,0.000295899389119111,0,0,0,-0.0196071840000001,4.52113332968515e-13,-1.25613925991952e-13,4.72288851676834e-13,-0.020659713088309,-4.52113332968515e-13,1.25613925991952e-13,-4.72288851676834e-13,0.00105252908830885,-2.90273333319318e-12,8.02535061916298e-13,-3.00648349071077e-12,0.0874670947399934,0.28,-0.02,0.0573775595519999,0.279999999999981,-0.0200000000000159,0.057673458941119,1.88737914186277e-14,1.5931700403371e-14,-0.000295899389119114,0.000295899389119114
584,11.66,6,-0.0713074647852903,1.04713655317671,-2.46500357175615,0.00224722585200002,-0.0713074647853438,1.04713655317673,-2.46500357175621,0.00194833363501078,5.35127497869325e-14,-1.48769885299771e-14,5.59552404411079e-14,0.000298892216989239,0,0,0,-0.0179182890000001,3.94058666304652e-13,-1.09563224753626e-13,4.1215918186262e-13,-0.0189103711935092,-3.94058666304652e-13,1.09563224753626e-13,-4.1215918186262e-13,0.000992082193509075,-2.52989834739979e-12,7.03565642074817e-13,-2.64765959314161e-12,0.086361175948145,0.28,-0.02,0.0577527741479999,0.279999999999984,-0.0200000000000139,0.0580516663649892,1.63757896132211e-14,1.38847267017184e-14,-0.000298892216989283,0.000298892216989283
585,11.68,6,-0.0713074647852903,1.04713655317671,-2.46500357175615,0.00190552473600005,-0.071307464785337,1.04713655317672,-2.4650035717562,0.00160467068151986,4.66432448220644e-14,-1.28785870856518e-14,4.88498130835069e-14,0.000300854054480191,0,0,0,-0.016257024,3.43460699356658e-13,-9.54919119121303e-14,3.59205989999789e-13,-0.0171831476745463,-3.43460699356658e-13,9.54919119121303e-14,-3.59205989999789e-13,0.000926123674546329,-2.20488950492671e-12,6.21979529677424e-13,-2.29913849164509e-12,0.0848988575654147,0.28,-0.02,0.0580944752639999,0.279999999999986,-0.0200000000000121,0.0583953293184801,1.43218770176645e-14,1.20944920745103e-14,-0.00030085405448025,0.00030085405448025
586,11.7,6,-0.0713074647852903,1.04713655317671,-2.46500357175615,0.00159671249999997,-0.071307464785331,1.04713655317672,-2.4650035717562,0.00129496727105511,4.06619182768964e-14,-1.13242748511766e-14,4.2632564145606e-14,0.000301745228944866,0,0,0,-0.0146306249999999,2.99362909258124e-13,-8.30523213185821e-14,3.13223220166888e-13,-0.015485170523238,-2.99362909258124e-13,8.30523213185821e-14,-3.13223220166888e-13,0.000854545523238092,-1.92106635747285e-12,5.28618941253982e-13,-2.00120798877716e-12,0.0830693395238603,0.28,-0.02,0.0584032875,0.279999999999987,-0.0200000000000106,0.0587050327289449,1.25455201782643e-14,1.0547118733939e-14,-0.000301745228944925,0.000301745228944925
587,11.72,6,-0.0713074647852903,1.04713655317671,-2.46500357175615,0.00132001766399999,-0.0713074647853258,1.04713655317672,-2.46500357175619,0.00101849159639987,3.54438700611581e-14,-9.76996261670138e-15,3.73034936274053e-14,0.000301526067600114,0,0,0,-0.013046544,2.60941582108665e-13,-7.24799424935017e-14,2.73199060391342e-13,-0.0138237837327607,-2.60941582108665e-13,7.24799424935017e-14,-2.73199060391342e-13,0.000777239732760745,-1.67444463605748e-12,4.72602588199897e-13,-1.73363184508632e-12,0.0808618217669231,0.28,-0.02,0.058679982336,0.279999999999989,-0.0200000000000092,0.0589815084036001,1.09356967925578e-14,9.19056497572512e-15,-0.00030152606760013,0.00030152606760013
588,11.74,6,-0.0713074647852903,1.04713655317671,-2.46500357175615,0.00107451754799998,-0.0713074647853212,1.04713655317672,-2.46500357175619,0.000774360650451433,3.0891955660195e-14,-8.43769498715119e-15,3.24185123190546e-14,0.000300156897548543,0,0,0,-0.011512449,2.27452689387516e-13,-6.3027890729504e-14,2.38526423489617e-13,-0.0122065472974223,-2.27452689387516e-13,6.3027890729504e-14,-2.38526423489617e-13,0.000694098297422268,-1.45985822173082e-12,4.16788315874961e-13,-1.52867723788687e-12,0.078265504247338,0.28,-0.02,0.058925482452,0.27999999999999,-0.020000000000008,0.0592256393495485,9.54791801177635e-15,8.00748356510894e-15,-0.000300156897548531,0.000300156897548531
589,11.76,6,-0.0713074647852903,1.04713655317671,-2.46500357175615,0.000859133951999949,-0.0713074647853172,1.04713655317672,-2.46500357175618,0.000561535906201926,2.692290834716e-14,-7.32747196252603e-15,2.8421709430404e-14,0.000297598045798023,0,0,0,-0.0100362239999998,1.982555249529e-13,-5.4692124412005e-14,2.0795287873188e-13,-0.0106412372124756,-1.982555249529e-13,5.4692124412005e-14,-2.0795287873188e-13,0.000605013212475799,-1.272819664342e-12,3.61095291987496e-13,-1.31688663159719e-12,0.0752695869257349,0.28,-0.02,0.059140866048,0.279999999999992,-0.020000000000007,0.0594384640937981,8.38218383591993e-15,6.97705782037872e-15,-0.000297598045798084,0.000297598045798084
590,11.78,6,-0.0713074647852903,1.04713655317671,-2.46500357175615,0.000672628836000048,-0.0713074647853138,1.04713655317672,-2.46500357175618,0.000378818996722712,2.34673391830142e-14,-6.43929354282591e-15,2.48689957516035e-14,0.000293809839277337,0,0,0,-0.00862596900000007,1.72799131666061e-13,-4.74702185722552e-14,1.81615146099936e-13,-0.00913584547396089,-1.72799131666061e-13,4.74702185722552e-14,-1.81615146099936e-13,0.000509876473960827,-1.10924871501979e-12,3.05475017162513e-13,-1.14540334683838e-12,0.0718632697692611,0.28,-0.02,0.0593273711639999,0.279999999999993,-0.0200000000000061,0.0596211810032772,7.27196081129478e-15,6.07847105982273e-15,-0.000293809839277327,0.000293809839277327
591,11.8,6,-0.0713074647852903,1.04713655317671,-2.46500357175615,0.00051360000000001,-0.0713074647853108,1.04713655317672,-2.46500357175618,0.00022484739515119,2.04558592287185e-14,-5.55111512312578e-15,2.17603712826531e-14,0.00028875260484882,0,0,0,-0.00728999999999985,1.50614157365663e-13,-4.13607182290045e-14,1.58707079163167e-13,-0.00769858007857558,-1.50614157365663e-13,4.13607182290045e-14,-1.58707079163167e-13,0.000408580078575726,-9.66697224441417e-13,2.72102852267512e-13,-9.98104454998039e-13,0.068035752750489,0.28,-0.02,0.0594863999999999,0.279999999999994,-0.0200000000000053,0.0597751526048488,6.38378239159465e-15,5.29437604868122e-15,-0.000288752604848827,0.000288752604848827
592,11.82,6,-0.0713074647852903,1.04713655317671,-2.46500357175615,0.000380476764,-0.0713074647853082,1.04713655317672,-2.46500357175617,9.80900946798762e-05,1.78329573330416e-14,-4.88498130835069e-15,1.90958360235527e-14,0.000282386669320124,0,0,0,-0.00603684900000012,1.31280212876835e-13,-3.59186611836544e-14,1.38744990063207e-13,-0.00633786502356582,-1.31280212876835e-13,3.59186611836544e-14,-1.38744990063207e-13,0.000301016023565707,-8.42308524232552e-13,2.29875092838019e-13,-8.6531619890887e-13,0.063776235846584,0.28,-0.02,0.0596195232359999,0.279999999999994,-0.0200000000000046,0.0599019099053201,5.55111512312578e-15,4.61436444609831e-15,-0.000282386669320199,0.000282386669320199
593,11.84,6,-0.0713074647852903,1.04713655317671,-2.46500357175615,0.000271515648000022,-0.0713074647853059,1.04713655317671,-2.46500357175617,0,1.55431223447522e-14,-4.21884749357559e-15,1.68753899743024e-14,0.000271515648000022,0,0,0,-0.00487526400000014,1.14434042392185e-13,-3.13211593268941e-14,1.2143866608503e-13,0,-1.14434042392185e-13,3.13211593268941e-14,-1.2143866608503e-13,-0.00487526400000014,-7.34368613368477e-13,2.04538437180323e-13,-7.41234324270361e-13,-0.0832903249919998,0.28,-0.02,0.0597284843519999,0.279999999999995,-0.020000000000004,0.06,4.9960036108132e-15,4.01761957036229e-15,-0.000271515648000029,0.000271515648000029
594,11.86,6,-0.0713074647852903,1.04713655317671,-2.46500357175615,0.000184796051999926,-0.0713074647853039,1.04713655317671,-2.46500357175617,0,1.35447209004269e-14,-3.77475828372553e-15,1.46549439250521e-14,0.000184796051999926,0,0,0,-0.00381420899999981,9.97466701248156e-14,-2.72303905832877e-14,1.06613979599623e-13,0,-9.97466701248156e-14,2.72303905832877e-14,-1.06613979599623e-13,-0.00381420899999981,-6.4046131245362e-13,1.67131983293202e-13,-6.66785199487254e-13,-0.0705778258080091,0.28,-0.02,0.059815203948,0.279999999999996,-0.0200000000000035,0.06,4.27435864480685e-15,3.50414142147315e-15,-0.000184796051999989,0.000184796051999989
595,11.88,6,-0.0713074647852903,1.04713655317671,-2.46500357175615,0.000118215936000039,-0.0713074647853021,1.04713655317671,-2.46500357175617,0,1.18099974244501e-14,-3.33066907387547e-15,1.28785870856518e-14,0.000118215936000039,0,0,0,-0.00286286400000002,8.69374438757434e-14,-2.38877509174238e-14,9.32782756098782e-14,0,-8.69374438757434e-14,2.38877509174238e-14,-9.32782756098782e-14,-0.00286286400000002,-5.57749135069858e-13,1.44688110960929e-13,-5.77706803632383e-13,-0.0569898685439928,0.28,-0.02,0.0598817840639999,0.279999999999996,-0.0200000000000031,0.06,3.71924713249427e-15,3.05311331771918e-15,-0.000118215936000088,0.000118215936000088
596,11.9,6,-0.0713074647852903,1.04713655317671,-2.46500357175615,6.94875000001038e-05,-0.0713074647853006,1.04713655317671,-2.46500357175617,0,1.02973185533983e-14,-2.88657986402541e-15,1.11022302462516e-14,6.94875000001038e-05,0,0,0,-0.00203062500000005,7.57824611743455e-14,-2.0993988698205e-14,8.17241395372298e-14,0,-7.57824611743455e-14,2.0993988698205e-14,-8.17241395372298e-14,-0.00203062500000005,-4.85917368147078e-13,1.3122178756156e-13,-5.24259766119439e-13,-0.0432379499999811,0.28,-0.02,0.0599305124999998,0.279999999999997,-0.0200000000000027,0.06,3.21964677141295e-15,2.66106581214842e-15,-6.94875000001594e-05,6.94875000001594e-05
597,11.92,6,-0.0713074647852903,1.04713655317671,-2.46500357175615,3.61328639999839e-05,-0.0713074647852993,1.04713655317671,-2.46500357175616,0,8.97892871165595e-15,-2.44249065417534e-15,9.76996261670138e-15,3.61328639999839e-05,0,0,0,-0.00132710400000011,6.60641138114042e-14,-1.83695529469739e-14,7.12389442148412e-14,0,-6.60641138114042e-14,1.83695529469739e-14,-7.12389442148412e-14,-0.00132710400000011,-4.23389405062488e-13,1.23141993521943e-13,-4.47782622626687e-13,-0.0300768706560063,0.28,-0.02,0.059963867136,0.279999999999997,-0.0200000000000023,0.06,2.88657986402541e-15,2.31759056390501e-15,-3.61328639999908e-05,3.61328639999908e-05
598,11.94,6,-0.0713074647852903,1.04713655317671,-2.46500357175615,1.5479748000008e-05,-0.0713074647852981,1.04713655317671,-2.46500357175616,0,7.82707232360735e-15,-2.22044604925031e-15,8.43769498715119e-15,1.5479748000008e-05,0,0,0,-0.000762129000000051,5.75963257101546e-14,-1.59067130765351e-14,6.22832917623077e-14,0,-5.75963257101546e-14,1.59067130765351e-14,-6.22832917623077e-14,-0.000762129000000051,-3.69219281842356e-13,9.60896566056701e-14,-4.01896336531035e-13,-0.0183055813919999,0.28,-0.02,0.0599845202519999,0.279999999999998,-0.020000000000002,0.0600000000000001,2.4980018054066e-15,2.02615701994091e-15,-1.5479748000119e-05,1.5479748000119e-05
599,11.96,6,-0.0713074647852903,1.04713655317671,-2.46500357175615,4.65715200014677e-06,-0.0713074647852971,1.04713655317671,-2.46500357175616,0,6.82787160144471e-15,-1.99840144432528e-15,7.54951656745106e-15,4.65715200014677e-06,0,0,0,-0.000345744000000003,5.0211940073307e-14,-1.39849199444215e-14,5.42453650316864e-14,0,-5.0211940073307e-14,1.39849199444215e-14,-5.42453650316864e-14,-0.000345744000000003,-3.21451641321668e-13,7.98582544559026e-14,-3.29955643888622e-13,-0.00876803020797133,0.28,-0.02,0.0599953428479998,0.279999999999998,-0.0200000000000018,0.06,2.16493489801906e-15,1.76247905159244e-15,-4.65715200021616e-06,4.65715200021616e-06
600,11.98,6,-0.0713074647852903,1.04713655317671,-2.46500357175615,5.91035999981948e-07,-0.0713074647852963,1.04713655317671,-2.46500357175616,0,5.9535709695524e-15,-1.77635683940025e-15,6.66133814775094e-15,5.91035999981948e-07,0,0,0,-8.82089999999636e-05,4.37829072468737e-14,-1.23877548553035e-14,4.76462521539141e-14,0,-4.37829072468737e-14,1.23877548553035e-14,-4.76462521539141e-14,-8.82089999999636e-05,-2.80301047982235e-13,7.01194131660454e-14,-2.86791228303189e-13,-0.00235400894400252,0.28,-0.02,0.059999408964,0.279999999999998,-0.0200000000000015,0.0599999999999999,1.88737914186277e-15,1.5334955527635e-15,-5.91035999981948e-07,5.91035999981948e-07
601,12,6,-0.0713074647852903,1.04713655317671,-2.46500357175615,0,-0.0713074647852955,1.04713655317671,-2.46500357175616,0,5.19029264012261e-15,-1.55431223447522e-15,5.77315972805081e-15,0,0,0,0,-0,3.81768862872292e-14,-1.09853665919826e-14,4.19104275878505e-14,0,-3.81768862872292e-14,1.09853665919826e-14,-4.19104275878505e-14,-0,-2.44508461732323e-13,6.4276108392131e-14,-2.60892578951928e-13,0,0.28,-0.02,0.0599999999999999,0.279999999999998,-0.0200000000000013,0.06,1.66533453693773e-15,1.3392065234541e-15,-6.24500451351651e-17,2.13792264605551e-15
602,12.02,7,-0.0713107507910077,1.04713365229404,-2.46499646126278,0,-0.0713074647852948,1.04713655317671,-2.46500357175616,0,-3.2860057128381e-06,-2.90088267052013e-06,7.11049338431025e-06,0,-0.000490418990252921,-0.000432941410271911,0.00106120356546773,0,3.32867170525828e-14,-9.69984442414005e-15,3.6692576008812e-14,0,-0.000490418990286207,-0.000432941410262212,0.00106120356543104,0,-0.010136980377008,-0.00894891647229624,0.0219351206470518,0,0.280001805690679,-0.0200010537599812,0.0599998297330009,0.279999999999999,-0.0200000000000012,0.0600000000000001,1.80569068014558e-06,-1.05375998004503e-06,-1.70266999111046e-07,2.09759857429761e-06
603,12.04,7,-0.0713333573334577,1.04711369526023,-2.46494754361495,0,-0.071311519577445,1.04713297361012,-2.4649947977079,0,-2.18377560126937e-05,-1.92783498915716e-05,4.72540929479237e-05,0,-0.00192224629421041,-0.00169695716937106,0.00415949353851733,0,-0.000202739607506868,-0.000178978329455621,0.000438702412977719,0,-0.00171950668670354,-0.00151797883991544,0.00372079112553961,0,-0.0365739093353402,-0.0322874117874659,0.0791412318055845,0,0.280014228039737,-0.020008303575153,0.0599986584500609,0.280002228145136,-0.0200013002969988,0.0599997898982161,1.19998946012112e-05,-7.00327815426893e-06,-1.13144815516719e-06,1.39399982164299e-05
604,12.06,7,-0.0713935281391831,1.04706057653113,-2.46481734173688,0,-0.0713302039333293,1.04711647907882,-2.46495436716692,0,-6.33242058538652e-05,-5.59025476858377e-05,0.000137025430037685,0,-0.0042372380893386,-0.0037406296870968,0.00916883778465186,0,-0.000934217794213721,-0.000824726565204983,0.00202152704908952,0,-0.00330302029512488,-0.00291590312189182,0.00714731073556234,0,-0.072392826487884,-0.0639083172064201,0.156648757715015,0,0.280047290712688,-0.0200276028345298,0.0599955416911645,0.280012495255193,-0.020007292260153,0.0599988218232693,3.47954574942411e-05,-2.03105743768126e-05,-3.28013210482148e-06,4.04227975327618e-05
605,12.08,7,-0.0715083540673117,1.04695920831284,-2.46456887320944,0,-0.0713778454198087,1.04707442122063,-2.46485127712285,0,-0.000130508647503039,-0.000115212907793927,0.000282403913412832,0,-0.00737835145666102,-0.00651360152974747,0.0159658027700857,0,-0.00238207432397137,-0.00210289290933336,0.00515450220338976,0,-0.00499627713268965,-0.00441070862041411,0.0108113005666959,0,-0.112976407404097,-0.099735463187675,0.244466402675201,0,0.280110379938081,-0.0200644433645664,0.0599895970713079,0.280038673553298,-0.0200225723534703,0.0599963539219844,7.17063847825994e-05,-4.18710110960847e-05,-6.75685067647036e-06,8.33105168622952e-05
606,12.1,7,-0.0716937971276273,1.04679549935855,-2.46416759829817,0,-0.0714706774692497,1.04699246917717,-2.46465040051771,0,-0.000223119658377527,-0.000196969818621939,0.00048280221954311,0,-0.0112897443807586,-0.0099665754201204,0.0244295535617444,0,-0.00464160247205326,-0.00409760217308681,0.0100438302568937,0,-0.00664814190870536,-0.00586897324703358,0.0143857233048507,0,-0.15527480401186,-0.137076446802866,0.335994688051325,0,0.280212253725774,-0.020123971366516,0.0599800054023234,0.280089679924082,-0.0200523536689994,0.059991547153568,0.000122573801692116,-7.16176975165891e-05,-1.15417512446675e-05,0.000142431188581117
607,12.12,7,-0.0719647144986407,1.04655633376544,-2.46358136798128,0,-0.0716256194402956,1.04685568655499,-2.46431512603735,0,-0.000339095058345146,-0.000299352789543628,0.000733758056078671,0,-0.0159167757497697,-0.0140513142375119,0.0344418538272649,0,-0.00774709855229039,-0.00683913110914407,0.01676372401792,0,-0.00816967719747934,-0.00721218312836781,0.0176781298093448,0,-0.197303049784101,-0.174178941521719,0.426938401794764,0,0.280361050089589,-0.0202110053726955,0.0599660123966824,0.280174802211969,-0.0201020816193342,0.0599835304852883,0.000186247877620838,-0.000108923753361342,-1.7518088605839e-05,0.00021647064325906
608,12.14,7,-0.0723348825456613,1.04622954977155,-2.4627803719776,0,-0.071859482631255,1.0466492323562,-2.46380907619628,0,-0.000475399914406302,-0.000419682584642755,0.00102870421868051,0,-0.0212060053553901,-0.0187206410177172,0.0458870658349954,0,-0.0116931595479727,-0.0103227099395787,0.0253024920538159,0,-0.00951284580741739,-0.00839793107813852,0.0205845737811795,0,-0.237796907588978,-0.209926880027046,0.51456189749164,0,0.280564294572059,-0.0203300555577073,0.0599469307646641,0.280303258090221,-0.0201771892921735,0.0599714448995038,0.000261036481837895,-0.000152866265533798,-2.45141348397121e-05,0.000303494782155303
609,12.16,7,-0.0728170208388679,1.04580391855262,-2.4617370867746,0,-0.0721884645852501,1.04635880740539,-2.4630972015962,0,-0.000628556253617865,-0.000554888852768665,0.00136011482160425,0,-0.0271051938928728,-0.0239284389530306,0.0586521504539953,0,-0.0164490976997521,-0.0145212475401195,0.0355937300036485,0,-0.0106560961931206,-0.00940719141291113,0.0230584204503468,0,-0.275977549224199,-0.243632713535089,0.597179891167361,0,0.280828907328429,-0.0204853438081348,0.0599221425364073,0.280483911091386,-0.0202829477884201,0.0599544731937896,0.000344996237043538,-0.000202396019714779,-3.23306573822985e-05,0.000401287706985098
610,12.18,7,-0.0734228161713799,1.045269123019,-2.46042622365636,0,-0.0726278375589348,1.04597092936918,-2.46214645503967,0,-0.000794978612445166,-0.000701806350180911,0.00172023138330113,0,-0.0335633029610284,-0.0296296513922454,0.0726266671540353,0,-0.021968648684236,-0.0193939018108212,0.0475373278269954,0,-0.0115946542767924,-0.0102357495814243,0.0250893393270399,0,-0.311390946780364,-0.274895626646576,0.673809924870911,0,0.281161209989537,-0.020680824018425,0.0598911014594483,0.280725092422122,-0.0204243805724451,0.0599318602286251,0.000436117567414851,-0.000256443445979818,-4.07587691767519e-05,0.000507565809386974
611,12.2,7,-0.0741629465773286,1.04461573661246,-2.45882467673156,0,-0.0731917669113316,1.0454730930823,-2.46092618451318,0,-0.000971179665996927,-0.0008573564698382,0.00210150778161422,0,-0.0405304950622249,-0.0357802818406538,0.0877027740055976,0,-0.0281964676198432,-0.0248918143437526,0.0610135263244134,0,-0.0123340274423817,-0.0108884674969012,0.0266892476811842,0,-0.343798515447327,-0.303504996921845,0.743935731785106,0,0.281566932489113,-0.0209202021419054,0.0598533353403898,0.281034493629225,-0.0206062203791561,0.0599029267102422,0.000532438859888018,-0.000313981762749296,-4.95913698524766e-05,0.000620108854010207
612,12.22,7,-0.0750471053499279,1.04383520210315,-2.45691147096146,0,-0.0738932156699075,1.04485385479666,-2.45940833969397,0,-0.00115388968002043,-0.00101865269350454,0.00249686873251909,0,-0.0479581336023875,-0.042337393960047,0.103775227679875,0,-0.0350724379287902,-0.0309619142821899,0.0758922409601165,0,-0.0128856956735973,-0.0113754796778571,0.0278829867197587,0,-0.373102881473989,-0.329374862907597,0.807346607647083,0,0.282051220010929,-0.021206955584355,0.0598084482163832,0.28141910641967,-0.020832893840402,0.0598670785473422,0.000632113591259309,-0.000374061743953043,-5.86303309590072e-05,0.000736836003634659
613,12.24,7,-0.0760840250595462,1.04291981038639,-2.45466771018787,0,-0.0747439055810729,1.04410286656585,-2.45756755623171,0,-0.00134011947847339,-0.00118305617946102,0.00289984604384319,0,-0.055798782890999,-0.0492591115687152,0.120741383448773,0,-0.0425344955582698,-0.0375494115403417,0.0920391731130578,0,-0.0132642873327292,-0.0117097000283736,0.0287022103357151,0,-0.399297694501922,-0.352499618513573,0.86402881109862,0,0.282618640185027,-0.0215443515833901,0.059756122258153,0.281885193605781,-0.0211085235980719,0.0598238131213575,0.000733446579245844,-0.000435827985318257,-6.76908632045586e-05,0.000855845763181299
614,12.26,7,-0.077281501571777,1.04186267927957,-2.45207652516119,0,-0.075754314570039,1.04321087848764,-2.45538116124501,0,-0.00152718700173803,-0.00134819920807083,0.00330463608382292,0,-0.0640062081410995,-0.0565046186414476,0.138501195184906,0,-0.0505204494483081,-0.044599403910613,0.10931974933503,0,-0.0134857586927914,-0.0119052147308346,0.0291814458498765,0,-0.422433874029631,-0.372924215423776,0.914092525379822,0,0.283273190640103,-0.021935464270238,0.0596961193213668,0.28243828037383,-0.0214369408748677,0.0597727233459959,0.000834910266272304,-0.000498523395370307,-7.66040246290636e-05,0.000975432675815096
615,12.28,7,-0.07864641806551,1.04065773231902,-2.44912302156834,0,-0.076933697108617,1.04216972072326,-2.45282912924816,0,-0.00171272095689305,-0.00151198840423672,0.00370610767982305,0,-0.0725353754692866,-0.0640341593095324,0.156957215361603,0,-0.0589691269289005,-0.0520578882190884,0.127601599842626,0,-0.0135662485403861,-0.0119762710904441,0.0293556155189769,0,-0.442597066497027,-0.390724262232553,0.957723078361843,0,0.284018307000773,-0.0223831901612858,0.059628282077298,0.283083158632904,-0.0218217037015748,0.0597135000853288,0.00093514836786901,-0.000561486459710946,-8.52180080308101e-05,0.00109408940368671
616,12.3,7,-0.0801847690510026,1.03929967755689,-2.44579422806076,0,-0.0782901184737939,1.04097227325398,-2.44989400801996,0,-0.00189465057720872,-0.00167259569709266,0.00409977995920086,0,-0.0813424518957152,-0.0718090378607567,0.176014595052901,0,-0.0678210682588417,-0.0598723734637399,0.146756061409864,0,-0.0135213836368735,-0.0119366643970167,0.0292585336430366,0,-0.459892730458343,-0.4059928576496,0.995148668780817,0,0.284856871403627,-0.0228902618751472,0.0595525346669475,0.283823899619637,-0.022266117548252,0.0596459332985005,0.00103297178398987,-0.000624144326895202,-9.33986315529919e-05,0.00121049995939308
617,12.32,7,-0.0819016843879509,1.037783986358,-2.44207904428243,0,-0.079830496931154,1.03961242864165,-2.44656082732425,0,-0.00207118745679684,-0.00182844228364987,0.00448178304182756,0,-0.0903848053440975,-0.0797916187394065,0.195581083933549,0,-0.0770189228680083,-0.0679922306167318,0.16665903478548,0,-0.0133658824760892,-0.0117993881226748,0.0289220491480695,0,-0.474436395201469,-0.418831990818482,1.02661928714415,0,0.285791221594408,-0.0234592599168872,0.0594688828351239,0.284663871575361,-0.0227732561829545,0.0595699121481912,0.00112735001904662,-0.000686003733932704,-0.000101029313067318,0.00132352790318636
618,12.34,7,-0.0838014533035606,1.03610687219672,-2.43796818889779,0,-0.0815606499465947,1.03808505123299,-2.44281699891369,0,-0.00224080335696582,-0.00197817903627007,0.00484881001589788,0,-0.0996210046417035,-0.0879453265462672,0.21556703027901,0,-0.0865076507720375,-0.0763688704331012,0.187191420528362,0,-0.013113353869666,-0.0115764561131659,0.0283756097506478,0,-0.486347413089901,-0.429347025890325,1.05239319660274,0,0.28682316065983,-0.0240926224144848,0.0593774135124647,0.285605760422678,-0.0233459813296208,0.0594854242258522,0.00121740023715255,-0.000746641084864035,-0.000108010713387514,0.0014322019973567
619,12.36,7,-0.0858875484106185,1.03426526945383,-2.43345414761979,0,-0.0834853419272714,1.03638593501397,-2.43865221322448,0,-0.00240220648334713,-0.00212066556013357,0.00519806560468572,0,-0.10901081951936,-0.0962346460386226,0.235885380965455,0,-0.0962345990338353,-0.0849558109509076,0.208239284460417,0,-0.0127762204855247,-0.011278835087715,0.0276460965050383,0,-0.495745058045206,-0.437643257767657,1.07272849056934,0,0.287953967441129,-0.0247926527335981,0.0592782938240219,0.286651592117683,-0.0239869602170394,0.0593925539937019,0.00130237532344624,-0.000805692516558692,-0.000114260169680032,0.00153570091513148
620,12.38,7,-0.0881626497255637,1.03225681221343,-2.42853112123785,0,-0.0856083319311664,1.03451176149184,-2.43405833613904,0,-0.00255431779439738,-0.00225494927840986,0.00552721490119046,0,-0.118515220611452,-0.104625122130256,0.256451681469768,0,-0.10614950019474,-0.0937086761062613,0.229693854271805,0,-0.0123657204167116,-0.0109164460239946,0.0267578271979627,0,-0.50274618777397,-0.443823848320877,1.0878780340783,0,0.28918440767183,-0.0255615249352066,0.0591717695128931,0.287802755857341,-0.0246986804732292,0.0592914805110447,0.00138165181448846,-0.000862844461977371,-0.000119710998151668,0.00163333800088125
621,12.4,7,-0.0906286686865583,1.03007981305975,-2.42319497364583,0,-0.0879324204101707,1.03246005843039,-2.42902930783997,0,-0.00269624827638763,-0.00238024537063852,0.00583433419414181,0,-0.128096379455921,-0.113083359891449,0.277184075869543,0,-0.116204423950219,-0.102585153072679,0.251451414953371,0,-0.0118919555057013,-0.0104982068187705,0.0257326609161723,0,-0.507463937752789,-0.447988673439263,1.09808663773763,0,0.290514745879093,-0.0264012870767484,0.0590581627764615,0.289060027657714,-0.0254834620726141,0.0591824744935941,0.0014547182213796,-0.000917825004134384,-0.000124311717132626,0.00172454667807067
622,12.42,7,-0.0932867721715589,1.02773324187406,-2.41744317987004,0,-0.0904594944642761,1.03022915989956,-2.42356104488581,0,-0.00282727770728279,-0.00249591802550353,0.00611786501576717,0,-0.137717668494266,-0.121577024548983,0.298003306843086,0,-0.126353702705275,-0.111544926541464,0.273413147708123,0,-0.0113639657889909,-0.0100320980075197,0.0245901591349637,0,-0.510007086508097,-0.450233762700747,1.10358968427599,0,0.291944758085776,-0.0273138623909286,0.0589378695211601,0.290423594041493,-0.0263434662206702,0.0590658947444305,0.00152116404428254,-0.000970396170258354,-0.000128025223270371,0.00180886683718386
623,12.44,7,-0.0961374065163877,1.02521670463152,-2.41127477409722,0,-0.0931905713529848,1.02781816786365,-2.41765134605794,0,-0.00294683516340291,-0.00260146323213295,0.00637657196071517,0,-0.147343661071544,-0.130074841486139,0.318832715669416,0,-0.136553844435437,-0.120549601795478,0.295484941393642,0,-0.0107898166361076,-0.00952523969066024,0.0233477742757738,0,-0.510479849062443,-0.4506511170265,1.10461268158699,0,0.293473745348613,-0.0283010484074427,0.0588113560493172,0.291893075719065,-0.0272807011855101,0.0589421839908614,0.00158066962954806,-0.00102034722193261,-0.000130827941544231,0.0018859323639436
624,12.46,7,-0.0991803215328036,1.02253042219807,-2.40469029770252,0,-0.0961258401813187,1.02522691538093,-2.41129980215743,0,-0.00305448135148483,-0.00269649318285836,0.0066095044549126,0,-0.15694013143637,-0.138546596242694,0.33959824222826,0,-0.146763441416686,-0.129562624136009,0.317577195025383,0,-0.0101766900196838,-0.00898397210668497,0.0220210472028764,0,-0.508981935542158,-0.449328760419536,1.10137138954879,0,0.29510054816635,-0.0293645141114361,0.0586791551986098,0.293467551240938,-0.0282970251742005,0.0588118641606557,0.00163299692541152,-0.00106748893723567,-0.000132708962045876,0.0019554598584812
625,12.48,7,-0.102414594526573,1.0196752091273,-2.39769174727747,0,-0.0992647017838693,1.02245593139404,-2.4045077097011,0,-0.00314989274270393,-0.00278072226674664,0.0068159624236297,0,-0.166474054740914,-0.146963134514927,0.360228425000058,0,-0.156943080127529,-0.1385491993444,0.339604622816359,0,-0.00953097461338528,-0.00841393517052774,0.0206238021836993,0,-0.505608766538098,-0.446350930085219,1.09407228603696,0,0.296823561789719,-0.0305057952585753,0.0585418619609625,0.295145580657583,-0.0293941464145244,0.0586755311324957,0.00167798113213613,-0.0011116488440509,-0.000133669171533235,0.00201723852821201
626,12.5,7,-0.105838654315542,1.01665245245727,-2.39028252265802,0,-0.102605806893035,1.01950640703512,-2.39727798833036,0,-0.00323284742250733,-0.00285395457784499,0.00699546567234011,0,-0.175913607040907,-0.155296362155616,0.380654401065962,0,-0.167055255458291,-0.147476217946104,0.361486068537097,0,-0.00885835158261569,-0.0078201442095118,0.0191683325288643,0,-0.500451773903047,-0.441798341974735,1.0829132178113,0,0.298640752462692,-0.0317262879901472,0.0584001286134207,0.296925229256822,-0.0305736206479761,0.0585338489981005,0.00171552320586993,-0.00115266734217102,-0.000133720384679799,0.00207112119704878
627,12.52,7,-0.109450305247707,1.01346409050748,-2.38246737495246,0,-0.106147092711762,1.01638016333941,-2.3896151016725,0,-0.00330321253594494,-0.00291607283193196,0.00714772672003328,0,-0.185228165295633,-0.163519245174035,0.400809906107833,0,-0.177064290936352,-0.156312184785598,0.383144332893323,0,-0.00816387435928112,-0.00720706038843649,0.0176655732145103,0,-0.493598740780117,-0.435748490961926,1.06808413629353,0,0.300549674621054,-0.033027240912589,0.058254659398602,0.298804091466594,-0.0318368462721895,0.0583875438766859,0.00174558315445983,-0.00119039464039949,-0.000132884478083857,0.00211701635174161
628,12.54,7,-0.113246751219284,1.01011259167561,-2.37425235456945,0,-0.109885818026801,1.01307962024731,-2.38152498136011,0,-0.00336093319248311,-0.00296702857169762,0.00727262679066021,0,-0.194388307367937,-0.17160580973596,0.420631274408246,0,-0.186936265751954,-0.165027154604837,0.404506015619193,0,-0.00745204161598295,-0.00657865513112321,0.0161252587890534,0,-0.48513415156797,-0.428275959792226,1.04976785484709,0,0.30254748906988,-0.0344097458242741,0.0581062047968288,0.300779315017181,-0.0331850573942803,0.0582373973258549,0.0017681740526993,-0.00122468842999385,-0.000131192529026158,0.00215488113613539
629,12.56,7,-0.117224619692783,1.00660093323452,-2.36564475924599,0,-0.113818597002467,1.0096077667713,-2.37301495390579,0,-0.00340602269031594,-0.00300683353677478,0.00737019465980104,0,-0.203365812024219,-0.179531142163665,0.440057438850486,0,-0.196638948783314,-0.173592673800682,0.425501372716136,0,-0.00672686324090574,-0.00593846836298298,0.0145560661343501,0,-0.475139533849709,-0.419452720937137,1.02814078866711,0,0.304630982155789,-0.0358747272882035,0.0579555554359587,0.302847625455401,-0.0346193150730855,0.058084239396373,0.00178335670038765,-0.00125541221511802,-0.000128683960414377,0.00218471520165741
630,12.58,7,-0.121379985715078,1.00293258012903,-2.35665308207539,0,-0.117941431791674,1.00596813220691,-2.364093670136,0,-0.00343855392340471,-0.00303555207788198,0.00744058806060544,0,-0.21213365893444,-0.187271388935922,0.459029930918549,0,-0.206141739460308,-0.181981728219424,0.446064188489478,0,-0.00599191947413194,-0.00528966071649789,0.0129657424290711,0,-0.46369378182311,-0.409348422118155,1.00337365464197,0,0.306796585942773,-0.0374229312624553,0.0578035356882992,0.305005351096023,-0.0361404970396037,0.0579289413814032,0.00179123484675009,-0.00128243422285153,-0.000125405693104,0.00220655532448555
631,12.6,7,-0.125708395935477,0.999111463772811,-2.34728695953531,0,-0.122249744093609,1.00216475827367,-2.35477103690435,0,-0.00345865184186769,-0.00305329450086278,0.00748407736904433,0,-0.220666028672113,-0.194803756688004,0.477492880697142,0,-0.21541561509677,-0.190168696661787,0.466131661582317,0,-0.00525041357534342,-0.00463506002621697,0.0113612191148254,0,-0.450873455693638,-0.398030650610617,0.975632119200941,0,0.309040399391947,-0.0390549130107943,0.0576509970068001,0.307248448484356,-0.0377492861921239,0.0577724083135567,0.0017919509075916,-0.0013056268186704,-0.00012141130675658,0.00222047070466108
632,12.62,7,-0.130204892623792,0.995141960845287,-2.33755711951567,0,-0.126738405777822,0.998202172080194,-2.34505815082503,0,-0.00346648684597059,-0.00306021123490685,0.0075010313093582,0,-0.228938302714313,-0.202106512211682,0.495393016871685,0,-0.224433084210642,-0.198129309673999,0.485644303966335,0,-0.004505218503671,-0.00397720253768227,0.00974871290534957,0,-0.436753054670479,-0.385565174244331,0.945077389042811,0,0.311358210535696,-0.0407710245237137,0.0574988110550008,0.309572528429676,-0.0394461581662364,0.0576155712654654,0.00178568210602031,-0.00132486635747738,-0.000116760210464632,0.00222655886867701
633,12.64,7,-0.134864037688416,0.991028872088468,-2.32747532934669,0,-0.131401768683903,0.994085359817016,-2.33496723379008,0,-0.00346226900451307,-0.00305648772854761,0.0074919044433881,0,-0.236927063441671,-0.209158982455224,0.512679666728306,0,-0.233168145304052,-0.205840613158887,0.504545851747193,0,-0.00375891813761822,-0.0033183692963378,0.00813381498111376,0,-0.421405263203672,-0.372016158781517,0.911866743961085,0,0.313745519625565,-0.0425714016853519,0.0573478626869471,0.311972882652642,-0.0412313682806014,0.0574593795114691,0.00177263697292229,-0.00134003340475054,-0.00011151682452195,0.00222494210391414
634,12.66,7,-0.139679936694387,0.986777401103837,-2.31705434382688,0,-0.136233693695265,0.989819741090325,-2.32451157005755,0,-0.00344624299912183,-0.00304233998648806,0.00745722623067735,0,-0.244610094138374,-0.215941554523401,0.529304756153849,0,-0.241596250568126,-0.213280936334517,0.522783186626414,0,-0.00301384357024786,-0.00266061818888444,0.0065215695274351,0,-0.40490117131714,-0.357446362426495,0.876154013616437,0,0.316197563220875,-0.0444559514241859,0.0571990428345204,0.314444511071654,-0.0431049381572404,0.0573047926094059,0.00175305214922145,-0.00135101326694548,-0.000105749774885491,0.00221576436026961
635,12.68,7,-0.144646262881464,0.982393133149216,-2.30630785325096,0,-0.141227579175155,0.985411143818664,-2.31370544471958,0,-0.00341868370630946,-0.00301801066944807,0.00739759146861552,0,-0.251966378992167,-0.22243567567748,0.545222809635865,0,-0.249694273994468,-0.220429863583046,0.540306266898742,0,-0.00227210499769911,-0.00200581209443343,0.00491654273712283,0,-0.387310470584928,-0.341917308833475,0.838090001604008,0,0.318709339171701,-0.0464243390851505,0.0570532413603141,0.316982149733733,-0.0450666423104046,0.0571527724623715,0.00172718943796735,-0.00135769677474587,-9.95311020574388e-05,0.00219918856105111
636,12.7,7,-0.149756281182196,0.977882013935637,-2.29525043143794,0,-0.146376388843278,0.98086577962347,-2.30256408338096,0,-0.00337989233891786,-0.00298376568783298,0.00731365194301903,0,-0.258976103094355,-0.228623853335227,0.560390950262618,0,-0.257440483406167,-0.227268209759716,0.557068066930822,0,-0.00153561968818827,-0.00135564357551138,0.0033228833317962,0,-0.368701627655552,-0.325489440293526,0.797822860937827,0,0.321275632435643,-0.0484759762578791,0.0569113399343887,0.319580299375315,-0.04711599499083,0.0570042754206733,0.0016953330603276,-0.00135998126704912,-9.29354862845844e-05,0.002175394271569
637,12.72,7,-0.155002872239993,0.973250328424211,-2.28389748375903,0,-0.151672679162464,0.976190219652158,-2.29110359289797,0,-0.00333019307752877,-0.00293989122794669,0.00720610913893616,0,-0.265620652439797,-0.234489655070909,0.574768899723084,0,-0.264814515959278,-0.233777998565587,0.57302452414958,0,-0.000806136480518582,-0.000711656505322178,0.00174437557350426,0,-0.349142037363249,-0.308222252901112,0.755498425363701,0,0.323891041653155,-0.0506100092901559,0.0567742049929148,0.322233254577692,-0.049252237562514,0.0568602444840429,0.0016577870754626,-0.00135777172764192,-8.6039491128162e-05,0.0021445756797064
638,12.74,7,-0.160378556427198,0.968504679623,-2.27226519516566,0,-0.157108626296595,0.971391370779686,-2.27934090304483,0,-0.00326993013060342,-0.00288669115668616,0.007075707879169,0,-0.271882613926911,-0.24001770861529,0.588318978306949,0,-0.271797356706543,-0.239942443623609,0.588134492656853,0,-8.52572203674518e-05,-7.52649916810899e-05,0.000184485650095434,0,-0.328698157467691,-0.290174415502238,0.711260500918809,0,0.326550006391122,-0.0528253087074529,0.0566426808358936,0.324935133461123,-0.0514743266770669,0.0567216016634828,0.00161487292999851,-0.00135098203038595,-7.89208275892572e-05,0.00210693984809607
639,12.76,7,-0.165875517863159,0.963651967383884,-2.26037047821746,0,-0.162676052693712,0.966476452141013,-2.26729370899133,0,-0.00319946516944683,-0.00282448475712938,0.00692323077386492,0,-0.277745775357671,-0.245193701855634,0.60100610490461,0,-0.278371319855897,-0.245745931933654,0.602359702675229,0,0.000625544498225494,0.000552230078019605,-0.00135359777061883,0,-0.307435626980173,-0.271403874152545,0.665251121974115,0,0.329246834949456,-0.0551204597487012,0.0565175829198489,0.327679907841154,-0.0537809234963069,0.056589240560922,0.00156692710830192,-0.00133953625239433,-7.16576410730377e-05,0.00206270520233363
640,12.78,7,-0.171485628432299,0.958699367199433,-2.24823092111025,0,-0.168366453341622,0.961452971952679,-2.25498041448904,0,-0.0031191750906763,-0.00275360475324571,0.00674949337878772,0,-0.283195125437612,-0.250004382835704,0.612797797007178,0,-0.2845200323955,-0.251174009416704,0.615664725114711,0,0.00132490695788845,0.00116962658100067,-0.00286692810753331,0,-0.285419369909861,-0.251967943704557,0.617610775728106,0,0.331975732610811,-0.0574937542153128,0.0563996913995965,0.330461433750797,-0.0561703841971281,0.0564640192231453,0.00151429886001325,-0.00132337001818471,-6.43278235487529e-05,0.00201210022398244
641,12.8,7,-0.177200471802185,0.953654308999779,-2.235864735704,0,-0.174171021737497,0.956328704586863,-2.24242007567645,0,-0.00302945006468808,-0.00267439558708349,0.00655533997244984,0,-0.288216853775821,-0.254437559755761,0.623664170706472,0,-0.290228419793698,-0.256213368290796,0.628016940629274,0,0.00201156601787644,0.00177580853503517,-0.00435276992280287,0,-0.262713686111279,-0.231923388007645,0.568478598788926,0,0.334730830199561,-0.0599431838150849,0.0562897449709621,0.333273482213321,-0.0586407519739353,0.056346753324263,0.00145734798623992,-0.00130243184114965,-5.70083533009691e-05,0.00195536232094824
642,12.82,7,-0.183011367441603,0.948524455949482,-2.22329070555086,0,-0.180080675607815,0.951111667865844,-2.22963234542435,0,-0.00293069183378844,-0.00258721191636235,0.00634163987348746,0,-0.292798350884948,-0.258482100972566,0.633577940695023,0,-0.295482693515923,-0.260851836050949,0.639386512605053,0,0.00268434263097544,0.00236973507838284,-0.00580857191002959,0,-0.239382330759335,-0.211326490068579,0.517992549148154,0,0.337506212803231,-0.0624664351651507,0.0561884350636391,0.336109770132743,-0.0611897507332034,0.0562382097283064,0.00139644267048733,-0.00127668443194721,-4.97746646672612e-05,0.00189273685122283
643,12.84,7,-0.188909394638629,0.9433176832444,-2.21052813392312,0,-0.186086082410437,0.945810100548798,-2.21663741815259,0,-0.00282331222819221,-0.00249241730439731,0.00610928422947277,0,-0.296928208181195,-0.262127934999378,0.642514420266074,0,-0.30027034013111,-0.26507836585232,0.649746363588016,0,0.00334213194991451,0.00295043085294178,-0.00723194332194121,0,-0.215488583820931,-0.190233113380895,0.466289556508452,0,0.340295948497893,-0.0650608865988009,0.0560964004302825,0.338963991153158,-0.0638147806522125,0.0561391004804083,0.00133195734473496,-0.00124610594658846,-4.27000501257851e-05,0.00182447627899002
644,12.86,7,-0.194885416518696,0.938042056908565,-2.19759679184117,0,-0.192177684646587,0.940432439986399,-2.20345597505822,0,-0.00270773187210888,-0.00239038307783401,0.00585918321705003,0,-0.300596217984327,-0.265366050505958,0.650451521313581,0,-0.304580111807528,-0.268883028119938,0.659072154718184,0,0.00398389382320158,0.00351697761398034,-0.00862063340460328,0,-0.191095310746856,-0.168698755503794,0.413505653612938,0,0.343094116909026,-0.0677236069000327,0.0560142221744436,0.341829846323927,-0.0665129157499024,0.0560500772714765,0.00126427058509937,-0.00121069115013034,-3.58550970329108e-05,0.00175083944476204
645,12.88,7,-0.20093010406267,0.932705812591045,-2.18451686610156,0,-0.198345725007037,0.934987299921798,-2.19010912970242,0,-0.00258437905563241,-0.00228148733075295,0.00559226360085052,0,-0.303793373517661,-0.268188496318561,0.657369754332207,0,-0.308402018022466,-0.272257003230014,0.667342267790444,0,0.00460864450480475,0.00406850691145344,-0.00997251345823624,0,-0.166265015467146,-0.146778594846226,0.359776090920327,0,0.345894837431184,-0.0704513560673427,0.0559424192561131,0.344701074395996,-0.0692809035923808,0.0559717264173137,0.00119376303518781,-0.00117045247496188,-2.93071612006077e-05,0.00167209093353886
646,12.9,7,-0.207033960124916,0.927317334362821,-2.17130890730491,0,-0.204580271373673,0.92948344841926,-2.17661837391024,0,-0.00245368875124263,-0.00216611405643874,0.00530946660532861,0,-0.306511868908075,-0.270588381419945,0.663252228417331,0,-0.311727318331809,-0.275192575126939,0.67453778960885,0,0.0052154494237332,0.00460419370699405,-0.0112855611915189,0,-0.141059886649599,-0.124527531503993,0.305235436702482,0,0.348692296923846,-0.0732405881848828,0.0558814445094616,0.347571481565272,-0.0721151672291463,0.0559045643888356,0.00112081535857461,-0.00112542095573656,-2.31198793739715e-05,0.00158850052705374
647,12.92,7,-0.213187343451375,0.921885133513651,-2.15799377788392,0,-0.210871241694969,0.923929785904119,-2.16300552394338,0,-0.00231610175640609,-0.00204465239046836,0.00501174605945964,0,-0.308745099186004,-0.272559874949365,0.66808465126504,0,-0.3145485160648,-0.277683125757018,0.6806424983429,0,0.00580341687879626,0.00512325080765358,-0.0125578470778595,0,-0.115541838064684,-0.102000222893764,0.250017664388775,0,0.351480776697182,-0.0760874564549384,0.0558316812029168,0.350434970472412,-0.0750118094289087,0.0558490339254141,0.00104580622477057,-0.00107564702602971,-1.73527224972408e-05,0.00150034272796368
648,12.94,7,-0.219380492697632,0.916417827348945,-2.14459260013138,0,-0.217208428751491,0.918335323299822,-2.14929266691077,0,-0.00217206394614111,-0.00191749595087698,0.00470006677938839,0,-0.310487660285439,-0.274098206202576,0.671855329172132,0,-0.316859352826094,-0.279723130214894,0.685642851630675,0,0.0063716925406555,0.00562492401231807,-0.0137875224585426,0,-0.0897725438010011,-0.0792511148413366,0.194256228767986,0,0.354254678600373,-0.0789878204211182,0.0557934401670187,0.353285568264739,-0.0779666192563022,0.0558055007584758,0.000969110335634626,-0.00102120116481605,-1.2060591457079e-05,0.00140789634544657
649,12.96,7,-0.225603550446986,0.910924117986631,-2.13112670422812,0,-0.223581524825534,0.912709160249587,-2.13550210738665,0,-0.00202202562145207,-0.00178504226295551,0.00437540315852303,0,-0.311735349043928,-0.275199664631831,0.67455516703612,0,-0.318654803702114,-0.28130815251172,0.689527976206035,0,0.00691945465818589,0.0061084878798896,-0.0149728091699152,0,-0.063813468981489,-0.0563344686977585,0.138084132453999,0,0.357008550026717,-0.0819372553870027,0.0557669575105947,0.356117453525372,-0.0809750810031836,0.0557742509673629,0.000891096501345112,-0.000962174383819098,-7.29345676825366e-06,0.00131144413304524
650,12.98,7,-0.231846587228523,0.90541277115403,-2.11761757627103,0,-0.229980146287168,0.907060463411874,-2.12165631420954,0,-0.00186644094135427,-0.00164769225784356,0.00403873793850984,0,-0.312485163202579,-0.275861599845883,0.676177668355223,0,-0.319931073081744,-0.282434841885676,0.692289658855115,0,0.00744590987916471,0.00657324203979287,-0.016111990499892,0,-0.0377258965521327,-0.0333043849884984,0.0816339838531444,0,0.359737107654034,-0.0849310640106417,0.0557523929407559,0.358924981877195,-0.0840323854609319,0.055755488984171,0.000812125776838757,-0.000898678549709861,-3.09604341519609e-06,0.00121127247083363
651,13,7,-0.238099625535187,0.899892594984719,-2.10408680630102,0,-0.236393858107424,0.901398444820165,-2.1077778674389,0,-0.00170576742776296,-0.00150584983544533,0.00369106113787998,0,-0.312735301406056,-0.276082421609983,0.676718935228376,0,-0.320685591012787,-0.283100929585446,0.693922338532178,0,0.00795028960673066,0.00701850797546222,-0.0172034033038015,0,-0.0115709506416828,-0.0102148240352884,0.0250380477119672,0,0.362435259745988,-0.0879642900315665,0.0557498286970688,0.361702710074982,-0.0871334434936013,0.0557493362588569,0.000732549671005334,-0.000830846537965127,4.92438211929791e-07,0.00110767108504016
652,13.02,7,-0.244352663841851,0.894372418815409,-2.09055603633101,0,-0.242812198307936,0.895732340298842,-2.09388940544917,0,-0.00154046553391501,-0.001359921483433,0.0033333691181654,0,-0.312485163202579,-0.275861599845883,0.676177668355223,0,-0.32091701002562,-0.283305226066151,0.694423099486417,0,0.0084318468230411,0.00744362622026862,-0.0182454311311944,0,0.0145903830693206,0.0128803760620722,-0.0315717108073477,0,0.365098126849736,-0.0910317340642415,0.0557592691050637,0.364445418407815,-0.0902729018462864,0.0557558305904371,0.000652708441920224,-0.000758832217955072,3.43851462659972e-06,0.0010009327992145
653,13.04,7,-0.250595700623388,0.888861071982807,-2.07704690837392,0,-0.249224702355221,0.890071387927944,-2.08001357214377,0,-0.00137099826816739,-0.00121031594513643,0.00296666376984911,0,-0.311735349043928,-0.275199664631831,0.674555167036119,0,-0.320625202364234,-0.28304761854491,0.69379166527027,0,0.00888985332030584,0.0078479539130793,-0.019236498234151,0,0.0406972395893779,0.0359274837479429,-0.0880635876981084,0,0.367721060737821,-0.0941279713704514,0.0557806407490537,0.367148131245827,-0.0934451610990028,0.0557749261245976,0.0005729294919945,-0.000682810271448661,5.71462445612264e-06,0.000891353311838547
654,13.06,7,-0.256818758372742,0.883367362620494,-2.06358101247066,0,-0.25562092750667,0.884424806550544,-2.06617296427344,0,-0.00119783086607184,-0.00105744393005047,0.0025919518027786,0,-0.310487660285439,-0.274098206202576,0.671855329172132,0,-0.319811257572446,-0.282329068869951,0.692030393516308,0,0.00932359728700766,0.00823086266737544,-0.0201750643441755,0,0.0666888591329695,0.0588728603424615,-0.144306106605649,0,0.370299661457225,-0.0972473715033046,0.055813793259104,0.369806135580076,-0.0966443956540965,0.0558064940126011,0.000493525877149292,-0.000602975849208098,7.29924650291758e-06,0.000779230996010628
655,13.08,7,-0.263011907618999,0.877900056455788,-2.05017983471812,0,-0.261990477114466,0.878801774317283,-2.05239007884576,0,-0.00102143050453296,-0.000901717861494844,0.0022102441276366,0,-0.308745099186004,-0.272559874949364,0.668084651265039,0,-0.318477480389787,-0.281151611663102,0.689144271384195,0,0.00973238120378306,0.00859173671373731,-0.0210596201191555,0,0.0925045736223651,0.0816629481252618,-0.200167989619451,0,0.372829792365868,-0.100384119697623,0.0558585007019554,0.372414997421896,-0.0998645756249775,0.0558503237210302,0.000414794943971952,-0.00051954407264504,8.17698092517999e-06,0.000664866717457221
656,13.1,7,-0.269165290945458,0.872467855606618,-2.03686470529713,0,-0.268323024892812,0.873211407263271,-2.03868726061392,0,-0.000842266052645646,-0.000743551656652852,0.00182255531678965,0,-0.306511868908075,-0.270588381419944,0.663252228417331,0,-0.31662738891734,-0.279518352700597,0.685140911591806,0,0.0101155200092644,0.00892997128065209,-0.021888683174475,0,0.118083794920724,0.104244259947757,-0.255518131810535,0,0.375307593056379,-0.103532239865722,0.0559144635608479,0.37497057594804,-0.103099490476112,0.0559061249767243,0.00033701710833911,-0.000432749389609466,8.33858412355171e-06,0.000548563667686629
657,13.12,7,-0.275269147007704,0.867079377378393,-2.02365674650048,0,-0.274608339153191,0.867662737913238,-2.02508664963481,0,-0.00066080785451289,-0.000583360534844091,0.00142990313433122,0,-0.303793373517661,-0.268188496318561,0.657369754332208,0,-0.314265713018925,-0.277433467501641,0.680030548955595,0,0.0104723395012639,0.00924497118308037,-0.022660794623387,0,0.143366004573988,0.126563370177198,-0.310225579034618,0,0.377729490088316,-0.106685619044172,0.055981311284495,0.377469035300135,-0.106342774248917,0.0559735303262846,0.00026045478818193,-0.00034284479525469,7.7809582104682e-06,0.000430627209580163
658,13.14,7,-0.281313834551677,0.861743133060874,-2.01057682076087,0,-0.28083630701174,0.862164693911276,-2.01161012888731,0,-0.000477527539937461,-0.000421560850401903,0.00103330812644353,0,-0.300596217984327,-0.265366050505958,0.650451521313581,0,-0.311398392927445,-0.274902200098097,0.673826037374903,0,0.0108021749431187,0.00953614959213983,-0.0233745160613219,0,0.168290744868628,0.148566906802606,-0.364159508582085,0,0.380092205473022,-0.109838033126221,0.0560586053810456,0.379906853971036,-0.109587932195683,0.0560520982847942,0.000185351501986175,-0.00025010093053783,6.50709625144019e-06,0.000311364733144339
659,13.16,7,-0.287289856431745,0.856467506725039,-1.99764547867893,0,-0.286996958572341,0.856726076672035,-1.99827927194325,0,-0.000292897859403229,-0.000258569946996356,0.000633793264319227,0,-0.296928208181195,-0.262127934999378,0.642514420266075,0,-0.308032578030073,-0.271930861962045,0.666542847203261,0,0.0111043698488775,0.00980292696266688,-0.0240284269371867,0,0.192797611037226,0.170201544553702,-0.41718921231181,0,0.382392762879495,-0.112983173706284,0.0561458430287119,0.382280831736236,-0.112828368634029,0.0561413170439734,0.000111931143259303,-0.000154805072255043,4.52598473853205e-06,0.000191085519506521
660,13.18,7,-0.29318788362877,0.851260734019957,-1.98488290705118,0,-0.293080491088528,0.851355540050616,-1.98511529068411,0,-0.000107392540242612,-9.48060306583676e-05,0.000232383632924327,0,-0.292798350884947,-0.258482100972566,0.633577940695022,0,-0.304176625809328,-0.268526831070971,0.658199062957025,0,0.0113782749243809,0.0100447300984058,-0.0246211222620027,0,0.216826244463357,0.191413998902279,-0.469184081947622,0,0.384628491554848,-0.116114675857327,0.0562424611709088,0.384588094115211,-0.116057415827745,0.0562406087058837,4.0397439637907e-05,-5.72600295822429e-05,1.85246502508452e-06,7.01006115788359e-05
661,13.2,7,-0.298998779268189,0.84613088096966,-1.97230887689804,0,-0.299077293106929,0.846061569028757,-1.97213898305774,0,7.85138387398576e-05,6.93119409024279e-05,-0.000169893840298529,0,-0.288216853775821,-0.254437559755761,0.623664170706472,0,-0.299840100920061,-0.264698551092926,0.648815381318073,0,0.0116232471442398,0.010260991337165,-0.0251512106116009,0,0.240316326758783,0.212151020833543,-0.52001359626187,0,0.386797027978589,-0.119226146659051,0.0563478410602639,0.386826094375051,-0.119268363696214,0.0563493340045712,-2.90663964619409e-05,4.22170371632558e-05,-1.49294430723534e-06,5.12773099219426e-05
662,13.22,7,-0.304713622638075,0.841085822770006,-1.95994269149179,0,-0.304977968594627,0.840852458415232,-1.95937068086989,0,0.000264345956551726,0.000233364354773724,-0.000572010621907371,0,-0.283195125437611,-0.250004382835704,0.612797797007178,0,-0.295033774384885,-0.260455530676255,0.638415109392835,0,0.0118386489472739,0.0104511478405512,-0.0256173123856571,0,0.26320757460065,0.232359392288396,-0.569547309903879,0,0.388896315295877,-0.122311194294587,0.0564613132127374,0.388992613116531,-0.122454490153944,0.0564667974746933,-9.62978206537901e-05,0.000143295859356629,-5.48426195588758e-06,0.00017273404615369
663,13.24,7,-0.310323733207215,0.836133222585555,-1.94780313438458,0,-0.310773361052484,0.835736291558622,-1.94683019760599,0,0.000449627845269751,0.000396931026933167,-0.000972936778585565,0,-0.277745775357672,-0.245193701855634,0.601006104904611,0,-0.289769622892872,-0.255808342830487,0.627024163194758,0,0.0120238475352008,0.0106146409748526,-0.0260180582901463,0,0.285439735230991,0.251985922190369,-0.617654843661481,0,0.39092460060064,-0.125363457535699,0.0565821627303542,0.391085755510515,-0.125609091883862,0.0565922530232501,-0.000161154909874284,0.000245634348163076,-1.00902928958785e-05,0.000293953996374964
664,13.26,7,-0.315820694643176,0.831280510346439,-1.93590841743638,0,-0.316454577616249,0.830720919070889,-1.93453677627956,0,0.000633882973073485,0.000559591275550497,-0.00137164115681565,0,-0.27188261392691,-0.24001770861529,0.588318978306948,0,-0.284060828188253,-0.25076862438668,0.614671066321528,0,0.0121782142613424,0.0107509157713898,-0.0263520880145797,0,0.306952582534197,0.270977442982845,-0.664205875973158,0,0.392880430164583,-0.128376635441269,0.056709634948726,0.393103946279867,-0.128725515352979,0.05672490985804,-0.000223516115283984,0.000348879911709649,-1.5274909313967e-05,0.000414620271381809
665,13.28,7,-0.321196378830381,0.826534861545227,-1.92427612884301,0,-0.322013013147,0.825813937560348,-1.92250903730352,0,0.000816634316618992,0.000720923984878996,-0.00176709153948651,0,-0.265620652439796,-0.234489655070909,0.574768899723083,0,-0.277921776537569,-0.245349075527023,0.601386948802065,0,0.0123011240977725,0.0108594204561141,-0.0266180490789819,0,0.327685913617349,0.289280807610182,-0.709070135528289,0,0.394762642732458,-0.131344517100819,0.0568429413636101,0.395045922548489,-0.131797187886386,0.0568639387243972,-0.000283279816031101,0.000452670785566961,-2.0997360787027e-05,0.000534414804656874
666,13.3,7,-0.326442969888178,0.821903176033802,-1.9129231811641,0,-0.327440374312305,0.821022668372852,-1.91076492638169,0,0.000997404424127324,0.000880507660950269,-0.00215825478240839,0,-0.258976103094355,-0.228623853335228,0.560390950262619,0,-0.271368058265222,-0.239563459374819,0.587205546091498,0,0.0123919551708661,0.0109396060395912,-0.0268145958288791,0,0.347579545830055,0.30684288688685,-0.752117394818421,0,0.396570361027015,-0.134261011263801,0.056981265789241,0.396910724704292,-0.134817648625279,0.0570084784001399,-0.000340363677277189,0.000556637361477957,-2.72126108989412e-05,0.000653018461603292
667,13.32,7,-0.33155298818891,0.817392056820222,-1.90186575935108,0,-0.332728703659278,0.81635413634011,-1.89932166241779,0,0.00117571547036788,0.00103792048011242,-0.00254409693329083,0,-0.251966378992167,-0.22243567567748,0.545222809635864,0,-0.264416467348621,-0.233426601637082,0.57216319819513,0,0.0124500883564536,0.0109909259596023,-0.0269403885592658,0,0.366573314165859,0.323610567203289,-0.7932174645144,0,0.398302981628628,-0.137120175706163,0.0571237707000599,0.398697685446621,-0.137780579206364,0.0571576423974681,-0.000394703817992892,0.000660403500200635,-3.38716974081638e-05,0.000770111147108472
668,13.34,7,-0.336519314375986,0.813007788865602,-1.89111926877517,0,-0.337870403680584,0.81181504853425,-1.88819568543969,0,0.00135108930459704,0.00119274033135197,-0.0029235833354746,0,-0.244610094138374,-0.215941554523401,0.529304756153849,0,-0.257085001065304,-0.226954390293016,0.556298848904843,0,0.0124749069269299,0.011012835769615,-0.0269940927509933,0,0.384607068998303,0.339530748527497,-0.832240188567326,0,0.3999601634143,-0.139916246197856,0.0572696037067653,0.400406417210395,-0.140679834013364,0.0573105258197805,-0.000446253796094975,0.000763587815508032,-4.0922113015221e-05,0.000885371911602765
669,13.36,7,-0.341335213381958,0.808756317880971,-1.88069828325535,0,-0.34285826087429,0.807411773027801,-1.87740260453702,0,0.00152304749233234,0.00134454485317015,-0.0032956787183267,0,-0.236927063441671,-0.209158982455224,0.512679666728306,0,-0.249392859685338,-0.220163775322466,0.539654045133496,0,0.012465796243667,0.0110047928672421,-0.02697437840519,0,0.401620674106575,0.354550342661857,-0.86905543993647,0,0.40154181475847,-0.14264366494834,0.0574179041172779,0.40203679817894,-0.143509469866044,0.0574662123210246,-0.000494983420470496,0.000865804917704383,-4.83082037467386e-05,0.000998479055669672
670,13.38,7,-0.345994358446582,0.804643229124152,-1.87061649308637,0,-0.347685469798354,0.803150317658416,-1.86695714581033,0,0.00169111135177258,0.00149291146573605,-0.00365934727604755,0,-0.228938302714313,-0.202106512211682,0.495393016871685,0,-0.241360446203206,-0.213072768469229,0.522272936334767,0,0.012422143488893,0.0109662562575477,-0.0268799194630825,0,0.417554004955119,0.368616271724559,-0.903533116866406,0,0.403048079713375,-0.145297108421295,0.0575678095332832,0.403588957114691,-0.146263775027827,0.0576237811152388,-0.000540877401315587,0.000966666606531663,-5.59715819555898e-05,0.00110911023321578
671,13.4,7,-0.350490855134897,0.800673726196628,-1.86088665306673,0,-0.352345657120437,0.799036308797721,-1.85687310033038,0,0.00185480198553944,0.0016374173989071,-0.00401355273635695,0,-0.220666028672113,-0.194803756688004,0.477492880697142,0,-0.233009366104103,-0.205700443034738,0.504202273997438,0,0.0123433374319902,0.0108966863467335,-0.0267093933002958,0,0.432346947193749,0.38167546682538,-0.93554313964161,0,0.404479323399664,-0.147871514424424,0.0577184624334173,0.405063257251645,-0.148937297429349,0.0577823139843555,-0.000583933851980745,0.00106578300492463,-6.38515509382431e-05,0.00121694255313571
672,13.42,7,-0.354819265355296,0.796852609840412,-1.85152053052665,0,-0.356832905663641,0.795074970123756,-1.84716327210628,0,0.0020136403083455,0.00177763971665512,-0.0043572584203635,0,-0.212133658934439,-0.187271388935922,0.459029930918548,0,-0.224362427160229,-0.19806693369823,0.485491411204606,0,0.0122287682257893,0.0107955447623085,-0.026461480286058,0,0.445939395350337,0.393674866911681,-0.964955447757511,0,0.405836116848174,-0.150362108395081,0.0578690166949265,0.406460279505322,-0.151524872021827,0.0579409022331127,-0.00062416265714782,0.001162763626746,-7.18855381861699e-05,0.00132165267936083
673,13.44,7,-0.35897463137759,0.793184256734916,-1.84252885335605,0,-0.361141778448705,0.791271101396557,-1.8378394260613,0,0.00216714707111504,0.00191315533835923,-0.00468942729475907,0,-0.20336581202422,-0.179531142163665,0.440057438850487,0,-0.215443639253222,-0.190193436359997,0.466192302249457,0,0.0120778272290024,0.010662294196332,-0.0261348633989698,0,0.458271251691553,0.404561417762563,-0.991639997455304,0,0.407119221541283,-0.152764428817164,0.0580186440067035,0.407780805264953,-0.154021647190494,0.058098653541018,-0.000661583723669756,0.00125721837332976,-8.00095343145221e-05,0.00142291692914376
674,13.46,7,-0.36295249985109,0.789672598293825,-1.83392125803259,0,-0.365267342733094,0.787629057236461,-1.82891223601529,0,0.00231484288200384,0.0020435410573636,-0.00500902201730224,0,-0.194388307367937,-0.17160580973596,0.420631274408246,0,-0.20627821421939,-0.182102208004745,0.446359502300349,0,0.0118899068514537,0.0104963982687852,-0.0257282278921027,0,0.469282425229459,0.414282071112064,-1.01546675957228,0,0.408329573906835,-0.155074351718982,0.0581665401279989,0.409025799038589,-0.156423110174305,0.058254698662732,-0.00069622513175438,0.00134875845532234,-8.81585347330682e-05,0.00152041136937876
675,13.48,7,-0.366748945822667,0.786321099461963,-1.82570623764958,0,-0.369205194047389,0.784152725904811,-1.82039123267311,0,0.00245624822472273,0.00216837355715138,-0.00531500497646942,0,-0.185228165295633,-0.163519245174035,0.400809906107833,0,-0.196892565714801,-0.173816566582504,0.426050167108904,0,0.0116644004191688,0.0102973214084692,-0.0252402610010709,0,0.47891283085565,0.422783783884523,-1.03630571766836,0,0.409468270019261,-0.157288114215373,0.0583119309487719,0.410196391224669,-0.158725111453308,0.0584081979299353,-0.000728121205407661,0.0014369972379345,-9.6266981163412e-05,0.00161381191074363
676,13.5,7,-0.370360596754831,0.783132737512164,-1.81789108994402,0,-0.372951480229343,0.780845508086715,-1.812284751618,0,0.00259088347451186,0.00228722942544868,-0.00560633832602053,0,-0.175913607040907,-0.155296362155616,0.380654401065962,0,-0.187314309097689,-0.165360890904814,0.405324052755537,0,0.0114007020567821,0.0100645287491981,-0.0246696516895756,0,0.487102388586829,0.43001351752883,-1.05402686639357,0,0.410536550761196,-0.159402337069986,0.0584540783096114,0.411293861283321,-0.160923888079201,0.058558347509727,-0.000757310522125632,0.00152155100921447,-0.000104269200115609,0.00170279439940837
677,13.52,7,-0.373784656543801,0.780109980842143,-1.81048186532457,0,-0.376502925455862,0.777710295675631,-1.80459988130945,0,0.00271826891206145,0.0023996851665129,-0.00588198401512119,0,-0.166474054740914,-0.146963134514927,0.360228425000057,0,-0.177572261325952,-0.156760620554237,0.384243515427666,0,0.0110982065850382,0.00979748603931019,-0.024015090427609,0,0.493791022906909,0.435918237437494,-1.0685002100643,0,0.411535787694445,-0.161414046265175,0.0585922855413746,0.412319621577224,-0.163016085937481,0.0587043853768348,-0.000783833882778751,0.00160203967230671,-0.000112099835460115,0.0017870347060275
678,13.54,7,-0.37701892953757,0.777254767771367,-1.80348331489952,0,-0.379856854273218,0.774749450559521,-1.79734241108492,0,0.00283792473564826,0.00250531721184666,-0.00614090381460497,0,-0.15694013143637,-0.138546596242694,0.33959824222826,0,-0.167696440867814,-0.148042255805488,0.362873511226381,0,0.0107563094314444,0.00949565956279358,-0.0232752689981211,0,0.498918662193714,0.440444912440537,-1.07959576142292,0,0.412467469881759,-0.163320693577167,0.0587259026871823,0.41327520214522,-0.164998780941004,0.0588455969594049,-0.000807732263461203,0.00167808736383718,-0.000119694272222581,0.00186620881171134
679,13.56,7,-0.380061844553986,0.774568485337922,-1.79689883850482,0,-0.383011215625697,0.771964783408387,-1.79051677916496,0,0.00294937107171139,0.00260370192953463,-0.00638205933985825,0,-0.147343661071544,-0.130074841486139,0.318832715669416,0,-0.157718067623939,-0.139233357556676,0.341281595997921,0,0.0103744065523949,0.0091585160705373,-0.0224488803285046,0,0.502425238219036,0.443540514364209,-1.08718354055592,0,0.413333191890359,-0.165120176163113,0.0588543313721615,0.414162236662145,-0.166869499164618,0.0589813204208641,-0.000829044771786691,0.00174932300150518,-0.000126989048702598,0.00193999289063448
680,13.58,7,-0.382912478898815,0.772051948095383,-1.790730432732,0,-0.385964606882888,0.769357532462999,-1.78412602066122,0,0.00305212798407362,0.0026944156323836,-0.00660441207077289,0,-0.137717668494266,-0.121577024548984,0.298003306843087,0,-0.147669562859559,-0.130362547269392,0.319537925186803,0,0.00995189436529262,0.00878552272040849,-0.0215346183437158,0,0.504250685713214,0.445152017646529,-1.09113357395161,0,0.414134643194658,-0.166810855174085,0.058977029289349,0.414982449825376,-0.168626235938748,0.0591109515433251,-0.000847806630718151,0.0018153807646627,-0.000133922253976099,0.00200806338891655
681,13.6,7,-0.385570582383816,0.769705376909688,-1.78497863895621,0,-0.388716297865794,0.76692834232467,-1.77817171558707,0,0.00314571548197878,0.00277703458501832,-0.00680692336914035,0,-0.12809637945592,-0.113083359891449,0.277184075869542,0,-0.137584549145295,-0.121459506916462,0.297715253707772,0,0.00948816968937441,0.00837614702501288,-0.0205311778382291,0,0.504334941985367,0.44522639900209,-1.09131589367862,0,0.414873599179119,-0.168391573414263,0.0590935142734794,0.415737646392645,-0.170267473926327,0.059233948181236,-0.000864047213526176,0.00187590051206393,-0.000140433907756594,0.00207009709936801
682,13.62,7,-0.38803660134481,0.767528377756007,-1.77964249136419,0,-0.391266254871906,0.764677242745942,-1.77265393687038,0,0.00322965352709642,0.00285113501006495,-0.00698855449380664,0,-0.118515220611452,-0.104625122130256,0.256451681469769,0,-0.127497850305587,-0.112554978936419,0.275888935834198,0,0.00898262969413439,0.00792985680616302,-0.0194372543644285,0,0.50261794659233,0.443710637129756,-1.08760053666923,0,0.415551913922689,-0.169861672071397,0.0592033679379846,0.416429702076575,-0.171792200212475,0.0593498342574727,-0.00087778815388595,0.00193052814107775,-0.000146466319488121,0.00212577123165688
683,13.64,7,-0.390311702659755,0.765519920515605,-1.77471946498225,0,-0.393615164699381,0.762603627422065,-1.76757119836837,0,0.00330346203962617,0.00291629309354002,-0.00714826661388179,0,-0.109010819519361,-0.0962346460386232,0.235885380965457,0,-0.11744549137374,-0.103680766193825,0.254136925100813,0,0.00843467185437963,0.00744612015520134,-0.0182515441353567,0,0.49903964105021,0.440551712458029,-1.07985754409531,0,0.416171514923846,-0.171221006547375,0.0593062388544757,0.417060556479319,-0.173199922439812,0.0594582032778739,-0.000889041555472536,0.00197891589243748,-0.000151964423398182,0.00217476347741022
684,13.66,7,-0.392397797766813,0.763678317772723,-1.77020542370425,0,-0.395764458670436,0.760706232783172,-1.76292040288399,0,0.00336666090362264,0.00297208498955137,-0.0072850208202635,0,-0.0996210046417038,-0.0879453265462675,0.215567030279011,0,-0.107464698552736,-0.0948697319446642,0.232539774218908,0,0.00784369391103254,0.00692440539839666,-0.0169727439398965,0,0.493539968582915,0.43569660692307,-1.06795696082428,0,0.416734399899964,-0.172469961420505,0.0594018452582788,0.417632208225637,-0.174490684024567,0.0595587213443398,-0.000897808325672933,0.00202072260406194,-0.00015687608606102,0.00221675206971649
685,13.68,7,-0.394297566682423,0.762001203611442,-1.76609456831962,0,-0.397716336654057,0.758983116787048,-1.75869679018394,0,0.00341876997163459,0.00301808682439364,-0.00739777813567444,0,-0.0903848053440973,-0.0797916187394064,0.195581083933549,0,-0.0975938991810783,-0.0861557998062029,0.211180635002423,0,0.00720909383698097,0.00636418106679659,-0.0155995510688735,0,0.486058873903079,0.429092303775296,-1.05176883494491,0,0.417242635766539,-0.17360946457331,0.0594899772683005,0.418146712424778,-0.175665078489899,0.0596511296511087,-0.00090407665823955,0.00205561391658898,-0.000161152382808206,0.00225141583643108
686,13.7,7,-0.396014482019371,0.760485512412549,-1.76237938454128,0,-0.399473791088117,0.757431637712434,-1.75489388501787,0,0.0034593090687462,0.0030538747001152,-0.00748549952340749,0,-0.0813424518957148,-0.0718090378607564,0.1760145950529,0,-0.0878727217030169,-0.0775739537306972,0.190145258303525,0,0.00653026980730209,0.00576491586994084,-0.0141306632506248,0,0.476536303020662,0.420685787410337,-1.03116321735324,0,0.417698359870814,-0.17464100052139,0.0595704986146513,0.418606180560663,-0.17672426295345,0.059735246453724,-0.000907820689848848,0.0020832624320597,-0.000164747839072776,0.00227843424663256
687,13.72,7,-0.397552833004864,0.759127457650418,-1.7590505910337,0,-0.40104063100097,0.756048432952784,-1.75150344513874,0,0.00348779799610582,0.00307902469763444,-0.00754714589496186,0,-0.0725353754692864,-0.0640341593095323,0.156957215361602,0,-0.0783419956426031,-0.0691602379824899,0.169521993956458,0,0.00580662017331662,0.00512607867295765,-0.012564778594856,0,0.464912203076915,0.410424043222597,-1.00601016139331,0,0.418103783520601,-0.175566622980783,0.0596433478731198,0.419012782876221,-0.177669970806449,0.0598109685055867,-0.000908999355619833,0.00210334782566549,-0.00016762063246685,0.00229748744951471
688,13.74,7,-0.398917749498597,0.757922510689871,-1.75609708744085,0,-0.402421506032591,0.754829397810423,-1.74851540932417,0,0.00350375653399404,0.00309311287944736,-0.00758167811668087,0,-0.0640062081410996,-0.0565046186414477,0.138501195184907,0,-0.069043751581065,-0.0609517571180382,0.149401790728593,0,0.00503754343996535,0.0044471384765904,-0.0109005955436861,0,0.451126522198711,0.398254057476544,-0.97617972254181,0,0.41846119781258,-0.176388966713501,0.0597085392117997,0.419368753281244,-0.178504523622133,0.0598782719628751,-0.000907555468663501,0.00211555690863241,-0.000169732751075388,0.00230825630490874
689,13.76,7,-0.400115226010828,0.756865379583048,-1.75350590241417,0,-0.403621930455333,0.753769664291053,-1.74591784539862,0,0.00350670444450496,0.00309571529199526,-0.00758805701555509,0,-0.0557987828909977,-0.0492591115687141,0.12074138344877,0,-0.0600212211370909,-0.0529866759685074,0.129878196277757,0,0.00422243824609327,0.00372756439979335,-0.00913681282898696,0,0.435119209372361,0.384122817195393,-0.941541958135249,0,0.418772981725238,-0.177111258694086,0.0597661626620154,0.419676396773969,-0.179230842332332,0.0599372127651156,-0.000903415048731204,0.00211958363824627,-0.000171050103100243,0.00231042240457582
690,13.78,7,-0.401152145720445,0.755949987866286,-1.75126214164059,0,-0.404648307194326,0.752863579898561,-1.74369689825631,0,0.00349616147388004,0.00308640796772452,-0.00756524338427211,0,-0.0479581336023879,-0.0423373939600474,0.103775227679876,0,-0.0513188369496439,-0.0453042196245997,0.111047357115052,0,0.00336070334725604,0.00296682566455236,-0.00727212943517637,0,0.416830214333125,0.3679773100635,-0.901966927130739,0,0.419041612399761,-0.177737328644538,0.0598163839332181,0.419938099324712,-0.179852457713227,0.0599879265058332,-0.000896486924951256,0.00211512906868896,-0.00017154257261514,0.00230366808330563
691,13.8,7,-0.402036304493045,0.755169453356975,-1.74934893587048,0,-0.405507951847585,0.752104686430095,-1.74183673788487,0,0.00347164735454009,0.00306476692688074,-0.0075121979856132,0,-0.040530495062224,-0.0357802818406531,0.0877027740055957,0,-0.0429822326629808,-0.0379446734233293,0.0930080185724364,0,0.0024517376007568,0.00216439158267615,-0.00530524456684067,0,0.396199487469145,0.349764524341597,-0.857324689898133,0,0.419269677487877,-0.178271618991269,0.0598594437997967,0.42015634012542,-0.180373520225144,0.0600306278155998,-0.000886662637542779,0.00210190123387491,-0.000171184015803044,0.00228767641878078
692,13.82,7,-0.402776434898994,0.754516066950443,-1.74774738894568,0,-0.406209116705857,0.751485698771365,-1.74031950738938,0,0.00343268180686335,0.00303036817907831,-0.00742788155630114,0,-0.0335633029610291,-0.029629651392246,0.0726266671540367,0,-0.0350582429135981,-0.0309493829364975,0.0758615247744741,0,0.00149493995256905,0.00131973154425145,-0.00323485762043736,0,0.373166979737716,0.32943144879286,-0.807485308038861,0,0.41945988939869,-0.178719194306385,0.0598956570968432,0.420333706061958,-0.18079880925726,0.0600656092884845,-0.00087381666326819,0.00207961495087514,-0.00016995219164128,0.0022621312190835
693,13.84,7,-0.403382230231506,0.753981271416815,-1.74643652582744,0,-0.406761014772234,0.750998483692152,-1.7391252710171,0,0.00337878454072832,0.00298278772466276,-0.00731125481033845,0,-0.0271051938928736,-0.0239284389530313,0.058652150453997,0,-0.0275949033188439,-0.0243607539606404,0.0597118186136972,0,0.000489709425970365,0.000432315007609055,-0.00105966815970023,0,0.347672642592239,0.306925072618457,-0.75231884422785,0,0.419615101227188,-0.179085750306918,0.0599254113718825,0.420472908216414,-0.181133741836775,0.0600932399924722,-0.000857806989225329,0.00204799152985646,-0.000167828620589727,0.00222671699661558
694,13.86,7,-0.403864368524713,0.753555640197886,-1.74539324062444,0,-0.407173843781574,0.750634038641986,-1.73823196218252,0,0.00330947525686115,0.00292160155589938,-0.00716127844192349,0,-0.021206005355389,-0.0187206410177163,0.045887065834993,0,-0.0206414504669993,-0.0182222525082714,0.0446654417291406,0,-0.00056455488838968,-0.000498388509444864,0.00122162410585248,0,0.319656427918321,0.282192385401041,-0.691695362075299,0,0.41973832409525,-0.179377622500191,0.0599491652504874,0.420576800154701,-0.181384380874061,0.0601139636149239,-0.000838476059451698,0.00200675837386957,-0.000164798364436509,0.00218111892713127
695,13.88,7,-0.404234536571733,0.753228856203995,-1.74459224462077,0,-0.407458810219747,0.750382470545981,-1.73761533149277,0,0.00322427364801386,0.00284638565801409,-0.00697691312799931,0,-0.0159167757497698,-0.014051314237512,0.0344418538272651,0,-0.014248321908633,-0.0125784048002507,0.0308315344876349,0,-0.0016684538411368,-0.00147290943726126,0.00361031933963022,0,0.289058287978651,0.255180377056184,-0.625484926007326,0,0.419832745581682,-0.179601794581441,0.0599674465855957,0.420648397700385,-0.181557443030785,0.0601282963056577,-0.000815652118703158,0.00195564844934443,-0.00016084972006198,0.00212502279249241
696,13.9,7,-0.404505453942746,0.752989690610891,-1.74400601430387,0,-0.407628153342728,0.750232974600799,-1.73724889477342,0,0.00312269939998194,0.0027567160100922,-0.00675711953045632,0,-0.0112897443807589,-0.00996657542012064,0.024429553561745,0,-0.00846715614905962,-0.00747479725912667,0.0183218359674875,0,-0.00282258823169928,-0.00249177816099398,0.0061077175942575,0,0.255818175364209,0.22583603778934,-0.553557601160482,0,0.419901748861127,-0.17976590671168,0.0599808504732801,0.420690899838868,-0.181660306317592,0.0601368242927987,-0.000789150977740738,0.0018943996059122,-0.00015597381951854,0.00205811490566602
697,13.92,7,-0.404690897003062,0.752825981656601,-1.7436047393926,0,-0.407695169195563,0.750173813070732,-1.73710388109453,0,0.00300427219250132,0.00265216858586859,-0.00650085829807212,0,-0.00737835145666165,-0.00651360152974802,0.015965802770087,0,-0.00335079264177556,-0.00295807650333996,0.00725068394427807,0,-0.00402755881488609,-0.00355552502640806,0.00871511882580894,0,0.21987604295241,0.194106358058697,-0.475783453291033,0,0.419948932112461,-0.179878263829423,0.0599900372317195,0.420707710337022,-0.181701017551751,0.0601402013602136,-0.000758778224561274,0.00182275372232837,-0.000150164128494064,0.00198008201643687
698,13.94,7,-0.40480572293119,0.752724613438306,-1.74335627086516,0,-0.407674234631218,0.750192294083889,-1.73714918079696,0,0.00286851170002744,0.00253231935441733,-0.00620709006819853,0,-0.00423723808933888,-0.00374062968709705,0.00916883778465248,0,0.00104672821727256,0.000924050657833904,-0.00226498512154239,0,-0.00528396630661144,-0.00466468034493096,0.0114338229061949,0,0.181171843870515,0.159938328543114,-0.392032548695956,0,0.419978127695534,-0.179947844179608,0.059995730455205,0.420702459601829,-0.181688299833483,0.0601391462901518,-0.000724331906295284,0.00174045565387487,-0.000143415834946814,0.0018906111962262
699,13.96,7,-0.404865893736915,0.752671494709208,-1.74322606898709,0,-0.407580831329324,0.750274750428463,-1.73735129351887,0,0.00271493759240909,0.00239674428074566,-0.00587477546821957,0,-0.00192224629421043,-0.00169695716937108,0.00415949353851737,0,0.00467016509468311,0.00412281722869641,-0.010105636095462,0,-0.00659241138889354,-0.00581977439806748,0.0142651296339794,0,0.139645531463039,0.123278940113216,-0.302174954142369,0,0.419993420530629,-0.179984308276522,0.0599987152711836,0.420679026237675,-0.181631560232417,0.0601344403906685,-0.000685605707045456,0.00164725195589455,-0.000135725119484842,0.00178938970037018
700,13.98,7,-0.404888500279366,0.752651537675397,-1.74317715133927,0,-0.407431569814845,0.750406518349082,-1.73767427622244,0,0.00254306953547928,0.00224501932631538,-0.00550287511682845,0,-0.000490418990252718,-0.000432941410271733,0.00106120356546729,0,0.00746307572394383,0.00658839603096067,-0.0161491351783093,0,-0.00795349471419654,-0.0070213374412324,0.0172103387437766,0,0.0952370592639972,0.0840751838068898,-0.206080736807314,0,0.419999165047497,-0.17999800855449,0.0599998369455908,0.420641557695363,-0.181540897912673,0.0601269252445117,-0.000642392647866696,0.0015428893581827,-0.000127088298920885,0.00167610480619477
701,14,7,-0.404891786285083,0.752648636792728,-1.74317004084589,0,-0.407244213476661,0.750571916343224,-1.73807969122073,0,0.00235242719157758,0.00207672044950447,-0.00509034962515997,0,-0,-0,0,0,0.00936781690922373,0.00826989970709843,-0.0202707499144555,0,-0.00936781690922373,-0.00826989970709843,0.0202707499144555,0,0.0478863809732831,0.0422740508084779,-0.103619964226888,0,0.42,-0.18,0.0600000000000001,0.420594489336467,-0.181427112965999,0.0601175008343888,-0.000594489336466775,0.00142711296599879,-0.000117500834388717,0.00155044362521719
702,14.02,8,-0.404891786285083,0.752648636792728,-1.74317004084589,5.91036e-07,-0.407037702586087,0.750754223957689,-1.73852655420471,0,0.0021459163010038,0.00189441283503911,-0.00464348664118019,5.91036e-07,0,0,0,8.8209e-05,0.0103255445286894,0.00911538072326797,-0.0223431491989932,0,-0.0103255445286894,-0.00911538072326797,0.0223431491989932,8.8209e-05,0.00808073952659283,0.00713366903855112,-0.0174856801381557,0.002585695056,0.42,-0.18,0.0599994089640001,0.420542561163922,-0.18130171626657,0.0601071242188447,-0.000542561163921818,0.00130171626657005,-0.000107715254844674,0.0014143692698074
703,14.04,8,-0.404891786285083,0.752648636792728,-1.74317004084589,4.657152e-06,-0.406827959399703,0.75093938503977,-1.73898041146074,1.03427802239996e-06,0.00193617311461941,0.00170925175295833,-0.00418962938514511,3.62287397760005e-06,0,0,0,0.000345744,0.0104871593192212,0.00925805410403899,-0.0226928628017563,5.17139011199989e-05,-0.0104871593192212,-0.00925805410403899,0.0226928628017563,0.000294030098880001,-0.0161258749224835,-0.0142359067849469,0.0348943175206148,0.00894292606824964,0.42,-0.18,0.0599953428480001,0.420489768987183,-0.181174379598038,0.0600955630509191,-0.000489768987183226,0.0011743795980384,-0.000100220202918999,0.00127635621601826
704,14.06,8,-0.404891786285083,0.752648636792728,-1.74317004084589,1.5479748e-05,-0.406624666563287,0.751118851759137,-1.73942031098977,5.64572647210034e-06,0.00173288027820395,0.00152978503359147,-0.00374972985611821,9.83402152789966e-06,0,0,0,0.000762129,0.0101646418207715,0.00897333596834003,-0.021994976451344,0.000230572422485004,-0.0101646418207715,-0.00897333596834003,0.021994976451344,0.000531556577514996,-0.0300048085950355,-0.0264882160076538,0.0649265434150579,0.0168110523898882,0.42,-0.18,0.0599845202520001,0.42043855110013,-0.181050980869067,0.0600807601293251,-0.000438551100129914,0.00105098086906716,-9.62398773250578e-05,0.00114286918260922
705,14.08,8,-0.404891786285083,0.752648636792728,-1.74317004084589,3.6132864e-05,-0.40643337565031,0.751287723192101,-1.73983423990143,1.69815958777553e-05,0.00154158936522653,0.00136091360062773,-0.00333580094445729,1.91512681222447e-05,0,0,0,0.001327104,0.00956454564887084,0.00844357164818697,-0.0206964455830428,0.000566793470282761,-0.00956454564887084,-0.00844357164818697,0.0206964455830428,0.000760310529717239,-0.0371319764547642,-0.0327800729009661,0.0803488172151274,0.0250423433840426,0.42,-0.18,0.0599638671360001,0.420390312725003,-0.180934886995956,0.0600598449657984,-0.000390312725002784,0.000934886995956175,-9.5977829798366e-05,0.00101762933444347
706,14.1,8,-0.404891786285083,0.752648636792728,-1.74317004084589,6.94875e-05,-0.406256937527914,0.751443482595904,-1.7402160292862,3.83344026370269e-05,0.00136515124283104,0.00120515419682443,-0.00295401155968245,3.11530973629731e-05,0,0,0,0.002030625,0.00882190611977557,0.00778797019016766,-0.0190894692387403,0.0010676403379636,-0.00882190611977557,-0.00778797019016766,0.0190894692387403,0.000962984662036397,-0.0399229981124072,-0.0352439841209101,0.0863882288065616,0.0330695776201618,0.42,-0.18,0.0599305125000001,0.420345781774514,-0.180827824175787,0.060029665675523,-0.000345781774513665,0.000827824175786723,-9.91531755229133e-05,0.000902601381463082
707,14.12,8,-0.404891786285083,0.752648636792728,-1.74317004084589,0.000118215936,-0.406096468604764,0.751585144406059,-1.74056326337946,7.29150404443627e-05,0.00120468231968052,0.00106349238666947,-0.00260677746643023,4.53008955556373e-05,0,0,0,0.002862864,0.00802344615752744,0.00708309050774948,-0.0173617046626091,0.00172903189036683,-0.00802344615752744,-0.00708309050774948,0.0173617046626091,0.00113383210963317,-0.0400006911824972,-0.0353125714880422,0.086556346609159,0.0406262745986338,0.42,-0.18,0.0598817840640001,0.420305249569687,-0.180730465607205,0.0599870649504576,-0.000305249569687027,0.000730465607204689,-0.000105280886457539,0.000798649715555146
708,14.14,8,-0.404891786285083,0.752648636792728,-1.74317004084589,0.000184796052,-0.405951999958086,0.751712681187619,-1.74087587493407,0.000123746188091157,0.00106021367300296,0.000935955605109728,-0.00229416591182163,6.10498639088428e-05,0,0,0,0.003814209,0.00722343233387744,0.00637683907798858,-0.0156305777304258,0.00254155738233956,-0.00722343233387744,-0.00637683907798858,0.0156305777304258,0.00127265161766044,-0.0384472793772526,-0.0339412210487988,0.083194963426353,0.0476000186206256,0.42,-0.18,0.0598152039480001,0.420268732987035,-0.180642826132423,0.0599290195246285,-0.00026873298703467,0.000642826132422586,-0.000113815576628401,0.000705972265977362
709,14.16,8,-0.404891786285083,0.752648636792728,-1.74317004084589,0.000271515648,-0.40582291022316,0.751826641480759,-1.7411552085033,0.000193617343186197,0.000931123938076317,0.00082199531196947,-0.00201483234258371,7.78983048138033e-05,0,0,0,0.004875264,0.00645448674633241,0.00569801465701262,-0.0139666784618988,0.00349355775475205,-0.00645448674633241,-0.00569801465701262,0.0139666784618988,0.00138170624524795,-0.0359773411190165,-0.0317607619433054,0.0778503349796053,0.0539558426104481,0.42,-0.18,0.0597284843520001,0.420236082954094,-0.180564525255785,0.0598527069769647,-0.00023608295409383,0.000564525255785209,-0.000124222624964657,0.000624383845231549
710,14.18,8,-0.404891786285083,0.752648636792728,-1.74317004084589,0.000380476764,-0.405708211424681,0.751927897469122,-1.74140340193855,0.000285070835325415,0.000816425139597288,0.000720739323606501,-0.00176663890733764,9.54059286745855e-05,0,0,0,0.006036849,0.0057349399239521,0.00506279941814653,-0.0124096717623067,0.00457267460696099,-0.0057349399239521,-0.00506279941814653,0.0124096717623067,0.00146417439303901,-0.0330562845193131,-0.0291820560022805,0.0715295445123708,0.0596964450253111,0.42,-0.18,0.0596195232360001,0.420207056363662,-0.180494960689395,0.0597555340711731,-0.000207056363661806,0.000494960689395502,-0.000136010835173075,0.000553495590826339
711,14.2,8,-0.404891786285083,0.752648636792728,-1.74317004084589,0.0005136,-0.405606735140009,0.752017480635084,-1.74162298355599,0.000400402905474756,0.000714948854925956,0.00063115615764453,-0.00154705728989635,0.000113197094525244,0,0,0,0.00729,0.00507381423356585,0.00447915829810093,-0.0109790808720593,0.00576660350746718,-0.00507381423356585,-0.00447915829810093,0.0109790808720593,0.00152339649253282,-0.0299813991787213,-0.0264675501975656,0.064875888451552,0.0648417323178668,0.42,-0.18,0.0594864000000001,0.420181363114029,-0.180433421294441,0.0596351449766466,-0.00018136311402861,0.000433421294441377,-0.000148744976646534,0.000492820114933402
712,14.22,8,-0.404891786285083,0.752648636792728,-1.74317004084589,0.000672628836,-0.405517251415009,0.752096476780967,-1.74181661481805,0.000541671668551257,0.000625465129926117,0.000552160011761504,-0.00135342602783584,0.000130957167448743,0,0,0,0.008625969,0.00447418624999138,0.00394980729414958,-0.00968156310302821,0.00706343815382461,-0.00447418624999138,-0.00394980729414958,0.00968156310302821,0.00156253084617539,-0.0269372120072159,-0.0237801447068412,0.0582886592769806,0.0694184685128645,0.42,-0.18,0.0593273711640001,0.420158696304512,-0.180379159159318,0.0594894192116564,-0.000158696304511818,0.000379159159318437,-0.000162048047656328,0.000441820953452866
713,14.24,8,-0.404891786285083,0.752648636792728,-1.74317004084589,0.000859133952,-0.405438542574813,0.752165960868967,-1.7419869306164,0.000710707819032891,0.000546756289729167,0.000482675923761278,-0.00118311022948614,0.000148426132967109,0,0,0,0.010036224,0.00393544200984707,0.00347420440001277,-0.00851578991748862,0.00845180752408187,-0.00393544200984707,-0.00347420440001277,0.00851578991748862,0.00158441647591813,-0.0240332112240248,-0.0212164956241276,0.0520047754011585,0.0734551833872609,0.42,-0.18,0.0591408660480001,0.420138751088023,-0.180331434289227,0.0593164645772759,-0.000138751088022526,0.000331434289227134,-0.000175598529275831,0.000399919236830094
714,14.26,8,-0.404891786285083,0.752648636792728,-1.74317004084589,0.001074517548,-0.405369447019105,0.752226958358718,-1.74213644450459,0.000909126042869428,0.000477660734021834,0.000421678434010642,-0.00103359634129685,0.000165391505130572,0,0,0,0.011512449,0.00345477778536659,0.00304987448753023,-0.00747569440946547,0.00992091119182706,-0.00345477778536659,-0.00304987448753023,0.00747569440946547,0.00159153780817294,-0.0213294823051483,-0.0188296463495403,0.0461542540596245,0.0769797936344345,0.42,-0.18,0.0589254824520001,0.42012123594386,-0.18028954108389,0.0591146078843931,-0.000121235943859599,0.000289541083889622,-0.000189125432393029,0.000366470493384331
715,14.28,8,-0.404891786285083,0.752648636792728,-1.74317004084589,0.001320017664,-0.40530888325632,0.752280423989928,-1.74226749669116,0.00113833618415974,0.000417096971236541,0.000368212802799861,-0.000902544154731455,0.000181681479840263,0,0,0,0.013046544,0.00302818813926363,0.00267328156053943,-0.006552609328273,0.0114605070645157,-0.00302818813926363,-0.00267328156053943,0.006552609328273,0.00158603693548429,-0.0188540656616185,-0.0166443509308024,0.0407977710923146,0.0800186042422516,0.42,-0.18,0.0586799823360001,0.42010587893807,-0.180252822835104,0.0588823849432701,-0.000105878938069903,0.000252822835104111,-0.000202402607269996,0.000340729439448051
716,14.3,8,-0.404891786285083,0.752648636792728,-1.74317004084589,0.0015967125,-0.405255861119799,0.752327231880767,-1.74238222976928,0.00139955376714697,0.0003640748347159,0.00032140491196142,-0.000787811076602862,0.000197158732853027,0,0,0,0.014630625,0.00265110682603124,0.00234039454192336,-0.00573665390642666,0.0130608791493609,-0.00265110682603124,-0.00234039454192336,0.00573665390642666,0.00156974585063915,-0.0166146530490348,-0.0146673996423251,0.0359519704682469,0.0825959954570895,0.42,-0.18,0.0584032875000001,0.420092430716648,-0.180220678460437,0.0586185305641281,-9.24307166476068e-05,0.000220678460437412,-0.000215243064128012,0.000321826035205718
717,14.32,8,-0.404891786285083,0.752648636792728,-1.74317004084589,0.001905524736,-0.405209484844498,0.752368172811748,-1.74248258205923,0.00169380974831702,0.000317698559414881,0.000280463980979917,-0.000687458786661654,0.000211714987682983,0,0,0,0.016257024,0.00231881376505055,0.00204704654907686,-0.00501761449706173,0.0147127990585026,-0.00231881376505055,-0.00204704654907686,0.00501761449706173,0.00154422494149739,-0.0146064193595229,-0.0128945328835455,0.0316064112750692,0.0847344359477916,0.42,-0.18,0.0580944752640001,0.420080665412419,-0.180192564312063,0.0583219689280263,-8.06654124191342e-05,0.000192564312062993,-0.000227493664026246,0.000308773849626436
718,14.34,8,-0.404891786285083,0.752648636792728,-1.74317004084589,0.002247225852,-0.405168951136941,0.752403955929577,-1.74257029178466,0.00202195950386618,0.000277164851857692,0.000244680863151769,-0.000599749061230392,0.000225266348133821,0,0,0,0.017918289,0.0020266853778601,0.00178915589140596,-0.00438548627156036,0.0164074877774584,-0.0020266853778601,-0.00178915589140596,0.00438548627156036,0.0015108012225416,-0.0128172223714327,-0.0113150315129422,0.027734819308168,0.0864546384653936,0.42,-0.18,0.0577527741480001,0.420070380259588,-0.180167992960244,0.0579918044787054,-7.03802595878877e-05,0.000167992960243613,-0.000239030330705339,0.000300517078762879
719,14.36,8,-0.404891786285083,0.752648636792728,-1.74317004084589,0.002622440448,-0.405133544318332,0.752435213034799,-1.74264690758236,0.0023846911148015,0.000241758033249051,0.000213423757928877,-0.000523133263522491,0.000237749333198504,0,0,0,0.019607184,0.00177034093043145,0.00156285526114712,-0.00383078988539701,0.0181365805467662,-0.00177034093043145,-0.00156285526114712,0.00383078988539701,0.00147060345323375,-0.0112310152837238,-0.00991472943005467,0.0243024713556912,0.0877757659974519,0.42,-0.18,0.0573775595520001,0.420061394445374,-0.18014653021157,0.0576273133761208,-6.13944453736193e-05,0.00014653021157035,-0.000249753824120756,0.000296002286289359
720,14.38,8,-0.404891786285083,0.752648636792728,-1.74317004084589,0.003031650564,-0.405102629905837,0.75246250424825,-1.74271380239153,0.00278253303213583,0.000210843620753909,0.000186132544477968,-0.000456238454356717,0.00024911753186417,0,0,0,0.021316689,0.00154572062475695,0.00136456067254601,-0.00334474045828316,0.0198920958667154,-0.00154572062475695,-0.00136456067254601,0.00334474045828316,0.0014245931332846,-0.00983005041974822,-0.00867795900312338,0.0212709637299915,0.088715643977346,0.42,-0.18,0.0569683494360001,0.420053547547834,-0.180127791188226,0.0572279354964079,-5.35475478339875e-05,0.000127791188226173,-0.00025958606040781,0.000294249639635017
721,14.4,8,-0.404891786285083,0.752648636792728,-1.74317004084589,0.0034752,-0.40507564751351,0.7524863242781,-1.7427721888152,0.00321586120706107,0.000183861228426674,0.000162312514628282,-0.000397852030683099,0.000259338792938933,0,0,0,0.02304,0.00134911961636199,0.00119100149248355,-0.00291932118368334,0.0216664087462623,-0.00134911961636199,-0.00119100149248355,0.00291932118368334,0.00137359125373772,-0.00859626948457251,-0.0075887783868427,0.0186012206053568,0.0892909585206871,0.42,-0.18,0.0565248000000001,0.420046697786482,-0.180111436001321,0.0567932669365097,-4.66977864821416e-05,0.000111436001321324,-0.000268466936509615,0.000294403059854471
722,14.42,8,-0.404891786285083,0.752648636792728,-1.74317004084589,0.003953298636,-0.405052103628977,0.752507108796595,-1.74282313475064,0.00368490576539458,0.000160317343893268,0.000141527996133317,-0.000346906095251676,0.000268392870605422,0,0,0,0.024770529,0.00117719422667055,0.0010392259247467,-0.00254729677157621,0.023452227916676,-0.00117719422667055,-0.0010392259247467,0.00254729677157621,0.00131830108332401,-0.00751215014408415,-0.0066317188816022,0.0162553259063566,0.089517432971735,0.42,-0.18,0.0560467013640001,0.420040720229579,-0.180097165354179,0.0563230529711585,-4.07202295790166e-05,9.71653541791684e-05,-0.000276351607158394,0.000295752352363863
723,14.44,8,-0.404891786285083,0.752648636792728,-1.74317004084589,0.004466026752,-0.405031564604501,0.752525240627537,-1.7428675785557,0.00418975729691678,0.000139778319417472,0.00012339616519097,-0.000302462290182604,0.000276269455083222,0,0,0,0.026501904,0.00102695122378887,0.000906591547114654,-0.00222219025344908,0.0252425765761106,-0.00102695122378887,-0.000906591547114654,0.00222219025344908,0.00125932742388935,-0.00656119253403019,-0.0057922144231961,0.0141975760507213,0.0894099810652133,0.42,-0.18,0.0555339732480001,0.42003550504644,-0.180084716279773,0.0558171814078503,-3.55050464402318e-05,8.4716279772773e-05,-0.000283208159850251,0.000297731956946222
724,14.46,8,-0.404891786285083,0.752648636792728,-1.74317004084589,0.005013339348,-0.405013650057039,0.75254105557271,-1.74290634333035,0.00473037282086512,0.000121863771955333,0.000107581220017972,-0.000263697515533901,0.000282966527134883,0,0,0,0.028227969,0.000895727373108256,0.000790747258650724,-0.00193823873243464,0.027030776197415,-0.000895727373108256,-0.000790747258650724,0.00193823873243464,0.00119719280258497,-0.00572817026663183,-0.00505682317121733,0.0123950230953027,0.0889828377908163,0.42,-0.18,0.0549866606520001,0.420030955856161,-0.18007385812938,0.0552756762877405,-3.09558561614187e-05,7.38581293801277e-05,-0.000289015635740464,0.000299905528473022
725,14.48,8,-0.404891786285083,0.752648636792728,-1.74317004084589,0.005595070464,-0.404998026777683,0.752554847788615,-1.74294015009576,0.00530658147992973,0.000106240492599829,9.37890041134981e-05,-0.000229890750123252,0.000288488984070268,0,0,0,0.029942784,0.000781163967775621,0.00068961079522638,-0.00169033827052859,0.0288104329532313,-0.000781163967775621,-0.00068961079522638,0.00169033827052859,0.00113235104676868,-0.00499923009552948,-0.00441331549317779,0.0108176903982466,0.0882496701872955,0.42,-0.18,0.0544049295360001,0.420026988199885,-0.180064388872584,0.0546986918847127,-2.69881998854471e-05,6.43888725841146e-05,-0.000293762348712666,0.000301944709122204
726,14.5,8,-0.404891786285083,0.752648636792728,-1.74317004084589,0.0062109375,-0.404984403190366,0.752566874678322,-1.74296962978501,0.00591809000706926,9.26169052825054e-05,8.17621144062475e-05,-0.000200411060871986,0.000292847492930738,0,0,0,0.031640625,0.000681179365865034,0.000601344485362826,-0.00147398446256366,0.0305754263569772,-0.000681179365865034,-0.000601344485362826,0.00147398446256366,0.0010651986430228,-0.00436189678905014,-0.00385067826663177,0.00943858316407467,0.087223670619063,0.42,-0.18,0.0537890625000001,0.420023528148041,-0.1800561317322,0.0540865069599749,-2.35281480405192e-05,5.61317321997046e-05,-0.000297444459974809,0.000303607562289976
727,14.52,8,-0.404891786285083,0.752648636792728,-1.74317004084589,0.006860545536,-0.404972524361764,0.752577361296723,-1.742995334041,0.00656448800245642,8.07380766807975e-05,7.12754960056072e-05,-0.000174706804886293,0.000296057533543585,0,0,0,0.033315984,0.000593941430084033,0.000524330920030192,-0.00128521279928217,0.0323198997693584,-0.000593941430084033,-0.000524330920030192,0.00128521279928217,0.00099608423064157,-0.00380502093360092,-0.00335906880004312,0.00823357549701412,0.0859176350325066,0.42,-0.18,0.0531394544640001,0.42002051104408,-0.180048932154846,0.0534395192347208,-2.05110440800182e-05,4.89321548457211e-05,-0.000300064770720726,0.000304719420672165
728,14.54,8,-0.404891786285083,0.752648636792728,-1.74317004084589,0.007543391652,-0.404962167541536,0.752586504287603,-1.74301774486679,0.00724525305185657,7.03812564525341e-05,6.21325051249899e-05,-0.000152295979099382,0.00029813860014343,0,0,0,0.034963569,0.000517841011412016,0.000457149544029331,-0.00112054128934189,0.0340382524700085,-0.000517841011412016,-0.000457149544029331,0.00112054128934189,0.000925316529991477,-0.00331869458298692,-0.00292974036808763,0.0071812278768997,0.0843440284678737,0.42,-0.18,0.0524566083480001,0.420017880380229,-0.180042655104144,0.052758240048328,-1.78803802285965e-05,4.26551041443068e-05,-0.000301631700327917,0.000305157088315824
729,14.56,8,-0.404891786285083,0.752648636792728,-1.74317004084589,0.008258869248,-0.404953138199141,0.752594475382337,-1.74303728320142,0.00795975571264394,6.13519140574836e-05,5.41614103916066e-05,-0.00013275764446341,0.000299113535356058,0,0,0,0.036578304,0.000451467119752274,0.000398554736667575,-0.000976916731803889,0.0357251330393661,-0.000451467119752274,-0.000398554736667575,0.000976916731803889,0.000853170960633892,-0.00289415098929711,-0.00255495369419083,0.00626257018973675,0.0825150398275364,0.42,-0.18,0.0517411307520001,0.4200155867973,-0.180037182655818,0.0520432891740594,-1.55867972996826e-05,3.7182655818202e-05,-0.000302158422059384,0.000304836366211732
730,14.58,8,-0.404891786285083,0.752648636792728,-1.74317004084589,0.009006272364,-0.404945266517142,0.752601424495592,-1.74305431650798,0.00870726438936226,5.34802320581451e-05,4.72122971358901e-05,-0.0001157243379033,0.000299007974637736,0,0,0,0.038155329,0.000393584099966333,0.000347455662783759,-0.000851665328009157,0.0373754338359168,-0.000393584099966333,-0.000347455662783759,0.000851665328009157,0.000779895164083194,-0.00252365879351214,-0.00222788354208617,0.00546087276985312,0.0804426276233256,0.42,-0.18,0.0509937276360001,0.420013587198881,-0.180032411870156,0.0512953897682572,-1.35871988814484e-05,3.24118701561238e-05,-0.000301662132257158,0.000303702458564952
731,14.6,8,-0.404891786285083,0.752648636792728,-1.74317004084589,0.0097848,-0.40493840429866,0.752607482455431,-1.74306916546544,0.00948695011712991,4.66180135762495e-05,4.11543372970113e-05,-0.000100875380451004,0.000297849882870085,0,0,0,0.03969,0.000343110924096091,0.000302897991942037,-0.000742447872612097,0.0389842863883833,-0.000343110924096091,-0.000302897991942037,0.000742447872612097,0.000705713611616719,-0.00220041712429687,-0.0019425261091396,0.00476141940714151,0.0781385581678049,0.42,-0.18,0.0502152000000001,0.420011843969519,-0.180028252916028,0.0505153634325367,-1.18439695185324e-05,2.82529160284262e-05,-0.000300163432536651,0.000301722708973405
732,14.62,8,-0.404891786285083,0.752648636792728,-1.74317004084589,0.010593560436,-0.404932422247027,0.752612763404827,-1.74308210985513,0.0102978912681647,4.06359619440355e-05,3.58733879017858e-05,-8.79309907615422e-05,0.00029566916783532,0,0,0,0.041177889,0.000299102581610154,0.000264047469759246,-0.000647219484469269,0.0405470575517393,-0.000299102581610154,-0.000264047469759246,0.000647219484469269,0.000630831448260663,-0.00191845543779954,-0.00169361060500633,0.00415129061323116,0.0756144374470214,0.42,-0.18,0.0494064395640001,0.420010324286521,-0.180024627420892,0.0497041253715552,-1.03242865211461e-05,2.46274208920982e-05,-0.000297685807555105,0.000298881148237393
733,14.64,8,-0.404891786285083,0.752648636792728,-1.74317004084589,0.011431575552,-0.40492720757757,0.75261736690998,-1.74309339372857,0.0111390781941783,3.5421292486959e-05,3.12698827485969e-05,-7.66471173174743e-05,0.000292497357821673,0,0,0,0.042614784,0.000260733472854161,0.000230175257659117,-0.00056419367220464,0.0420593463006799,-0.000260733472854161,-0.000230175257659117,0.00056419367220464,0.000555437699320128,-0.00167254020838732,-0.00147651687832265,0.00361916171234537,0.0728817377140114,0.42,-0.18,0.0485684244480001,0.420008999515441,-0.180021467022403,0.0488626796315628,-8.99951544119926e-06,2.14670224028546e-05,-0.0002942551835627,0.000295174418577456
734,14.66,8,-0.404891786285083,0.752648636792728,-1.74317004084589,0.012297785148,-0.404922661924197,0.752621379808382,-1.74310322993733,0.0120094178152775,3.08756391132481e-05,2.72569843466908e-05,-6.68109085584234e-05,0.000288367332722484,0,0,0,0.043996689,0.000227282668686415,0.000200644920092664,-0.000491810437957734,0.0435169810549601,-0.000227282668686415,-0.000200644920092664,0.000491810437957734,0.000479707945039938,-0.0014580894624035,-0.00128719996718421,0.00315511790331234,0.0699518196747252,0.42,-0.18,0.0477022148520001,0.420007844679908,-0.18001871209894,0.0479921144072072,-7.84467990810889e-06,1.8712098940471e-05,-0.000289899555207099,0.000290608729667387
735,14.68,8,-0.404891786285083,0.752648636792728,-1.74317004084589,0.013191051264,-0.404918699506608,0.752624877826797,-1.74311180409893,0.0129077381642466,2.69132215244827e-05,2.37589659317639e-05,-5.82367469605938e-05,0.000283313099753412,0,0,0,0.045319824,0.000198120879438346,0.000174900920748981,-0.000428708079891489,0.0449160174484545,-0.000198120879438346,-0.000174900920748981,0.000428708079891489,0.000403806551545476,-0.00127109543631865,-0.00112212182180323,0.0027504869017704,0.0668359509949422,0.42,-0.18,0.0468089487360001,0.420006837997266,-0.180016310658267,0.0470935974059872,-6.83799726608481e-06,1.63106582672379e-05,-0.000284648669987154,0.000285197582572464
736,14.7,8,-0.404891786285083,0.752648636792728,-1.74317004084589,0.0141101625,-0.404915245527194,0.752627926996483,-1.74311927806576,0.0138327928936136,2.34592421102242e-05,2.07097962454661e-05,-5.07627801233923e-05,0.000277369606386366,0,0,0,0.046580625,0.000172698970711974,0.000152458484312917,-0.000373698341856082,0.0462527364683534,-0.000172698970711974,-0.000152458484312917,0.000373698341856082,0.000327888531646656,-0.00110805520321705,-0.000978190061711723,0.00239768882478241,0.0635453217378341,0.42,-0.18,0.0458898375000001,0.420005960472253,-0.180014217365529,0.0461683712613986,-5.96047225265295e-06,1.42173655285349e-05,-0.000278533761398539,0.000278960063361881
737,14.72,8,-0.404891786285083,0.752648636792728,-1.74317004084589,0.015053838336,-0.404912234769861,0.752630584890144,-1.74312579295707,0.0147832657516759,2.04484847772801e-05,1.80519025838599e-05,-4.42478888160736e-05,0.0002705725843241,0,0,0,0.047775744,0.000150537866647631,0.000132894683078681,-0.000325744565360431,0.0475236429031101,-0.000150537866647631,-0.000132894683078681,0.000325744565360431,0.000252101096889883,-0.00096590885522461,-0.000852703403187625,0.00209010242560126,0.0600910572404403,0.42,-0.18,0.0449461616640001,0.420005195541745,-0.180012392693742,0.0452177489871963,-5.19554174460701e-06,1.23926937415364e-05,-0.000271587323196223,0.000271919559121961
738,14.74,8,-0.404891786285083,0.752648636792728,-1.74317004084589,0.016020733452,-0.40490961037607,0.752632901702445,-1.74313147180741,0.0157577750326343,1.78240909864402e-05,1.57350902835196e-05,-3.85690384792081e-05,0.000262958419365741,0,0,0,0.048902049,0.000131219689543139,0.000115840615014929,-0.000283942516848406,0.0487254640479189,-0.000131219689543139,-0.000115840615014929,0.000283942516848406,0.000176584952081095,-0.000841984692218764,-0.000743303271946614,0.00182194648904731,0.0564842288539558,0.42,-0.18,0.0439792665480001,0.420004528764346,-0.180010802181763,0.0442431094663863,-4.52876434570149e-06,1.08021817630533e-05,-0.000263842918386256,0.000264102787603459
739,14.76,8,-0.404891786285083,0.752648636792728,-1.74317004084589,0.017009442048,-0.404907322776156,0.752634921193436,-1.74313642187915,0.0167548780051342,1.55364910724431e-05,1.37155992919746e-05,-3.36189667378139e-05,0.00025456404286581,0,0,0,0.049956624,0.000114379995698764,0.000100974549575997,-0.000247503587067461,0.049855148624998,-0.000114379995698764,-0.000100974549575997,0.000247503587067461,0.000101475375001998,-0.000733950806730973,-0.000647931062322471,0.00158817506756782,0.0527358629017548,0.42,-0.18,0.0429905579520001,0.420003947549289,-0.180009415786427,0.043245892969549,-3.94754928911834e-06,9.41578642660312e-06,-0.000255335017548965,0.000255539060353112
740,14.78,8,-0.404891786285083,0.752648636792728,-1.74317004084589,0.018018502164,-0.404905328756565,0.752636681512003,-1.74314073668086,0.0177730753227948,1.35424714811649e-05,1.19552807253953e-05,-2.93041650234471e-05,0.000245426841205165,0,0,0,0.050936769,9.97009795641452e-05,8.80159283295476e-05,-0.000215740085716105,0.0509098658830331,-9.97009795641452e-05,-8.80159283295476e-05,0.000215740085716105,2.69031169669379e-05,-0.000639772443166411,-0.000564790494051421,0.00138438521197739,0.0488569481512865,0.42,-0.18,0.0419814978360001,0.42000344091977,-0.1800082073171,0.0422275966979449,-3.44091977033667e-06,8.20731710002298e-06,-0.000246098861944835,0.000246259720282041
741,14.8,8,-0.404891786285083,0.752648636792728,-1.74317004084589,0.0190464,-0.404903590645951,0.752638215914372,-1.74314449772849,0.0188108154197161,1.18043608671736e-05,1.04208783564541e-05,-2.55431173938891e-05,0.000235584580283919,0,0,0,0.05184,8.69055307008162e-05,7.67201184485184e-05,-0.000188052381476555,0.0518870048460589,-8.69055307008162e-05,-7.67201184485184e-05,0.000188052381476555,-4.70048460588582e-05,-0.000557674527298961,-0.000492314533324957,0.00120673589014219,0.044858442046,0.42,-0.18,0.0409536000000001,0.420002999306398,-0.180007153942313,0.0411897703475593,-2.99930639768853e-06,7.15394231290412e-06,-0.000236170347559211,0.000236297710094115
742,14.82,8,-0.404891786285083,0.752648636792728,-1.74317004084589,0.020091574236,-0.404902075605147,0.752639553390927,-1.74314777608177,0.0198664988934556,1.0289320064083e-05,9.08340180083567e-06,-2.22647641203721e-05,0.000225075342544356,0,0,0,0.052664049,7.57520401548372e-05,6.68738277820195e-05,-0.000163917663673712,0.0527841736869788,-7.57520401548372e-05,-6.68738277820195e-05,0.000163917663673712,-0.00012012468697882,-0.000486108796688443,-0.000429136375556823,0.00105187686143703,0.0407512759032867,0.42,-0.18,0.0399084257640001,0.420002614366976,-0.180006235759363,0.0401340116908459,-2.61436697629458e-06,6.23575936264942e-06,-0.000225585926845857,0.000225687239338914
743,14.84,8,-0.404891786285083,0.752648636792728,-1.74317004084589,0.021152420352,-0.404900755007863,0.752640719212933,-1.7431506336843,0.0209384828775565,8.96872277966754e-06,7.91757979545782e-06,-1.94071615915448e-05,0.000213937474443485,0,0,0,0.053406864,6.60298642210685e-05,5.82911002708832e-05,-0.000142880126444972,0.0535991992050446,-6.60298642210685e-05,-5.82911002708832e-05,0.000142880126444972,-0.000192335205044587,-0.000423725006454617,-0.000374064025871882,0.000916886369744963,0.0365463592496747,0.42,-0.18,0.0388475796480001,0.420002278829296,-0.180005435418925,0.0390619621734335,-2.27882929632051e-06,5.43541892528143e-06,-0.000214382525433474,0.000214463526160252
744,14.86,8,-0.404891786285083,0.752648636792728,-1.74317004084589,0.022227294948,-0.404899603900581,0.752641735409328,-1.74315312453228,0.0220250854053572,7.81761549784044e-06,6.90138340042612e-06,-1.69163136105599e-05,0.000202209542642755,0,0,0,0.054066609,5.75553640919764e-05,5.08098197534457e-05,-0.000124542399050073,0.054330126390038,-5.75553640919764e-05,-5.08098197534457e-05,0.000124542399050073,-0.000263517390038048,-0.000369345732055484,-0.000326058055026302,0.000799216619945473,0.0322545834369147,0.42,-0.18,0.0377727050520001,0.420001986354012,-0.180004737797683,0.0379753025234885,-1.98635401188474e-06,4.73779768334071e-06,-0.000202597471488472,0.000202662595914172
745,14.88,8,-0.404891786285083,0.752648636792728,-1.74317004084589,0.023314520064,-0.404898600531592,0.752642621182501,-1.74315529569361,0.0231245897665328,6.814246508835e-06,6.0156102273945e-06,-1.47451522776176e-05,0.000189930297467163,0,0,0,0.054641664,5.01684494508662e-05,4.42886586529192e-05,-0.000108558066651163,0.0549752180587764,-5.01684494508662e-05,-4.42886586529192e-05,0.000108558066651163,-0.000333554058776414,-0.000321944338133824,-0.000284212150318935,0.000696646105261488,0.0278868246578244,0.42,-0.18,0.0366854799360001,0.420001731415057,-0.180004129712862,0.0368757483717829,-1.7314150570491e-06,4.12971286184449e-06,-0.000190268435782882,0.000190321123319735
746,14.9,8,-0.404891786285083,0.752648636792728,-1.74317004084589,0.0244123875,-0.404897725940338,0.752643393270814,-1.7431571881965,0.0242352488575715,5.93965525508278e-06,5.24352191444422e-06,-1.28526493867742e-05,0.000177138642428524,0,0,0,0.055130625,4.37295626881899e-05,3.86044156465407e-05,-9.46251445459331e-05,0.0555329545519329,-4.37295626881899e-05,-3.86044156465407e-05,9.46251445459331e-05,-0.000402329551932881,-0.000280625728255519,-0.000247736121486392,0.000607237952241241,0.02345394646187,0.42,-0.18,0.0355876125000001,0.420001509195368,-0.180003599673326,0.0357650458808257,-1.50919536789917e-06,3.59967332608235e-06,-0.000177433380825653,0.000177476308136986
747,14.92,8,-0.404891786285083,0.752648636792728,-1.74317004084589,0.025519163136,-0.404896963599376,0.752644066264678,-1.74315883780421,0.0253552895271949,5.17731429261481e-06,4.57052805014069e-06,-1.12030416767883e-05,0.000163873608805133,0,0,0,0.055532304,3.81170481230796e-05,3.36496932168129e-05,-8.24803855011086e-05,0.0560020334811702,-3.81170481230796e-05,-3.36496932168129e-05,8.24803855011086e-05,-0.000469729481170224,-0.000244609533200111,-0.00021594105932219,0.00052930354234334,0.0189668018530398,0.42,-0.18,0.0344808368640001,0.420001315495957,-0.180003137662574,0.0346449673816636,-1.31549595683289e-06,3.13766257403758e-06,-0.000164130517663487,0.00016416577683709
748,14.94,8,-0.404891786285083,0.752648636792728,-1.74317004084589,0.026633091252,-0.404896299102227,0.752644652882119,-1.7431602756905,0.0264829169175595,4.51281714342056e-06,3.98391060951742e-06,-9.76515538364531e-06,0.000150174334440548,0,0,0,0.055845729,3.32248574590775e-05,2.93308720303692e-05,-7.1894314654242e-05,0.056381369518231,-3.32248574590775e-05,-2.93308720303692e-05,7.1894314654242e-05,-0.000535640518231031,-0.000213215434839494,-0.000188226379655643,0.000461370754720309,0.0144362350398785,0.42,-0.18,0.0333669087480001,0.420001146656637,-0.180002734949546,0.0335173070171821,-1.14665663697444e-06,2.73494954566855e-06,-0.000150398269182082,0.000150427504610781
749,14.96,8,-0.404891786285083,0.752648636792728,-1.74317004084589,0.027752398848,-0.404895719891252,0.752645164209008,-1.74316152902849,0.0276163188019401,3.93360616818272e-06,3.47258372079828e-06,-8.51181739247586e-06,0.000136080046059889,0,0,0,0.056070144,2.89605487622873e-05,2.55663444372561e-05,-6.26668995598352e-05,0.0566700942190286,-2.89605487622873e-05,-2.55663444372561e-05,6.26668995598352e-05,-0.000599950219028603,-0.000185850358427474,-0.000164068516665294,0.000402156251949118,0.00987308289493732,0.42,-0.18,0.0322476011520001,0.420000999486905,-0.180002383923691,0.0323838763909119,-9.99486905017832e-07,2.38392369053542e-06,-0.000136275238911784,0.000136299753509313
750,14.98,8,-0.404891786285083,0.752648636792728,-1.74317004084589,0.028875299964,-0.40489521502042,0.75264560990849,-1.74316262150398,0.0287536699194786,3.42873533631938e-06,3.02688423869935e-06,-7.4193419019597e-06,0.000121630044521356,0,0,0,0.056205009,2.52435415937379e-05,2.22849741039503e-05,-5.4623774520853e-05,0.0568675558769274,-2.52435415937379e-05,-2.22849741039503e-05,5.4623774520853e-05,-0.000662546876927385,-0.000161997298242821,-0.000143011058209072,0.00035054130022109,0.00528817617221908,0.42,-0.18,0.0311247000360001,0.420000871205685,-0.180002077951187,0.0312465002205028,-8.71205684871423e-07,2.07795118700727e-06,-0.000121800184502738,0.000121821023741314
751,15,8,-0.404891786285083,0.752648636792728,-1.74317004084589,0.03,-0.404894774948507,0.752645998403548,-1.74316357376296,0.029893136307486,2.98866342374193e-06,2.63838917990977e-06,-6.46708293161602e-06,0.000106863692513962,0,0,0,0.05625,2.20035956288816e-05,1.94247529397689e-05,-4.76129485164314e-05,0.0569733194003718,-2.20035956288816e-05,-1.94247529397689e-05,4.76129485164314e-05,-0.000723319400371757,-0.000141205570203438,-0.000124656140804401,0.000305550677167025,0.000692340522327278,0.42,-0.18,0.0300000000000001,0.420000759388798,-0.180001811249605,0.0301070119951566,-7.59388797844096e-07,1.81124960493828e-06,-0.000107011995156572,0.000107030016368624
752,15.02,8,-0.404891786285083,0.752648636792728,-1.74317004084589,0.031124700036,-0.404894391358823,0.752646337036151,-1.74316440380165,0.0310328796317024,2.6050737392258e-06,2.29975657739523e-06,-5.63704423206524e-06,9.18204042976399e-05,0,0,0,0.056205009,1.91794842248129e-05,1.6931630123681e-05,-4.1501934973091e-05,0.0569871662108183,-1.91794842248129e-05,-1.6931630123681e-05,4.1501934973091e-05,-0.000782157210818334,-0.000123082310573677,-0.000108656944734096,0.000266334276255296,-0.00390360266057592,0.42,-0.18,0.028875299964,0.420000661923169,-0.180001578778647,0.0289672496364182,-6.61923168610024e-07,1.57877864678801e-06,-9.19496724181221e-05,9.19656073872002e-05
753,15.04,8,-0.404891786285083,0.752648636792728,-1.74317004084589,0.032247601152,-0.404894057002062,0.752646632205975,-1.74316512730664,0.0321710615148545,2.2707169789471e-06,2.0045867528129e-06,-4.91353924303439e-06,7.65396371455174e-05,0,0,0,0.056070144,1.67178380133394e-05,1.47584912289991e-05,-3.61752494479852e-05,0.0569090941576068,-1.67178380133394e-05,-1.47584912289991e-05,3.61752494479852e-05,-0.000838950157606815,-0.000107285062372078,-9.47111492986918e-05,0.000232151064656264,-0.0084888355324694,0.42,-0.18,0.0277523988480001,0.420000576966906,-0.180001376144907,0.0278290511618181,-5.76966906140619e-07,1.37614490722249e-06,-7.66523138180653e-05,7.66668368936636e-05
754,15.06,8,-0.404891786285083,0.752648636792728,-1.74317004084589,0.033366908748,-0.404893765559327,0.75264688949134,-1.74316575795121,0.0333058478637937,1.9792742436131e-06,1.74730138791102e-06,-4.28289468001886e-06,6.10608842063001e-05,0,0,0,0.055845729,1.45721367658977e-05,1.28642682430251e-05,-3.15322281548596e-05,0.0567393174469574,-1.45721367658977e-05,-1.28642682430251e-05,3.15322281548596e-05,-0.000893588446957382,-9.3515310956643e-05,-8.25552260694008e-05,0.000202355095095306,-0.0130525432103719,0.42,-0.18,0.0266330912520001,0.420000502914504,-0.180001199518853,0.0266942503509357,-5.02914504207919e-07,1.19951885296787e-06,-6.11590989356078e-05,6.11729282533756e-05
755,15.08,8,-0.404891786285083,0.752648636792728,-1.74317004084589,0.034480836864,-0.404893511522716,0.752647113754615,-1.74316630765373,0.0344354131954487,1.72523763269927e-06,1.52303811351562e-06,-3.73319215496437e-06,4.54236685513421e-05,0,0,0,0.055532304,1.27018305467649e-05,1.12131637216371e-05,-2.74851262529535e-05,0.05647826658275,-1.27018305467649e-05,-1.12131637216371e-05,2.74851262529535e-05,-0.000945962582749996,-8.15128476653699e-05,-7.19594630811809e-05,0.000176383309562634,-0.0175839132809368,0.42,-0.18,0.025519163136,0.420000438366507,-0.180001045562455,0.0255646724135198,-4.38366506982923e-07,1.04556245550391e-06,-4.55092775197563e-05,4.5523397351395e-05
756,15.1,8,-0.404891786285083,0.752648636792728,-1.74317004084589,0.0355876125,-0.404893290091244,0.752647309234104,-1.74316678680293,0.0355579449617913,1.50380616081858e-06,1.3275586243644e-06,-3.25404295375975e-06,2.96675382087178e-05,0,0,0,0.055130625,1.10715735934575e-05,9.77397446001355e-06,-2.39574600617009e-05,0.0561265883171312,-1.10715735934575e-05,-9.77397446001355e-06,2.39574600617009e-05,-0.000995963317131268,-7.10508557872922e-05,-6.2723626763831e-05,0.000153744905858044,-0.0220721353907668,0.42,-0.18,0.0244123875000001,0.420000382103067,-0.180000911366111,0.0244421296593575,-3.82103066631778e-07,9.11366110523115e-07,-2.97421593574779e-05,2.9758572448734e-05
757,15.12,8,-0.404891786285083,0.752648636792728,-1.74317004084589,0.036685479936,-0.404893097080115,0.752647479624142,-1.74316720445417,0.0366716478739777,1.31079503123965e-06,1.15716858584136e-06,-2.8363917148333e-06,1.38320620223162e-05,0,0,0,0.054641664,9.65055647771155e-06,8.51950192473684e-06,-2.08825619445399e-05,0.0556851456093159,-9.65055647771155e-06,-8.51950192473684e-06,2.08825619445399e-05,-0.00104348160931585,-6.19316264302658e-05,-5.46731799106007e-05,0.000134012067407467,-0.0265064009044697,0.42,-0.18,0.0233145200640001,0.420000333060894,-0.180000794393653,0.0233284171696301,-3.33060893809023e-07,7.9439365283096e-07,-1.38971056300521e-05,1.39237759148684e-05
758,15.14,8,-0.404891786285083,0.752648636792728,-1.74317004084589,0.037772705052,-0.404892928841636,0.752647628144909,-1.74316756850058,0.0377747482258022,1.14255655225826e-06,1.00864781926724e-06,-2.4723453029285e-06,-2.04317380217423e-06,0,0,0,0.054066609,8.41192394910626e-06,7.42603832652485e-06,-1.82023205963906e-05,0.0551550175912265,-8.41192394910626e-06,-7.42603832652485e-06,1.82023205963906e-05,-0.0010884085912265,-5.39828237562997e-05,-4.76559846037732e-05,0.000116811881634961,-0.0308759026195681,0.42,-0.18,0.0222272949480001,0.420000290313165,-0.180000692434427,0.0222253084695341,-2.90313164841294e-07,6.92434427407296e-07,1.98647846591515e-06,2.1236392974052e-06
759,15.16,8,-0.404891786285083,0.752648636792728,-1.74317004084589,0.038847579648,-0.404892782196286,0.752647757603282,-1.74316788582224,0.0388654982165789,9.95911202783528e-07,8.79189446578721e-07,-2.1550236437573e-06,-1.79185685788563e-05,0,0,0,0.053406864,7.33226747398029e-06,6.47291863444941e-06,-1.58660829636914e-05,0.0545374995388351,-7.33226747398029e-06,-6.47291863444941e-06,1.58660829636914e-05,-0.00113063553883513,-4.7054229201253e-05,-4.15394280311161e-05,0.000101819294898098,-0.0351698345288396,0.42,-0.18,0.0211524203520001,0.420000253052009,-0.180000603561511,0.0211345512019793,-2.53052009013821e-07,6.03561511436368e-07,1.78691500207703e-05,1.78811309564622e-05
760,15.18,8,-0.404891786285083,0.752648636792728,-1.74317004084589,0.039908425764,-0.404892654372628,0.752647870445883,-1.74316816241618,0.039942180273544,8.68087544958485e-07,7.6634684509358e-07,-1.878429702451e-06,-3.37545095439942e-05,0,0,0,0.052664049,6.39118288995525e-06,5.64213007382711e-06,-1.38296970657295e-05,0.0538341028482583,-6.39118288995525e-06,-5.64213007382711e-06,1.38296970657295e-05,-0.00117005384825838,-4.10149033032566e-05,-3.62079169671842e-05,8.87509710694896e-05,-0.0393773916218574,0.42,-0.18,0.0200915742360001,0.420000220573241,-0.180000526095299,0.0200578628022035,-2.20573241171973e-07,5.26095298658547e-07,3.37114337965808e-05,3.37162601342326e-05
761,15.2,8,-0.404891786285083,0.752648636792728,-1.74317004084589,0.0409536,-0.404892542954932,0.752647968805318,-1.74316840350974,0.0410031113738604,7.56669848500646e-07,6.67987410385429e-07,-1.63733614955142e-06,-4.95113738604308e-05,0,0,0,0.05184,5.57088482389014e-06,4.91797173448344e-06,-1.20546776443397e-05,0.0530465550158212,-5.57088482389014e-06,-4.91797173448344e-06,1.20546776443397e-05,-0.00120655501582117,-3.57507116277381e-05,-3.15606936511259e-05,7.73599379316531e-05,-0.0434877697196372,0.42,-0.18,0.0190464000000001,0.420000192263056,-0.180000458571757,0.0189969261731697,-1.92263055476261e-07,4.58571756900561e-07,4.94738268304318e-05,4.94763255950387e-05
762,15.22,8,-0.404891786285083,0.752648636792728,-1.74317004084589,0.041981497836,-0.40489244583752,0.752648054540475,-1.74316861365931,0.042046647366289,6.59552436665933e-07,5.8225225318953e-07,-1.42718657181184e-06,-6.51495302890354e-05,0,0,0,0.050936769,4.85587059133533e-06,4.28675786146088e-06,-1.05074788857066e-05,0.0521767996214284,-4.85587059133533e-06,-4.28675786146088e-06,1.05074788857066e-05,-0.00124003062142843,-3.11621681601132e-05,-2.75099319102645e-05,6.74309205329469e-05,-0.047490165336647,0.42,-0.18,0.0180185021640001,0.420000167586425,-0.18000039971476,0.0179533853616284,-1.67586425348087e-07,3.9971476004097e-07,6.51168023716592e-05,6.51182448182464e-05
763,15.24,8,-0.404891786285083,0.752648636792728,-1.74317004084589,0.042990557952,-0.404892361184975,0.75264812927166,-1.74316879683652,0.0430711872925829,5.74899892080705e-07,5.07521068726646e-07,-1.24400936241109e-06,-8.06293405829356e-05,0,0,0,0.0499566240000001,4.23262722813308e-06,3.7365592232556e-06,-9.15886047504766e-06,0.0512269963146955,-4.23262722813308e-06,-3.7365592232556e-06,9.15886047504766e-06,-0.00127037231469544,-2.7162555354591e-05,-2.39790775924474e-05,5.8776273259844e-05,-0.0513737755657276,0.42,-0.18,0.0170094420480001,0.420000146076993,-0.18000034841197,0.0169288412347497,-1.46076993001731e-07,3.48411970330087e-07,8.06008132503283e-05,8.06016986545771e-05
764,15.26,8,-0.404891786285083,0.752648636792728,-1.74317004084589,0.043979266548,-0.404892287397453,0.752648194411213,-1.74316895650322,0.0440751777086505,5.01112369655221e-07,4.42381515308732e-07,-1.08434266210544e-06,-9.59111606505386e-05,0,0,0,0.048902049,3.68937612104127e-06,3.25697767140666e-06,-7.9833350098508e-06,0.050199520803381,-3.68937612104127e-06,-3.25697767140666e-06,7.9833350098508e-06,-0.001297471803381,-2.36762854553032e-05,-2.09014018972601e-05,5.12324339864719e-05,-0.0551277979821734,0.42,-0.18,0.0160207334520001,0.420000127328256,-0.180000303693817,0.0159248471572374,-1.27328255827841e-07,3.03693816733341e-07,9.5886294762676e-05,9.58868602350386e-05
765,15.28,8,-0.404891786285083,0.752648636792728,-1.74317004084589,0.044946161664,-0.404892223080445,0.752648251190206,-1.74316909567695,0.0450571170055253,4.36795361435927e-07,3.85602522690043e-07,-9.4516893556218e-07,-0.000110955341525207,0,0,0,0.0477757439999999,3.21585041193521e-06,2.83894963346147e-06,-6.95868633012139e-06,0.0490969648437375,-3.21585041193521e-06,-2.83894963346147e-06,6.95868633012139e-06,-0.00132122084373758,-2.06374720951116e-05,-1.82187404002251e-05,4.46568330462098e-05,-0.0587414305635927,0.42,-0.18,0.015053838336,0.420000110985885,-0.180000264715171,0.01494290466886,-1.10985884926862e-07,2.64715171283125e-07,0.000110933667140031,0.000110934038496414
766,15.3,8,-0.404891786285083,0.752648636792728,-1.74317004084589,0.0458898375,-0.404892167018425,0.752648300681702,-1.74316921698794,0.0460155597301746,3.80733342020267e-07,3.36111026233432e-07,-8.2385794208939e-07,-0.000125722230174659,0,0,0,0.0465806250000001,2.80310097003295e-06,2.47457482545694e-06,-6.06554966919713e-06,0.0479221362324656,-2.80310097003295e-06,-2.47457482545694e-06,6.06554966919713e-06,-0.00134151123246549,-1.79886851986323e-05,-1.58803938857956e-05,3.89251991750036e-05,-0.062203871623267,0.42,-0.18,0.0141101625000001,0.420000096741028,-0.180000230739377,0.0139844591623333,-9.67410280772185e-08,2.30739376522182e-07,0.000125703337666823,0.000125703586663491
767,15.32,8,-0.404891786285083,0.752648636792728,-1.74317004084589,0.046808948736,-0.40489211815188,0.752648343821041,-1.74316932272886,0.0469491209061746,3.31866796710045e-07,2.92971687243515e-07,-7.18117028286613e-07,-0.000140172170174604,0,0,0,0.0453198239999999,2.44332726606031e-06,2.15696694774104e-06,-5.28704568569708e-06,0.0466780588000003,-2.44332726606031e-06,-2.15696694774104e-06,5.28704568569708e-06,-0.00135823480000032,-1.56798656502018e-05,-1.38421702304692e-05,3.39292108852802e-05,-0.0655043197542315,0.42,-0.18,0.013191051264,0.420000084324474,-0.180000201124324,0.0130508955615063,-8.43244738479854e-08,2.01124324306079e-07,0.000140155702493774,0.000140155872167862
768,15.34,8,-0.404891786285083,0.752648636792728,-1.74317004084589,0.047702214852,-0.404892075557281,0.752648381423512,-1.74316941489809,0.0478564803542729,2.89272197639967e-07,2.55369216328738e-07,-6.25947798926774e-07,-0.000154265502272918,0,0,0,0.043996689,2.12972995305629e-06,1.88012354313166e-06,-4.60846146799149e-06,0.0453679724049157,-2.12972995305629e-06,-1.88012354313166e-06,4.60846146799149e-06,-0.00137128340491564,-1.3667379297129e-05,-1.20655492297594e-05,2.95744494671524e-05,-0.06863197378313,0.42,-0.18,0.0122977851480001,0.420000073501563,-0.18000017531032,0.0121435339998046,-7.35015628361424e-08,1.75310319622257e-07,0.000154251148195485,0.000154251265329699
769,15.36,8,-0.404891786285083,0.752648636792728,-1.74317004084589,0.048568424448,-0.404892038429634,0.752648414199763,-1.74316949523754,0.0487363870128579,2.52144550294542e-07,2.22592965171131e-07,-5.45608349389326e-07,-0.000167962564857925,0,0,0,0.042614784,1.85638236711371e-06,1.63881255853648e-06,-4.01697247864845e-06,0.0439953329292531,-1.85638236711371e-06,-1.63881255853648e-06,4.01697247864845e-06,-0.00138054892925309,-1.191319231282e-05,-1.05169546536164e-05,2.57786146340364e-05,-0.0715760327312399,0.42,-0.18,0.011431575552,0.420000064067754,-0.180000152809504,0.0112636254988941,-6.40677543795043e-08,1.52809503828344e-07,0.000167950053105902,0.000167950134842747
770,15.38,8,-0.404891786285083,0.752648636792728,-1.74317004084589,0.049406439564,-0.404892006067263,0.752648442769232,-1.74316956526554,0.0495876632583505,2.1978217989993e-07,1.94023495825313e-07,-4.7558034577122e-07,-0.000181223694350481,0,0,0,0.041177889,1.61811852085732e-06,1.42847346546415e-06,-3.50140018596773e-06,0.0425638122746283,-1.61811852085732e-06,-1.42847346546415e-06,3.50140018596773e-06,-0.0013859232746283,-1.03841524271533e-05,-9.16711972675176e-06,2.24699691422326e-05,-0.0743256957822868,0.42,-0.18,0.010593560436,0.42000005584476,-0.180000133196634,0.0104123476475362,-5.58447594833922e-08,1.33196634000132e-07,0.000181212788463843,0.000181212846020424
771,15.4,8,-0.404891786285083,0.752648636792728,-1.74317004084589,0.0502152,-0.404891977858554,0.752648467671854,-1.74316962630556,0.0504092092255302,1.91573470476047e-07,1.69120874415896e-07,-4.14540329618518e-07,-0.000194009225530201,0,0,0,0.03969,1.41043547231424e-06,1.2451310709291e-06,-3.05200080312305e-06,0.0410772983589825,-1.41043547231424e-06,-1.2451310709291e-06,3.05200080312305e-06,-0.00138729835898247,-9.05136239867996e-06,-7.99053397699253e-06,1.95859831006092e-05,-0.0768701622554285,0.42,-0.18,0.00978480000000006,0.420000048677172,-0.180000116101047,0.00959080028060174,-4.86771724594881e-08,1.16101046665484e-07,0.000193999719398319,0.000193999760246106
772,15.42,8,-0.404891786285083,0.752648636792728,-1.74317004084589,0.050993727636,-0.404891953270389,0.752648489378262,-1.74316967951118,0.0512000071278077,1.6698530597159e-07,1.47414466633577e-07,-3.61334706822092e-07,-0.00020627949180764,0,0,0,0.0381553289999999,1.22940822434064e-06,1.08532039138926e-06,-2.66028114111087e-06,0.0395398951138739,-1.22940822434064e-06,-1.08532039138926e-06,2.66028114111087e-06,-0.001384566113874,-7.88963388965382e-06,-6.9649611644274e-06,1.70721521400083e-05,-0.0791986315827695,0.42,-0.18,0.00900627236400003,0.420000042429534,-0.180000101199652,0.00880000115822603,-4.24295335532676e-08,1.0119965226929e-07,0.000206271205774003,0.000206271234962842
773,15.44,8,-0.404891786285083,0.752648636792728,-1.74317004084589,0.051741130752,-0.404891931838078,0.752648508298685,-1.74316972588794,0.051959125577452,1.45552995045595e-07,1.28494043294403e-07,-3.14957944835825e-07,-0.000217994825451998,0,0,0,0.036578304,1.07161554654757e-06,9.46021168100712e-07,-2.31883809831072e-06,0.0379559224822186,-1.07161554654757e-06,-9.46021168100712e-07,2.31883809831072e-06,-0.00137761848221855,-6.87701142639186e-06,-6.07101903257399e-06,1.48809674826318e-05,-0.081300303290711,0.42,-0.18,0.00825886924800004,0.420000036983769,-0.180000088210829,0.00804088164508138,-3.69837691582831e-08,8.8210829474189e-08,0.000217987602918662,0.000217987623903684
774,15.46,8,-0.404891786285083,0.752648636792728,-1.74317004084589,0.052456608348,-0.404891913156572,0.752648524790701,-1.74316976631232,0.0526857239057802,1.26871488703717e-07,1.12002027541358e-07,-2.74533569877278e-07,-0.00022911555778015,0,0,0,0.034963569,9.3407531801972e-07,8.24600787449224e-07,-2.02121874865806e-06,0.0363299164164043,-9.3407531801972e-07,-8.24600787449224e-07,2.02121874865806e-06,-0.00136634741640426,-5.99435749002271e-06,-5.29181299484869e-06,1.29710179854334e-05,-0.0831643769842286,0.42,-0.18,0.00754339165200005,0.42000003223696,-0.180000076889103,0.00731428238975167,-3.22369597127725e-08,7.68891025848539e-08,0.000229109262248388,0.000229109277418345
775,15.48,8,-0.404891786285083,0.752648636792728,-1.74317004084589,0.053139454464,-0.404891896872809,0.752648539165991,-1.74316980154828,0.0533790564833145,1.10587725365985e-07,9.7626737027845e-08,-2.39297602178112e-07,-0.000239602019314542,0,0,0,0.033315984,8.14188168219269e-07,7.18764527552253e-07,-1.7617983889494e-06,0.0346666288767197,-8.14188168219269e-07,-7.18764527552253e-07,1.7617983889494e-06,-0.00135064487671973,-5.22499082778689e-06,-4.61261684826056e-06,1.13062075611767e-05,-0.0847800523338026,0.42,-0.18,0.00686054553600007,0.420000028099396,-0.180000067020502,0.00662094900419509,-2.80993959211884e-08,6.70205022590409e-08,0.000239596531804984,0.000239596542826269
776,15.5,8,-0.404891786285083,0.752648636792728,-1.74317004084589,0.0537890625,-0.404891882679042,0.752648551696235,-1.74316983226177,0.0540384770399154,9.63939583153994e-08,8.50964931853326e-08,-2.08584117533661e-07,-0.000249414539915394,0,0,0,0.031640625,7.09688351663533e-07,6.26512190587044e-07,-1.53567423772587e-06,0.0329710278300437,-7.09688351663533e-07,-6.26512190587044e-07,1.53567423772587e-06,-0.0013304028300437,-4.55437120173072e-06,-4.02059449320761e-06,9.85507300115124e-06,-0.0861365290646408,0.42,-0.18,0.00621093750000007,0.420000024492882,-0.180000058418522,0.00596152774328051,-2.44928817783041e-08,5.84185219643096e-08,0.000249409756719554,0.000249409764763796
777,15.52,8,-0.404891786285083,0.752648636792728,-1.74317004084589,0.054404929536,-0.404891870307023,0.752648562618241,-1.74316985903322,0.0546634429848904,8.40219397391095e-08,7.41744872190253e-08,-1.81812662036762e-07,-0.000258513448890357,0,0,0,0.029942784,6.18600927628921e-07,5.46100300722893e-07,-1.33857277770285e-06,0.0312482972487509,-6.18600927628921e-07,-5.46100300722893e-07,1.33857277770285e-06,-0.00130551324875097,-3.96982457866746e-06,-3.50455729255533e-06,8.59018935038072e-06,-0.0872230069475372,0.42,-0.18,0.00559507046400003,0.420000021349258,-0.180000050920593,0.00533656118438942,-2.13492581946362e-08,5.09205928533873e-08,0.000258509279610603,0.000258509285507291
778,15.54,8,-0.404891786285083,0.752648636792728,-1.74317004084589,0.054986660652,-0.404891859522934,0.752648572138424,-1.7431698823686,0.0552535197270864,7.32378510059917e-08,6.46543041327163e-08,-1.58477282186098e-07,-0.000266859075086404,0,0,0,0.028227969,5.39204436055573e-07,4.76009154871788e-07,-1.16676899069524e-06,0.0295038371098002,-5.39204436055573e-07,-4.76009154871788e-07,1.16676899069524e-06,-0.00127586810980021,-3.4603036205123e-06,-3.05475268416413e-06,7.48765159529492e-06,-0.0880286857913411,0.42,-0.18,0.00501333934800008,0.420000018609114,-0.180000044385012,0.00474648390707259,-1.86091135834232e-08,4.43850116660371e-08,0.000266855440927485,0.000266855445267529
779,15.56,8,-0.404891786285083,0.752648636792728,-1.74317004084589,0.055533973248,-0.404891850122967,0.752648580436706,-1.74316990270892,0.0558083849949659,6.38378837569675e-08,5.63560220712134e-08,-1.38136962979374e-07,-0.000274411746965901,0,0,0,0.026501904,4.69998363645323e-07,4.14914101188501e-07,-1.01701595878933e-06,0.0277432633939733,-4.69998363645323e-07,-4.14914101188501e-07,1.01701595878933e-06,-0.00124135939397323,-3.0161788972097e-06,-2.66267981664869e-06,6.52662287784917e-06,-0.0885427654365669,0.42,-0.18,0.00446602675200007,0.420000016220662,-0.180000038688262,0.00419161817275419,-1.62206624243488e-08,3.86882624825446e-08,0.000274408579245877,0.000274408582452576
780,15.58,8,-0.404891786285083,0.752648636792728,-1.74317004084589,0.056046701364,-0.404891841929471,0.752648587669916,-1.74316992043859,0.0563278331566707,5.56443880417312e-08,4.91228119292586e-08,-1.20407293024982e-07,-0.000281131792670711,0,0,0,0.0247705290000001,4.0967478570113e-07,3.61660504855529e-07,-8.86483501232347e-07,0.025972408085242,-4.0967478570113e-07,-3.61660504855529e-07,8.86483501232347e-07,-0.0012018790852419,-2.62905690984948e-06,-2.32092890418471e-06,5.68894072214872e-06,-0.0887544457502325,0.42,-0.18,0.00395329863600005,0.420000014138765,-0.180000033722682,0.00367216960447726,-1.41387652696778e-08,3.37226824798087e-08,0.000281129031522789,0.000281129033900922
781,15.6,8,-0.404891786285083,0.752648636792728,-1.74317004084589,0.0565248,-0.404891834787598,0.752648593974755,-1.74316993589269,0.0568117795400755,4.85025151153451e-08,4.28179733891199e-08,-1.0495319924253e-07,-0.000286979540075435,0,0,0,0.02304,3.57093647504141e-07,3.15241926771835e-07,-7.72704686789375e-07,0.0241973191702374,-3.57093647504141e-07,-3.15241926771835e-07,7.72704686789375e-07,-0.00115731917023739,-2.29162143854832e-06,-2.02304119652472e-06,4.95877381153449e-06,-0.0886529266214324,0.42,-0.18,0.00347520000000004,0.420000012324076,-0.180000029394427,0.00318822286668329,-1.2324076370529e-08,2.9394427170093e-08,0.000286977133316754,0.000286977135086782
782,15.62,8,-0.404891786285083,0.752648636792728,-1.74317004084589,0.056968349436,-0.404891828562374,0.752648599470377,-1.74316994936327,0.0572602647528317,4.22772907238134e-08,3.732235132059e-08,-9.14826150388848e-08,-0.000291915316831703,0,0,0,0.0213166890000001,3.11261218733172e-07,2.74781102841338e-07,-6.73529210558679e-07,0.0224242606378086,-3.11261218733172e-07,-2.74781102841338e-07,6.73529210558679e-07,-0.00110757163780847,-1.9974953022821e-06,-1.76338692476776e-06,4.32232270728509e-06,-0.0882274079576512,0.42,-0.18,0.00303165056400011,0.4200000107423,-0.180000025621697,0.0027397373450232,-1.07422998829598e-08,2.56216968752554e-08,0.000291913218976911,0.000291913220298996
783,15.64,8,-0.404891786285083,0.752648636792728,-1.74317004084589,0.0573775595519999,-0.404891823136148,0.752648604260644,-1.74316996110493,0.0576734590024048,3.68510644777054e-08,3.25320840266485e-08,-7.97409598352061e-08,-0.000295899450404834,0,0,0,0.0196071840000001,2.71311312687531e-07,2.39513364345984e-07,-5.87082756412979e-07,0.0206597124786556,-2.71311312687531e-07,-2.39513364345984e-07,5.87082756412979e-07,-0.00105252847865547,-1.74111980598008e-06,-1.53705888425482e-06,3.76755914473896e-06,-0.0874670896817006,0.42,-0.18,0.00262244044800013,0.420000009363542,-0.180000022333191,0.00232654282619357,-9.36354205283152e-09,2.23331908244528e-08,0.000295897621806554,0.000295897622797517
784,15.66,8,-0.404891786285083,0.752648636792728,-1.74317004084589,0.057752774148,-0.40489181840637,0.752648608436088,-1.74316997133956,0.0580516664161052,3.21212861309483e-08,2.83566402581314e-08,-6.9506328470581e-08,-0.000298892268105214,0,0,0,0.0179182890000001,2.3648891656793e-07,2.08772186660888e-07,-5.11731573518201e-07,0.0189103706850216,-2.3648891656793e-07,-2.08772186660888e-07,5.11731573518201e-07,-0.000992081685021556,-1.51764971826377e-06,-1.33977970740461e-06,3.28399862330592e-06,-0.0863611717292254,0.42,-0.18,0.00224722585200009,0.420000008161746,-0.18000001946676,0.00194833517779527,-8.16174583473384e-09,1.94667595376785e-08,0.000298890674204813,0.000298890674950184
785,15.68,8,-0.404891786285083,0.752648636792728,-1.74317004084589,0.0580944752639999,-0.404891814283651,0.75264861207562,-1.74316998026059,0.0583953293611139,2.7998567686538e-08,2.47171083600506e-08,-6.05852965573916e-08,-0.00030085409711398,0,0,0,0.016257024,2.06135922202655e-07,1.81976592512796e-07,-4.46051601052084e-07,0.0171831472504372,-2.06135922202655e-07,-1.81976592512796e-07,4.46051601052084e-07,-0.0009261232504372,-1.32286167539931e-06,-1.16782101425087e-06,2.86250236530252e-06,-0.0848988540465816,0.42,-0.18,0.00190552473600011,0.420000007114198,-0.18000001696823,0.00160467202821193,-7.11419817500669e-09,1.69682303763352e-08,0.00030085270778818,0.000300852708350801
786,15.7,8,-0.404891786285083,0.752648636792728,-1.74317004084589,0.0584032875,-0.404891810690077,0.752648615248023,-1.74316998803662,0.058705032764504,2.44049939146507e-08,2.15447049090045e-08,-5.28092654050738e-08,-0.000301745264504008,0,0,0,0.0146306249999999,1.7967868869467e-07,1.58620172227779e-07,-3.88801553746035e-07,0.0154851701695056,-1.7967868869467e-07,-1.58620172227779e-07,3.88801553746035e-07,-0.000854545169505623,-1.15307438242833e-06,-1.01793295365514e-06,2.49510453441332e-06,-0.083069336588943,0.42,-0.18,0.00159671250000004,0.420000006201102,-0.180000014790384,0.00129496844650388,-6.20110163218612e-09,1.47903836955621e-08,0.000301744053496159,0.000301744053922363
787,15.72,8,-0.404891786285083,0.752648636792728,-1.74317004084589,0.058679982336,-0.404891807557733,0.752648618013254,-1.74316999481461,0.0589815084332586,2.12726499193572e-08,1.87794746420167e-08,-4.60312761241255e-08,-0.000301526097258573,0,0,0,0.013046544,1.56617201046102e-07,1.38261513154675e-07,-3.38899463057765e-07,0.0138237834377266,-1.56617201046102e-07,-1.38261513154675e-07,3.38899463057765e-07,-0.000777239437726621,-1.00507902898631e-06,-8.87282798891838e-07,2.17486164874275e-06,-0.0808618193190256,0.42,-0.18,0.00132001766400006,0.4200000054052,-0.18000001289206,0.00101849262231833,-5.40519956571117e-09,1.28920603081895e-08,0.000301525041681724,0.000301525042005779
788,15.74,8,-0.404891786285083,0.752648636792728,-1.74317004084589,0.058925482452,-0.404891804827421,0.752648620423571,-1.74317000072266,0.0592256393742855,1.85423374987614e-08,1.63691574739389e-08,-4.01232316260547e-08,-0.00030015692228548,0,0,0,0.011512449,1.36515620466376e-07,1.20515857176839e-07,-2.95402230082911e-07,0.0122065470513461,-1.36515620466376e-07,-1.20515857176839e-07,2.95402230082911e-07,-0.000694098051346095,-8.7607865945137e-07,-7.73401396142893e-07,1.89572143905275e-06,-0.0782655022056447,0.42,-0.18,0.00107451754800005,0.42000000471145,-0.180000011237384,0.000774361545809801,-4.71145045199961e-09,1.12373839122881e-08,0.000300156002190244,0.000300156002437576
789,15.76,8,-0.404891786285083,0.752648636792728,-1.74317004084589,0.059140866048,-0.40489180244754,0.752648622524527,-1.74317000587241,0.0594384641144302,1.61624565397922e-08,1.42682008430484e-08,-3.49734756710518e-08,-0.000297598066430114,0,0,0,0.0100362239999998,1.18994047277349e-07,1.05047829253981e-07,-2.57487801301857e-07,0.0106412370072333,-1.18994047277349e-07,-1.05047829253981e-07,2.57487801301857e-07,-0.00060501300723349,-7.63635291567753e-07,-6.74136500774792e-07,1.65240845893196e-06,-0.0752695852228401,0.42,-0.18,0.000859133952000019,0.420000004106743,-0.180000009795083,0.000561536687572251,-4.10674305673098e-09,9.79508268939e-09,0.000297597264427768,0.000297597264617301
790,15.78,8,-0.404891786285083,0.752648636792728,-1.74317004084589,0.0593273711639999,-0.404891800373113,0.752648624355829,-1.7431700103612,0.0596211810204857,1.40880296872758e-08,1.24368988441148e-08,-3.04846830001537e-08,-0.000293809856485742,0,0,0,0.00862596900000007,1.03721341445994e-07,9.15650992384858e-08,-2.24439632123218e-07,0.00913584530277648,-1.03721341445994e-07,-9.15650992384858e-08,2.24439632123218e-07,-0.000509876302776413,-6.65623860192294e-07,-5.87612100358236e-07,1.440324342449e-06,-0.0718632683489451,0.42,-0.18,0.000672628836000111,0.420000003579649,-0.180000008537899,0.000378819678580972,-3.57964879960093e-09,8.53789861032794e-09,0.000293809157419139,0.000293809157564999
791,15.8,8,-0.404891786285083,0.752648636792728,-1.74317004084589,0.0594864,-0.404891798564936,0.752648625952087,-1.74317001427387,0.0597751526192017,1.22798524126999e-08,1.08406417176354e-08,-2.65720201397812e-08,-0.000288752619201665,0,0,0,0.00728999999999985,9.04088642421472e-08,7.98128572313203e-08,-1.95633145274237e-07,0.00769857993579748,-9.04088642421472e-08,-7.98128572313203e-08,1.95633145274237e-07,-0.000408579935797633,-5.80192043572952e-07,-5.12192972862863e-07,1.25546089150661e-06,-0.0680357515658601,0.42,-0.18,0.000513600000000072,0.420000003120206,-0.180000007442072,0.000224847990140817,-3.12020637105448e-09,7.44207223624116e-09,0.000288752009859256,0.000288752009972017
792,15.82,8,-0.404891786285083,0.752648636792728,-1.74317004084589,0.059619523236,-0.404891796988835,0.752648627343466,-1.74317001768435,0.0599019099172913,1.07037519403441e-08,9.44926181745132e-09,-2.31615415735575e-08,-0.000282386681291262,0,0,0,0.00603684900000012,7.88050233706884e-08,6.95689977740633e-08,-1.70523927444105e-07,0.00633786490448031,-7.88050233706884e-08,-6.95689977740633e-08,1.70523927444105e-07,-0.000301015904480191,-5.05725273379355e-07,-4.46453773736134e-07,1.09432439152634e-06,-0.0637762348585327,0.42,-0.18,0.000380476764000062,0.420000002719733,-0.180000006486894,9.80906138429993e-05,-2.71973255028257e-09,6.48689352233944e-09,0.000282386150157063,0.000282386150244668
793,15.84,8,-0.404891786285083,0.752648636792728,-1.74317004084589,0.059728484352,-0.404891795615025,0.752648628556265,-1.74317002065709,0.0600031567214375,9.32994159708045e-09,8.2364634002019e-09,-2.01887928596989e-08,-0.000274672369437477,0,0,0,0.00487526400000014,6.86905179031015e-08,6.06399222993408e-08,-1.48637439613578e-07,0.00506234020730968,-6.86905179031015e-08,-6.06399222993408e-08,1.48637439613578e-07,-0.000187076207309539,-4.40816198353985e-07,-3.89152105966626e-07,9.53869506301682e-07,-0.0590739182144126,0.42,-0.18,0.000271515648000084,0.420000002370659,-0.180000005654311,-3.15625847344125e-06,-2.37065900243749e-09,5.65431054755372e-09,0.000274671906473525,0.000274671906541955
794,15.86,8,-0.404891786285083,0.752648636792728,-1.74317004084589,0.0598152039480001,-0.404891794417541,0.752648629613403,-1.74317002324829,0.0600807739582979,8.13245770725501e-09,7.1793258005215e-09,-1.75975918281779e-08,-0.000265570010297811,0,0,0,0.00381420899999981,5.9874193936022e-08,5.28568801800084e-08,-1.29560049487545e-07,0.00388086184302145,-5.9874193936022e-08,-5.28568801800084e-08,1.29560049487545e-07,-6.66528430216481e-05,-3.84238107994938e-07,-3.39205023548019e-07,8.31441806933117e-07,-0.0539180016229771,0.42,-0.18,0.000184796051999989,0.420000002066389,-0.180000004928588,-8.07735547546373e-05,-2.06638856026231e-09,4.92858837075616e-09,0.000265569606754626,0.000265569606808399
795,15.88,8,-0.404891786285083,0.752648636792728,-1.74317004084589,0.059881784064,-0.404891793373752,0.752648630534858,-1.74317002550692,0.0601368239945091,7.0886690961558e-09,6.25787022201507e-09,-1.53389676516014e-08,-0.000255039930509161,0,0,0,0.00286286400000002,5.21894317761234e-08,4.60727797090482e-08,-1.12931213348883e-07,0.00280250181056194,-5.21894317761234e-08,-4.60727797090482e-08,1.12931213348883e-07,6.03621894380802e-05,-3.34921725906888e-07,-2.95668571979457e-07,7.24727501817529e-07,-0.0482976850755294,0.42,-0.18,0.000118215936000102,0.420000001801171,-0.180000004296012,-0.000136823642760034,-1.80117065706753e-09,4.29601151874515e-09,0.000255039578760136,0.000255039578802678
796,15.9,8,-0.404891786285083,0.752648636792728,-1.74317004084589,0.0599305124999999,-0.404891792463933,0.752648631338046,-1.74317002747565,0.0601735549566901,6.17884915454781e-09,5.45468203938526e-09,-1.33702344751185e-08,-0.000243042456690254,0,0,0,0.00203062500000005,4.54909972579852e-08,4.01594082694587e-08,-9.84366633125317e-08,0.00183654810905128,-4.54909972579852e-08,-4.01594082694587e-08,9.84366633125317e-08,0.000194076890948767,-2.91935029704923e-07,-2.57719961450647e-07,6.31709818738781e-07,-0.0422021685647243,0.42,-0.18,6.94875000001732e-05,0.420000001569993,-0.180000003744625,-0.000173554650087449,-1.56999319100848e-09,3.74462494345806e-09,0.000243042150087622,0.00024304215012154
797,15.92,8,-0.404891786285083,0.752648636792728,-1.74317004084589,0.059963867136,-0.404891791670887,0.752648632038146,-1.7431700291917,0.0601934050514453,5.385803247826e-09,4.75458183935018e-09,-1.16541851724605e-08,-0.00022953791544527,0,0,0,0.00132710400000011,3.96522966638868e-08,3.50050090404458e-08,-8.58024669377564e-08,0.000992504737756815,-3.96522966638868e-08,-3.50050090404458e-08,8.58024669377564e-08,0.000334599262243297,-2.54465608495136e-07,-2.24641996873899e-07,5.50630821509074e-07,-0.0356206520844606,0.42,-0.18,3.61328640000463e-05,0.420000001368487,-0.180000003264008,-0.000193404784194648,-1.36848699039405e-09,3.26400800831905e-09,0.000229537648194694,0.000229537648221981
798,15.94,8,-0.404891786285083,0.752648636792728,-1.74317004084589,0.059984520252,-0.404891790979627,0.75264863264839,-1.7431700306875,0.0601990068853666,4.69454353169141e-09,4.14433842799156e-09,-1.01583881306766e-08,-0.000214486633366644,0,0,0,0.000762129000000051,3.45629844939842e-08,3.0512169102968e-08,-7.47898505075751e-08,0.000280091696067618,-3.45629844939842e-08,-3.0512169102968e-08,7.47898505075751e-08,0.000482037303932433,-2.21805336710544e-07,-1.95809539260204e-07,4.79958197083842e-07,-0.028542335629754,0.42,-0.18,1.54797480000773e-05,0.420000001192844,-0.180000002845078,-0.000199006652417191,-1.19284371269401e-09,2.84507753467445e-09,0.000214486400417269,0.000214486400439455
799,15.96,8,-0.404891786285083,0.752648636792728,-1.74317004084589,0.0599953428479999,-0.404891790377089,0.75264863318031,-1.74317003199131,0.0601931917850361,4.0920059563021e-09,3.61241880852958e-09,-8.85457440702453e-09,-0.000197848937036234,0,0,0,0.000345744000000003,3.0126877759773e-08,2.65959783177636e-08,-6.51906865658976e-08,-0.000290755016527501,-3.0126877759773e-08,-2.65959783177636e-08,6.51906865658976e-08,0.000636499016527505,-1.93336959565251e-07,-1.70677685502314e-07,4.183562906155e-07,-0.0209564191963317,0.42,-0.18,4.65715200020922e-06,0.420000001039744,-0.180000002479916,-0.00019319158198533,-1.0397439575982e-09,2.479916105802e-09,0.000197848733985539,0.000197848734003814
800,15.98,8,-0.404891786285083,0.752648636792728,-1.74317004084589,0.059999408964,-0.404891789851887,0.752648633643958,-1.74317003312778,0.060178994117027,3.56680318613911e-09,3.14877035556549e-09,-7.71810326760658e-09,-0.00017958515302699,0,0,0,8.82089999999636e-05,2.62601385684681e-08,2.31824246077174e-08,-5.68235607535878e-08,-0.000709883400454126,-2.62601385684681e-08,-2.31824246077174e-08,5.68235607535878e-08,0.00079809240045409,-1.68522452755451e-07,-1.48771456597799e-07,3.64660888311098e-07,-0.0128521027805755,0.42,-0.18,5.91036000044398e-07,0.420000000906295,-0.180000002161623,-0.000178993940037467,-9.06294483904446e-10,2.16162265864739e-09,0.000179584976037511,0.000179584976052808
801,16,8,-0.404891786285083,0.752648636792728,-1.74317004084589,0.06,-0.404891789394093,0.752648634048098,-1.74317003411839,0.0601596556079057,3.10900938327308e-09,2.74463041183282e-09,-6.72749633778835e-09,-0.000159655607905693,0,0,0,0,2.28896895133592e-08,2.02069954757615e-08,-4.9530342987366e-08,-0.000966925456065631,-2.28896895133592e-08,-2.02069954757615e-08,4.9530342987366e-08,0.000966925456065631,-1.46892851939876e-07,-1.29676868331948e-07,3.17857225968485e-07,-0.0042185863796781,0.42,-0.18,6.93889390390723e-17,0.420000000789973,-0.180000001884182,-0.000159655453632529,-7.89972920411941e-10,1.88418164404069e-09,0.000159655453632598,0.000159655453645671
802,16.02,9,-0.404891786285083,0.752648636792728,-1.74317004084589,0.059999408964,-0.404891788995056,0.752648634400367,-1.74317003498185,0.0601386296642325,2.70997274620655e-09,2.39236119803365e-09,-5.8640323707948e-09,-0.000139220700232513,0,0,0,-8.8209e-05,1.99518324745617e-08,1.76134581091226e-08,-4.31731984679964e-08,-0.00105129718365919,-1.99518324745617e-08,-1.76134581091226e-08,4.31731984679964e-08,0.000963088183659191,-1.2803937487058e-07,-1.13033042379086e-07,2.77060732280449e-07,-0.000320788103115258,0.42,-0.18,5.91036000072154e-07,0.420000000688581,-0.18000000164235,-0.000138629529760015,-6.88581081043083e-10,1.64234978394795e-09,0.000139220565760087,0.000139220565771477
803,16.04,9,-0.404891786285083,0.752648636792728,-1.74317004084589,0.059995342848,-0.404891788647235,0.752648634707423,-1.74317003573449,0.0601174754053181,2.36215186300015e-09,2.08530526180084e-09,-5.11139264247618e-09,-0.000122132557318085,0,0,0,-0.000345744,1.73910449771502e-08,1.53527972615409e-08,-3.76319838223876e-08,-0.0010577129457215,-1.73910449771502e-08,-1.53527972615409e-08,3.76319838223876e-08,0.000711968945721496,-1.11605713242988e-07,-9.85254190507341e-08,2.41500412200134e-07,-0.00400285075414269,0.42,-0.18,4.65715200007044e-06,0.420000000600203,-0.180000001431557,-0.00011747528810499,-6.00202720857368e-10,1.43155670651041e-09,0.000122132440105061,0.000122132440114925
804,16.06,9,-0.404891786285083,0.752648636792728,-1.74317004084589,0.059984520252,-0.404891788344057,0.752648634975069,-1.74317003639053,0.060094720006102,2.05897326965854e-09,1.81765946738466e-09,-4.45535319748558e-09,-0.000110199754102001,0,0,0,-0.000762129,1.51589307122905e-08,1.33822888805263e-08,-3.2801975578385e-08,-0.00113776996080435,-1.51589307122905e-08,-1.33822888805263e-08,3.2801975578385e-08,0.000375640960804348,-9.72812872799553e-08,-8.58798308720595e-08,2.10504191819142e-07,-0.0110812049014705,0.42,-0.18,1.54797480000635e-05,0.420000000523168,-0.180000001247819,-9.47199039330743e-05,-5.23167620336551e-10,1.24781854293765e-09,0.000110199651933138,0.000110199651941444
805,16.08,9,-0.404891786285083,0.752648636792728,-1.74317004084589,0.059963867136,-0.404891788079791,0.752648635208363,-1.74317003696237,0.0600675321249253,1.79470716066277e-09,1.58436563868491e-09,-3.8835152871286e-09,-0.000103664988925327,0,0,0,-0.001327104,1.32133049666914e-08,1.16646922630851e-08,-2.85918917420023e-08,-0.00135939405883375,-1.32133049666914e-08,-1.16646922630851e-08,2.85918917420023e-08,3.22900588337538e-05,-8.4795383267551e-08,-7.48572813932108e-08,1.83486306127185e-07,-0.019414216182019,0.42,-0.18,3.61328640000602e-05,0.42000000045602,-0.180000001087663,-6.75320358695525e-05,-4.56019777494987e-10,1.08766293194229e-09,0.000103664899869613,0.000103664899876322
806,16.1,9,-0.404891786285083,0.752648636792728,-1.74317004084589,0.0599305125,-0.404891787849443,0.752648635411714,-1.74317003746081,0.0600325785572758,1.56435919773656e-09,1.38101474700392e-09,-3.38507200048355e-09,-0.000102066057275842,0,0,0,-0.002030625,1.15173973013401e-08,1.01675466352207e-08,-2.4922165619458e-08,-0.00174767838247419,-1.15173973013401e-08,-1.01675466352207e-08,2.4922165619458e-08,-0.000282946617525806,-7.39120262531456e-08,-6.52494580040216e-08,1.59936112340805e-07,-0.0279274525167875,0.42,-0.18,6.94875000000622e-05,0.42000000039749,-0.180000000948063,-3.25784796501999e-05,-3.97490373948983e-10,9.48063016981138e-10,0.000102065979650262,0.000102065979655439
807,16.12,9,-0.404891786285083,0.752648636792728,-1.74317004084589,0.059881784064,-0.404891787648659,0.752648635588965,-1.74317003789528,0.0599864540086196,1.36357608537807e-09,1.20376364431962e-09,-2.95060309518647e-09,-0.000104669944619641,0,0,0,-0.002862864,1.00391567762772e-08,8.86255747514026e-09,-2.1723443372642e-08,-0.00230622743280993,-1.00391567762772e-08,-8.86255747514026e-09,2.1723443372642e-08,-0.000556636567190067,-6.44255269877373e-08,-5.6874785070843e-08,1.39408557934192e-07,-0.0361011330267715,0.42,-0.18,0.00011821593600006,0.420000000346473,-0.180000000826381,1.35460590427322e-05,-3.46473127965652e-10,8.26380575080776e-10,0.000104669876957328,0.000104669876961164
808,16.14,9,-0.404891786285083,0.752648636792728,-1.74317004084589,0.059815203948,-0.404891787473647,0.752648635743466,-1.74317003827399,0.0599258890067527,1.18856313680027e-09,1.04926245469983e-09,-2.57189758379184e-09,-0.000110685058752738,0,0,0,-0.003814209,8.7506462365225e-09,7.72506177372342e-09,-1.89352722139582e-08,-0.00302825009334535,-8.7506462365225e-09,-7.72506177372342e-09,1.89352722139582e-08,-0.000785958906654652,-5.61566110504231e-08,-4.95749900044856e-08,1.2151568589998e-07,-0.0437011209018669,0.42,-0.18,0.000184796052000072,0.420000000302004,-0.180000000720316,7.41110522252675e-05,-3.02003810848106e-10,7.20315862512422e-10,0.000110684999774804,0.00011068499977756
809,16.16,9,-0.404891786285083,0.752648636792728,-1.74317004084589,0.059728484352,-0.404891787321096,0.752648635878137,-1.74317003860409,0.0598478435565251,1.03601283107935e-09,9.1459118056747e-10,-2.24179852459372e-09,-0.000119359204525084,0,0,0,-0.004875264,7.62751401551406e-09,6.73356197363373e-09,-1.65049584959586e-08,-0.00390227251138267,-7.62751401551406e-09,-6.73356197363373e-09,1.65049584959586e-08,-0.000972991488617332,-4.89489972023465e-08,-4.32121214159277e-08,1.05919317459801e-07,-0.0506381657682017,0.42,-0.18,0.00027151564800007,0.420000000263242,-0.180000000627864,0.000152156494883204,-2.63242039277856e-10,6.27864399360689e-10,0.000119359153116866,0.000119359153118808
810,16.18,9,-0.404891786285083,0.752648636792728,-1.74317004084589,0.059619523236,-0.404891787188126,0.752648635995524,-1.74317003889182,0.0597495428399901,9.03042141064958e-10,7.97204746660896e-10,-1.95406713032753e-09,-0.000130019603990152,0,0,0,-0.006036849,6.64853407146715e-09,5.8693195453152e-09,-1.43865721467627e-08,-0.00491503582674668,-6.64853407146715e-09,-5.8693195453152e-09,1.43865721467627e-08,-0.00112181317325332,-4.26664673228473e-08,-3.76659162402144e-08,9.23247299025001e-08,-0.0568946112331626,0.42,-0.18,0.000380476764000062,0.420000000229455,-0.180000000547279,0.000250457204819962,-2.29455343614404e-10,5.47278972140575e-10,0.0001300195591801,0.000130019559181454
811,16.2,9,-0.404891786285083,0.752648636792728,-1.74317004084589,0.0594864,-0.404891787072221,0.752648636097844,-1.74317003914262,0.059628484278962,7.87138021429712e-10,6.94884705332299e-10,-1.70326552861866e-09,-0.000142084278961958,0,0,0,-0.00729,5.79520472501023e-09,5.11600122051093e-09,-1.25400775487127e-08,-0.00605292805140991,-5.79520472501023e-09,-5.11600122051093e-09,1.25400775487127e-08,-0.00123707194859009,-3.71902923572333e-08,-3.28315538769886e-08,8.04749981123881e-08,-0.0624865332370664,0.42,-0.18,0.000513600000000072,0.420000000200005,-0.180000000477037,0.000371515760096933,-2.00005123573987e-10,4.77036521395746e-10,0.00014208423990314,0.000142084239904081
812,16.22,9,-0.404891786285083,0.752648636792728,-1.74317004084589,0.059327371164,-0.404891786971193,0.752648636187031,-1.74317003936123,0.0594824311046389,6.86110057657174e-10,6.05697270117389e-10,-1.48465395533037e-09,-0.000155059940638934,0,0,0,-0.008625969,5.05139887786558e-09,4.45937014297117e-09,-1.0930577586465e-08,-0.00730265871615121,-5.05139887786558e-09,-4.45937014297117e-09,1.0930577586465e-08,-0.00132331028384879,-3.24169717915941e-08,-2.86176758476845e-08,7.01461561962621e-08,-0.0674444363129971,0.42,-0.18,0.000672628836000069,0.420000000174335,-0.18000000041581,0.000517568929406784,-1.7433476884321e-10,4.15809608966811e-10,0.000155059906593286,0.000155059906593941
813,16.24,9,-0.404891786285083,0.752648636792728,-1.74317004084589,0.059140866048,-0.404891786883132,0.752648636264771,-1.74317003955179,0.0593094001557907,5.98048888189595e-10,5.27956900420179e-10,-1.29410082649883e-09,-0.000168534107790712,0,0,0,-0.010036224,4.40305944203371e-09,3.88701662601749e-09,-9.52765446253976e-09,-0.00865154744241112,-4.40305944203371e-09,-3.88701662601749e-09,9.52765446253976e-09,-0.00138467655758887,-2.82563000217146e-08,-2.49446424783319e-08,6.11430066009117e-08,-0.071803628739468,0.42,-0.18,0.00085913395200006,0.420000000151959,-0.180000000362441,0.000690599873885298,-1.51959056449158e-10,3.62441077150777e-10,0.000168534078114763,0.000168534078115221
814,16.26,9,-0.404891786285083,0.752648636792728,-1.74317004084589,0.058925482452,-0.404891786806374,0.752648636332534,-1.74317003971788,0.0591076477554467,5.2129023320191e-10,4.60194438112183e-10,-1.12800502272137e-09,-0.000182165303446669,0,0,0,-0.011512449,3.83793344159933e-09,3.38812377645077e-09,-8.30479433052133e-09,-0.0100876200172007,-3.83793344159933e-09,-3.38812377645077e-09,8.30479433052133e-09,-0.00142482898279929,-2.46296455117955e-08,-2.17430317177972e-08,5.32953843382898e-08,-0.0755996109939271,0.42,-0.18,0.00107451754800007,0.420000000132455,-0.180000000315922,0.000892352270420435,-1.32455379997509e-10,3.15922343840924e-10,0.000182165277579638,0.00018216527757996
815,16.28,9,-0.404891786285083,0.752648636792728,-1.74317004084589,0.058679982336,-0.404891786739467,0.752648636391599,-1.74317003986266,0.0588756555107051,4.54383419778992e-10,4.01129129912192e-10,-9.83227277373544e-10,-0.000195673174705084,0,0,0,-0.013046544,3.34534053136343e-09,2.95326314209484e-09,-7.23888664375556e-09,-0.0115996122370792,-3.34534053136343e-09,-2.95326314209484e-09,7.23888664375556e-09,-0.00144693176292078,-2.14684686493693e-08,-1.89523498506776e-08,4.64550051377567e-08,-0.0788660316039784,0.42,-0.18,0.00132001766400007,0.420000000115455,-0.180000000275374,0.00112434451184205,-1.15454978910634e-10,2.75374167912901e-10,0.000195673152158016,0.000195673152158244
816,16.3,9,-0.404891786285083,0.752648636792728,-1.74317004084589,0.0584032875,-0.404891786681147,0.752648636443084,-1.74317003998886,0.0586121168533219,3.96064014918096e-10,3.4964475759125e-10,-8.57031556833476e-10,-0.000208829353321914,0,0,0,-0.014630625,2.91597115837605e-09,2.5742161450813e-09,-6.30978654100044e-09,-0.0131769328691588,-2.91597115837605e-09,-2.5742161450813e-09,6.30978654100044e-09,-0.00145369213084125,-1.87130216757114e-08,-1.65198471425009e-08,4.04925751366612e-08,-0.08163393291465,0.42,-0.18,0.00159671250000007,0.420000000100636,-0.18000000024003,0.00138788316633139,-1.00636388111752e-10,2.4003027343511e-10,0.000208829333668684,0.000208829333668846
817,16.32,9,-0.404891786285083,0.752648636792728,-1.74317004084589,0.058094475264,-0.404891786630313,0.75264863648796,-1.74317004009885,0.0583159246227729,3.45229789200374e-10,3.04768321690574e-10,-7.47032879999665e-10,-0.000221449358772892,0,0,0,-0.016257024,2.54171072486183e-09,2.24381920223128e-09,-5.49993503826724e-09,-0.0148096115274517,-2.54171072486183e-09,-2.24381920223128e-09,5.49993503826724e-09,-0.00144741247254828,-1.63112355771992e-08,-1.43995518755683e-08,3.52954127653782e-08,-0.0839316235508387,0.42,-0.18,0.00190552473600007,0.42000000008772,-0.180000000209223,0.00168407539435797,-8.77200534432632e-11,2.09222805747089e-10,0.000221449341642102,0.000221449341642218
818,16.34,9,-0.404891786285083,0.752648636792728,-1.74317004084589,0.057752774148,-0.404891786586003,0.752648636527077,-1.74317004019473,0.0579861597428035,3.00920066642618e-10,2.65651722841653e-10,-6.51152243236197e-10,-0.000233385594803522,0,0,0,-0.017918289,2.21548601331785e-09,1.95582816471992e-09,-4.79402678295969e-09,-0.0164882439984685,-2.21548601331785e-09,-1.95582816471992e-09,4.79402678295969e-09,-0.00143004500153155,-1.42177136020952e-08,-1.25513910102332e-08,3.0765311335574e-08,-0.0857848366243735,0.42,-0.18,0.00224722585200006,0.420000000076461,-0.180000000182369,0.0020138402721286,-7.64612262393882e-11,1.82369341850119e-10,0.000233385579871459,0.000233385579871543
819,16.36,9,-0.404891786285083,0.752648636792728,-1.74317004084589,0.057377559552,-0.404891786547381,0.752648636561173,-1.74317004027831,0.0576220809281844,2.62297406017353e-10,2.3155566353239e-10,-5.67577762566884e-10,-0.000244521376184414,0,0,0,-0.019607184,1.93113174127595e-09,1.70480034451527e-09,-4.17872055624822e-09,-0.0182039407309559,-1.93113174127595e-09,-1.70480034451527e-09,4.17872055624822e-09,-0.0014032432690441,-1.23928942237838e-08,-1.09404405370663e-08,2.6816634868276e-08,-0.0872170012653802,0.42,-0.18,0.00262244044800007,0.420000000066648,-0.180000000158963,0.00237791908483122,-6.66475208355166e-11,1.58962509821947e-10,0.000244521363168854,0.000244521363168914
820,16.38,9,-0.404891786285083,0.752648636792728,-1.74317004084589,0.056968349436,-0.404891786513715,0.752648636590892,-1.74317004035116,0.0572231153130592,2.28631946708191e-10,2.01835881341594e-10,-4.94730034716895e-10,-0.000254765877059158,0,0,0,-0.021316689,1.68327385680028e-09,1.48599153377394e-09,-3.64238785888271e-09,-0.0199482807562635,-1.68327385680028e-09,-1.48599153377394e-09,3.64238785888271e-09,-0.00136840824373654,-1.08022824651866e-08,-9.53624254131946e-09,2.33747537059648e-08,-0.0882495427282182,0.42,-0.18,0.00303165056400007,0.420000000058093,-0.18000000013856,0.00277688469828589,-5.80934189642335e-11,1.38559913542835e-10,0.000254765865714171,0.000254765865714215
821,16.4,9,-0.404891786285083,0.752648636792728,-1.74317004084589,0.0565248,-0.404891786484371,0.752648636616798,-1.74317004041465,0.0567888498808426,1.99287364388567e-10,1.75930492396503e-10,-4.31232161091089e-10,-0.000264049880842609,0,0,0,-0.02304,1.46722820749656e-09,1.29526668294756e-09,-3.17489278476343e-09,-0.0217132716108278,-1.46722820749656e-09,-1.29526668294756e-09,3.17489278476343e-09,-0.00132672838917222,-9.41582771107442e-09,-8.31228441930087e-09,2.03746395861597e-08,-0.0889021715419736,0.42,-0.18,0.00347520000000007,0.420000000050637,-0.180000000120776,0.00321115012904638,-5.06371611308509e-11,1.20775917045179e-10,0.000264049870953686,0.000264049870953719
822,16.42,9,-0.404891786285083,0.752648636792728,-1.74317004084589,0.056046701364,-0.404891786458793,0.752648636639378,-1.74317004047,0.0563190235800092,1.73709158168833e-10,1.53350110387862e-10,-3.75884212644451e-10,-0.000272322216009181,0,0,0,-0.024770529,1.27891165327504e-09,1.12902099456152e-09,-2.76739999304017e-09,-0.0234913150416675,-1.27891165327504e-09,-1.12902099456152e-09,2.76739999304017e-09,-0.00127921395833246,-8.20731724861747e-09,-7.24540885244412e-09,1.77595785963583e-08,-0.0891931451711084,0.42,-0.18,0.00395329863600007,0.420000000044138,-0.180000000105275,0.00368097642861054,-4.41380265669977e-11,1.05274566841729e-10,0.000272322207389528,0.000272322207389552
823,16.44,9,-0.404891786285083,0.752648636792728,-1.74317004084589,0.055533973248,-0.404891786436497,0.75264863665906,-1.74317004051825,0.0558135200211074,1.51413825921765e-10,1.33667854562702e-10,-3.27640137243179e-10,-0.000279546773107403,0,0,0,-0.026501904,1.11476530830269e-09,9.84112817512637e-10,-2.41220842111301e-09,-0.0252751779450897,-1.11476530830269e-09,-9.84112817512637e-10,2.41220842111301e-09,-0.00122672605491033,-7.15392357387742e-09,-6.31547089398251e-09,1.54801546979423e-08,-0.0891394970665404,0.42,-0.18,0.00446602675200007,0.420000000038473,-0.180000000091763,0.00418647998640607,-3.84729470503942e-11,9.1762764053982e-11,0.000279546765593996,0.000279546765594014
824,16.46,9,-0.404891786285083,0.752648636792728,-1.74317004084589,0.054986660652,-0.404891786417063,0.752648636676217,-1.7431700405603,0.055272360663379,1.31980093520667e-10,1.16511800207775e-10,-2.85587997694847e-10,-0.000285700011379009,0,0,0,-0.028227969,9.71686836825148e-10,8.5780339963299e-10,-2.10260532715417e-09,-0.0270579678864204,-9.71686836825148e-10,-8.5780339963299e-10,2.10260532715417e-09,-0.00117000111357957,-6.23572738443625e-09,-5.50488797188232e-09,1.34933067735987e-08,-0.0887572334105138,0.42,-0.18,0.00501333934800006,0.420000000033535,-0.180000000079985,0.00472763934317005,-3.35350081037689e-11,7.99851296306997e-11,0.000285700004830011,0.000285700004830024
825,16.48,9,-0.404891786285083,0.752648636792728,-1.74317004084589,0.054404929536,-0.404891786400124,0.752648636691171,-1.74317004059695,0.0546956984122864,1.15040643677844e-10,1.01557651177586e-10,-2.48933318403033e-10,-0.000290768876286401,0,0,0,-0.029942784,8.46972289136426e-10,7.47705640195346e-10,-1.8327391916822e-09,-0.0288331125546307,-8.46972289136426e-10,-7.47705640195346e-10,1.8327391916822e-09,-0.00110967144536933,-5.43538141494413e-09,-4.79834768614829e-09,1.17614519933408e-08,-0.088061500222476,0.42,-0.18,0.00559507046400007,0.420000000029231,-0.180000000069719,0.0053043015934221,-2.92308954819021e-11,6.9719174877747e-11,0.000290768870577968,0.000290768870577977
826,16.5,9,-0.404891786285083,0.752648636792728,-1.74317004084589,0.0537890625,-0.404891786385359,0.752648636704205,-1.7431700406289,0.0540838115611048,1.00275343584144e-10,8.85228557123696e-11,-2.16983098155765e-10,-0.000294749061104813,0,0,0,-0.031640625,7.38264660837546e-10,6.51738686472382e-10,-1.59751015181539e-09,-0.0305943425590802,-7.38264660837546e-10,-6.51738686472382e-10,1.59751015181539e-09,-0.00104628244091984,-4.7377588583365e-09,-4.18248815821067e-09,1.02518932207313e-08,-0.0870667243222989,0.42,-0.18,0.00621093750000007,0.420000000025479,-0.180000000060771,0.005916188443871,-2.54791188147863e-11,6.07708050548439e-11,0.000294749056129071,0.000294749056129078
827,16.52,9,-0.404891786285083,0.752648636792728,-1.74317004084589,0.053139454464,-0.404891786372489,0.752648636715567,-1.74317004065675,0.0534370980201943,8.74051386823282e-11,7.71610553229607e-11,-1.89133597672253e-10,-0.000297643556194306,0,0,0,-0.033315984,6.43509483670818e-10,5.6808892330817e-10,-1.39247228740077e-09,-0.0323356770455261,-6.43509483670818e-10,-5.6808892330817e-10,1.39247228740077e-09,-0.000980306954473896,-4.12967580518353e-09,-3.64567293386733e-09,8.93608598079011e-09,-0.0857867317393531,0.42,-0.18,0.00686054553600007,0.420000000022209,-0.180000000052971,0.00656290198414289,-2.22089013846016e-11,5.29709609509155e-11,0.000297643551857185,0.000297643551857191
828,16.54,9,-0.404891786285083,0.752648636792728,-1.74317004084589,0.052456608348,-0.40489178636127,0.752648636725471,-1.74317004068103,0.0527560697865881,7.61868346188521e-11,6.72575328763969e-11,-1.64858571238824e-10,-0.000299461438588063,0,0,0,-0.034963569,5.60915967567149e-10,4.95175464630825e-10,-1.21375056778497e-09,-0.0340514116803131,-5.60915967567149e-10,-4.95175464630825e-10,1.21375056778497e-09,-0.000912157319686871,-3.59963588945777e-09,-3.17775600497681e-09,7.78915423181704e-09,-0.0842348469144927,0.42,-0.18,0.00754339165200007,0.420000000019358,-0.180000000046172,0.00724393021719248,-1.93584037688765e-11,4.61722049482916e-11,0.000299461434807587,0.000299461434807591
829,16.56,9,-0.404891786285083,0.752648636792728,-1.74317004084589,0.051741130752,-0.404891786351492,0.752648636734103,-1.74317004070219,0.052041347614216,6.64083787960124e-11,5.86251047707265e-11,-1.43699274701703e-10,-0.000300216862216013,0,0,0,-0.036578304,4.88923249777995e-10,4.3162034453129e-10,-1.05796748314863e-09,-0.0357361086186029,-4.88923249777995e-10,-4.3162034453129e-10,1.05796748314863e-09,-0.000842195381397057,-3.13762711595867e-09,-2.76989641355316e-09,6.78942219280239e-09,-0.0824239756734561,0.42,-0.18,0.00825886924800006,0.420000000016874,-0.180000000040246,0.00795865238907936,-1.68737801509167e-11,4.0246084243023e-11,0.000300216858920704,0.000300216858920708
830,16.58,9,-0.404891786285083,0.752648636792728,-1.74317004084589,0.050993727636,-0.404891786342968,0.752648636741628,-1.74317004072063,0.0512936558515746,5.78849745913601e-11,5.11006792436319e-11,-1.25255583682815e-10,-0.000299928215574591,0,0,0,-0.038155329,4.26170707458823e-10,3.76222416260228e-10,-9.22179039292589e-10,-0.037384588132072,-4.26170707458823e-10,-3.76222416260228e-10,9.22179039292589e-10,-0.000770740867927965,-2.73491669004045e-09,-2.41438040084137e-09,5.91802241757028e-09,-0.0803666745546028,0.42,-0.18,0.00900627236400006,0.420000000014708,-0.180000000035081,0.00870634415129772,-1.47080680967804e-11,3.50805495763495e-11,0.000299928212702347,0.000299928212702349
831,16.6,9,-0.404891786285083,0.752648636792728,-1.74317004084589,0.0502152,-0.404891786335539,0.752648636748186,-1.74317004073671,0.0505138174191112,5.04555286440223e-11,4.45420367256588e-11,-1.09179110197033e-10,-0.000298617419111177,0,0,0,-0.03969,3.71472373658006e-10,3.27934808243393e-10,-8.03818590941165e-10,-0.0389919216231643,-3.71472373658006e-10,-3.27934808243393e-10,8.03818590941165e-10,-0.000698078376835658,-2.38389460875789e-09,-2.10449249230198e-09,5.15846079912001e-09,-0.0780752086971892,0.42,-0.18,0.00978480000000006,0.42000000001282,-0.180000000030578,0.00948618258339249,-1.28201893545565e-11,3.05780123444066e-11,0.000298617416607569,0.000298617416607571
832,16.62,9,-0.404891786285083,0.752648636792728,-1.74317004084589,0.049406439564,-0.404891786329063,0.752648636753903,-1.74317004075072,0.049702748903169,4.39796532525349e-11,3.88251653049565e-11,-9.51660972248192e-11,-0.000296309339169042,0,0,0,-0.041177889,3.23794481482849e-10,2.85844958397354e-10,-7.00649374958767e-10,-0.0405534257971081,-3.23794481482849e-10,-2.85844958397354e-10,7.00649374958767e-10,-0.00062446320289191,-2.07792430440348e-09,-1.83438263745144e-09,4.49637777669343e-09,-0.0755616001581056,0.42,-0.18,0.0105935604360001,0.420000000011175,-0.180000000026653,0.0102972510990133,-1.11747278097596e-11,2.66533461967811e-11,0.000296309336986732,0.000296309336986733
833,16.64,9,-0.404891786285083,0.752648636792728,-1.74317004084589,0.048568424448,-0.404891786323418,0.752648636758886,-1.74317004076294,0.0488614557471636,3.83349463284333e-11,3.38420402812289e-11,-8.29516455524981e-11,-0.000293031299163658,0,0,0,-0.042614784,2.8223599539478e-10,2.49157305648326e-10,-6.10721819424901e-10,-0.0420646578002702,-2.8223599539478e-10,-2.49157305648326e-10,6.10721819424901e-10,-0.000550126199729821,-1.81122527505228e-09,-1.59894208484363e-09,3.9192718332482e-09,-0.072837668228512,0.42,-0.18,0.0114315755520001,0.42000000000974,-0.180000000023232,0.0111385442547386,-9.74043068424635e-12,2.32324159910036e-11,0.000293031297261499,0.0002930312972615
834,16.66,9,-0.404891786285083,0.752648636792728,-1.74317004084589,0.047702214852,-0.404891786318498,0.75264863676323,-1.74317004077358,0.0479910275238669,3.34147154390507e-11,2.94985147419879e-11,-7.23048287909478e-11,-0.00028881267186686,0,0,0,-0.043996689,2.46011489893735e-10,2.17178463951454e-10,-5.32336382759938e-10,-0.0435214111648404,-2.46011489893735e-10,-2.17178463951454e-10,5.32336382759938e-10,-0.000475277835159618,-1.57875825396963e-09,-1.39371780483029e-09,3.41624477610399e-09,-0.0699150630703739,0.42,-0.18,0.0122977851480001,0.42000000000849,-0.180000000020251,0.0120089724777912,-8.49031955851842e-12,2.02506067470409e-11,0.000288812670208902,0.000288812670208902
835,16.68,9,-0.404891786285083,0.752648636792728,-1.74317004084589,0.046808948736,-0.404891786314209,0.752648636767016,-1.74317004078286,0.0470926332753419,2.9125979406075e-11,2.57124321834112e-11,-6.3024696572711e-11,-0.000283684539341918,0,0,0,-0.045319824,2.14436324814343e-10,1.89304107854849e-10,-4.6401148723786e-10,-0.0449197124262478,-2.14436324814343e-10,-1.89304107854849e-10,4.6401148723786e-10,-0.000400111573752179,-1.37612855567937e-09,-1.21483893875586e-09,2.9777600874861e-09,-0.0668052937760769,0.42,-0.18,0.0131910512640001,0.420000000007401,-0.180000000017651,0.0129073667261033,-7.4005801486976e-12,1.76514358685154e-11,0.00028368453789681,0.00028368453789681
836,16.7,9,-0.404891786285083,0.752648636792728,-1.74317004084589,0.0458898375,-0.404891786310471,0.752648636770316,-1.74317004079095,0.0461675169093066,2.53876919487084e-11,2.2412294242713e-11,-5.49356116152921e-11,-0.000277679409306557,0,0,0,-0.046580625,1.86913753700757e-10,1.65007329079732e-10,-4.04456285488139e-10,-0.0462558183017693,-1.86913753700757e-10,-1.65007329079732e-10,4.04456285488139e-10,-0.000324806698230665,-1.19950587914429e-09,-1.05891715732335e-09,2.59556454823357e-09,-0.0635197517745437,0.42,-0.18,0.0141101625000001,0.420000000006451,-0.180000000015386,0.0138324830919532,-6.45072883997955e-12,1.5385859253314e-11,0.000277679408046898,0.000277679408046898
837,16.72,9,-0.404891786285083,0.752648636792728,-1.74317004084589,0.044946161664,-0.404891786307213,0.752648636773193,-1.743170040798,0.0452169926425614,2.21292428825848e-11,1.95357063859092e-11,-4.78848072305027e-11,-0.000270830978561371,0,0,0,-0.047775744,1.62923636117871e-10,1.43828985933266e-10,-3.52544994523469e-10,-0.0475262133372602,-1.62923636117871e-10,-1.43828985933266e-10,3.52544994523469e-10,-0.000249530662739812,-1.04554843409895e-09,-9.23009080074399e-10,2.26241916741911e-09,-0.0600697303547434,0.42,-0.18,0.0150538383360001,0.420000000005623,-0.180000000013411,0.0147830073585367,-5.62283553051657e-12,1.34111610705645e-11,0.00027083097746336,0.00027083097746336
838,16.74,9,-0.404891786285083,0.752648636792728,-1.74317004084589,0.043979266548,-0.404891786304372,0.7526486367757,-1.74317004080415,0.0442424404836743,1.92890148298375e-11,1.70283787070957e-11,-4.17388346107828e-11,-0.000263173935674293,0,0,0,-0.048902049,1.42012667435893e-10,1.25368804331778e-10,-3.07296611175088e-10,-0.048727607944355,-1.42012667435893e-10,-1.25368804331778e-10,3.07296611175088e-10,-0.000174441055644965,-9.11351865734108e-10,-8.04538215925993e-10,1.97204876242348e-09,-0.0564664409502205,0.42,-0.18,0.0160207334520001,0.420000000004901,-0.18000000001169,0.0157575595172828,-4.90107954220775e-12,1.16898712931857e-11,0.000263173934717226,0.000263173934717226
839,16.76,9,-0.404891786285083,0.752648636792728,-1.74317004084589,0.042990557952,-0.404891786301897,0.752648636777886,-1.7431700408095,0.0432453017484069,1.68133285072258e-11,1.48427936608186e-11,-3.63817864723615e-11,-0.000254743796406949,0,0,0,-0.049956624,1.23785630121208e-10,1.09278040013256e-10,-2.67855635926612e-10,-0.0498569367633596,-1.23785630121208e-10,-1.09278040013256e-10,2.67855635926612e-10,-9.9687236640375e-05,-7.94379751701571e-10,-7.01281434183254e-10,1.71893407129609e-09,-0.0527210267216925,0.42,-0.18,0.0170094420480001,0.420000000004272,-0.180000000010189,0.0167546982524273,-4.27202717645514e-12,1.0189460386556e-11,0.000254743795572727,0.000254743795572728
840,16.78,9,-0.404891786285083,0.752648636792728,-1.74317004084589,0.041981497836,-0.404891786299739,0.752648636779791,-1.74317004081417,0.0422270746024511,1.46553880142619e-11,1.29377619728643e-11,-3.1712188430788e-11,-0.000245576766451094,0,0,0,-0.050936769,1.07898035087177e-10,9.52524113295911e-11,-2.33476954500691e-10,-0.0509113572977934,-1.07898035087177e-10,-9.52524113295911e-11,2.33476954500691e-10,-2.54117022065597e-05,-6.92421900317341e-10,-6.11272029305389e-10,1.49832024693501e-09,-0.0488445738861982,0.42,-0.18,0.0180185021640001,0.420000000003724,-0.180000000008882,0.0177729253982761,-3.72374353574401e-12,8.88172868585002e-12,0.000245576765723954,0.000245576765723954
841,16.8,9,-0.404891786285083,0.752648636792728,-1.74317004084589,0.0409536,-0.404891786297858,0.752648636781451,-1.74317004081824,0.0411893096269408,1.27743926547907e-11,1.12772013949325e-11,-2.76418887779073e-11,-0.000235709626940771,0,0,0,-0.05184,9.40495970808301e-11,8.30269707434836e-11,-2.03510549561991e-10,-0.0518882487755174,-9.40495970808301e-11,-8.30269707434836e-11,2.03510549561991e-10,4.82487755173872e-05,-6.03552676137528e-10,-5.32819275376423e-10,1.3060221134491e-09,-0.0448481211659042,0.42,-0.18,0.0190464000000001,0.420000000003246,-0.180000000007742,0.0188106903736931,-3.24579252364288e-12,7.74175168416491e-12,0.000235709626307,0.000235709626307
842,16.82,9,-0.404891786285083,0.752648636792728,-1.74317004084589,0.039908425764,-0.404891786296218,0.752648636782899,-1.74317004082179,0.0401336054029641,1.11348152920243e-11,9.82980363772867e-12,-2.40940600804151e-11,-0.000225179638964075,0,0,0,-0.052664049,8.19785435580798e-11,7.23705852359554e-11,-1.7739010729301e-10,-0.0527852111988355,-8.19785435580798e-11,-7.23705852359554e-11,1.7739010729301e-10,0.000121162198835428,-5.26089341959165e-10,-4.6443134094624e-10,1.13839613781868e-09,-0.0407426676695667,0.42,-0.18,0.0200915742360001,0.420000000002829,-0.180000000006748,0.0198663945975884,-2.82918133365229e-12,6.7481020771254e-12,0.000225179638411684,0.000225179638411684
843,16.84,9,-0.404891786285083,0.752648636792728,-1.74317004084589,0.038847579648,-0.404891786294789,0.75264863678416,-1.74317004082489,0.0390616041119196,9.70568070357558e-12,8.56814619254465e-12,-2.10016448676242e-11,-0.000214024463919556,0,0,0,-0.053406864,7.14567567188967e-11,6.30819584170308e-11,-1.54622184536637e-10,-0.0536000645522268,-7.14567567188967e-11,-6.30819584170308e-11,1.54622184536637e-10,0.00019320055222679,-4.58567064020377e-10,-4.04824549086151e-10,9.92279203970311e-10,-0.0365391794658828,0.42,-0.18,0.0211524203520001,0.420000000002466,-0.180000000005882,0.020938395888562,-2.4660273822974e-12,5.88198934003969e-12,0.000214024463438052,0.000214024463438052
844,16.86,9,-0.404891786285083,0.752648636792728,-1.74317004084589,0.037772705052,-0.404891786293543,0.75264863678526,-1.74317004082758,0.0379749871490887,8.45995495879492e-12,7.46847028665343e-12,-1.83060233638344e-11,-0.000202282097088703,0,0,0,-0.054066609,6.22854154384894e-11,5.49854674353079e-11,-1.34776600457231e-10,-0.0543308481415444,-6.22854154384894e-11,-5.49854674353079e-11,1.34776600457231e-10,0.000264239141544415,-3.99712812890296e-10,-3.52862320040816e-10,8.64929672761183e-10,-0.0322485950661422,0.42,-0.18,0.0222272949480001,0.42000000000215,-0.180000000005127,0.0220250128513311,-2.149558309128e-12,5.12700992771897e-12,0.000202282096668983,0.000202282096668983
845,16.88,9,-0.404891786285083,0.752648636792728,-1.74317004084589,0.036685479936,-0.404891786292458,0.752648636786218,-1.74317004082993,0.0368754707482314,7.37415684071152e-12,6.50990372719207e-12,-1.59565693991226e-11,-0.000189990812231387,0,0,0,-0.054641664,5.42911591806837e-11,4.79282210344918e-11,-1.17478007002008e-10,-0.0549758200428672,-5.42911591806837e-11,-4.79282210344918e-11,1.17478007002008e-10,0.000334156042867274,-3.48407499542521e-10,-3.07574047970628e-10,7.53903200127893e-10,-0.0278818299970682,0.42,-0.18,0.0233145200640001,0.420000000001874,-0.180000000004469,0.0231245292521345,-1.87361237635741e-12,4.46898074102364e-12,0.000189990811865569,0.000189990811865569
846,16.9,9,-0.404891786285083,0.752648636792728,-1.74317004084589,0.0355876125,-0.404891786291511,0.752648636787054,-1.74317004083198,0.0357648016153752,6.42769171221858e-12,5.67434987885918e-12,-1.3908652007899e-11,-0.000177189115375238,0,0,0,-0.055130625,4.73230091898334e-11,4.17767400750793e-11,-1.0239994299945e-10,-0.0555334566428086,-4.73230091898334e-11,-4.17767400750793e-11,1.0239994299945e-10,0.000402831642808618,-3.0369101257481e-10,-2.68099813615669e-10,6.57133659199098e-10,-0.0234497806149054,0.42,-0.18,0.0244123875000001,0.420000000001633,-0.180000000003895,0.0242351983849437,-1.63319358037484e-12,3.89543952650229e-12,0.000177189115056382,0.000177189115056382
847,16.92,9,-0.404891786285083,0.752648636792728,-1.74317004084589,0.034480836864,-0.404891786290686,0.752648636787782,-1.74317004083376,0.0346447525702729,5.60268498261962e-12,4.94604357470507e-12,-1.21234133843018e-11,-0.000163915706272916,0,0,0,-0.055532304,4.12491889383362e-11,3.64147438027651e-11,-8.92572698154661e-11,-0.0560024522551068,-4.12491889383362e-11,-3.64147438027651e-11,8.92572698154661e-11,0.000470148255106752,-2.64715280504763e-10,-2.33690518584795e-10,5.72804057879143e-10,-0.0189633272865024,0.42,-0.18,0.0255191631360001,0.420000000001424,-0.180000000003395,0.025355247430005,-1.42358347332561e-12,3.39542283178673e-12,0.000163915705995027,0.000163915705995027
848,16.94,9,-0.404891786285083,0.752648636792728,-1.74317004084589,0.033366908748,-0.404891786289967,0.752648636788417,-1.74317004083532,0.0335171181942562,4.88359352956991e-12,4.31121804922441e-12,-1.05673247929872e-11,-0.000150209446256211,0,0,0,-0.055845729,3.59548833282411e-11,3.17409334310693e-11,-7.78011886578835e-11,-0.0563817188008368,-3.59548833282411e-11,-3.17409334310693e-11,7.78011886578835e-11,0.000535989800836814,-2.30738313607831e-10,-2.03696863698945e-10,4.99291293858953e-10,-0.0144333370427865,0.42,-0.18,0.0266330912520001,0.420000000001241,-0.18000000000296,0.0264828818059861,-1.24078525232107e-12,2.95963253904574e-12,0.00015020944601396,0.00015020944601396
849,16.96,9,-0.404891786285083,0.752648636792728,-1.74317004084589,0.032247601152,-0.40489178628934,0.75264863678897,-1.74317004083668,0.0323837104834224,4.25681712101778e-12,3.75788289375123e-12,-9.21107634610507e-12,-0.000136109331422378,0,0,0,-0.056070144,3.13401170560846e-11,2.76669961570905e-11,-6.78153627807046e-11,-0.0566703855416925,-3.13401170560846e-11,-2.76669961570905e-11,6.78153627807046e-11,0.000600241541692519,-2.01120629019914e-10,-1.77551633766687e-10,4.35199621003585e-10,-0.00987066579139556,0.42,-0.18,0.0277523988480001,0.420000000001082,-0.18000000000258,0.0276162895167887,-1.08157927058983e-12,2.57979748674586e-12,0.000136109331211325,0.000136109331211325
850,16.98,9,-0.404891786285083,0.752648636792728,-1.74317004084589,0.031124700036,-0.404891786288794,0.752648636789453,-1.74317004083786,0.031246354506272,3.71047637059974e-12,3.27560201185406e-12,-8.02891086948421e-12,-0.000121654470271983,0,0,0,-0.056205009,2.73177044756864e-11,2.41159634817568e-11,-5.91113703606331e-11,-0.0568677988575204,-2.73177044756864e-11,-2.41159634817568e-11,5.91113703606331e-11,0.000662789857520461,-1.75306452453754e-10,-1.5475906844973e-10,3.79336320264241e-10,-0.00528616016273582,0.42,-0.18,0.028875299964,0.420000000000943,-0.180000000002249,0.0287536454939121,-9.42745881360452e-13,2.24864571407579e-12,0.000121654470087953,0.000121654470087954
851,17,9,-0.404891786285083,0.752648636792728,-1.74317004084589,0.03,-0.404891786288318,0.752648636789873,-1.74317004083889,0.0301068840650565,3.23424620418677e-12,2.85516055242852e-12,-6.99840185802714e-12,-0.000106884065056521,0,0,0,-0.05625,2.38115754266114e-11,2.10207821127623e-11,-5.15246439553484e-11,-0.0569735220607752,-2.38115754266114e-11,-2.10207821127623e-11,5.15246439553484e-11,0.000723522060775167,-1.5280688811355e-10,-1.34899587012394e-10,3.30652693304255e-10,-0.000690659049373391,0.42,-0.18,0.0300000000000001,0.420000000000822,-0.18000000000196,0.029893115935104,-8.2173157167631e-13,1.96004323882448e-12,0.000106884064896104,0.000106884064896104
852,17.02,9,-0.404891786285083,0.752648636792728,-1.74317004084589,0.028875299964,-0.404891786287903,0.75264863679024,-1.74317004083979,0.0289671373602213,2.81913381527943e-12,2.48867593199975e-12,-6.10023143110539e-12,-9.18373962213101e-05,0,0,0,-0.056205009,2.07554376643404e-11,1.83227903725145e-11,-4.49115900892635e-11,-0.0569873352417626,-2.07554376643404e-11,-1.83227903725145e-11,4.49115900892635e-11,0.000782326241762665,-1.33195371758866e-10,-1.17588214250314e-10,2.88208658674731e-10,0.00390500510997785,0.42,-0.18,0.0311247000360001,0.420000000000716,-0.180000000001708,0.0310328626399185,-7.16315895488151e-13,1.70846670144442e-12,9.183739608154e-05,9.183739608154e-05
853,17.04,9,-0.404891786285083,0.752648636792728,-1.74317004084589,0.027752398848,-0.404891786287541,0.752648636790559,-1.74317004084057,0.0278289526574301,2.45731213155409e-12,2.16926476781509e-12,-5.31730215413972e-12,-7.65538094300577e-05,0,0,0,-0.056070144,1.80915302291632e-11,1.59710260875082e-11,-3.9147416915769e-11,-0.0569092351395631,-1.80915302291632e-11,-1.59710260875082e-11,3.9147416915769e-11,0.000839091139563111,-1.16099391427855e-10,-1.02494044968655e-10,2.51218122901407e-10,0.0084900052594758,0.42,-0.18,0.0322476011520001,0.420000000000624,-0.180000000001489,0.0321710473426919,-6.24389429049188e-13,1.48919765408095e-12,7.65538093082108e-05,7.65538093082108e-05
854,17.06,9,-0.404891786285083,0.752648636792728,-1.74317004084589,0.026633091252,-0.404891786287225,0.752648636790837,-1.74317004084125,0.0266941639567426,2.14189777025808e-12,1.8908208332391e-12,-4.63473703860018e-12,-6.10727047426173e-05,0,0,0,-0.055845729,1.57695424006061e-11,1.39211451881352e-11,-3.41230544577409e-11,-0.0567394350343736,-1.57695424006061e-11,-1.39211451881352e-11,3.41230544577409e-11,0.000893706034373561,-1.01201070986314e-10,-8.9340820438793e-11,2.18987385294801e-10,0.0130535188329067,0.42,-0.18,0.0333669087480001,0.420000000000544,-0.180000000001298,0.0333058360433637,-5.44120304368789e-13,1.2980172492405e-12,6.10727046363654e-05,6.10727046363655e-05
855,17.08,9,-0.404891786285083,0.752648636792728,-1.74317004084589,0.025519163136,-0.40489178628695,0.75264863679108,-1.74317004084185,0.0255645966635883,1.86700654936089e-12,1.64812608005604e-12,-4.03987954200602e-12,-4.5433527588349e-05,0,0,0,-0.055532304,1.37455209808799e-11,1.21343287793593e-11,-2.9743306751845e-11,-0.0564783646577154,-1.37455209808799e-11,-1.21343287793593e-11,2.9743306751845e-11,0.000946060657715478,-8.82097646815084e-11,-7.78739675815824e-11,1.90878180836298e-10,0.017584727008717,0.42,-0.18,0.0344808368640001,0.420000000000474,-0.180000000001131,0.0344354033365043,-4.74342787271098e-13,1.13145603997111e-12,4.54335274957599e-05,4.54335274957599e-05
856,17.1,9,-0.404891786285083,0.752648636792728,-1.74317004084589,0.0244123875,-0.404891786286711,0.752648636791292,-1.74317004084237,0.0244420632612373,1.62736490949555e-12,1.43662859386495e-12,-3.52140538950607e-12,-2.96757612373334e-05,0,0,0,-0.055130625,1.19813256872494e-11,1.05768494277275e-11,-2.59257431351185e-11,-0.056126670117541,-1.19813256872494e-11,-1.05768494277275e-11,2.59257431351185e-11,0.000996045117541082,-7.68900227954335e-11,-6.78741291680538e-11,1.66374323751762e-10,0.0220728140886329,0.42,-0.18,0.0355876125000001,0.420000000000413,-0.180000000000986,0.0355579367388435,-4.13447054370408e-13,9.86238868350142e-13,2.96757611566167e-05,2.96757611566168e-05
857,17.12,9,-0.404891786285083,0.752648636792728,-1.74317004084589,0.023314520064,-0.404891786286502,0.752648636791476,-1.74317004084282,0.023328358984522,1.41847644741233e-12,1.25222054947471e-12,-3.06954461848363e-12,-1.38389205219767e-05,0,0,0,-0.054641664,1.04435252313408e-11,9.21936684436641e-12,-2.25982566600833e-11,-0.0556852138357684,-1.04435252313408e-11,-9.21936684436641e-12,2.25982566600833e-11,0.00104354983576838,-6.70228598855831e-11,-5.91652819398567e-11,1.45010671353302e-10,0.0265069669792073,0.42,-0.18,0.0366854799360001,0.42000000000036,-0.18000000000086,0.0366716410155484,-3.60433904944557e-13,8.59617932391643e-13,1.38389204516406e-05,1.38389204516407e-05
858,17.14,9,-0.404891786285083,0.752648636792728,-1.74317004084589,0.022227294948,-0.40489178628632,0.752648636791637,-1.74317004084321,0.0222252574945983,1.23639987137381e-12,1.09146025550899e-12,-2.67563748934663e-12,2.03745340167372e-06,0,0,0,-0.054066609,9.10306803362918e-12,8.0360612055693e-12,-1.96980432330173e-11,-0.0551550744961843,-9.10306803362918e-12,-8.0360612055693e-12,1.96980432330173e-11,0.00108846549618428,-5.8421373535203e-11,-5.15751985604868e-11,1.26397115725683e-10,0.0308763747598878,0.42,-0.18,0.0377727050520001,0.420000000000314,-0.180000000000749,0.0377747425054631,-3.14193115968919e-13,7.49345030470749e-13,-2.03745346301354e-06,2.0374534630137e-06
859,17.16,9,-0.404891786285083,0.752648636792728,-1.74317004084589,0.021152420352,-0.404891786286161,0.752648636791777,-1.74317004084355,0.0211345065545786,1.07769349000364e-12,9.51350109801297e-13,-2.3321344855276e-12,1.79137974213837e-05,0,0,0,-0.053406864,7.93464056292514e-12,7.00455723435958e-12,-1.71701009185037e-11,-0.0545375470009865,-7.93464056292514e-12,-7.00455723435958e-12,1.71701009185037e-11,0.00113068300098652,-5.09234622581389e-11,-4.4956133707062e-11,1.10188569817313e-10,0.0351702283222137,0.42,-0.18,0.0388475796480001,0.420000000000274,-0.180000000000653,0.0388654934454749,-2.73836509023795e-13,6.53116449811364e-13,-1.79137974748306e-05,1.79137974748306e-05
860,17.18,9,-0.404891786285083,0.752648636792728,-1.74317004084589,0.020091574236,-0.404891786286023,0.752648636791899,-1.74317004084385,0.0200578237058878,9.39359701135345e-13,8.29225577092529e-13,-2.03281835808866e-12,3.37505301121997e-05,0,0,0,-0.052664049,6.91617131776239e-12,6.10543456021836e-12,-1.49663295221575e-11,-0.0538341424345423,-6.91617131776239e-12,-6.10543456021836e-12,1.49663295221575e-11,0.00117009343454228,-4.43874562417132e-11,-3.91861334951143e-11,9.60447546342832e-11,0.039377720069175,0.42,-0.18,0.0399084257640001,0.420000000000239,-0.180000000000569,0.0399421762941588,-2.38697950294409e-13,5.6932236702778e-13,-3.3750530158777e-05,3.37505301587771e-05
861,17.2,9,-0.404891786285083,0.752648636792728,-1.74317004084589,0.0190464,-0.404891786285902,0.752648636792006,-1.74317004084411,0.0189968919452246,8.18789480661053e-13,7.22755189030977e-13,-1.77191594730175e-12,4.95080547753858e-05,0,0,0,-0.05184,6.02842219292814e-12,5.32171189031609e-12,-1.30454344294718e-11,-0.0530465880331588,-6.02842219292814e-12,-5.32171189031609e-12,1.30454344294718e-11,0.00120658803315872,-3.86894957924575e-11,-3.41587189032242e-11,8.37170938592619e-11,0.0434880436644198,0.42,-0.18,0.0409536,0.420000000000208,-0.180000000000496,0.0410031080548161,-2.08055794814754e-13,4.96241936431829e-13,-4.95080548160234e-05,4.95080548160234e-05
862,17.22,9,-0.404891786285083,0.752648636792728,-1.74317004084589,0.018018502164,-0.404891786285797,0.752648636792098,-1.74317004084434,0.0179533554020273,7.13706871380282e-13,6.29940544172314e-13,-1.54454227185852e-12,6.51467619727369e-05,0,0,0,-0.050936769,5.25463227707901e-12,4.63853751225162e-12,-1.13710925522866e-11,-0.0521768271598704,-5.25463227707901e-12,-4.63853751225162e-12,1.13710925522866e-11,0.00124005815987041,-3.37219584035519e-11,-2.97766958278011e-11,7.29676238598811e-11,0.0474903938230279,0.42,-0.18,0.0419814978360001,0.420000000000181,-0.180000000000433,0.0420466445980082,-1.81354931072519e-13,4.32542890393961e-13,-6.51467620080837e-05,6.51467620080837e-05
863,17.24,9,-0.404891786285083,0.752648636792728,-1.74317004084589,0.017009442048,-0.404891786285705,0.752648636792179,-1.74317004084454,0.0169288150163591,6.22113471848706e-13,5.49116307979602e-13,-1.34625643966046e-12,8.06270316409258e-05,0,0,0,-0.0499566240000001,4.58019310900798e-12,4.04300359569561e-12,-9.91174007508905e-12,-0.0512270192834098,-4.58019310900798e-12,-4.04300359569561e-12,9.91174007508905e-12,0.0012703952834098,-2.9392514995289e-11,-2.59484411159521e-11,6.36091575357345e-11,0.0513739661370957,0.42,-0.18,0.0429905579520001,0.420000000000158,-0.180000000000377,0.0430711849836718,-1.58095758706622e-13,3.77031739162703e-13,-8.06270316717345e-05,8.06270316717345e-05
864,17.26,9,-0.404891786285083,0.752648636792728,-1.74317004084589,0.016020733452,-0.404891786285626,0.75264863679225,-1.74317004084471,0.0159248242171456,5.42288436378158e-13,4.78617145915905e-13,-1.17350573702879e-12,9.59092348544396e-05,0,0,0,-0.048902049,3.99234280910211e-12,3.52403477337649e-12,-8.63955692437416e-12,-0.0501995399606678,-3.99234280910211e-12,-3.52403477337649e-12,8.63955692437416e-12,0.00129749096066781,-2.56180125442264e-11,-2.26189808759393e-11,5.54405647846042e-11,0.055127956930169,0.42,-0.18,0.0439792665480001,0.420000000000138,-0.180000000000329,0.0440751757828814,-1.37778677355982e-13,3.28653770864662e-13,-9.5909234881314e-05,9.5909234881314e-05
865,17.28,9,-0.404891786285083,0.752648636792728,-1.74317004084589,0.015053838336,-0.404891786285556,0.752648636792311,-1.74317004084486,0.0149428846007043,4.7267745273416e-13,4.17221812654134e-13,-1.02295949488962e-12,0.000110953735295648,0,0,0,-0.0477757439999999,3.47998255821759e-12,3.07165515585771e-12,-7.5307456286821e-12,-0.0490969808220644,-3.47998255821759e-12,-3.07165515585771e-12,7.5307456286821e-12,0.00132123682206449,-2.23319058909358e-11,-1.97109218517409e-11,4.83189630846801e-11,0.0587415631357527,0.42,-0.18,0.0449461616640001,0.42000000000012,-0.180000000000286,0.0450571153993192,-1.20126131264442e-13,2.86465295928906e-13,-0.00011095373531908,0.00011095373531908
866,17.3,9,-0.404891786285083,0.752648636792728,-1.74317004084589,0.0141101625,-0.404891786285495,0.752648636792365,-1.743170040845,0.0139844416095173,4.12003764438396e-13,3.63709062867201e-13,-8.91731133378926e-13,0.000125720890482689,0,0,0,-0.0465806250000001,3.03334444039889e-12,2.6774367188229e-12,-6.56436636698852e-12,-0.0479221495593494,-3.03334444039889e-12,-2.6774367188229e-12,6.56436636698852e-12,0.00134152455934931,-1.94665123641382e-11,-1.7177828089738e-11,4.21142140018778e-11,0.0622039821963878,0.42,-0.18,0.0458898375,0.420000000000105,-0.18000000000025,0.0460155583905032,-1.04749542373384e-13,2.49716913813813e-13,-0.000125720890503118,0.000125720890503118
867,17.32,9,-0.404891786285083,0.752648636792728,-1.74317004084589,0.013191051264,-0.404891786285442,0.752648636792411,-1.74317004084511,0.0130508802112089,3.59101637315007e-13,3.17079695832945e-13,-7.77378161842535e-13,0.000140171052791063,0,0,0,-0.0453198239999999,2.64401419311613e-12,2.33388015702815e-12,-5.72208208695098e-12,-0.0466780699154217,-2.64401419311613e-12,-2.33388015702815e-12,5.72208208695098e-12,0.00135824591542173,-1.69701201308219e-11,-1.49696335572686e-11,3.67038255547662e-11,0.0655044119788566,0.42,-0.18,0.0468089487360001,0.420000000000091,-0.180000000000218,0.0469491197888089,-9.12603326241879e-14,2.17659223977762e-13,-0.000140171052808828,0.000140171052808828
868,17.34,9,-0.404891786285083,0.752648636792728,-1.74317004084589,0.012297785148,-0.404891786285396,0.752648636792452,-1.74317004084521,0.012143520577692,3.13027381793063e-13,2.76334510829201e-13,-6.77680134231196e-13,0.000154264570307958,0,0,0,-0.043996689,2.3046117904997e-12,2.03448748588279e-12,-4.98800557585567e-12,-0.0453679816758446,-2.3046117904997e-12,-2.03448748588279e-12,4.98800557585567e-12,0.00137129267584455,-1.47894976306877e-11,-1.30562986347356e-11,3.19920980939939e-11,0.0686320507040072,0.42,-0.18,0.0477022148520001,0.42000000000008,-0.18000000000019,0.0478564794223235,-7.96029908656237e-14,1.89764870484055e-13,-0.000154264570323435,0.000154264570323435
869,17.36,9,-0.404891786285083,0.752648636792728,-1.74317004084589,0.011431575552,-0.404891786285356,0.752648636792487,-1.7431700408453,0.0112636137644568,2.72837308301632e-13,2.40918396343659e-13,-5.90638649100583e-13,0.000167961787543195,0,0,0,-0.042614784,2.00882183788595e-12,1.77336151318808e-12,-4.34816361397581e-12,-0.0439953406617645,-2.00882183788595e-12,-1.77336151318808e-12,4.34816361397581e-12,0.00138055666176446,-1.28927059275558e-11,-1.13753906293957e-11,2.78994073694578e-11,0.0715760968878711,0.42,-0.18,0.0485684244480001,0.420000000000069,-0.180000000000165,0.0487363862355568,-6.93889390390723e-14,1.65395475093533e-13,-0.000167961787556688,0.000167961787556688
870,17.38,9,-0.404891786285083,0.752648636792728,-1.74317004084589,0.010593560436,-0.404891786285321,0.752648636792518,-1.74317004084537,0.0104123373899767,2.37809771874709e-13,2.1005419625908e-13,-5.14921438821148e-13,0.000181223046023327,0,0,0,-0.041177889,1.75096771933484e-12,1.54585370060017e-12,-3.79017546658666e-12,-0.0425638187240071,-1.75096771933484e-12,-1.54585370060017e-12,3.79017546658666e-12,0.00138592972400705,-1.1238377199226e-11,-9.91165438609547e-12,2.43113654496185e-11,0.0743257492927695,0.42,-0.18,0.0494064395640001,0.420000000000061,-0.180000000000144,0.0495876626100351,-6.0507154842071e-14,1.44162459747577e-13,-0.000181223046035045,0.000181223046035045
871,17.4,9,-0.404891786285083,0.752648636792728,-1.74317004084589,0.0097848,-0.404891786285291,0.752648636792545,-1.74317004084544,0.00959079131521364,2.07278638697517e-13,1.83075776760688e-13,-4.48752146553488e-13,0.000194008684786359,0,0,0,-0.03969,1.52620017535033e-12,1.34762061287827e-12,-3.3039481575943e-12,-0.0410773037381517,-1.52620017535033e-12,-1.34762061287827e-12,3.3039481575943e-12,0.0013873037381517,-9.79613963725486e-12,-8.64483458149649e-12,2.12037484965372e-11,0.0768702068863738,0.42,-0.18,0.0502152000000001,0.420000000000053,-0.180000000000126,0.0504092086847967,-5.26800825184637e-14,1.25677246387568e-13,-0.000194008684796632,0.000194008684796632
872,17.42,9,-0.404891786285083,0.752648636792728,-1.74317004084589,0.00900627236399997,-0.404891786285264,0.752648636792569,-1.7431700408455,0.00879999332320503,1.80688797257744e-13,1.59539048638635e-13,-3.91242593877905e-13,0.000206279040794937,0,0,0,-0.0381553289999999,1.3302773826052e-12,1.17472392124831e-12,-2.87987318766349e-12,-0.039539899600424,-1.3302773826052e-12,-1.17472392124831e-12,2.87987318766349e-12,0.00138457060042405,-8.53666792632955e-12,-7.54057356110269e-12,1.84732043654793e-11,0.0791986688076811,0.42,-0.18,0.0509937276360001,0.420000000000046,-0.18000000000011,0.0512000066768039,-4.59632332194815e-14,1.09523501379272e-13,-0.000206279040803822,0.000206279040803822
873,17.44,9,-0.404891786285083,0.752648636792728,-1.74317004084589,0.00825886924799998,-0.404891786285241,0.752648636792589,-1.74317004084555,0.00804087479871964,1.57485136043078e-13,1.39110944985532e-13,-3.41060513164848e-13,0.000217994449280334,0,0,0,-0.036578304,1.15954402407861e-12,1.02391245002626e-12,-2.51040910035391e-12,-0.0379559262242704,-1.15954402407861e-12,-1.02391245002626e-12,2.51040910035391e-12,0.00137762222427037,-7.44236687726438e-12,-6.56715450197196e-12,1.61021306905935e-11,0.0813003343385158,0.42,-0.18,0.0517411307520001,0.42000000000004,-0.180000000000095,0.0519591252012882,-4.00235400377369e-14,9.54791801177635e-14,-0.000217994449288106,0.000217994449288106
874,17.46,9,-0.404891786285083,0.752648636792728,-1.74317004084589,0.00754339165199999,-0.404891786285221,0.752648636792607,-1.74317004084559,0.00731427640796966,1.37279076994901e-13,1.21236354289067e-13,-2.97317725994617e-13,0.000229115244030337,0,0,0,-0.034963569,1.01069668653333e-12,8.92569359986822e-13,-2.18836648654205e-12,-0.0363299195375001,-1.01069668653333e-12,-8.92569359986822e-13,2.18836648654205e-12,0.00136635053750012,-6.48602603117647e-12,-5.72775177082974e-12,1.40355571313793e-11,0.0831644028799495,0.42,-0.18,0.0524566083480001,0.420000000000035,-0.180000000000083,0.0526857235920371,-3.49165141244612e-14,8.32112156956555e-14,-0.000229115244037049,0.000229115244037049
875,17.48,9,-0.404891786285083,0.752648636792728,-1.74317004084589,0.006860545536,-0.404891786285203,0.752648636792623,-1.74317004084563,0.00662094377837165,1.19682042054592e-13,1.05693231944315e-13,-2.59126053947512e-13,0.000239601757628357,0,0,0,-0.033315984,8.809761659098e-13,7.7801432457023e-13,-1.90765534391447e-12,-0.0346666314799012,-8.809761659098e-13,-7.7801432457023e-13,1.90765534391447e-12,0.00135064747990118,-5.65131911273681e-12,-4.99096329697311e-12,1.22405014835383e-11,0.0847800739323912,0.42,-0.18,0.0531394544640001,0.42000000000003,-0.180000000000073,0.0533790562216343,-3.0364599723498e-14,7.25253190836384e-14,-0.000239601757634246,0.000239601757634246
876,17.5,9,-0.404891786285083,0.752648636792728,-1.74317004084589,0.0062109375,-0.404891786285188,0.752648636792636,-1.74317004084566,0.00596152317834659,1.04305453163533e-13,9.2148511043888e-14,-2.25819363208757e-13,0.000249414321653407,0,0,0,-0.031640625,7.67949783655066e-13,6.7819505863077e-13,-1.66284531424371e-12,-0.0329710300012534,-7.67949783655066e-13,-6.7819505863077e-13,1.66284531424371e-12,0.00133040500125339,-4.92845035674798e-12,-4.3490500682266e-12,1.06749699639985e-11,0.0861365470791626,0.42,-0.18,0.0537890625000001,0.420000000000027,-0.180000000000063,0.0540384768216585,-2.66453525910038e-14,6.32272012524027e-14,-0.00024941432165846,0.00024941432165846
877,17.52,9,-0.404891786285083,0.752648636792728,-1.74317004084589,0.00559507046399996,-0.404891786285174,0.752648636792648,-1.74317004084569,0.0053365571971532,9.09272657168003e-14,8.02691246803988e-14,-1.96731519963578e-13,0.000258513266846755,0,0,0,-0.029942784,6.69380776520109e-13,5.9121405726624e-13,-1.44934591496374e-12,-0.0312482990596702,-6.69380776520109e-13,-5.9121405726624e-13,1.44934591496374e-12,0.00130551505967022,-4.29488895872214e-12,-3.79736867728491e-12,9.31376630291712e-12,0.08722302197273,0.42,-0.18,0.0544049295360001,0.420000000000023,-0.180000000000055,0.0546634428028513,-2.30926389122033e-14,5.50948175970234e-14,-0.000258513266851196,0.000258513266851196
878,17.54,9,-0.404891786285083,0.752648636792728,-1.74317004084589,0.00501333934800001,-0.404891786285163,0.752648636792658,-1.74317004084572,0.0047464804247489,7.92699239582362e-14,6.99440505513849e-14,-1.71418435002124e-13,0.000266858923251107,0,0,0,-0.028227969,5.83482997345668e-13,5.15266683720543e-13,-1.26307058890541e-12,-0.0295038386202156,-5.83482997345668e-13,-5.15266683720543e-13,1.26307058890541e-12,0.0012758696202156,-3.74266755108973e-12,-3.31092861927238e-12,8.11956827789571e-12,0.0880286983232538,0.42,-0.18,0.0549866606520001,0.42000000000002,-0.180000000000048,0.055253519575255,-2.01505478969466e-14,4.8017145815038e-14,-0.000266858923254995,0.000266858923254995
879,17.56,9,-0.404891786285083,0.752648636792728,-1.74317004084589,0.004466026752,-0.404891786285152,0.752648636792667,-1.74317004084574,0.0041916151316739,6.9111383282916e-14,6.09512440519211e-14,-1.49436019114546e-13,0.000274411620326099,0,0,0,-0.026501904,5.08629646323875e-13,4.49048111335097e-13,-1.1006792233475e-12,-0.0277432646537506,-5.08629646323875e-13,-4.49048111335097e-13,1.1006792233475e-12,0.00124136065375052,-3.26145459818589e-12,-2.88583782150983e-12,7.0699825554953e-12,0.08854277588893,0.42,-0.18,0.0555339732480001,0.420000000000017,-0.180000000000042,0.0558083848683295,-1.7430501486615e-14,4.18554080283684e-14,-0.000274411620329491,0.000274411620329491
880,17.58,9,-0.404891786285083,0.752648636792728,-1.74317004084589,0.00395329863599998,-0.404891786285144,0.752648636792675,-1.74317004084576,0.00367216694895447,6.02295990859147e-14,5.3179682879545e-14,-1.30340183090993e-13,0.000281131687045509,0,0,0,-0.0247705290000001,4.43400554360158e-13,3.91331354904902e-13,-9.59279572237592e-13,-0.025972409135972,-4.43400554360158e-13,-3.91331354904902e-13,9.59279572237592e-13,0.00120188013597193,-2.84505117861169e-12,-2.50865881014353e-12,6.15157313565251e-12,0.0887544544681339,0.42,-0.18,0.0560467013640001,0.420000000000015,-0.180000000000036,0.0563278330510485,-1.53210777398272e-14,3.64708263589364e-14,-0.000281131687048401,0.000281131687048401
881,17.6,9,-0.404891786285083,0.752648636792728,-1.74317004084589,0.00347519999999997,-0.404891786285136,0.752648636792682,-1.74317004084577,0.00318822054802222,5.25135490647699e-14,4.64073224293315e-14,-1.13686837721616e-13,0.000286979451977753,0,0,0,-0.02304,3.86499530787915e-13,3.41158178702023e-13,-8.36248109524523e-13,-0.0241973200466091,-3.86499530787915e-13,-3.41158178702023e-13,8.36248109524523e-13,0.00115732004660908,-2.47863570928132e-12,-2.18243133110731e-12,5.35627841832886e-12,0.0886529338926939,0.42,-0.18,0.0565248000000001,0.420000000000013,-0.180000000000032,0.0568117794519803,-1.33781874467331e-14,3.17801340798951e-14,-0.000286979451980196,0.000286979451980196
882,17.62,9,-0.404891786285083,0.752648636792728,-1.74317004084589,0.00303165056400004,-0.404891786285129,0.752648636792688,-1.74317004084579,0.00273973532064712,4.57966997657877e-14,4.04121180963557e-14,-9.9031893796564e-14,0.000291915243352915,0,0,0,-0.0213166890000001,3.3692681660229e-13,2.97509552079878e-13,-7.29122541157948e-13,-0.0224242613687552,-3.3692681660229e-13,-2.97509552079878e-13,7.29122541157948e-13,0.00110757236875509,-2.15886635546703e-12,-1.90897923196199e-12,4.67926144350257e-12,0.088227414022314,0.42,-0.18,0.056968349436,0.420000000000012,-0.180000000000028,0.0572602646793551,-1.15463194561016e-14,2.77278200400133e-14,-0.000291915243355083,0.000291915243355083
883,17.64,9,-0.404891786285083,0.752648636792728,-1.74317004084589,0.00262244044800006,-0.404891786285123,0.752648636792693,-1.7431700408458,0.00232654105888095,3.99125177352744e-14,3.51940698806175e-14,-8.63753513158372e-14,0.000295899389119112,0,0,0,-0.0196071840000001,2.9374948949295e-13,2.59329967440639e-13,-6.35537312287899e-13,-0.020659713088309,-2.9374948949295e-13,-2.59329967440639e-13,6.35537312287899e-13,0.00105252908830883,-1.88373801633157e-12,-1.66719236075103e-12,4.07321111417426e-12,0.0874670947399933,0.42,-0.18,0.057377559552,0.42000000000001,-0.180000000000024,0.0576734589411211,-1.01030295240889e-14,2.42028619368284e-14,-0.000295899389121057,0.000295899389121057
884,17.66,9,-0.404891786285083,0.752648636792728,-1.74317004084589,0.00224722585200002,-0.404891786285118,0.752648636792698,-1.74317004084581,0.00194833363501078,3.48054918219987e-14,3.06421554796543e-14,-7.52731210695856e-14,0.000298892216989241,0,0,0,-0.0179182890000001,2.5607472916632e-13,2.25986120225619e-13,-5.54073090004415e-13,-0.0189103711935091,-2.5607472916632e-13,-2.25986120225619e-13,5.54073090004415e-13,0.000992082193509061,-1.64094540112653e-12,-1.45550685654695e-12,3.55414969312975e-12,0.0863611759481449,0.42,-0.18,0.057752774148,0.420000000000009,-0.180000000000021,0.0580516663649909,-8.77076189453874e-15,2.10664818922623e-14,-0.000298892216990879,0.000298892216990879
885,17.68,9,-0.404891786285083,0.752648636792728,-1.74317004084589,0.00190552473600005,-0.404891786285114,0.752648636792702,-1.74317004084582,0.00160467068151986,3.0364599723498e-14,2.67563748934663e-14,-6.55031584528842e-14,0.000300854054480192,0,0,0,-0.016257024,2.2325582114379e-13,1.96875983094681e-13,-4.82990096141822e-13,-0.0171831476745463,-2.2325582114379e-13,-1.96875983094681e-13,4.82990096141822e-13,0.000926123674546316,-1.42865645052599e-12,-1.26188217254699e-12,3.10948607754801e-12,0.0848988575654145,0.42,-0.18,0.058094475264,0.420000000000008,-0.180000000000018,0.0583953293184817,-7.60502771868232e-15,1.83741910575463e-14,-0.000300854054481652,0.000300854054481652
886,17.7,9,-0.404891786285083,0.752648636792728,-1.74317004084589,0.00159671249999997,-0.40489178628511,0.752648636792705,-1.74317004084583,0.0012949672710551,2.647881913731e-14,2.33146835171283e-14,-5.7065463465733e-14,0.000301745228944867,0,0,0,-0.0146306249999999,1.94682692133271e-13,1.71638339643741e-13,-4.20800374590863e-13,-0.015485170523238,-1.94682692133271e-13,-1.71638339643741e-13,4.20800374590863e-13,0.000854545523238081,-1.24577192893441e-12,-1.101298441162e-12,2.70946114524395e-12,0.0830693395238602,0.42,-0.18,0.0584032875000001,0.420000000000007,-0.180000000000016,0.0587050327289462,-6.66133814775094e-15,1.59872115546023e-14,-0.00030174522894609,0.00030174522894609
887,17.72,9,-0.404891786285083,0.752648636792728,-1.74317004084589,0.00132001766399999,-0.404891786285106,0.752648636792708,-1.74317004084584,0.00101849159639989,2.30926389122033e-14,2.03170813506404e-14,-4.9737991503207e-14,0.000301526067600093,0,0,0,-0.013046544,1.69767253554583e-13,1.49612370820502e-13,-3.66611151685985e-13,-0.0138237837327609,-1.69767253554583e-13,-1.49612370820502e-13,3.66611151685985e-13,0.000777239732760884,-1.08608117987133e-12,-9.60539281346002e-13,2.358423883399e-12,0.080861821766923,0.42,-0.18,0.0586799823360001,0.420000000000006,-0.180000000000014,0.0589815084036012,-5.77315972805081e-15,1.39332989590457e-14,-0.00030152606760115,0.00030152606760115
888,17.74,9,-0.404891786285083,0.752648636792728,-1.74317004084589,0.00107451754799998,-0.404891786285104,0.752648636792711,-1.74317004084584,0.00077436065045145,2.01505478969466e-14,1.77635683940025e-14,-4.32986979603811e-14,0.000300156897548525,0,0,0,-0.011512449,1.48045629957157e-13,1.30401585193582e-13,-3.19442674018006e-13,-0.0122065472974224,-1.48045629957157e-13,-1.30401585193582e-13,3.19442674018006e-13,0.00069409829742241,-9.45857809448475e-13,-8.31674864471395e-13,2.05898368432201e-12,0.0782655042473385,0.42,-0.18,0.0589254824520001,0.420000000000005,-0.180000000000012,0.0592256393495495,-5.05151476204446e-15,1.22124532708767e-14,-0.000300156897549413,0.000300156897549413
889,17.76,9,-0.404891786285083,0.752648636792728,-1.74317004084589,0.000859133951999949,-0.404891786285101,0.752648636792713,-1.74317004084585,0.000561535906201909,1.75415237890775e-14,1.55431223447522e-14,-3.77475828372553e-14,0.00029759804579804,0,0,0,-0.0100362239999998,1.29128473768184e-13,1.13768087904152e-13,-2.78263000331559e-13,-0.0106412372124754,-1.29128473768184e-13,-1.13768087904152e-13,2.78263000331559e-13,0.000605013212475651,-8.28417096455938e-13,-7.21049523607816e-13,1.79050172290566e-12,0.0752695869257341,0.42,-0.18,0.0591408660480001,0.420000000000004,-0.180000000000011,0.0594384640937989,-4.32986979603811e-15,1.06026298851702e-14,-0.000297598045798805,0.000297598045798805
890,17.78,9,-0.404891786285083,0.752648636792728,-1.74317004084589,0.000672628836000048,-0.404891786285099,0.752648636792715,-1.74317004084585,0.000378818996722697,1.52655665885959e-14,1.35447209004269e-14,-3.28626015289046e-14,0.000293809839277351,0,0,0,-0.00862596900000007,1.12560131839066e-13,9.93470974319958e-14,-2.42452965873447e-13,-0.00913584547396076,-1.12560131839066e-13,-9.93470974319958e-14,2.42452965873447e-13,0.000509876473960695,-7.24645977921727e-13,-6.32469858597224e-13,1.56279916457848e-12,0.0718632697692602,0.42,-0.18,0.059327371164,0.420000000000004,-0.180000000000009,0.059621181003278,-3.77475828372553e-15,9.2148511043888e-15,-0.000293809839277966,0.000293809839277966
891,17.8,9,-0.404891786285083,0.752648636792728,-1.74317004084589,0.00051360000000001,-0.404891786285097,0.752648636792717,-1.74317004084586,0.000224847395151189,1.33226762955019e-14,1.17683640610267e-14,-2.8643754035329e-14,0.000288752604848821,0,0,0,-0.00728999999999985,9.80672122806316e-14,8.66977002600515e-14,-2.11196982581878e-13,-0.00769858007857559,-9.80672122806316e-14,-8.66977002600515e-14,2.11196982581878e-13,0.000408580078575739,-6.29076616062444e-13,-5.57117599098365e-13,1.35956424810466e-12,0.0680357527504896,0.42,-0.18,0.0594864000000001,0.420000000000003,-0.180000000000008,0.0597751526048494,-3.33066907387547e-15,7.99360577730113e-15,-0.000288752604849375,0.000288752604849375
892,17.82,9,-0.404891786285083,0.752648636792728,-1.74317004084589,0.000380476764,-0.404891786285095,0.752648636792718,-1.74317004084586,9.80900946798751e-05,1.16018306073329e-14,1.02140518265514e-14,-2.48689957516035e-14,0.000282386669320125,0,0,0,-0.00603684900000012,8.5485679959383e-14,7.55553482780845e-14,-1.84005697619786e-13,-0.00633786502356583,-8.5485679959383e-14,-7.55553482780845e-14,1.84005697619786e-13,0.000301016023565708,-5.49530538454371e-13,-4.89701782906546e-13,1.19321437723536e-12,0.0637762358465842,0.42,-0.18,0.0596195232360001,0.420000000000003,-0.180000000000007,0.0599019099053206,-2.88657986402541e-15,6.99440505513849e-15,-0.000282386669320567,0.000282386669320567
893,17.84,9,-0.404891786285083,0.752648636792728,-1.74317004084589,0.000271515648000022,-0.404891786285093,0.752648636792719,-1.74317004084587,0,1.01030295240889e-14,8.88178419700125e-15,-2.17603712826531e-14,0.000271515648000022,0,0,0,-0.00487526400000014,7.44950691902958e-14,6.57613126199538e-14,-1.60141410075079e-13,0,-7.44950691902958e-14,-6.57613126199538e-14,1.60141410075079e-13,-0.00487526400000014,-4.79598431397023e-13,-4.2704783269895e-13,1.02679107323627e-12,-0.0832903249919998,0.42,-0.18,0.059728484352,0.420000000000003,-0.180000000000006,0.0600000000000004,-2.60902410786912e-15,6.10622663543836e-15,-0.000271515648000396,0.000271515648000396
894,17.86,9,-0.404891786285083,0.752648636792728,-1.74317004084589,0.000184796051999926,-0.404891786285092,0.752648636792721,-1.74317004084587,0,8.82627304576999e-15,7.7715611723761e-15,-1.88737914186277e-14,0.000184796051999926,0,0,0,-0.00381420899999981,6.49031005623555e-14,5.72203559659749e-14,-1.39605588610354e-13,0,-6.49031005623555e-14,-5.72203559659749e-14,1.39605588610354e-13,-0.00381420899999981,-4.15434706670111e-13,-3.67251002081889e-13,9.04732630344312e-13,-0.0705778258080091,0.42,-0.18,0.0598152039480001,0.420000000000002,-0.180000000000005,0.0600000000000004,-2.16493489801906e-15,5.30131494258512e-15,-0.00018479605200028,0.00018479605200028
895,17.88,9,-0.404891786285083,0.752648636792728,-1.74317004084589,0.000118215936000039,-0.404891786285091,0.752648636792722,-1.74317004084587,0,7.71605002114484e-15,6.77236045021345e-15,-1.64313007644523e-14,0.000118215936000039,0,0,0,-0.00286286400000002,5.65944064289535e-14,4.98753359243373e-14,-1.21510936003468e-13,0,-5.65944064289535e-14,-4.98753359243373e-14,1.21510936003468e-13,-0.00286286400000002,-3.60283126464586e-13,-3.20270673465401e-13,7.87088643624129e-13,-0.0569898685439928,0.42,-0.18,0.059881784064,0.420000000000002,-0.180000000000005,0.0600000000000003,-1.88737914186277e-15,4.66293670342566e-15,-0.000118215936000261,0.000118215936000261
896,17.9,9,-0.404891786285083,0.752648636792728,-1.74317004084589,6.94875000001038e-05,-0.40489178628509,0.752648636792722,-1.74317004084587,0,6.7168492989822e-15,5.88418203051333e-15,-1.4210854715202e-14,6.94875000001038e-05,0,0,0,-0.00203062500000005,4.93887438996619e-14,4.34699224550294e-14,-1.05769163130986e-13,0,-4.93887438996619e-14,-4.34699224550294e-14,1.05769163130986e-13,-0.00203062500000005,-3.16089948095019e-13,-2.80980246049256e-13,6.94297791099516e-13,-0.0432379499999811,0.42,-0.18,0.0599305125,0.420000000000002,-0.180000000000004,0.0600000000000004,-1.55431223447522e-15,3.99680288865056e-15,-6.94875000003953e-05,6.94875000003953e-05
897,17.92,9,-0.404891786285083,0.752648636792728,-1.74317004084589,3.61328639999839e-05,-0.404891786285089,0.752648636792723,-1.74317004084587,0,5.82867087928207e-15,5.10702591327572e-15,-1.24344978758018e-14,3.61328639999839e-05,0,0,0,-0.00132710400000011,4.30669449377606e-14,3.78503175340434e-14,-9.18832073089933e-14,0,-4.30669449377606e-14,-3.78503175340434e-14,9.18832073089933e-14,-0.00132710400000011,-2.78471810827004e-13,-2.46303759353297e-13,5.94214358599691e-13,-0.0300768706560063,0.42,-0.18,0.0599638671360001,0.420000000000001,-0.180000000000003,0.0600000000000002,-1.4432899320127e-15,3.49720252756924e-15,-3.61328640001504e-05,3.61328640001504e-05
898,17.94,9,-0.404891786285083,0.752648636792728,-1.74317004084589,1.5479748000008e-05,-0.404891786285088,0.752648636792724,-1.74317004084588,0,5.05151476204446e-15,4.44089209850063e-15,-1.08801856413265e-14,1.5479748000008e-05,0,0,0,-0.000762129000000051,3.74975087212206e-14,3.29242423469776e-14,-7.99989201369997e-14,0,-3.74975087212206e-14,-3.29242423469776e-14,7.99989201369997e-14,-0.000762129000000051,-2.44798698219966e-13,-2.1439563708949e-13,5.11959838607342e-13,-0.0183055813919999,0.42,-0.18,0.0599845202520001,0.420000000000001,-0.180000000000003,0.0600000000000002,-1.22124532708767e-15,3.08086889333481e-15,-1.54797480001606e-05,1.54797480001606e-05
899,17.96,9,-0.404891786285083,0.752648636792728,-1.74317004084589,4.65715200014677e-06,-0.404891786285088,0.752648636792724,-1.74317004084588,0,4.38538094726937e-15,3.88578058618805e-15,-9.54791801177635e-15,4.65715200014677e-06,0,0,0,-0.000345744000000003,3.26015347568214e-14,2.86363296051879e-14,-6.97597233648531e-14,0,-3.26015347568214e-14,-2.86363296051879e-14,6.97597233648531e-14,-0.000345744000000003,-2.13492600409491e-13,-1.84148533484953e-13,4.40402666119428e-13,-0.00876803020797133,0.42,-0.18,0.0599953428479999,0.420000000000001,-0.180000000000003,0.0600000000000002,-9.99200722162641e-16,2.66453525910038e-15,-4.65715200025779e-06,4.65715200025779e-06
900,17.98,9,-0.404891786285083,0.752648636792728,-1.74317004084589,5.91035999981948e-07,-0.404891786285087,0.752648636792725,-1.74317004084588,0,3.83026943495679e-15,3.44169137633799e-15,-8.43769498715119e-15,5.91035999981948e-07,0,0,0,-8.82089999999636e-05,2.83316827486317e-14,2.49533589354889e-14,-6.09516700424648e-14,0,-2.83316827486317e-14,-2.49533589354889e-14,6.09516700424648e-14,-8.82089999999636e-05,-1.83606711476954e-13,-1.5489804107598e-13,3.75263902134176e-13,-0.00235400894400252,0.42,-0.18,0.0599994089640001,0.420000000000001,-0.180000000000002,0.0600000000000002,-9.43689570931383e-16,2.3037127760972e-15,-5.91036000148482e-07,5.91036000148482e-07
901,18,9,-0.404891786285083,0.752648636792728,-1.74317004084589,0,-0.404891786285087,0.752648636792725,-1.74317004084588,0,3.33066907387547e-15,2.99760216648792e-15,-7.32747196252603e-15,0,0,0,0,-0,2.46595485190927e-14,2.18553981139694e-14,-5.34463919997814e-14,0,-2.46595485190927e-14,-2.18553981139694e-14,5.34463919997814e-14,-0,-1.60124062994306e-13,-1.37347745630596e-13,3.36180643743025e-13,0,0.42,-0.18,0.0600000000000001,0.420000000000001,-0.180000000000002,0.0600000000000002,-8.32667268468867e-16,1.99840144432528e-15,-1.87350135405495e-16,2.17302627363252e-15
902,18.02,10,-0.404887797858053,0.752657057517856,-1.74317239654922,0,-0.404891786285086,0.752648636792726,-1.74317004084588,0,3.98842703286384e-06,8.42072513052017e-06,-2.35570334261581e-06,0,0.000595251659607015,0.00125674873071258,-0.000351576275534054,0,2.14570672592066e-14,1.91084432013575e-14,-4.6722779124921e-14,0,0.000595251659585558,0.00125674873069347,-0.000351576275487331,0,0.0123038758949975,0.0259770471269215,-0.00726709584400821,0,0.420000793851264,-0.179998357403603,0.0600025340816618,0.420000000000001,-0.180000000000002,0.06,7.9385126328102e-07,1.64259639914843e-06,2.53408166175917e-06,3.12248180573921e-06
903,18.04,10,-0.404860358908545,0.752714989090847,-1.74318860294448,0,-0.404886864734728,0.752659027611577,-1.74317294768422,0,2.65058261824658e-05,5.59614792700058e-05,-1.56552602605942e-05,0,0.00233314842928916,0.00492595237619166,-0.00137803838393187,0,0.000246077517921403,0.000519540942557526,-0.000145341916926884,0,0.00208707091136776,0.00440641143363414,-0.00123269646700498,0,0.0443920008456018,0.0937243765996833,-0.0262194553661591,0,0.420006254616514,-0.179987056631931,0.0600199675775994,0.420000979575457,-0.179997973103902,0.0600031269492343,5.27504105735099e-06,1.09164719704902e-05,1.68406283651418e-05,2.07509561748864e-05
904,18.06,10,-0.404787325904767,0.752869182923517,-1.74323173876955,0,-0.404864186384031,0.752706908181068,-1.7431863423047,0,7.68604792638072e-05,0.000162274742449342,-4.53964648421401e-05,0,0.00514299620316107,0.0108583551949262,-0.00303763193434336,0,0.00113391753483342,0.00239402847455115,-0.000669731024250054,0,0.00400907866832765,0.00846432672037508,-0.0023679009100933,0,0.0878676212929337,0.185514008652436,-0.0518976646860801,0,0.420020783780319,-0.179956975357382,0.060066368854064,0.420005492958922,-0.179988633014432,0.0600175357770287,1.52908213971736e-05,3.16576570501825e-05,4.88330770352929e-05,6.0172135425312e-05
905,18.08,10,-0.404647954620941,0.753163436087234,-1.74331405628365,0,-0.404806360984817,0.75282899435402,-1.74322049599106,0,0.00015840636387654,0.000334441733213842,-9.35602925848933e-05,0,0.00895555848576799,0.0189077788833746,-0.00528946345119371,0,0.00289126996069206,0.00610430864759979,-0.00170768431797163,0,0.00606428852507593,0.0128034702357748,-0.00358177913322207,0,0.137126406889173,0.28951357803688,-0.0809916119229308,0,0.420048488044683,-0.179899560090981,0.0601549152442199,0.420016997718593,-0.179964815994671,0.0600542750725733,3.14903260907329e-05,6.52559036902201e-05,0.000100640171646627,0.000124009748619979
906,18.1,10,-0.404422870985092,0.753638652861671,-1.74344699848565,0,-0.404693685022848,0.753066885958186,-1.74328704632219,0,0.000270814037755862,0.000571766903484816,-0.00015995216346143,0,0.0137030563920858,0.0289311225759643,-0.00809350037418335,0,0.00563379809847594,0.0118945802083383,-0.0033275165564305,0,0.00806925829360985,0.017036542367626,-0.00476598381775285,0,0.188466569647783,0.397907537701001,-0.1113148927012,0,0.420093168664318,-0.17980680665512,0.0602979095626286,0.420039400955992,-0.179918400617649,0.0601258618583185,5.37677083266574e-05,0.000111593962529299,0.000172047704310063,0.000212001395019123
907,18.12,10,-0.404094041926843,0.754332906283574,-1.74364121633238,0,-0.404505622433019,0.753463940577434,-1.7433981226104,0,0.000411580506175846,0.000868965706140257,-0.000243093721974175,0,0.019319168647521,0.0407883628450922,-0.011410571058288,0,0.00940312949143152,0.0198527309623582,-0.00555381441045445,0,0.00991603915608946,0.0209356318827341,-0.00585675664783353,0,0.239478833739374,0.505609208268707,-0.141444505154088,0,0.420158306719479,-0.179671238855261,0.0605067960976536,0.420076750784692,-0.17984091127377,0.0602453391258018,8.15559347874806e-05,0.000169672418508071,0.000261456971851814,0.00032217983833778
908,18.14,10,-0.403644746225205,0.755281499695513,-1.74390658595688,0,-0.404221768309695,0.754063238879988,-1.74356577670067,0,0.000577022084489953,0.00121826081552434,-0.00034080925620783,0,0.0257390315879107,0.0543425537011246,-0.0152023647737586,0,0.0141927061662189,0.0299649151277321,-0.00838270451353615,0,0.0115463254216918,0.0243776385733925,-0.00681966026022242,0,0.288628716882831,0.609378853020285,-0.170474130825231,0,0.420247045624526,-0.179485886006744,0.0607921762089035,0.420133024564832,-0.17972390597902,0.0604256610894029,0.000114021059693825,0.000238019972276043,0.000366515119500588,0.000451649910969239
909,18.16,10,-0.403059545356366,0.756517028294645,-1.74425222588679,0,-0.403822462699617,0.754906288723751,-1.74380162044327,0,0.00076291734325179,0.00161073957089441,-0.000450605443517826,0,0.0328992391595227,0.0694598265923969,-0.0194314317061213,0,0.0199652805038754,0.0421524921881375,-0.0117921871300407,0,0.0129339586556473,0.0273073344042594,-0.00763924457608061,0,0.334970907438125,0.707220645174629,-0.197845435873395,0,0.420362172025583,-0.179244259928268,0.0611638236285472,0.420211981675957,-0.179559217829899,0.0606793000958488,0.000150190349626711,0.000314957901631857,0.000484523532698344,0.000597091847758634
910,18.18,10,-0.402324254341485,0.758069440681477,-1.74468651426259,0,-0.403289168726565,0.756032226825584,-1.74411660236022,0,0.000964914385080007,0.00203721385589339,-0.000569911902371878,0,0.0407378429190553,0.0860093904052139,-0.0240611829561777,0,0.0266646986526377,0.0562969050916298,-0.0157490958475085,0,0.0140731442664176,0.0297124853135841,-0.00831208710866919,0,0.377954323836352,0.797971091861021,-0.223232932410572,0,0.420506096104455,-0.178940331968977,0.0616306995399892,0.420317059618861,-0.179339097945773,0.0610180027429556,0.000189036485594152,0.0003987659767965,0.000612696797033574,0.000755080434279326
911,18.2,10,-0.401425912594483,0.759966100408618,-1.74521710605595,0,-0.402604693023977,0.757477353364161,-1.74452087745014,0,0.00117878042949421,0.00248874704445712,-0.000696228605810978,0,0.0491943520336376,0.10386353146385,-0.0290558905400045,0,0.0342237851293646,0.0722563269288499,-0.0202137544957199,0,0.014970566904273,0.0316072045349998,-0.00884213604428463,0,0.417289381034881,0.881018795145707,-0.24646558146679,0,0.420680832178592,-0.178568510589641,0.0622009674859879,0.420451299578493,-0.179056292885289,0.0614526458079209,0.000229532600098448,0.000487782295647499,0.000748321678066932,0.000922280931343594
912,18.22,10,-0.400352754769835,0.762231847529543,-1.74585095028798,0,-0.401753301568976,0.759274887420796,-1.74502373877264,0,0.00140054679914092,0.00295696010874713,-0.000827211515342707,0,0.0582097332808292,0.122897613530547,-0.0343806873889536,0,0.0425695727500621,0.0898767028317636,-0.0251430661250556,0,0.0156401605307672,0.0330209106987839,-0.00923762126389806,0,0.452857890529436,0.95611422485039,-0.267473576812232,0,0.42088798036882,-0.178123619968981,0.0628820081414838,0.42061729243559,-0.178704079253103,0.0619931583723445,0.000270687933229929,0.000580459284121787,0.00088884976913927,0.00109556325687675
913,18.24,10,-0.399094181610359,0.764889060147353,-1.7465943072476,0,-0.400720766957763,0.761454867167371,-1.74563358952586,0,0.00162658534740373,0.00343419297998182,-0.000960717721739224,0,0.0677264110486204,0.14299007780552,-0.0400015673496524,0,0.0516267305606506,0.108998987328771,-0.0304925376613001,0,0.0160996804879698,0.0339910904767492,-0.00950902968835231,0,0.484652144499769,1.02324110753317,-0.286252365940969,0,0.421128709997527,-0.177600880053247,0.0636804339744432,0.420817139406245,-0.178276271108612,0.0626484873357179,0.000311570591282895,0.000675391055365016,0.00103194663872533,0.00127206256772061
914,18.26,10,-0.39764073079501,0.767957715963532,-1.74745276570981,0,-0.39949437148875,0.76404414335696,-1.74635794122547,0,0.00185364069373967,0.00391357260657144,-0.00109482448434362,0,0.077688267335432,0.16402244292695,-0.0458853851840033,0,0.0613197734506475,0.129463809479438,-0.0362175849801204,0,0.0163684938847845,0.0345586334475122,-0.00966780020388294,0,0.512733947069657,1.08252992960739,-0.30283845251202,0,0.421403745280099,-0.176995888410493,0.0646021038109245,0.421052423575094,-0.177767210871721,0.0634265908972296,0.000351321705005403,0.000771322461227547,0.00117551291369496,0.00144920526146769
915,18.28,10,-0.39598404778667,0.771455453826707,-1.74843126015399,0,-0.398062882440909,0.767066431518392,-1.74720342830607,0,0.00207883465423941,0.00438902230831462,-0.00122783184791397,0,0.0880406417501156,0.185879304970987,-0.0519998565691841,0,0.0715744523920404,0.151114408071585,-0.0422743540303606,0,0.0164661893580752,0.0347648968994026,-0.0097255025388235,0,0.537207252585445,1.13420016881951,-0.317293235567867,0,0.421713353781152,-0.17630460419095,0.0656521373181158,0.4213241899441,-0.177171751016127,0.0643344496327746,0.000389163837052009,0.000867146825176995,0.00131768768534116,0.0016247131884069
916,18.3,10,-0.394116856679938,0.775397635281408,-1.74953408798222,0,-0.396416510492034,0.770542399747351,-1.74817583268091,0,0.00229965381209613,0.0048552355340562,-0.00135825530131028,0,0.0987303315119533,0.208448337451754,-0.0583135580976479,0,0.0823185974437491,0.173798411447975,-0.0486202187417179,0,0.0164117340682042,0.0346499260037791,-0.00969333935593004,0,0.558200062573697,1.1785220734812,-0.329692317249629,0,0.422057338024112,-0.175523334431871,0.066834929420846,0.421632932494443,-0.176485231480242,0.0653780882381149,0.000424405529668326,0.000961897048370741,0.00145684118273114,0.00179659461676218
917,18.32,10,-0.392032931048926,0.779797406116827,-1.75076492673759,0,-0.39454685851813,0.774489776805703,-1.74928011398264,0,0.00251392746920387,0.00530762931112372,-0.00148481275494383,0,0.109705591450658,0.231620291321339,-0.0647959272771229,0,0.0934825986952228,0.197368852917598,-0.0552140650867103,0,0.0162229927554351,0.0342514384037404,-0.00958186219041261,0,0.575852602029088,1.21579169918718,-0.340118519302635,0,0.422435030567292,-0.174648722880115,0.0681541646724983,0.421978587318807,-0.175703456086319,0.0665626033563925,0.000456443248484262,0.00105473320620411,0.00159156131610574,0.00196312760621431
918,18.34,10,-0.389727064795045,0.784665757915579,-1.75212685132248,0,-0.392446865503414,0.77892347054373,-1.7505204426921,0,0.00271980070836864,0.00574228737184856,-0.00160640863038464,0,0.120916134006373,0.255288994969801,-0.0714172625306127,0,0.104999650735804,0.221684686901341,-0.0620164354727629,0,0.0159164832705684,0.0336043080684599,-0.00940082705784984,0,0.590309736248231,1.24631489855406,-0.34865740419546,0,0.422845292791112,-0.17367774143918,0.069612831609679,0.422360531234148,-0.174822670115771,0.0678921945056189,0.000484761556964419,0.00114492867659124,0.00172063710406006,0.00212283948650381
919,18.36,10,-0.3871950429948,0.790011589602457,-1.75362235121691,0,-0.390110748594198,0.783855690241178,-1.75190023436323,0,0.00291570559939791,0.00615589936127836,-0.00172211685368051,0,0.132313129229672,0.27935135422517,-0.0781487231963961,0,0.116805845460769,0.246610984872422,-0.0689895835566719,0,0.0155072837689031,0.0327403693527481,-0.00915913963972415,0,0.601716235317852,1.2703973231828,-0.355394478162534,0,0.423286517578727,-0.172607684280658,0.0712132371307053,0.422777585502488,-0.17383954038893,0.0693701962069478,0.000508932076238922,0.00123185610827239,0.00184304092375749,0.00227448481559182
920,18.38,10,-0.384433612747581,0.795841768993196,-1.7552533476968,0,-0.387533945190856,0.7892960688679,-1.75342218382563,0,0.0031003324432749,0.00654570012529654,-0.00183116387116655,0,0.14384920478156,0.303707352353443,-0.0849623295280271,0,0.128840170167125,0.272018931336077,-0.0760974731199225,0,0.0150090346144343,0.0316884210173654,-0.00886485640810465,0,0.610213936616176,1.28833843287696,-0.360413515278748,0,0.423756636015177,-0.171436164593894,0.0729570209501919,0.42322802441631,-0.172751138634149,0.0709991101500784,0.000528611598867246,0.00131497404025507,0.00195791080011348,0.00241702330361185
921,18.4,10,-0.381440454023451,0.802161194343232,-1.75702121105228,0,-0.384713056212867,0.795251782867772,-1.75508829869414,0,0.00327260218941566,0.00690941147545987,-0.00193291235814308,0,0.155478445933472,0.328260050058586,-0.0918309626943352,0,0.141044448899449,0.297785699993616,-0.0833057434254973,0,0.0144339970340233,0.0304743500649706,-0.00852521926883792,0,0.615940159622033,1.3004281488454,-0.363795621191066,0,0.424253128177504,-0.170161113883289,0.0748451701949832,0.423709588576506,-0.171554928531331,0.0727806367291277,0.000543539600997567,0.00139381464804225,0.00206453346585556,0.00254959859636518
922,18.42,10,-0.378214150510943,0.808972855896457,-1.75892677780605,0,-0.381645791171029,0.801727668127183,-1.75689993181113,0,0.00343164066008572,0.00724518776927319,-0.00202684599492087,0,0.167156395567274,0.352915585482538,-0.0987283647794248,0,0.153363252091891,0.323794262970528,-0.0905816558493197,0,0.013793143475383,0.0291213225120096,-0.00814670893010505,0,0.619026935516232,1.30694522716751,-0.365618778094188,0,0.424773038039163,-0.168780783661084,0.0768780342196254,0.424219502724642,-0.17024875652864,0.0747157056165718,0.000553535314521292,0.00146797286755623,0.0021623286030536,0.00267151842065279
923,18.44,10,-0.374754160464846,0.816277897433983,-1.7609703679316,0,-0.378330915354984,0.808726331477461,-1.75885781243935,0,0.00357675489013859,0.00755156595652207,-0.00211255549224942,0,0.178840054175263,0.377583174205202,-0.105629138782676,0,0.165743790802216,0.349933167513878,-0.0978940314112033,0,0.0130962633730476,0.0276500066913243,-0.00773510737147251,0,0.61960075647481,1.30815672947869,-0.365957696654393,0,0.425312992465817,-0.167293749325654,0.0790553397317836,0.424754498000434,-0.168830846324164,0.0768045052660089,0.000558494465383086,0.00153709699850954,0.00225083446577473,0.0027822363384533
924,18.46,10,-0.371060787554,0.8240756778229,-1.76315180207159,0,-0.37476819923635,0.81624825751953,-1.76096207614624,0,0.0037074116823505,0.00782742030337058,-0.0021897259253556,0,0.190487879860166,0.402175109244454,-0.112508748618743,0,0.178135805931712,0.376096302103451,-0.105213185344291,0,0.0123520739284544,0.0260788071410034,-0.00729556327445245,0,0.617782646804138,1.30431817315713,-0.364883858024609,0,0.425869224235507,-0.165698915962302,0.0813762063288273,0.425310838488391,-0.16729979675359,0.0790465113816436,0.000558385747116086,0.00160088079128762,0.00232969494718373,0.00288133519352217
925,18.48,10,-0.367135151709086,0.832363832565036,-1.76547041875612,0,-0.370958370058995,0.824291910830861,-1.76321229339633,0,0.00382321834990895,0.00807192173417415,-0.0022581253597882,0,0.20205978833514,0.426606761056139,-0.119343519117558,0,0.190491458867794,0.402182665566593,-0.112510862504783,0,0.0115683294673462,0.0244240954895461,-0.00683265661277493,0,0.613688424337818,1.29567408320834,-0.362465668234319,0,0.426437598973722,-0.163995525756132,0.0838391625556232,0.425884351899785,-0.165654582714811,0.0814405144872736,0.000553247073936725,0.0016590569586796,0.00239864806834952,0.00296851223220651
926,18.5,10,-0.362979159970417,0.841138335345712,-1.76792509162103,0,-0.366903065511904,0.832853833775476,-1.76560749691372,0,0.00392390554148708,0.00828450157023597,-0.00231759470731152,0,0.213517152923774,0.45079657753407,-0.126110636024325,0,0.20276522735455,0.428096147230759,-0.119760175869469,0,0.0107519255692242,0.0227004303033105,-0.00635046015485576,0,0.607429065533193,1.28245876308981,-0.358768673828267,0,0.427013645852495,-0.162183166665647,0.0864421625998892,0.426470464211102,-0.163894558680332,0.0839846467862864,0.000543181641392387,0.00171139201468523,0.00245751581360279,0.00304356581949231
927,18.52,10,-0.35859547733573,0.85039355958251,-1.77051424662623,0,-0.362604789338599,0.841928740225327,-1.76814620790064,0,0.0040093120028693,0.0084648193571828,-0.0023680387255931,0,0.224822804560088,0.474666084010029,-0.132788145999525,0,0.214913808665214,0.453745322492555,-0.126935549346034,0,0.00990899589487379,0.0209207615174741,-0.005852596653491,0,0.599111118184406,1.26489716606776,-0.35385580562913,0,0.427592591862213,-0.160261781971898,0.0891826037448464,0.427064238050181,-0.162019464291374,0.0866764085375454,0.000528353812031757,0.00175768231947618,0.00250619520730092,0.00310638363760591
928,18.54,10,-0.353987497607979,0.860122339974024,-1.77323587927399,0,-0.358066868718021,0.851509605541605,-1.77082646120981,0,0.00407937111004253,0.00861273443241839,-0.00240941806417982,0,0.235941031788529,0.498139883253769,-0.139354956618916,0,0.226896031028902,0.479043265813909,-0.134012665458617,0,0.00904500075962772,0.0190966174398597,-0.00534229116029855,0,0.588837126196807,1.24320579203903,-0.347787629623953,0,0.428169399424991,-0.158231680292011,0.0920573446990416,0.427660414587858,-0.160029431489149,0.08951269418736,0.000508984837133131,0.00179775119713815,0.00254465051168164,0.00315693223839929
929,18.56,10,-0.349159314243122,0.870316034048622,-1.77608757182724,0,-0.353293413246965,0.861587753174699,-1.77364582957084,0,0.00413409900384248,0.00872828087392363,-0.00244174225640914,0,0.24683758076398,0.521145655473012,-0.145790836373527,0,0.238672773552838,0.50390738165469,-0.140968418051096,0,0.0081648072111426,0.0172382738183223,-0.00482241832243066,0,0.5767060446071,1.21759356375881,-0.340622592089527,0,0.428738807079409,-0.156093545628106,0.0950627249198838,0.42825345865735,-0.15792499261566,0.0924898184999087,0.00048534842205894,0.00183144698755355,0.00257290641997512,0.00319524781589211
930,18.58,10,-0.344115691197918,0.88096458371321,-1.7790665105279,0,-0.348289275358065,0.872152938233296,-1.77660144696869,0,0.00417358416014757,0.00881164547991431,-0.00246506355920362,0,0.257479655251751,0.543614158313448,-0.152076414669665,0,0.250206894444979,0.528259252929865,-0.147780869892886,0,0.00727276080677136,0.0153549053835824,-0.00429554477677885,0,0.562813632150184,1.18826265566308,-0.332417251455939,0,0.429295372928242,-0.153848447013466,0.0981945850405202,0.428837606786727,-0.155707088906796,0.0956035429208431,0.000457766141514993,0.00185864189332996,0.00259104211967709,0.00322142806747248
931,18.6,10,-0.338862033777712,0.892056576801984,-1.78216950281514,0,-0.343060012016305,0.88319342835416,-1.77969003126713,0,0.0041979782385928,0.00886314844782388,-0.00247947154800365,0,0.267835916627583,0.565479226858737,-0.158193181828913,0,0.261463167087985,0.55202450604313,-0.154429214922006,0,0.00637274953959788,0.0134547208156063,-0.00376396690690722,0,0.547252814651238,1.15540926109451,-0.32322649293851,0,0.429833520503813,-0.151497847317377,0.101448288499185,0.429406917792435,-0.153377078802836,0.0988491023936235,0.000426602711377622,0.00187923148545927,0.00259918610556141,0.00323562501854582
932,18.62,10,-0.333404359484233,0.903579308625195,-1.78539299454374,0,-0.337611847548685,0.89469608217946,-1.78290790616275,0,0.00420748806445181,0.00888322644573414,-0.00248508838098926,0,0.277876483877648,0.586677773630509,-0.164123489088128,0,0.272408223381009,0.57513269126502,-0.160893744780776,0,0.00546826049663884,0.0115450823654883,-0.00322974430735209,0,0.530114016377958,1.11922429188318,-0.313103724245968,0,0.430347586670292,-0.14904361077858,0.104818744456156,0.4299553255449,-0.150936745514962,0.102221232827045,0.000392261125391868,0.00189313473638181,0.00259751162911065,0.00323803869401744
933,18.64,10,-0.327749268863381,0.915518843517903,-1.78873308720236,0,-0.331951637474514,0.906646425721514,-1.78625102254806,0,0.00420236861113299,0.0088724177963897,-0.0024820646542989,0,0.28757293359855,0.607149788588361,-0.169850548599442,0,0.283010503708568,0.597517177102683,-0.167155819265695,0,0.00456242988998157,0.00963261148567807,-0.00269472933374695,0,0.51148545891293,1.07989400935253,-0.302101052104829,0,0.430831871149164,-0.146488008854466,0.108300432066174,0.430476693481495,-0.148388303310096,0.105714199386625,0.000355177667668627,0.00190029445563006,0.00258623267954868,0.00322891152967597
934,18.66,10,-0.321903916353019,0.927860076388745,-1.79218555513187,0,-0.326086833216777,0.919028726867308,-1.78971497935422,0,0.00418291686375855,0.0088313495214366,-0.0024705757776462,0,0.296898299997321,0.626838339129864,-0.175358433430263,0,0.293240212886827,0.619115057289733,-0.173197840307792,0,0.0036580871104947,0.00772328184013027,-0.00216059312247152,0,0.491453428585749,1.03760058894627,-0.29026944021405,0,0.431280687223838,-0.143833723998897,0.111887426153875,0.430964870408597,-0.145734402009744,0.109321825752903,0.000315816815240511,0.00190067801084684,0.00256560040097153,0.0032085234266202
935,18.68,10,-0.315875981130766,0.940586794268684,-1.79574586274361,0,-0.320025447587606,0.931826068248681,-1.79329504393646,0,0.00414946645684083,0.008760726020003,-0.00245081880714548,0,0.305827074891427,0.645689570090553,-0.180632077563274,0,0.303069281458541,0.639867069068658,-0.179003229112073,0,0.00275779343288524,0.0058225010218943,-0.00162884845120148,0,0.470102514341788,0.992522622438186,-0.277658849738578,0,0.431688413152725,-0.141083851015354,0.115573424316861,0.431413747103945,-0.142978129240736,0.113037524457184,0.000274666048780403,0.00189427822538213,0.00253589985967759,0.00317718736177493
936,18.7,10,-0.309673637961787,0.953681737859777,-1.79940918173775,0,-0.313776020952699,0.945020418679029,-1.7969861720586,0,0.00410238299091231,0.00866131918074731,-0.00242300967915199,0,0.31433520770876,0.663652703743934,-0.185657275896433,0,0.312471331745377,0.659717521517422,-0.184556406106844,0,0.00186387596338328,0.00393518222651268,-0.00110086978958887,0,0.447515818358897,0.944835562604984,-0.264318363706976,0,0.432049543797778,-0.138241895673351,0.119351775455903,0.431817313204066,-0.14012301002609,0.116854328370386,0.000232230593712079,0.00188111435273886,0.00249744708551719,0.00313524547710292
937,18.72,10,-0.303305528046585,0.967126663083927,-1.80317040832157,0,-0.307347587990448,0.958592703334419,-1.80078302752622,0,0.00404205994386314,0.0085339597495081,-0.0023873807953545,0,0.322400105487648,0.680680039801485,-0.190420684242973,0,0.321421648112555,0.678614232769521,-0.189842773380984,0,0.000978457375092889,0.00206580703196402,-0.000577910861989855,0,0.423775141888172,0.894712115590091,-0.250296296775247,0,0.432358741958232,-0.135311770324158,0.123215509704969,0.432169713840049,-0.137173003361873,0.120764923384304,0.000189028118182666,0.00186123303771546,0.00245058632066475,0.00308306557912354
938,18.74,10,-0.296780729868792,0.980902402631652,-1.80702418042777,0,-0.300749644971442,0.972522872836046,-1.80468000151255,0,0.00396891510264963,0.00837952979560597,-0.00234417891521965,0,0.330000632876845,0.69672695541265,-0.194909819331404,0,0.329897150950318,0.696508475081322,-0.194848699316488,0,0.00010348192652665,0.00021848033132732,-6.11200149157054e-05,0,0.398961148795496,0.842322586187143,-0.235640291820279,0,0.432610888887803,-0.132297786305654,0.127157369705855,0.432465305469308,-0.134132495489749,0.124761682287276,0.000145583418494577,0.00183470918409442,0.00239568741857958,0.0030210379887518
939,18.76,10,-0.290108730042961,0.994988927510832,-1.81096489493275,0,-0.293992117492916,0.986789971372149,-1.8086712316156,0,0.00388338744995498,0.00819895613868271,-0.00229366331714598,0,0.337117112135538,0.711751905164843,-0.199113058805509,0,0.337876373926229,0.713354926805068,-0.199561505152895,0,-0.000759261790691357,-0.00160302164022508,0.000448446347385695,0,0.373153509181671,0.78783518106377,-0.220397404766884,0,0.432801133468539,-0.129204642984857,0.131169843143755,0.432698710342064,-0.131006289643932,0.128836699798782,0.00010242312647557,0.00180164665907517,0.00233314334497262,0.00294957268925242
940,18.78,10,-0.283299394162357,1.00936540859548,-1.81498672487497,0,-0.287085328610719,1.00137220398068,-1.81275062068057,0,0.00378593444836239,0.00799320461480368,-0.00223610419440079,0,0.343731323133344,0.725716421083449,-0.203019641224348,0,0.345339444109862,0.729111630426343,-0.203969453248232,0,-0.00160812097651791,-0.00339520934289417,0.000949812023884694,0,0.346431025305881,0.731416274622485,-0.204614178962385,0,0.432924939516432,-0.126037413348933,0.13524519643176,0.432864869039746,-0.127799592124204,0.132981828690482,6.00704766862692e-05,0.00176217877527129,0.00226336774127792,0.0028690967272721
941,18.8,10,-0.276362937646746,1.02401027817449,-1.8190836366732,0,-0.2800399673184,1.01624700309905,-1.81691185541712,0,0.00367702967165318,0.00776327507544172,-0.00217178125608486,0,0.349826503350312,0.73858511263182,-0.206619666062254,0,0.35226806461598,0.743739955918792,-0.20806173682748,0,-0.00244156126566775,-0.00515484328697269,0.00144207076522579,0,0.318871741851963,0.673230641804718,-0.18833671030397,0,0.432978130703155,-0.122801526120205,0.139375509404708,0.432959090528948,-0.124517994622078,0.137188716885339,1.90401742071744e-05,0.00171646850187343,0.00218679251936962,0.00278005182846083
942,18.82,10,-0.269309896590193,1.03890129150042,-1.82324940734487,0,-0.272867057329339,1.03139109447415,-1.82114842483779,0,0.00355716073914597,0.00751019702626898,-0.00210098250708013,0,0.35538734787692,0.750325666711279,-0.209904093708839,0,0.358645499453019,0.757204568754886,-0.211828471033559,0,-0.00325815157609943,-0.00687890204360786,0.00192437732472064,0,0.290553042392608,0.613441661754741,-0.1716107042136,0,0.432956932595244,-0.119502744436404,0.143552710856532,0.432977099189394,-0.121167452803875,0.141448845392446,-2.01665941499396e-05,0.00166470836747118,0.00210386546408611,0.00268289219522933
943,18.84,10,-0.262151098608846,1.0540155883382,-1.82747764172433,0,-0.265577926123322,1.04678056251395,-1.82545363854015,0,0.00342682751447593,0.00723502582425706,-0.0020240031841865,0,0.360400009414075,0.760908847661116,-0.212864745468986,0,0.364456560300871,0.769473401989981,-0.215260685117831,0,-0.00405655088679591,-0.00856455432886505,0.00239593964884552,0,0.261551733711675,0.552211495848405,-0.154481525441739,0,0.432858011336668,-0.116147141202843,0.147768614731009,0.432915078297764,-0.117754261230691,0.145753566903627,-5.70669610961416e-05,0.00160712002784852,0.00201504782738174,0.00257808245961925
944,18.86,10,-0.254897633688731,1.06932975451397,-1.83176178968121,0,-0.25818417422382,1.06239091515209,-1.82982064485268,0,0.00328654053508903,0.006938839361885,-0.00194114482852692,0,0.364852098273119,0.770308497258595,-0.215494303562856,0,0.369687594975104,0.780517631906949,-0.218350315626666,0,-0.00483549670198496,-0.0102091346483542,0.00285601206380975,0,0.231944119469204,0.489701243221417,-0.136994241576497,0,0.432678508533038,-0.112741071286937,0.152014956754061,0.432769709481178,-0.11428502476969,0.150094144849366,-9.12009481398024e-05,0.00154395348275382,0.00192081190469498,0.00246609576924077
945,18.88,10,-0.247560825033544,1.08481988346376,-1.83609516333866,0,-0.250697644676531,1.07819714828751,-1.83424244886184,0,0.0031368196429869,0.00662273517624579,-0.00185271447681701,0,0.368732682375822,0.778501534718943,-0.217786311125885,0,0.374326477364488,0.790311656771377,-0.221090200458196,0,-0.0055937949886663,-0.0118101220524338,0.0033038893323106,0,0.201806064525364,0.426071076575902,-0.119193661035489,0,0.432416071935342,-0.109291140786147,0.15628343127705,0.432538207694428,-0.110766626722173,0.154461792686763,-0.000122135759085928,0.00147548593602571,0.00182163859028645,0.00234741198869691
946,18.9,10,-0.240152199912439,1.10046163778229,-1.84047095429173,0,-0.243130392703431,1.09417380985357,-1.83871193033542,0,0.00297819279099154,0.00628782792872351,-0.00175902395630501,0,0.372032287254384,0.785467956695362,-0.219735172208784,0,0.378362598654995,0.798833078302895,-0.223474073678906,0,-0.00633031140061108,-0.0133651216075324,0.00373890147012165,0,0.171213051086933,0.361480360721702,-0.101124366228068,0,0.432068881567611,-0.105804173656749,0.160565728085348,0.432218351323242,-0.107206193960151,0.158847713171483,-0.000149469755631126,0.00140202030340181,0.00171801491386522,0.00222251600292611
947,18.92,10,-0.232683460507825,1.11623031077175,-1.8448822508256,0,-0.235494655509895,1.11029506356392,-1.84322186155549,0,0.00281119500206975,0.00593524720782668,-0.00166038927011147,0,0.374742896051438,0.791190837279021,-0.221336151777538,0,0.381786859676735,0.80606268551733,-0.225496561003467,0,-0.00704396362529652,-0.0148718482383089,0.00416040922592889,0,0.140240227701044,0.29608775601649,-0.0828307424925695,0,0.431635670995641,-0.102287176041543,0.164853568915138,0.431808507071235,-0.103611059423239,0.163243137349388,-0.00017283607559343,0.00132388338169619,0.00161043156574983,0.00209189611245906
948,18.94,10,-0.225166454763152,1.13210088799049,-1.84932205513396,0,-0.22780282222528,1.12653475237667,-1.84776492507256,0,0.0026363674621285,0.00556613561381636,-0.00155713006140323,0,0.376857949520045,0.795656327999056,-0.222585375713409,0,0.384591664230756,0.81198444063766,-0.227153175853319,0,-0.00773371471071077,-0.0163281126386036,0.00456780013990915,0,0.108962451998635,0.230051308609565,-0.0643570033421403,0,0.431115743491945,-0.0987472986786794,0.169138743414312,0.4313076493499,-0.0999887223803612,0.167639362992231,-0.000191905857954699,0.0012414237016818,0.00149938042208164,0.0019560425137344
949,18.96,10,-0.217613147230703,1.14804810880186,-1.85378330053725,0,-0.220067403959866,1.14286646171287,-1.85233373139096,0,0.00245425672916239,0.00518164708898738,-0.00144956914628835,0,0.378372346023698,0.798853657822576,-0.223479830812934,0,0.386770913270728,0.816585466809851,-0.228440315920161,0,-0.00839856724703048,-0.0177318089872746,0.00496048510722716,0,0.077454327975629,0.163528529153247,-0.0457472124842923,0,0.430508982914569,-0.095191797810213,0.173413144280616,0.430715373958,-0.0963468069049939,0.172027792195437,-0.00020639104343112,0.00115500909478092,0.00138535208517948,0.00181544586031816
950,18.98,10,-0.210035589919391,1.16404652792291,-1.858258868701,0,-0.212301003963261,1.15926358246073,-1.85692083659436,0,0.00226541404387023,0.00478294546217972,-0.00133803210664252,0,0.37928244153632,0.800775133154657,-0.224017364787924,0,0.388319999830241,0.819856037392916,-0.229355260169847,0,-0.00903755829392094,-0.0190809042382587,0.00533789538192303,0,0.0457902385086045,0.0966764614527982,-0.0270453030257911,0,0.42981585918303,-0.0916279950370217,0.177668801312038,0.430031905907652,-0.092693019047523,0.176399967854981,-0.000216046724621999,0.00106502401050133,0.00126883345705769,0.00167059590323729
951,19,10,-0.202445893142542,1.18007057697318,-1.86274160685414,0,-0.204516287871253,1.17569937379317,-1.86151875991897,0,0.00207039472871121,0.00437120318001227,-0.0012228469351705,0,0.379586049642266,0.801416137838346,-0.224196686265467,0,0.389235804600413,0.821789566621972,-0.229896166230363,0,-0.00964975495814707,-0.0203734287836259,0.00569947996489623,0,0.0140443737081791,0.029651742328709,-0.00829509421912511,0,0.429037428302306,-0.0880632365858582,0.181897914110802,0.429258101328106,-0.0890351032131193,0.180747608744491,-0.000220673025800699,0.00097186662726105,0.00115030536631064,0.00152198021053589
952,19.02,10,-0.194856196365693,1.19609462602345,-1.86722434500727,0,-0.196725954029762,1.19214702582254,-1.86612000128126,0,0.00186975766406891,0.00394760020091334,-0.00110434372601098,0,0.37928244153632,0.800775133154657,-0.224017364787924,0,0.389516692074576,0.822382601468546,-0.230062068114745,0,-0.0102342505382567,-0.021607468313889,0.00604470332682144,0,-0.0177092443582433,-0.0373893461864472,0.0104596939353307,0,0.42817532695412,-0.0845048524640661,0.186092883193201,0.428395443453071,-0.0853807982678944,0.185062642923082,-0.000220116498950096,0.000875945803828271,0.00103024027011833,0.00137008296775338
953,19.04,10,-0.18727863905438,1.2120930451445,-1.87169991317102,0,-0.188942703886013,1.20857972211343,-1.87071705876598,0,0.00166406483163334,0.00351332303106755,-0.0009828544050412,0,0.378372346023697,0.798853657822576,-0.223479830812934,0,0.389162507187411,0.821634814544817,-0.229852874236039,0,-0.0107901611637141,-0.0227811567222413,0.00637304342310491,0,-0.0493967401109485,-0.104290831338072,0.0291754279579781,0,0.42723176174252,-0.0809601159778489,0.190246339272711,0.427446032772073,-0.0817377938997998,0.189337239218724,-0.000214271029553625,0.000777677921950923,0.000909100053986978,0.0012153838622242
954,19.06,10,-0.179725331521932,1.22804026595587,-1.87616115857431,0,-0.18117921243831,1.22497070207179,-1.87530244607952,0,0.00145388091637808,0.00306956388407476,-0.000858712494791858,0,0.376857949520045,0.795656327999056,-0.222585375713409,0,0.388174572385192,0.819548997918055,-0.229269365676879,0,-0.0113166228651477,-0.0238926699189993,0.00668398996346992,0,-0.0809443656651471,-0.17089700997251,0.0478085497902125,0,0.426209493246444,-0.0774362040809764,0.194351170503077,0.426412571499193,-0.0781136877538306,0.193563836551007,-0.00020307825274879,0.000677483672854182,0.000787333952070202,0.00105835705497057
955,19.08,10,-0.172208325777258,1.24391084317461,-1.88060096288267,0,-0.173448098736872,1.24129332322617,-1.87986870997314,0,0.00123977295961417,0.00261751994844572,-0.000732252909528386,0,0.374742896051438,0.79119083727902,-0.221336151777538,0,0.38655568507189,0.816131057718605,-0.228313194681075,0,-0.0118127890204519,-0.024940220439585,0.00697704290353707,0,-0.11227848444762,-0.237052413947128,0.0663155671179028,0,0.425111815094572,-0.0739401590027612,0.198400547491086,0.425298342582135,-0.074515943843902,0.197735170880546,-0.000186527487562427,0.000575784841140722,0.000665376610539226,0.000899470244508659
956,19.1,10,-0.164739586372644,1.25967951616406,-1.88501225941654,0,-0.165761896429212,1.25752112341496,-1.88440844763991,0,0.00102231005656825,0.00215839274910201,-0.000603811776629826,0,0.372032287254384,0.785467956695362,-0.219735172208784,0,0.384310115382937,0.811390009439662,-0.226986883338717,0,-0.0122778281285525,-0.0259220527442998,0.00725171112993306,0,-0.143325556914225,-0.302601779975795,0.0846530449356786,0,0.423942528335793,-0.0704788515775599,0.202387945915113,0.424107183539679,-0.0709518527168241,0.201844299599568,-0.000164655203886033,0.000473001139264143,0.000543646315545127,0.000739183827148375
957,19.12,10,-0.15733096125154,1.2753212704826,-1.88938805036961,0,-0.158133024344319,1.27362788289176,-1.88891432408871,0,0.000802063092779692,0.00169338759083471,-0.000473726280895814,0,0.368732682375822,0.778501534718944,-0.217786311125885,0,0.381443604244652,0.805337973840146,-0.225293822440003,0,-0.01271092186883,-0.0268364391212026,0.00750751131411798,0,-0.174012128098632,-0.367390023340581,0.102777598192778,0,0.422705911431287,-0.0670589466636499,0.206307166614747,0.422843455474742,-0.0674284938078693,0.205884623208872,-0.000137544043455229,0.000369547144219468,0.000422543405874526,0.000577950158351758
958,19.14,10,-0.149994152596352,1.29081139943239,-1.89372142402706,0,-0.150573757110666,1.28958768635923,-1.89337908949824,0,0.000579604514313797,0.00122371307315627,-0.000342334528826926,0,0.364852098273119,0.770308497258594,-0.215494303562856,0,0.37796336168268,0.797990173373335,-0.223238270476148,0,-0.0131112634095605,-0.0276816761147405,0.00774396691329171,0,-0.204264816759831,-0.431262214979182,0.120645885383142,0,0.421406686240364,-0.0636868709979818,0.210152353048427,0.42151200766255,-0.0639527003834479,0.209849904159924,-0.000105321422186555,0.000265829385466071,0.000302448888503143,0.000416212919436019
959,19.16,10,-0.142740687676237,1.30612556560815,-1.89800557198394,0,-0.143096195803716,1.30537498494071,-1.89779559655361,0,0.000355508127479254,0.000750580667448153,-0.000209975430330855,0,0.360400009414075,0.760908847661116,-0.212864745468986,0,0.373878065347483,0.789364929073751,-0.220825352768485,0,-0.0134780559334081,-0.0284560814126352,0.00796060729949927,0,-0.234010305920236,-0.494063561507889,0.1382146029569,0,0.420049980411215,-0.0603687837860143,0.21391800604944,0.420118138157902,-0.0605310274155447,0.213734282776433,-6.81577466869476e-05,0.000162243629530358,0.000183723273006225,0.000254406593469482
960,19.18,10,-0.13558188969489,1.32123986244594,-1.9022338063634,0,-0.135712238619135,1.32096465809758,-1.90215681776779,0,0.000130348924245072,0.000275204348363811,-7.69885956068972e-05,0,0.355387347876919,0.750325666711278,-0.209904093708838,0,0.369197859229079,0.779483657843594,-0.218061060709347,0,-0.0138105113521595,-0.029157991132316,0.00815696700050864,0,-0.263175334618683,-0.555639387809939,0.155440480449483,0,0.418641286618928,-0.0571105502737279,0.217598995845293,0.418667550901347,-0.057169722675994,0.217532290207122,-2.62642824185311e-05,5.91724022660362e-05,6.67056381704056e-05,9.295605351248e-05
961,19.2,10,-0.128528848638337,1.33613087577187,-1.90639957703507,0,-0.128433551568401,1.33633207549932,-1.9064558627898,0,-9.52970699359679e-05,-0.000201199727459356,5.62857547337092e-05,0,0.349826503350312,0.73858511263182,-0.206619666062254,0,0.363934352536705,0.768370870087395,-0.214952251100357,0,-0.0141078491863927,-0.0297857574555751,0.00833258503810314,0,-0.291686690721452,-0.615835121857438,0.172280276235434,0,0.417186419116225,-0.0539177184931943,0.22119057134082,0.417166309831044,-0.0538747012777976,0.221238858399492,2.01092851809248e-05,-4.30172153967137e-05,-4.82870586714368e-05,6.77237344371514e-05
962,19.22,10,-0.121592392122727,1.35077574535088,-1.9104964888333,0,-0.121271539193956,1.35145315885233,-1.91068599570131,0,-0.000320852928770973,-0.00067741350145023,0.00018950686801289,0,0.343731323133344,0.725716421083448,-0.203019641224348,0,0.358100618722276,0.756054167650247,-0.211506645575649,0,-0.014369295588932,-0.0303377465667986,0.00848700435130134,0,-0.319471204655737,-0.674496281480994,0.188690773827316,0,0.415691468077162,-0.0507954993149653,0.224688366700758,0.415620790524699,-0.0506515238268612,0.224849327122831,7.06775524628722e-05,-0.000143975488104048,-0.000160960422072282,0.000227227892369374
963,19.24,10,-0.114783056242122,1.36515222643553,-1.91451831877552,0,-0.114237315301373,1.36630444369274,-1.9148406523033,0,-0.000545740940749606,-0.00115221725721493,0.000322333527775109,0,0.337117112135538,0.711751905164844,-0.199113058805509,0,0.351711194629162,0.742564242020627,-0.207732830099103,0,-0.0145940824936234,-0.0308123368557834,0.00861977129359331,0,-0.346455743947428,-0.731468462837161,0.204628778649377,0,0.414162752220555,-0.0477487498813157,0.228088405302448,0.414037629904382,-0.047505378282165,0.22835944810674,0.00012512231617301,-0.000243371599150742,-0.000271042804291299,0.000385161694663137
964,19.26,10,-0.108111056416291,1.37923875131471,-1.91845903328051,0,-0.107341673706367,1.38086314114802,-1.91891345739382,0,-0.000769382709923924,-0.00162438983331437,0.000454424113313534,0,0.330000632876844,0.696726955412649,-0.194909819331404,0,0.344782079750212,0.727934872763882,-0.203640254526114,0,-0.0147814468733676,-0.0312079173512326,0.00873043519471051,0,-0.372567208459744,-0.786597330356089,0.220051115225564,0,0.412606770198414,-0.0447819604352196,0.231387101163196,0.412423674536436,-0.0444410655568671,0.231765386398475,0.000183095661977994,-0.00034089487835251,-0.000378285235279385,0.00054114051664287
965,19.28,10,-0.101586258238498,1.39301449086243,-1.9223128053867,0,-0.100595058994747,1.39510719967116,-1.92289824203825,0,-0.000991199243751018,-0.00209270880872459,0.00058543665155053,0,0.322400105487647,0.680680039801484,-0.190420684242973,0,0.337330735581017,0.71220292615676,-0.199239232221603,0,-0.01493063009337,-0.0315228863552763,0.00881854797863013,0,-0.397732526242502,-0.839728607977985,0.234914624727656,0,0.411030151225612,-0.0418992445020547,0.234581257979135,0.410785928049518,-0.0414629888284956,0.235063719077897,0.000244223176093517,-0.000436255673559094,-0.000482461098761516,0.000694789669088331
966,19.3,10,-0.0952181483232968,1.40645941608658,-1.92607403197052,0,-0.0940075372936239,1.4090153667511,-1.92678906083279,0,-0.0012106110296729,-0.0025559506645183,0.000715028862269707,0,0.314335207708761,0.663652703743935,-0.185657275896433,0,0.329376085056167,0.695408353997201,-0.19454093972705,0,-0.0150408773474065,-0.0317556502532655,0.00888366383061695,0,-0.42187864991542,-0.890708071517141,0.24917616283931,0,0.409439605410926,-0.0391043323254756,0.237668065942778,0.409131498176673,-0.0385751464644187,0.2382514315022,0.00030810723425273,-0.000529185861056908,-0.000583365559422455,0.000845744121624077
967,19.32,10,-0.0890158051543177,1.41955435967767,-1.92973735096467,0,-0.0875887670524668,1.42256725060244,-1.9305802091622,0,-0.00142703810185084,-0.0030128909247622,0.000842858197531715,0,0.305827074891426,0.645689570090552,-0.180632077563274,0,0.320938512057859,0.677594192566858,-0.189557416470264,0,-0.0151114371664329,-0.0319046224763068,0.00892533890699027,0,-0.444932553513741,-0.939381542002355,0.262792597892977,0,0.407841874227331,-0.0364005674066613,0.240645096534324,0.407467543903163,-0.0357811284103637,0.241325911283461,0.000374330324168171,-0.000619438996297614,-0.000680814749137448,0.000993648118988372
968,19.34,10,-0.0829878699320649,1.43228107755761,-1.93329765857641,0,-0.0813479698327153,1.43574338183697,-1.93426624045245,0,-0.00163990009934958,-0.00346230427935934,0.000968581876038987,0,0.296898299997321,0.626838339129864,-0.175358433430263,0,0.312039860987584,0.658806561726812,-0.184301564512405,0,-0.015141560990263,-0.0319682225969478,0.00894313108214137,0,-0.466821229740218,-0.985594879874889,0.275720809246726,0,0.406243681531692,-0.033790905948097,0.243510295506926,0.405801223171327,-0.03308411583578,0.244284940229924,0.000442458360365106,-0.000706790112316995,-0.00077464472299793,0.00113815469528293
969,19.36,10,-0.0771425174217026,1.44462231042846,-1.93675012650591,0,-0.0752939011048598,1.44852527511956,-1.93784198341899,0,-0.00184861631684284,-0.00390296469110329,0.00109185691308489,0,0.28757293359855,0.607149788588361,-0.169850548599442,0,0.30270343639278,0.639094664129314,-0.17878714832747,0,-0.0151305027942304,-0.0319448755409529,0.00893659972802804,0,-0.487471687568893,-1.02919397992939,0.28791768586905,0,0.404651685511894,-0.0312779189598742,0.246261974308181,0.404139641558248,-0.0304868837812067,0.247126684506623,0.000512043953646402,-0.000791035178667479,-0.000864710198442531,0.00127892509227314
970,19.38,10,-0.0714874268008503,1.45656184532116,-1.94009021916453,0,-0.0694348210520319,1.46089549081017,-1.9413025593112,0,-0.00205260574881842,-0.00433364548900883,0.00121234014666327,0,0.277876483877648,0.586677773630509,-0.164123489088128,0,0.292954002641403,0.618510784530727,-0.173028794610089,0,-0.0150775187637544,-0.0318330109002183,0.0089053055219612,0,-0.50681095015693,-1.07002476690525,0.299340125105551,0,0.40307243190387,-0.0288637967488285,0.24889880019881,0.40248980230247,-0.0279918065101233,0.249849683291995,0.000582629601399987,-0.000871990238705149,-0.000950883093185695,0.00141562808877578
971,19.4,10,-0.0660297525073714,1.46808457714437,-1.94331371089313,0,-0.0637784653792667,1.47283769659403,-1.94464339915336,0,-0.00225128712810466,-0.00475311944965107,0.00132968826022162,0,0.267835916627583,0.565479226858737,-0.158193181828913,0,0.282817783638264,0.597110289192623,-0.167041992107979,0,-0.0149818670106815,-0.0316310623338856,0.00884881027906523,0,-0.524766053024096,-1.10793319164282,0.309945031603466,0,0.401512308783012,-0.0265503554790437,0.251419785344762,0.400858558013686,-0.0256008652315431,0.252452836224504,0.000653750769325889,-0.000949490247500618,-0.00103305087974204,0.00154793924901101
972,19.42,10,-0.0607760950871655,1.47917657023315,-1.94641670318037,0,-0.0583320161277102,1.48433672910122,-1.94786026098287,0,-0.00244407895945528,-0.00516015886807386,0.00144355780249961,0,0.25747965525175,0.543614158313447,-0.152076414669665,0,0.272322462577781,0.574951625359763,-0.160843091475908,0,-0.0148428073260303,-0.0313374670463159,0.00876667680624341,0,-0.541264042466135,-1.1427652277337,0.319689316374829,0,0.399977503195064,-0.0243390454666916,0.253824275170564,0.399252564355264,-0.0233156578301843,0.254935389946788,0.000724938839800571,-0.00102338763650732,-0.00111111477622372,0.00167554009858019
973,19.44,10,-0.0557324720419609,1.48982511989774,-1.94939564188103,0,-0.0531020724931412,1.49537865551732,-1.95094924708584,0,-0.00263039954881972,-0.00555353561958749,0.00155360520481573,0,0.24683758076398,0.521145655473012,-0.145790836373527,0,0.261497181728458,0.552096320805089,-0.154449305148412,0,-0.0146596009644778,-0.0309506653320769,0.00865846877488521,0,-0.556231974171528,-1.17436686860029,0.328529895979278,0,0.398473959851862,-0.0222309608529547,0.256111936269635,0.397678235944985,-0.0211374102185966,0.257296924064336,0.000795723906876933,-0.00109355063435809,-0.00118498779470094,0.00179811723740991
974,19.46,10,-0.0509042886771044,1.50001881397234,-1.95224733443428,0,-0.0480946216482407,1.50595083518599,-1.95390682123042,0,-0.00280966702886365,-0.00593202121365066,0.00165948679614081,0,0.235941031788529,0.498139883253769,-0.139354956618916,0,0.250372542245028,0.528608983433084,-0.147878707228826,0,-0.0144315104564984,-0.0304691001793148,0.00852375060991092,0,-0.569596912016333,-1.20258412495136,0.336423691812299,0,0.397007342077976,-0.0202268502859589,0.258282744171477,0.396141704675295,-0.0190669889101527,0.259537336841281,0.000865637402681363,-0.00115986137580611,-0.00125459266980371,0.00191536139961444
975,19.48,10,-0.0462963089493533,1.50974759436385,-1.95496896708204,0,-0.0433150095681468,1.51604198120467,-1.95672982589827,0,-0.00298129938120646,-0.00629438684081807,0.00176085881623345,0,0.224822804560088,0.474666084010029,-0.132788145999525,0,0.238980604004701,0.504557300934057,-0.141150233392581,0,-0.0141577994446139,-0.0298912169240286,0.00836208739305516,0,-0.581285927012923,-1.22726302256238,0.343327629484448,0,0.395582995156457,-0.0183271282361367,0.260336971266071,0.394648780611882,-0.0171049144032772,0.261656830957435,0.000934214544575263,-0.00122221383285947,-0.00131985969136356,0.00202696647071808
976,19.5,10,-0.0419126263146669,1.51900281860065,-1.95755812208724,0,-0.038767911858858,1.52564222201432,-1.95941549951433,0,-0.00314471445580881,-0.00663940341367653,0.00185737742708914,0,0.213517152923774,0.45079657753407,-0.126110636024325,0,0.227354885464443,0.48001204048281,-0.134283680802892,0,-0.0138377325406688,-0.0292154629487407,0.00817304477856676,0,-0.591226096394256,-1.24824960034247,0.349198638280249,0,0.394205912186009,-0.0165318865690711,0.262275175182585,0.393204915589228,-0.0152513749654152,0.263655899648435,0.00100099659678055,-0.00128051160365596,-0.00138072446584936,0.00213262847314266
977,19.52,10,-0.0377566345759975,1.52777732138132,-1.96001279495215,0,-0.034457304588127,1.53474316298384,-1.96196149367507,0,-0.00329932998787057,-0.00696584160251823,0.00194869872292203,0,0.20205978833514,0.426606761056138,-0.119343519117558,0,0.215530363536558,0.455047048475961,-0.127299708037287,0,-0.0134705752014184,-0.0284402874198232,0.00795618891972916,0,-0.599344502815425,-1.26538990864829,0.353993650686786,0,0.39288070252873,-0.0148409060053994,0.264098187912639,0.391815169584657,-0.013506240409815,0.265535313544697,0.00106553294407252,-0.00133466559558435,-0.00143712563205733,0.00223204453119927
978,19.54,10,-0.0338309987310836,1.53606547612346,-1.96233141163668,0,-0.0303864351185221,1.5433379479899,-1.96436589037555,0,-0.00344456361256158,-0.0072724718664432,0.00203447873886509,0,0.190487879860166,0.402175109244454,-0.112508748618743,0,0.20354347348025,0.429739250302996,-0.120219835023551,0,-0.0130555936200841,-0.027564141058542,0.00771108640480792,0,-0.60556823365784,-1.27853000781516,0.357669601982667,0,0.391611562897453,-0.0132536671084668,0.265807105957976,0.390484179918913,-0.0118690754688046,0.267296108515073,0.00112738297853998,-0.0013845916396622,-0.00148900255709689,0.00232491182713779
979,19.56,10,-0.0301376258202375,1.54386325651238,-1.96451284577667,0,-0.0265577929423803,1.55142132099284,-1.96662721923522,0,-0.00357983287785722,-0.00755806448045959,0.00211437345855114,0,0.178840054175264,0.377583174205203,-0.105629138782676,0,0.191432108807094,0.404168650146694,-0.113066442983898,0,-0.0125920546318299,-0.026585475941491,0.00743730420122214,0,-0.609824380422321,-1.28751596687578,0.360183429879557,0,0.39040225110498,-0.0117693604567638,0.267403281768589,0.389216133301815,-0.0103391523834984,0.268939574807702,0.00118611780316513,-0.00143020807326538,-0.00153629303911362,0.00241092656002785
980,19.58,10,-0.0266776357741403,1.5511682980499,-1.96655643590222,0,-0.0229730805184074,1.55898968760902,-1.96874447472295,0,-0.00370455525573289,-0.00782138955911638,0.00218803882072427,0,0.167156395567275,0.352915585482539,-0.0987283647794251,0,0.179235621198647,0.378418330809179,-0.105862774386307,0,-0.0120792256313726,-0.0255027453266399,0.00713440960688211,0,-0.61204003820074,-1.29219386244444,0.361492074210069,0,0.389256062474253,-0.0103868956793881,0.268888316720174,0.388014740716202,-0.00891546235134236,0.270467247763669,0.00124132175805153,-0.00147143332804575,-0.00157893104349427,0.00248978291945419
981,19.6,10,-0.0234513322616318,1.55797995960313,-1.96846200265599,0,-0.0196331841097143,1.56604117668023,-1.97071713338099,0,-0.00381814815191756,-0.00806121707709817,0.0022551307250025,0,0.155478445933472,0.328260050058586,-0.091830962694335,0,0.166994820434631,0.352574453560286,-0.0986329329021047,0,-0.0115163745011589,-0.0243144035016998,0.00680197020776967,0,-0.612142305214934,-1.29240977774381,0.361552476655643,0,0.388175808888674,-0.00910490905843407,0.270264055859438,0.386883215112277,-0.00759672549913581,0.27188090035892,0.00129259377639734,-0.00150818355929826,-0.00161684449948207,0.00256117208614028
982,19.62,10,-0.0204581735375026,1.56429938495316,-1.97022986601148,0,-0.0165381446231077,1.57257570184033,-1.97254517104837,0,-0.00392002891439489,-0.00827631688717179,0.00231530503689603,0,0.143849204781561,0.303707352353444,-0.0849623295280276,0,0.154751974330332,0.32672625800541,-0.091401883368992,0,-0.0109027695487717,-0.0230189056519658,0.00643955384096441,0,-0.610058282414923,-1.28800980175649,0.360321580508891,0,0.387163800445166,-0.00792176943196457,0.271532584622238,0.385824251867391,-0.00638139907973211,0.27318253780649,0.00133954857777546,-0.00154037035223246,-0.00164995318425154,0.00262478127174034
983,19.64,10,-0.0176967432902833,1.5701295643439,-1.97186086249136,0,-0.0136871284494671,1.57859502307974,-1.97422908008355,0,-0.00400961484081625,-0.00846545873583793,0.00236821759218797,0,0.132313129229673,0.279351354225172,-0.0781487231963966,0,0.142550808682034,0.300966061970281,-0.0841954517588143,0,-0.0102376794523614,-0.0216147077451089,0.00604672856241771,0,-0.605715073128854,-1.27884002848597,0.357756330467151,0,0.386221829658765,-0.00683558216465726,0.272696227703033,0.384840011952875,-0.00526768362506946,0.274374394424582,0.00138181770588963,-0.0015678985395878,-0.00167816672154875,0.00268029281013573
984,19.66,10,-0.0151647214900384,1.57547539603078,-1.97335636238579,0,-0.011078398305078,1.58410280830775,-1.97576988658654,0,-0.00408632318496048,-0.00862741227697028,0.00241352420074792,0,0.120916134006373,0.255288994969802,-0.071417262530613,0,0.130436507219457,0.275389261400562,-0.0770403251494714,0,-0.0095203732130841,-0.0201002664307597,0.00562306261885845,0,-0.59903978275773,-1.26474655631222,0.353813672451961,0,0.385351158155969,-0.00584419098998736,0.273757550224587,0.383932107739272,-0.00425352682613885,0.275458932946595,0.00141905041669754,-0.00159066416384851,-0.00170138272200826,0.00272738331263312
985,19.68,10,-0.0128588552361579,1.58034374782953,-1.97471828697069,0,-0.00870928407379196,1.58910469491324,-1.97716916762055,0,-0.00414957116236591,-0.00876094708370534,0.00245088064986065,0,0.109705591450658,0.231620291321338,-0.0647959272771227,0,0.118455711564303,0.250094330274318,-0.0699640517004324,0,-0.00875012011364536,-0.01847403895298,0.00516812442330963,0,-0.589959518509498,-1.24557548743013,0.348450553452258,0,0.384552505784129,-0.00494517756754849,0.274719361324509,0.383101591363475,-0.00333662495154561,0.27643884641675,0.00145091442065387,-0.00160855261600288,-0.00171948509224074,0.00276572289952359
986,19.7,10,-0.0107749296051451,1.58474351866495,-1.97594912572605,0,-0.00657615364990974,1.59360835132375,-1.97842906843317,0,-0.0041987759552354,-0.00886483265879923,0.00247994270712049,0,0.0987303315119529,0.208448337451753,-0.0583135580976477,0,0.106656521194113,0.225182820525716,-0.0629950406313874,0,-0.00792618968216034,-0.016734483073963,0.0046814825337397,0,-0.578401389166747,-1.22117292735918,0.341623921386843,0,0.383826042054855,-0.00413585864150107,0.275584720239992,0.382348945575009,-0.00251442166014282,0.277317062779723,0.00147709647984573,-0.00162143698135825,-0.00173234253973131,0.00279497452050131
987,19.72,10,-0.00890773849841359,1.58868570011965,-1.97705195355428,0,-0.00467438378169421,1.59762353856332,-1.97955231967725,0,-0.00423335471671937,-0.00893783844366913,0.002500366122963,0,0.0880406417501154,0.185879304970987,-0.051999856569184,0,0.0950884934107785,0.200759361978533,-0.0561625622036507,0,-0.00704785166066314,-0.0148800570075458,0.00416270563446665,0,-0.5642925048852,-1.19138498451783,0.333290724985633,0,0.383171379830008,-0.00341328073085771,0.276356944934134,0.381674076973003,-0.00178410410945854,0.278096752234651,0.00149730285700489,-0.00162917662139917,-0.00173980730051709,0.00281479337647387
988,19.74,10,-0.00725105549007299,1.59218343798283,-1.97803044799846,0,-0.00299833091543275,1.60116217180908,-1.98054225463133,0,-0.00425272457464024,-0.00897873382625747,0.00251180663286421,0,0.0776882673354321,0.16402244292695,-0.0458853851840034,0,0.0838026433130748,0.176931662288177,-0.0494967477039381,0,-0.00611437597764264,-0.0129092193612267,0.00361136251993474,0,-0.547559977016876,-1.15605776985028,0.323407913685116,0,0.382587571148044,-0.00277421232904276,0.277039623266551,0.381076311539187,-0.00114259631000489,0.27878133738306,0.00151125960885701,-0.00163161601903787,-0.00174171411650859,0.00282482645530463
989,19.76,10,-0.00579760467472373,1.59525209379901,-1.97888890646067,0,-0.00154130203997781,1.60423838194691,-1.98140282641993,0,-0.00425630263474592,-0.00898628814790214,0.00251391995926187,0,0.0677264110486188,0.142990077805517,-0.0400015673496515,0,0.0728514437727355,0.153810506891168,-0.0430285894302348,0,-0.00512503272411674,-0.0108204290856506,0.00302702208058334,0,-0.528130917956927,-1.11503739650323,0.311932437537854,0,0.382073105075353,-0.0022151336386464,0.277636626667569,0.380554392364259,-0.000586549725745141,0.279374506156773,0.00151871271109483,-0.00162858391290126,-0.00173787948920373,0.00282471219404682
990,19.78,10,-0.00453903151524859,1.59790930641682,-1.97963226342029,0,-0.000295525531705895,1.60686857712613,-1.98213862523352,0,-0.0042435059835427,-0.00895927070931579,0.0025063618132295,0,0.0582097332808297,0.122897613530548,-0.0343806873889539,0,0.0622888254135972,0.131509758961103,-0.0367899406794779,0,-0.00407909213276753,-0.00861214543055495,0.00240925329052395,0,-0.50593244100962,-1.06816997954268,0.298821247133429,0,0.381625907450534,-0.00173222391719473,0.278152126229293,0.380106479453997,-0.000112331172715659,0.279880227465675,0.00151942799653693,-0.00161989274447907,-0.00172810123638223,0.00281408028020914
991,19.8,10,-0.00346587369060036,1.60017505353774,-1.98026610765232,0,0.000747878000162184,1.60907150431354,-1.98275489554826,0,-0.00421375169076255,-0.00889645077579471,0.00248878789593254,0,0.0491943520336366,0.103863531463847,-0.0290558905400039,0,0.052170176593405,0.11014635937025,-0.0308135157368094,0,-0.00297582455976843,-0.00628282790640286,0.00175762519680552,0,-0.480891660271623,-1.01530163570753,0.284031293529365,0,0.381243342368032,-0.00132134656082929,0.278590611078215,0.379730151486134,0.000283991879242323,0.28030276945641,0.00151319088189789,-0.00160533844007162,-0.00171215837819472,0.00279255160458188
992,19.82,10,-0.00256753194359877,1.60207171326488,-1.98079669944568,0,0.00159892486792162,1.61086831084666,-1.98325755334558,0,-0.00416645681152039,-0.00879659758177587,0.00246085389990336,0,0.0407378429190561,0.0860093904052155,-0.0240611829561782,0,0.0425523433879728,0.0898403266561002,-0.0251328898662222,0,-0.00181450046891667,-0.00383093625088467,0.00107170691004406,0,-0.452935690530372,-0.95627848319528,0.267519528191217,0,0.380922215220212,-0.000978032104739602,0.278956908842824,0.379422409368012,0.000606668442780246,0.280646720221682,0.00149980585219978,-0.00158470054751985,-0.00168981137885721,0.00275973837812893
993,19.84,10,-0.00183224092871803,1.60362412565171,-1.98123098782148,0,0.00226879745946892,1.6122826059865,-1.98365320333163,0,-0.00410103838818695,-0.00865848033478867,0.00242221551014721,0,0.0328992391595236,0.0694598265923989,-0.0194314317061219,0,0.0334936295773655,0.070714756992195,-0.019782499302398,0,-0.000594390417841886,-0.00125493039979609,0.000351067596276119,0,-0.421991647175533,-0.890946641474788,0.249242902940243,0,0.380658777082476,-0.000697459371728312,0.279256207975973,0.379179681417113,0.000860283373968118,0.280917010745904,0.00147909566536264,-0.00155774274569643,-0.00166080276993091,0.00271524442540162
994,19.86,10,-0.00124704005987802,1.60485965425085,-1.98157662775139,0,0.00276987339214601,1.61334052246976,-1.9839491561565,0,-0.00401691345202403,-0.00848086821890837,0.00237252840510793,0,0.0257390315879094,0.0543425537011218,-0.0152023647737578,0,0.0250537966338551,0.0528958241626996,-0.0147976412435933,0,0.000685234954054325,0.00144672953842221,-0.000404723530164545,0,-0.387986646121317,-0.819152231122392,0.229158369907502,0,0.38044873018359,-0.000474435053201414,0.279494081635532,0.378997829950435,0.00104977868956569,0.281118939816492,0.00145090023315508,-0.00152421374276711,-0.00162485818096048,0.00265866566691711
995,19.88,10,-0.000797744358240315,1.60580824766278,-1.9818419973759,0,0.00311575466637458,1.61407077806056,-1.98415344563341,0,-0.00391349902461489,-0.00826253039777658,0.00231144825751284,0,0.0193191686475211,0.0407883628450925,-0.011410571058288,0,0.0172940637114289,0.0365127795402521,-0.0102144738454433,0,0.0020251049360922,0.00427558330484032,-0.00119609721284474,0,-0.350847803739646,-0.740741373680852,0.207222881494389,0,0.380287234152025,-0.000303372059910522,0.279676512768175,0.378872159023357,0.00118047651743225,0.281258200571226,0.00141507512866734,-0.00148384857734277,-0.00158168780305112,0.00258959080292153
996,19.9,10,-0.000468915299992101,1.60650250108469,-1.98203621522262,0,0.0033212968191073,1.61450473710189,-1.98427484595772,0,-0.0037902121190994,-0.0080022360172074,0.00223863073510233,0,0.0137030563920861,0.028931122575965,-0.00809350037418355,0,0.0102771076366361,0.0216979520666354,-0.00607001621555562,0,0.00342594875545,0.00723317050932958,-0.00202348415862793,0,-0.31050223680094,-0.655560191534148,0.183393390337674,0,0.380168912668225,-0.000178267032797369,0.279809919979967,0.378797423003182,0.00125810330216102,0.281340908290809,0.0013714896650423,-0.00143637033495839,-0.00153098831084203,0.00250760221095796
997,19.92,10,-0.000243831664142491,1.60697771785913,-1.98216915742462,0,0.00340263807711964,1.61467647206661,-1.9843228889259,0,-0.00364646974126213,-0.00769875420748689,0.00215373150127274,0,0.00895555848576875,0.0189077788833762,-0.00528946345119415,0,0.00406706290061637,0.00858674823595041,-0.00240214840880155,0,0.00488849558515238,0.0103210306474258,-0.0028873150423926,0,-0.266877062423165,-0.563454807800174,0.157626849279422,0,0.380087860081919,-9.26774572808107e-05,0.279901183713698,0.378767835596243,0.00128881483373461,0.281373628982077,0.00132002448567636,-0.00138149229101542,-0.00147244526837859,0.00241227706976016
998,19.94,10,-0.00010446038031614,1.60727197102284,-1.98225147493873,0,0.0033772285101627,1.61462282510821,-1.98430788115436,0,-0.00348168889047884,-0.00735085408536973,0.00205640621563474,0,0.00514299620316142,0.010858355194927,-0.00303763193434356,0,-0.00127047834784683,-0.00268234792005282,0.000750388576786816,0,0.00641347455100824,0.0135407031149798,-0.00378802051113038,0,-0.219899398027719,-0.464271346237377,0.129880211340867,0,0.380037647472769,-3.96988773338544e-05,0.279957672186604,0.378777078870031,0.0012792216132206,0.281363408231209,0.0012605686027371,-0.00131892049055446,-0.00140573604460559,0.00230318872212295
999,19.96,10,-3.14273765390505e-05,1.60742616485551,-1.98229461076379,0,0.00326385918399468,1.61438346961132,-1.98424092129829,0,-0.00329528656053373,-0.00695730475580536,0.00194631053449679,0,0.00233314842928919,0.00492595237619171,-0.00137803838393188,0,-0.00566846630840112,-0.0119677748448002,0.00334799280360409,0,0.00800161473769031,0.0168937272209919,-0.00472603118753598,0,-0.169496361299567,-0.357855931160698,0.100110429698959,0,0.380011327542158,-1.19427590837037e-05,0.279987266472956,0.378818311723144,0.00123641401620023,0.281317799737724,0.00119301581901399,-0.00124835677528394,-0.00133053326476812,0.00217990828969235
1000,19.98,10,-3.98842702986624e-06,1.6074840964285,-1.98231081715905,0,0.00308269131330684,1.61400097174196,-1.98413391727034,0,-0.0030866797403367,-0.00651687531345213,0.00182310011128806,0,0.000595251659606769,0.00125674873071206,-0.000351576275533909,0,-0.00905839353439239,-0.019124893468014,0.00535020139758324,0,0.00965364519399916,0.020381642198726,-0.00570177767311715,0,-0.115595070153687,-0.244054687370692,0.0682744576664627,0,0.380001437624571,-1.5156080052179e-06,0.279998384043763,0.378884177156406,0.00116798666145867,0.28124489286878,0.00111726046816418,-0.00116950226946389,-0.00124650882501648,0.00204200655308635
1001,20,10,0,1.60749251715363,-1.98231317286238,0,0.00285528541455752,1.61352085199765,-1.98399960345932,0,-0.00285528541455752,-0.00602833484401599,0.00168643059693374,0,0,0,-0,0,-0.0113702949374661,-0.0240059872154277,0.00671569055091246,0,0.0113702949374661,0.0240059872154277,-0.00671569055091246,0,-0.0581226427064305,-0.122713740093045,0.0343292486751249,0,0.38,0,0.28,0.378966807589268,0.00108206133887019,0.281153338499101,0.00103319241073152,-0.00108206133887019,-0.00115333849910115,0.00188905611144287
1002,20.02,11,0,1.60749251715363,-1.98231317286238,0,0.00260463045872563,1.6129916467573,-1.98385155794883,0,-0.00260463045872563,-0.00549912960367016,0.00153838508644544,0,0,0,0,0,-0.0125327477915947,-0.0264602620172886,0.00740227552441494,0,0.0125327477915947,0.0264602620172886,-0.00740227552441494,0,-0.00980809004066996,-0.0207077200212448,0.00579299815624484,0,0.38,0,0.28,0.379057827347877,0.000987307795394534,0.281052372324256,0.000942172652122764,-0.000987307795394534,-0.00105237232425553,0.00172335530234304
1003,20.04,11,0,1.60749251715363,-1.98231317286238,0,0.00235005226687748,1.61245415842895,-1.98370119523908,0,-0.00235005226687748,-0.00496164127531595,0.00138802237669466,0,0,0,0,0,-0.0127289095924081,-0.0268744164177135,0.00751813548753984,0,0.0127289095924081,0.0268744164177135,-0.00751813548753984,0,0.0195729651604135,0.0413242008226737,-0.0115604720813303,0,0.38,0,0.28,0.379150208928534,0.000891024448280641,0.280949770398644,0.000849791071466433,-0.000891024448280641,-0.000949770398643635,0.00155503480434284
1004,20.06,11,0,1.60749251715363,-1.98231317286238,0,0.00210330326109349,1.61193319978092,-1.98355545671816,0,-0.00210330326109349,-0.00444068262729069,0.0012422838557764,0,0,0,0,0,-0.0123374502891998,-0.02604793240126,0.00728692604591324,0,0.0123374502891998,0.02604793240126,-0.00728692604591324,0,0.0364186796746474,0.0768903852961307,-0.0215101353406242,0,0.38,0,0.28,0.379239688987922,0.000797657250832601,0.280850270547173,0.000760311012078019,-0.000797657250832601,-0.000850270547173071,0.00139186562867359
1005,20.08,11,0,1.60749251715363,-1.98231317286238,0,0.00187112172717935,1.61144299728701,-1.98341832225138,0,-0.00187112172717935,-0.00395048013338406,0.00110514938899442,0,0,0,0,0,-0.0116090766957069,-0.0245101246953374,0.00685672333910076,0,0.0116090766957069,0.0245101246953374,-0.00685672333910076,0,0.045069361196202,0.0951544805683424,-0.0266195278825732,0,0.38,0,0.28,0.379323831968978,0.000709761891949241,0.280756597028145,0.000676168031022051,-0.000709761891949241,-0.000756597028144568,0.00123830699442295
1006,20.1,11,0,1.60749251715363,-1.98231317286238,0,0.00165696793774367,1.61099085658534,-1.98329183559575,0,-0.00165696793774367,-0.00349833943170452,0.000978662733365443,0,0,0,0,0,-0.0107076894717827,-0.0226070350839703,0.00632433278144921,0,0.0107076894717827,0.0226070350839703,-0.00632433278144921,0,0.0484569956612871,0.102306758508953,-0.02862038229244,0,0.38,0,0.28,0.379401394879081,0.000628656522184418,0.280670155628153,0.000598605120919027,-0.000628656522184418,-0.000670155628153257,0.00109665203215103
1007,20.12,11,0,1.60749251715363,-1.98231317286238,0,0.00146219694657253,1.61057963858706,-1.98317679709304,0,-0.00146219694657253,-0.00308712143342871,0.000863624230653448,0,0,0,0,0,-0.00973854955855697,-0.0205608999137913,0.00575192513560043,0,0.00973854955855697,0.0205608999137913,-0.00575192513560043,0,0.0485512965138862,0.102505854932954,-0.0286760796466637,0,0.38,0,0.28,0.379471898654023,0.00055486304695813,0.280591503640156,0.000528101345977361,-0.00055486304695813,-0.000591503640155477,0.000967801936772158
1008,20.14,11,0,1.60749251715363,-1.98231317286238,0,0.00128684647400695,1.61020942293076,-1.98307322902218,0,-0.00128684647400695,-0.00271690577712613,0.000760056159800016,0,0,0,0,0,-0.00876752362827926,-0.0185107828151322,0.00517840354266716,0,0.00876752362827926,0.0185107828151322,-0.00517840354266716,0,0.0466658251648903,0.0985250785900309,-0.0275624548733417,0,0.38,0,0.28,0.379535340724986,0.000488403984567746,0.280520666063774,0.000464659275014323,-0.000488403984567746,-0.000520666063774433,0.000851786266597935
1009,20.16,11,0,1.60749251715363,-1.98231317286238,0,0.00113016233150732,1.60987861730589,-1.98298068593328,0,-0.00113016233150732,-0.0023861001522596,0.000667513070895964,0,0,0,0,0,-0.00783420712498148,-0.0165402812433316,0.00462715444520034,0,0.00783420712498148,0.0165402812433316,-0.00462715444520034,0,0.0436679093488972,0.0921956096406731,-0.0257917818144104,0,0.38,0,0.28,0.379592003778048,0.000429000766660844,0.280457346865599,0.000407996221951867,-0.000429000766660844,-0.000457346865599229,0.000748110105797287
1010,20.18,11,0,1.60749251715363,-1.98231317286238,0,0.000990945352747255,1.60958468992488,-1.9828984595571,0,-0.000990945352747255,-0.00209217277124929,0.000585286694717801,0,0,0,0,0,-0.00696084893800355,-0.0146963690505182,0.00411131880891214,0,0.00696084893800355,0.0146963690505182,-0.00411131880891214,0,0.0401224434853455,0.0847101038854352,-0.0236977067064627,0,0.38,0,0.28,0.379642329818203,0.000376204925580485,0.280401068770368,0.000357670181796998,-0.000376204925580485,-0.000401068770367718,0.000655983432368524
1011,20.2,11,0,1.60749251715363,-1.98231317286238,0,0.000867777351381325,1.60932464658542,-1.98282571226361,0,-0.000867777351381325,-0.00183212943179312,0.000512539401222201,0,0,0,0,0,-0.00615840006829666,-0.0130021669728095,0.0036373646747829,0,0.00615840006829666,0.0130021669728095,-0.0036373646747829,0,0.0363902662278007,0.0768303962768792,-0.0214933533734379,0,0.38,0,0.28,0.379686838394587,0.000329483721680944,0.280351264526362,0.000313161605412948,-0.000329483721680944,-0.000351264526361916,0.000574470609724991
1012,20.22,11,0,1.60749251715363,-1.98231317286238,0,0.000759165456506514,1.60909533540448,-1.98276156231146,0,-0.000759165456506514,-0.00160281825084763,0.000448389449075881,0,0,0,0,0,-0.00543059474374066,-0.011465559047272,0.00320749760731415,0,0.00543059474374066,0.011465559047272,-0.00320749760731415,0,0.0326953492241618,0.0690293558606772,-0.0193110072386949,0,0.38,0,0.28,0.379726074546321,0.000288274974111102,0.280307335362836,0.00027392545367888,-0.000288274974111102,-0.000307335362835781,0.000502585952968583
1013,20.24,11,0,1.60749251715363,-1.98231317286238,0,0.000663631701321367,1.60889363596588,-1.98270513676221,0,-0.000663631701321367,-0.00140111881224647,0.000391963899825098,0,0,0,0,0,-0.00477668775925744,-0.0100849719300585,0.00282127746254026,0,0.00477668775925744,0.0100849719300585,-0.00282127746254026,0,0.029170585053012,0.0615875573765224,-0.0172291592682954,0,0.38,0,0.28,0.379760576628264,0.000252021194559902,0.280268687393709,0.000239423371735603,-0.000252021194559902,-0.0002686873937085,0.000439353102843842
1014,20.26,11,0,1.60749251715363,-1.98231317286238,0,0.000579766180157412,1.60871657155023,-1.98265560287667,0,-0.000579766180157412,-0.00122405439659579,0.000342430014281581,0,0,0,0,0,-0.00419327605819711,-0.00885322078252784,0.0024766942771743,0,0.00419327605819711,0.00885322078252784,-0.0024766942771743,0,0.0258889031482009,0.0546589759909781,-0.0152908841153279,0,0.38,0,0.28,0.379790857327317,0.000220189919282094,0.280234753311345,0.000209142672682572,-0.000220189919282094,-0.00023475331134476,0.000383840299183911
1015,20.28,11,0,1.60749251715363,-1.98231317286238,0,0.000506256220252752,1.60856137072497,-1.98261218534477,0,-0.000506256220252752,-0.00106885357134168,0.000299012482384287,0,0,0,0,0,-0.0036754979952331,-0.0077600412627083,0.00217087659486775,0,0.0036754979952331,0.0077600412627083,-0.00217087659486775,0,0.0228843378793868,0.0483154681199983,-0.0135162836589263,0,0.38,0,0.28,0.379817393335621,0.00019228493436359,0.280205004371858,0.000182606664379414,-0.00019228493436359,-0.000205004371857775,0.000335179776149736
1016,20.3,11,0,1.60749251715363,-1.98231317286238,0,0.000441899995499846,1.60842549608697,-1.98257417432634,0,-0.000441899995499846,-0.000932978933335438,0.000261001463950583,0,0,0,0,0,-0.00321781123764537,-0.00679373190030835,0.00190055092168923,0,0.00321781123764537,0.00679373190030835,-0.00190055092168923,0,0.0201662252029229,0.0425767446726233,-0.0119108720387262,0,0.38,0,0.28,0.379840620619537,0.000167851579468205,0.280178956065868,0.000159379380462621,-0.000167851579468205,-0.000178956065867653,0.000292576850002607
1017,20.32,11,0,1.60749251715363,-1.98231317286238,0,0.000385610260828108,1.60830665214683,-1.98254092765672,0,-0.000385610260828108,-0.000814134993198268,0.000227754794332347,0,0,0,0,0,-0.00281448673358692,-0.00594219700685591,0.00166233348091471,0,0.00281448673358692,0.00594219700685591,-0.00166233348091471,0,0.0177287085889276,0.0374304408172913,-0.0104711901850595,0,0.38,0,0.28,0.379860933227589,0.000146478280800509,0.280156169766895,0.000139066772410934,-0.000146478280800509,-0.000156169766895087,0.000255312455683488
1018,20.34,11,0,1.60749251715363,-1.98231317286238,0,0.000336412009591942,1.60820278038302,-1.98251186946317,0,-0.000336412009591942,-0.000710263229388053,0.000198696600788084,0,0,0,0,0,-0.00245991256180838,-0.00519358819051009,0.00145290967721352,0,0.00245991256180838,0.00519358819051009,-0.00145290967721352,0,0.0155570502769734,0.0328454408713966,-0.00918853346546203,0,0.38,0,0.28,0.379878684264167,0.000127795756395463,0.280136251895777,0.00012131573583346,-0.000127795756395463,-0.000136251895776984,0.000222741649038352
1019,20.36,11,0,1.60749251715363,-1.98231317286238,0,0.000293436578466564,1.60811204679556,-1.98248648668301,0,-0.000293436578466564,-0.000619529641926464,0.000173313820629906,0,0,0,0,0,-0.00214877155626892,-0.00453667937308218,0.00126913900790429,0,0.00214877155626892,0.00453667937308218,-0.00126913900790429,0,0.0136317732787219,0.0287806232689971,-0.00805139809509515,0,0.38,0,0.28,0.379894188120153,0.000111474853940826,0.28011885162496,0.000105811879847262,-0.000111474853940826,-0.000118851624960392,0.000194289746856764
1020,20.38,11,0,1.60749251715363,-1.98231317286238,0,0.000255913856652675,1.6080328254574,-1.98246432446209,0,-0.000255913856652675,-0.000540308303772497,0.000151151599709909,0,0,0,0,0,-0.00187613609069448,-0.00396106690770225,0.00110811104600239,0,0.00187613609069448,0.00396106690770225,-0.00110811104600239,0,0.0119313361486221,0.0251905077767953,-0.00704706094905683,0,0.38,0,0.28,0.379907723365977,9.7223652781179e-05,0.280103657796376,9.22766340228365e-05,-9.7223652781179e-05,-0.000103657796376111,0.000169447202975591
1021,20.4,11,0,1.60749251715363,-1.98231317286238,0,0.000223163669298235,1.60796368032236,-1.98244498106555,0,-0.000223163669298235,-0.000471163168729083,0.000131808203169381,0,0,0,0,0,-0.00163750936772205,-0.00345725675216635,0.000967169827021252,0,0.00163750936772205,0.00345725675216635,-0.000967169827021252,0,0.0104338204246174,0.0220288181704187,-0.00616257622348692,0,0.38,0,0.28,0.379919535924679,8.47842390825096e-05,0.280090395489234,8.04640753211405e-05,-8.47842390825096e-05,-9.0395489233952e-05,0.000147763930266936
1022,20.42,11,0,1.60749251715363,-1.98231317286238,0,0.000194587010113637,1.60790334671458,-1.9824281026995,0,-0.000194587010113637,-0.000410829560953951,0.00011492983711836,0,0,0,0,0,-0.00142883295922967,-0.00301668038875791,0.000843918302551495,0,0.00142883295922967,0.00301668038875791,-0.000843918302551495,0,0.00911795817322958,0.019250651679763,-0.00538538233919385,0,0.38,0,0.28,0.379929842284835,7.39294129962422e-05,0.280078822513998,7.015771516522e-05,-7.39294129962422e-05,-7.88225139981003e-05,0.000128843516779673
1023,20.44,11,0,1.60749251715363,-1.98231317286238,0,0.000169657534198336,1.60785071336748,-1.98241337848639,0,-0.000169657534198336,-0.000358196213850803,0.000100205624002925,0,0,0,0,0,-0.00124647379576508,-0.00263166735516266,0.00073621065576762,0,0.00124647379576508,0.00263166735516266,-0.00073621065576762,0,0.00796372249546793,0.0168137257181728,-0.00470365071505992,0,0.38,0,0.28,0.37993883260803,6.44594861049332e-05,0.280068726001557,6.11673919702627e-05,-6.44594861049332e-05,-6.87260015573843e-05,0.000112337609372024
1024,20.46,11,0,1.60749251715363,-1.98231317286238,0,0.000147913547281222,1.60780480551067,-1.98240053573356,0,-0.000147913547281222,-0.000312288357034785,8.73628711735019e-05,0,0,0,0,0,-0.00108719934585572,-0.00229539284079921,0.000642137641466423,0,0.00108719934585572,0.00229539284079921,-0.000642137641466423,0,0.00695263218899222,0.0146790211125057,-0.00410646571197828,0,0.38,0,0.28,0.379946673648132,5.61992606868464e-05,0.280059919185407,5.33263518682214e-05,-5.61992606868464e-05,-5.99191854064873e-05,9.79406222417363e-05
1025,20.48,11,0,1.60749251715363,-1.98231317286238,0,0.000128950613239705,1.60776476926229,-1.98238933556701,0,-0.000128950613239705,-0.000272252108663773,7.6162704629068e-05,0,0,0,0,0,-0.000948146702075882,-0.0020018124185491,0.00056000832722686,0,0.000948146702075882,0.0020018124185491,-0.00056000832722686,0,0.00606787271754712,0.0128110375046047,-0.00358389608163039,0,0.38,0,0.28,0.379953511440435,4.8995238574392e-05,0.280052238427958,4.6488559564517e-05,-4.8995238574392e-05,-5.22384279578181e-05,8.53848518699271e-05
1026,20.5,11,0,1.60749251715363,-1.98231317286238,0,0.000112414828285207,1.60772985742893,-1.9823795689589,0,-0.000112414828285207,-0.000237340275294651,6.63960965172627e-05,0,0,0,0,0,-0.000826789247724942,-0.00174559166845701,0.000488330405594253,0,0.000826789247724942,0.00174559166845701,-0.000488330405594253,0,0.00529430212597817,0.0111778058396751,-0.00312699846015879,0,0.38,0,0.28,0.379959473744832,4.27130791762858e-05,0.280045540511993,4.05262551683716e-05,-4.27130791762858e-05,-4.55405119932362e-05,7.44360310823845e-05
1027,20.52,11,0,1.60749251715363,-1.98231317286238,0,9.79967641810994e-05,1.60769941671789,-1.98237105315017,0,-9.79967641810994e-05,-0.000206899564261454,5.78802877895246e-05,0,0,0,0,0,-0.000720903205205381,-0.00152203555166351,0.000425790436391079,0,0.000720903205205381,0.00152203555166351,-0.000425790436391079,0,0.00461838768599768,0.00975075460712491,-0.00272777994886912,0,0.38,0,0.28,0.37996467224343,3.72353085021829e-05,0.280039700199334,3.53277565697252e-05,-3.72353085021829e-05,-3.97001993343582e-05,6.48893243198777e-05
1028,20.54,11,0,1.60749251715363,-1.98231317286238,0,8.54260551513911e-05,1.6076728763087,-1.98236362845343,0,-8.54260551513911e-05,-0.000180359155071086,5.04555910412208e-05,0,0,0,0,0,-0.000628535451485429,-0.00132702045952102,0.000371234837413698,0,0.000628535451485429,0.00132702045952102,-0.000371234837413698,0,0.00402810351456948,0.00850449368331178,-0.00237913764415188,0,0.38,0,0.28,0.379969204502771,3.24592702986423e-05,0.280034608047342,3.07954972291746e-05,-3.24592702986423e-05,-3.46080473423438e-05,5.65657477521718e-05
1029,20.56,11,0,1.60749251715363,-1.98231317286238,0,7.44665875275105e-05,1.60764973769698,-1.98235715541174,0,-7.44665875275105e-05,-0.000157220543353986,4.3982549350563e-05,0,0,0,0,0,-0.000547973381194041,-0.00115693058585479,0.000323652084530661,0,0.000547973381194041,0.00115693058585479,-0.000323652084530661,0,0.00351280887112978,0.0074165573816971,-0.00207478675555692,0,0.38,0,0.28,0.379973155716167,2.82953043105441e-05,0.280030168467341,2.68442838326499e-05,-2.82953043105441e-05,-3.01684673413849e-05,4.93089874388267e-05
1030,20.58,11,0,1.60749251715363,-1.98231317286238,0,6.49122434520817e-05,1.60762956570822,-1.98235151228475,0,-6.49122434520817e-05,-0.000137048554589514,3.83394223621991e-05,0,0,0,0,0,-0.000477717203771447,-0.00100859943822085,0.000282156349419524,0,0.000477717203771447,0.00100859943822085,-0.000282156349419524,0,0.00306311973022077,0.00646713330546557,-0.00180918475217056,0,0.38,0,0.28,0.379976600244342,2.46651336157981e-05,0.280026298005774,2.33997556581267e-05,-2.46651336157981e-05,-2.62980057743611e-05,4.29825835525685e-05
1031,20.6,11,0,1.60749251715363,-1.98231317286238,0,5.658314726874e-05,1.60761198057278,-1.98234659283166,0,-5.658314726874e-05,-0.000119463419147259,3.34199692746395e-05,0,0,0,0,0,-0.000416454809167022,-0.000879256772111516,0.000245972654376107,0,0.000416454809167022,0.000879256772111516,-0.000245972654376107,0,0.00267078145646645,0.00563879352750445,-0.00157745616005818,0,0.38,0,0.28,0.379979602973333,2.15004418571031e-05,0.280022923827687,2.03970266666742e-05,-2.15004418571031e-05,-2.29238276868715e-05,3.74674468400112e-05
1032,20.62,11,0,1.60749251715363,-1.98231317286238,0,4.93223636679863e-05,1.60759665095475,-1.98234230436104,0,-4.93223636679863e-05,-0.000104133801116069,2.9131498651136e-05,0,0,0,0,0,-0.000363039180037695,-0.00076648090156143,0.000214423531174944,0,0.000363039180037695,0.00076648090156143,-0.000214423531174944,0,0.00232854723395526,0.00491623791962173,-0.00137532075838528,0,0.38,0,0.28,0.379982220508398,1.87416212824817e-05,0.280019982382222,1.77794916016438e-05,-1.87416212824817e-05,-1.99823822217837e-05,3.2659673745559e-05
1033,20.64,11,0,1.60749251715363,-1.98231317286238,0,4.29929989608146e-05,1.60758328783188,-1.98233856601872,0,-4.29929989608146e-05,-9.0770678252694e-05,2.53931563309884e-05,0,0,0,0,0,-0.00031646823535859,-0.000668156143168997,0.000186917116007239,0,0.00031646823535859,0.000668156143168997,-0.000186917116007239,0,0.00203006481109035,0.00428605503811054,-0.00119902668704594,0,0.38,0,0.28,0.379984502221713,1.63366733192093e-05,0.280017418230664,1.54977782865773e-05,-1.63366733192093e-05,-1.74182306640347e-05,2.84686281092713e-05
1034,20.66,11,0,1.60749251715363,-1.98231317286238,0,3.7475660178079e-05,1.60757163913104,-1.98233530728707,0,-3.7475660178079e-05,-7.91219774045615e-05,2.21344246855715e-05,0,0,0,0,0,-0.000275866939136784,-0.000582435042406788,0.00016293658226632,0,0.000275866939136784,0.000582435042406788,-0.00016293658226632,0,0.00176977276492778,0.00373650310767962,-0.00104528917676926,0,0.38,0,0.28,0.379986491170414,1.42402446220295e-05,0.280015183018867,1.35088295856178e-05,-1.42402446220295e-05,-1.51830188666047e-05,2.4815259530623e-05
1035,20.68,11,0,1.60749251715363,-1.98231317286238,0,3.26662305013145e-05,1.60756148503143,-1.9823324666711,0,-3.26662305013145e-05,-6.89678777994196e-05,1.92938087109074e-05,0,0,0,0,0,-0.000240471483838229,-0.000507704980253198,0.000142030798730936,0,0.000240471483838229,0.000507704980253198,-0.000142030798730936,0,0.00154280662663313,0.00325731182512199,-0.000911235103527978,0,0.38,0,0.28,0.379988224900096,1.2412782946787e-05,0.280013234577387,1.17750999037991e-05,-1.2412782946787e-05,-1.32345773871112e-05,2.16306309858019e-05
1036,20.7,11,0,1.60749251715363,-1.98231317286238,0,2.84739234752033e-05,1.60755263385655,-1.98232999054916,0,-2.84739234752033e-05,-6.01167029243843e-05,1.68176867776371e-05,0,0,0,0,0,-0.000209615351305567,-0.000442558743750759,0.000123806096660377,0,0.000209615351305567,0.000442558743750759,-0.000123806096660377,0,0.00134491467859102,0.00283950458257675,-0.000794353255443824,0,0.38,0,0.28,0.37998973614743,1.08197986713487e-05,0.280011536134231,1.02638525698584e-05,-1.08197986713487e-05,-1.15361342306053e-05,1.8854630886094e-05
1037,20.72,11,0,1.60749251715363,-1.98231317286238,0,2.48195823205284e-05,1.60754491848351,-1.98232783216853,0,-2.48195823205284e-05,-5.24013298823789e-05,1.4659306146525e-05,0,0,0,0,0,-0.000182717057733748,-0.000385768652099225,0.0001079190315515,0,0.000182717057733748,0.000385768652099225,-0.0001079190315515,0,0.00117238292262211,0.00247524005374662,-0.000692450016377508,0,0.38,0,0.28,0.379991053454134,9.43121923420576e-06,0.280010055626634,8.94654586630628e-06,-9.43121923420576e-06,-1.00556266344198e-05,1.64348473127203e-05
1038,20.74,11,0,1.60749251715363,-1.98231317286238,0,2.16341943349024e-05,1.60753819320649,-1.98232595076791,0,-2.16341943349024e-05,-4.56760528619871e-05,1.27779055221211e-05,0,0,0,0,0,-0.000159269399281306,-0.000336263851024294,9.40700312239505e-05,0,0.000159269399281306,0.000336263851024294,-9.40700312239505e-05,0,0.00102196855213588,0.00215767173428718,-0.0006036100722669,0,0.38,0,0.28,0.379992201703181,8.2208251386766e-06,0.280008765099797,7.79829681851751e-06,-8.2208251386766e-06,-8.7650997971922e-06,1.43255845844118e-05
1039,20.76,11,0,1.60749251715363,-1.98231317286238,0,1.88575937701302e-05,1.60753233099817,-1.98232431081131,0,-1.88575937701302e-05,-3.98138445352192e-05,1.11379489264873e-05,0,0,0,0,0,-0.000138830028238585,-0.000293110416338544,8.19978297786106e-05,0,0.000138830028238585,0.000293110416338544,-8.19978297786106e-05,0,0.000890841187758678,0.00188082387324896,-0.000526161702923479,0,0.38,0,0.28,0.379993202586907,7.16575745064409e-06,0.280007640181819,6.79741309289605e-06,-7.16575745064409e-06,-7.64018181942383e-06,1.24870045579711e-05
1040,20.78,11,0,1.60749251715363,-1.98231317286238,0,1.6437329680462e-05,1.60752722111939,-1.9823228813194,0,-1.6437329680462e-05,-3.47039657577763e-05,9.708457012092e-06,0,0,0,0,0,-0.000121013204483412,-0.000255493938873565,7.14745957201413e-05,0,0.000121013204483412,0.000255493938873565,-7.14745957201413e-05,0,0.000776531121622033,0.00163948220169368,-0.000458646213193626,0,0.38,0,0.28,0.379994075015508,6.24608788821467e-06,0.280006659625368,5.92498449192291e-06,-6.24608788821467e-06,-6.65962536794407e-06,1.08843771148464e-05
1041,20.8,11,0,1.60749251715363,-1.98231317286238,0,1.43276780394427e-05,1.60752276703349,-1.98232163528597,0,-1.43276780394427e-05,-3.02498798609996e-05,8.46242358298888e-06,0,0,0,0,0,-0.000105482582050972,-0.000222704294839693,6.2301671456269e-05,0,0.000105482582050972,0.000222704294839693,-6.2301671456269e-05,0,0.000676883837075165,0.00142909791069389,-0.000399791070826492,0,0.38,0,0.28,0.379994835473448,5.44444365968709e-06,0.280005804907704,5.16452655235922e-06,-5.44444365968709e-06,-5.80490770396569e-06,9.48742613805718e-06
1042,20.82,11,0,1.60749251715363,-1.98231317286238,0,1.24887799332533e-05,1.60751888458676,-1.98232054916897,0,-1.24887799332533e-05,-2.63674331284491e-05,7.37630658220745e-06,0,0,0,0,0,-9.19449053094685e-05,-0.000194122336625815,5.43058500397393e-05,0,9.19449053094685e-05,0.000194122336625815,-5.43058500397393e-05,0,0.000590020112864038,0.00124570341967139,-0.000348486342574041,0,0.38,0,0.28,0.379995498330337,4.74568015452123e-06,0.280005059881726,4.5016696633704e-06,-4.74568015452123e-06,-5.05988172561089e-06,8.26975894233303e-06
1043,20.84,11,0,1.60749251715363,-1.98231317286238,0,1.08858898722096e-05,1.60751550042139,-1.9823196024465,0,-1.08858898722096e-05,-2.29832677638431e-05,6.42958411845029e-06,0,0,0,0,0,-8.0144503052188e-05,-0.000169208268232388,4.73361231882586e-05,0,8.0144503052188e-05,0.000169208268232388,-4.73361231882586e-05,0,0.0005143010738228,0.00108583858826345,-0.000303764051920143,0,0.38,0,0.28,0.379996076112064,4.13659543659111e-06,0.280004410471575,3.9238879356307e-06,-4.13659543659111e-06,-4.41047157478947e-06,7.20836859833349e-06
1044,20.86,11,0,1.60749251715363,-1.98231317286238,0,9.48872024069498e-06,1.60751255059146,-1.98231877722966,0,-9.48872024069498e-06,-2.00334378344103e-05,5.60436727536917e-06,0,0,0,0,0,-6.98584815757322e-05,-0.000147491496467119,4.12608421498559e-05,0,6.98584815757322e-05,0.000147491496467119,-4.12608421498559e-05,0,0.000448297607445146,0.000946486145901363,-0.000264780115460201,0,0.38,0,0.28,0.379996579737232,3.60568123765575e-06,0.280003844407157,3.42026276783924e-06,-3.60568123765575e-06,-3.84440715694989e-06,6.28319989949847e-06
1045,20.88,11,0,1.60749251715363,-1.98231317286238,0,8.27086965215842e-06,1.60750997935599,-1.98231805792486,0,-8.27086965215842e-06,-1.74622023634274e-05,4.88506247853238e-06,0,0,0,0,0,-6.08925294268295e-05,-0.000128561773549093,3.5965239840652e-05,0,6.08925294268295e-05,0.000128561773549093,-3.5965239840652e-05,0,0.000390763623320748,0.000825015234639107,-0.000230798548959802,0,0.38,0,0.28,0.37999701872331,3.14290581014096e-06,0.280003350992627,2.9812766902948e-06,-3.14290581014096e-06,-3.35099262716021e-06,5.47677087550639e-06
1046,20.9,11,0,1.60749251715363,-1.98231317286238,0,7.20932451295015e-06,1.60750773812662,-1.98231743093949,0,-7.20932451295015e-06,-1.52209729862296e-05,4.25807710136006e-06,0,0,0,0,0,-5.30772569604147e-05,-0.000112061468856311,3.1349268861456e-05,0,5.30772569604147e-05,0.000112061468856311,-3.1349268861456e-05,0,0.000340612687913279,0.000719132078503255,-0.000201177667093115,0,0.38,0,0.28,0.379997401366378,2.73952458057545e-06,0.280002920904513,2.59863362189749e-06,-2.73952458057545e-06,-2.92090451342597e-06,4.7738427712887e-06
1047,20.92,11,0,1.60749251715363,-1.98231317286238,0,6.28402444890704e-06,1.60750578455007,-1.98231688442518,0,-6.28402444890704e-06,-1.32673964405861e-05,3.7115627908868e-06,0,0,0,0,0,-4.62650032021481e-05,-9.76788272862434e-05,2.73257155195931e-05,0,4.62650032021481e-05,9.76788272862434e-05,-2.73257155195931e-05,0,0.000296897619152257,0.000626836901666262,-0.000175358031303182,0,0.38,0,0.28,0.379997734897833,2.38791505665871e-06,0.2800025460157,2.26510216677633e-06,-2.38791505665871e-06,-2.54601569960045e-06,4.1611323082022e-06
1048,20.94,11,0,1.60749251715363,-1.98231317286238,0,5.477483432525e-06,1.60750408170829,-1.98231640805408,0,-5.477483432525e-06,-1.15645546554521e-05,3.23519169298514e-06,0,0,0,0,0,-4.0327050819103e-05,-8.51420892529184e-05,2.38185548935295e-05,0,4.0327050819103e-05,8.51420892529184e-05,-2.38185548935295e-05,0,0.000258792673129561,0.000546386319513154,-0.000152851928572077,0,0.38,0,0.28,0.379998025620997,2.08143288975204e-06,0.280002219241962,1.97437900273378e-06,-2.08143288975204e-06,-2.21924196186496e-06,3.62706082197139e-06
1049,20.96,11,0,1.60749251715363,-1.98231317286238,0,4.77445948539477e-06,1.60750259742103,-1.98231599282375,0,-4.77445948539477e-06,-1.00802673981271e-05,2.8199613666402e-06,0,0,0,0,0,-3.51511973565119e-05,-7.42143628626556e-05,2.07615163220881e-05,0,3.51511973565119e-05,7.42143628626556e-05,-2.07615163220881e-05,0,0.000225577998590761,0.000476260517440405,-0.000133234189777741,0,0.38,0,0.28,0.379998279030211,1.81428638776327e-06,0.280001934408176,1.72096978862113e-06,-1.81428638776327e-06,-1.93440817636281e-06,3.16153556091799e-06
1050,20.98,11,0,1.60749251715363,-1.98231317286238,0,4.16166673770085e-06,1.60750130363798,-1.9823156308871,0,-4.16166673770085e-06,-8.78648434787799e-06,2.45802471621204e-06,0,0,0,0,0,-3.06396373846968e-05,-6.46891525138477e-05,1.80968325265333e-05,0,3.06396373846968e-05,6.46891525138477e-05,-1.80968325265333e-05,0,0.000196626073923851,0.000415134615489155,-0.000116134178909462,0,0.38,0,0.28,0.379998499914649,1.58142711748015e-06,0.280001686131681,1.50008535060309e-06,-1.58142711748015e-06,-1.68613168100018e-06,2.75575903022526e-06
1051,21,11,0,1.60749251715363,-1.98231317286238,0,3.62752441957647e-06,1.60750017590877,-1.98231531540412,0,-3.62752441957647e-06,-7.65875514385783e-06,2.1425417371379e-06,0,0,0,0,0,-2.67071159062199e-05,-5.63864602040647e-05,1.57741489483441e-05,0,2.67071159062199e-05,5.63864602040647e-05,-1.57741489483441e-05,0,0.000171389876166751,0.000361853689695512,-0.000101228805253092,0,0.38,0,0.28,0.379998692448816,1.37845453627125e-06,0.280001469720595,1.30755118421533e-06,-1.37845453627125e-06,-1.46972059494876e-06,2.40206278750707e-06
