sample,time_s,model_q1,model_q2,model_q3,model_q4,joint_1,joint_2,joint_3,joint_4,joint_5
1,0,0,1.60749251715363,-1.98231317286238,0,0,-1.60749251715363,1.98231317286238,-0.374820655708754,0
2,0.02,4.35765152085472e-06,1.60748558317868,-1.98231264179413,0,4.35765152085472e-06,-1.60748558317868,1.98231264179413,-0.374827058615449,0
3,0.04,3.43367332880766e-05,1.60743787991444,-1.98230898823474,0,3.43367332880766e-05,-1.60743787991444,1.98230898823474,-0.374871108320306,0
4,0.06,0.000114130691556264,1.60731091030589,-1.98229926372191,0,0.000114130691556264,-1.60731091030589,1.98229926372191,-0.374988353416016,0
5,0.08,0.000266404127265407,1.60706861002473,-1.98228070611414,0,0.000266404127265407,-1.60706861002473,1.98228070611414,-0.375212096089411,0
6,0.1,0.000512324646984943,1.6066772967875,-1.98225073570909,0,0.000512324646984943,-1.6066772967875,1.98225073570909,-0.37557343892159,0
7,0.12,0.00087159471385781,1.60610561967382,-1.98220695136186,0,0.00087159471385781,-1.60610561967382,1.98220695136186,-0.376101331688038,0
8,0.14,0.0013624834985445,1.60532450844457,-1.98214712660332,0,0.0013624834985445,-1.60532450844457,1.98214712660332,-0.376822618158749,0
9,0.16,0.00200185873016712,1.60430712286008,-1.98206920575843,0,0.00200185873016712,-1.60430712286008,1.98206920575843,-0.377762082898346,0
10,0.18,0.00280521854725344,1.60302880199835,-1.98197130006456,0,0.00280521854725344,-1.60302880199835,1.98197130006456,-0.378942498066206,0
11,0.2,0.00378672334868094,1.6014670135732,-1.98185168378978,0,0.00378672334868094,-1.6014670135732,1.98185168378978,-0.380384670216582,0
12,0.22,0.00495922764462087,1.5996013032525,-1.98170879035123,0,0.00495922764462087,-1.5996013032525,1.98170879035123,-0.382107487098721,0
13,0.24,0.00633431190748233,1.59741324397636,-1.98154120843336,0,0.00633431190748233,-1.59741324397636,1.98154120843336,-0.384127964456992,0
14,0.26,0.00792231442285629,1.5948863852753,-1.98134767810631,0,0.00792231442285629,-1.5948863852753,1.98134767810631,-0.386461292831003,0
15,0.28,0.00973236314045963,1.59200620258848,-1.9811270869442,0,0.00973236314045963,-1.59200620258848,1.9811270869442,-0.389120884355726,0
16,0.3,0.0117724075250793,1.58876004658185,-1.98087846614346,0,0.0117724075250793,-1.58876004658185,1.98087846614346,-0.392118419561615,0
17,0.32,0.0140492504075161,1.58513709246639,-1.98060098664113,0,0.0140492504075161,-1.58513709246639,1.98060098664113,-0.395463894174736,0
18,0.34,0.0165685798355292,1.58112828931629,-1.98029395523317,0,0.0165685798355292,-1.58112828931629,1.98029395523317,-0.399165665916879,0
19,0.36,0.0193350009247798,1.5767263093871,-1.97995681069279,0,0.0193350009247798,-1.5767263093871,1.97995681069279,-0.403230501305689,0
20,0.38,0.0223520677097752,1.57192549743402,-1.9795891198888,0,0.0223520677097752,-1.57192549743402,1.9795891198888,-0.407663622454781,0
21,0.4,0.0256223149948131,1.56672182002998,-1.97919057390384,0,0.0256223149948131,-1.56672182002998,1.97919057390384,-0.412468753873867,0
22,0.42,0.0291472902049254,1.56111281488392,-1.97876098415279,0,0.0291472902049254,-1.56111281488392,1.97876098415279,-0.417648169268876,0
23,0.44,0.0329275852368226,1.55509754015894,-1.97830027850102,0,0.0329275852368226,-1.55509754015894,1.97830027850102,-0.423202738342075,0
24,0.46,0.0369628683098373,1.54867652379054,-1.97780849738273,0,0.0369628683098373,-1.54867652379054,1.97780849738273,-0.429131973592193,0
25,0.48,0.0412519158168689,1.54185171280474,-1.97728578991929,0,0.0412519158168689,-1.54185171280474,1.97728578991929,-0.435434077114543,0
26,0.5,0.0457926441753271,1.53462642263635,-1.97673241003749,0,0.0457926441753271,-1.53462642263635,1.97673241003749,-0.442105987401141,0
27,0.52,0.0505821416780763,1.52700528644711,-1.97614871258794,0,0.0505821416780763,-1.52700528644711,1.97614871258794,-0.449143426140832,0
28,0.54,0.0556167003443794,1.51899420444392,-1.97553514946333,0,0.0556167003443794,-1.51899420444392,1.97553514946333,-0.45654094501941,0
29,0.56,0.0608918477708422,1.510600293197,-1.97489226571674,0,0.0608918477708422,-1.510600293197,1.97489226571674,-0.46429197251974,0
30,0.58,0.0664023789823572,1.50183183495813,-1.97422069568002,0,0.0664023789823572,-1.50183183495813,1.97422069568002,-0.472388860721881,0
31,0.6,0.0721423882830475,1.49269822697881,-1.97352115908202,0,0.0721423882830475,-1.49269822697881,1.97352115908202,-0.480822932103206,0
32,0.62,0.0781053011072115,1.48320993082844,-1.97279445716697,0,0.0781053011072115,-1.48320993082844,1.97279445716697,-0.489584526338527,0
33,0.64,0.0842839058702659,1.47337842171257,-1.97204146881279,0,0.0842839058702659,-1.47337842171257,1.97204146881279,-0.498663047100215,0
34,0.66,0.0906703858196909,1.46321613779104,-1.97126314664936,0,0.0906703858196909,-1.46321613779104,1.97126314664936,-0.508047008858321,0
35,0.68,0.0972563508859735,1.45273642949619,-1.97046051317689,0,0.0972563508859735,-1.45273642949619,1.97046051317689,-0.517724083680701,0
36,0.7,0.104032869533552,1.44195350885107,-1.96963465688421,0,0.104032869533552,-1.44195350885107,1.96963465688421,-0.527681148033138,0
37,0.72,0.110990500611759,1.43088239878763,-1.96878672836709,0,0.110990500611759,-1.43088239878763,1.96878672836709,-0.537904329579458,0
38,0.74,0.118119325205767,1.41953888246489,-1.96791793644656,0,0.118119325205767,-1.41953888246489,1.96791793644656,-0.548379053981662,0
39,0.76,0.125408978487533,1.40793945258717,-1.96702954428721,0,0.125408978487533,-1.40793945258717,1.96702954428721,-0.559090091700037,0
40,0.78,0.132848681566738,1.39610126072224,-1.96612286551553,0,0.132848681566738,-1.39610126072224,1.96612286551553,-0.570021604793289,0
41,0.8,0.140427273341738,1.38404206661957,-1.96519926033822,0,0.140427273341738,-1.38404206661957,1.96519926033822,-0.581157193718656,0
42,0.82,0.148133242350501,1.37178018752846,-1.9642601316605,0,0.148133242350501,-1.37178018752846,1.9642601316605,-0.592479944132035,0
43,0.84,0.155954758621558,1.35933444751631,-1.96330692120441,0,0.155954758621558,-1.35933444751631,1.96330692120441,-0.603972473688103,0
44,0.86,0.16387970552494,1.34672412678673,-1.96234110562717,0,0.16387970552494,-1.34672412678673,1.96234110562717,-0.615616978840438,0
45,0.88,0.171895711623129,1.33396891099781,-1.96136419263945,0,0.171895711623129,-1.33396891099781,1.96136419263945,-0.627395281641642,0
46,0.9,0.179990182521995,1.32108884058025,-1.96037771712372,0,0.179990182521995,-1.32108884058025,1.96037771712372,-0.639288876543463,0
47,0.92,0.188150332721746,1.30810426005562,-1.95938323725254,0,0.188150332721746,-1.30810426005562,1.95938323725254,-0.651278977196917,0
48,0.94,0.196363217467871,1.2950357673545,-1.95838233060691,0,0.196363217467871,-1.2950357673545,1.95838233060691,-0.66334656325241,0
49,0.96,0.204615764602078,1.28190416313467,-1.95737659029453,0,0.204615764602078,-1.28190416313467,1.95737659029453,-0.675472427159858,0
50,0.98,0.212894806413249,1.26873040009938,-1.9563676210682,0,0.212894806413249,-1.26873040009938,1.9563676210682,-0.687637220968814,0
51,1,0.221187111488372,1.25553553231545,-1.95535703544403,0,0.221187111488372,-1.25553553231545,1.95535703544403,-0.699821503128584,0
52,1.02,0.229479416563496,1.24234066453152,-1.95434644981987,0,0.229479416563496,-1.24234066453152,1.95434644981987,-0.712005785288355,0
53,1.04,0.237758458374666,1.22916690149622,-1.95333748059354,0,0.237758458374666,-1.22916690149622,1.95333748059354,-0.724170579097311,0
54,1.06,0.246011005508874,1.2160352972764,-1.95233174028116,0,0.246011005508874,-1.2160352972764,1.95233174028116,-0.736296443004759,0
55,1.08,0.254223890254999,1.20296680457528,-1.95133083363553,0,0.254223890254999,-1.20296680457528,1.95133083363553,-0.748364029060252,0
56,1.1,0.26238404045475,1.18998222405065,-1.95033635376435,0,0.26238404045475,-1.18998222405065,1.95033635376435,-0.760354129713706,0
57,1.12,0.270478511353616,1.17710215363309,-1.94934987824862,0,0.270478511353616,-1.17710215363309,1.94934987824862,-0.772247724615527,0
58,1.14,0.278494517451804,1.16434693784417,-1.9483729652609,0,0.278494517451804,-1.16434693784417,1.9483729652609,-0.784026027416731,0
59,1.16,0.286419464355187,1.15173661711459,-1.94740714968366,0,0.286419464355187,-1.15173661711459,1.94740714968366,-0.795670532569066,0
60,1.18,0.294240980626244,1.13929087710244,-1.94645393922757,0,0.294240980626244,-1.13929087710244,1.94645393922757,-0.807163062125134,0
61,1.2,0.301946949635007,1.12702899801133,-1.94551481054985,0,0.301946949635007,-1.12702899801133,1.94551481054985,-0.818485812538513,0
62,1.22,0.309525541410007,1.11496980390866,-1.94459120537254,0,0.309525541410007,-1.11496980390866,1.94459120537254,-0.82962140146388,0
63,1.24,0.316965244489212,1.10313161204373,-1.94368452660086,0,0.316965244489212,-1.10313161204373,1.94368452660086,-0.840552914557132,0
64,1.26,0.324254897770977,1.09153218216601,-1.94279613444151,0,0.324254897770977,-1.09153218216601,1.94279613444151,-0.851263952275507,0
65,1.28,0.331383722364986,1.08018866584327,-1.94192734252098,0,0.331383722364986,-1.08018866584327,1.94192734252098,-0.861738676677711,0
66,1.3,0.338341353443193,1.06911755577983,-1.94107941400386,0,0.338341353443193,-1.06911755577983,1.94107941400386,-0.871961858224031,0
67,1.32,0.345117872090772,1.05833463513471,-1.94025355771118,0,0.345117872090772,-1.05833463513471,1.94025355771118,-0.881918922576467,0
68,1.34,0.351703837157054,1.04785492683986,-1.93945092423871,0,0.351703837157054,-1.04785492683986,1.93945092423871,-0.891595997398848,0
69,1.36,0.358090317106479,1.03769264291833,-1.93867260207528,0,0.358090317106479,-1.03769264291833,1.93867260207528,-0.900979959156955,0
70,1.38,0.364268921869534,1.02786113380246,-1.9379196137211,0,0.364268921869534,-1.02786113380246,1.9379196137211,-0.910058479918642,0
71,1.4,0.370231834693697,1.01837283765209,-1.93719291180605,0,0.370231834693697,-1.01837283765209,1.93719291180605,-0.918820074153963,0
72,1.42,0.375971843994388,1.00923922967276,-1.93649337520805,0,0.375971843994388,-1.00923922967276,1.93649337520805,-0.927254145535288,0
73,1.44,0.381482375205903,1.0004707714339,-1.93582180517133,0,0.381482375205903,-1.0004707714339,1.93582180517133,-0.935351033737429,0
74,1.46,0.386757522632366,0.992076860186983,-1.93517892142474,0,0.386757522632366,-0.992076860186983,1.93517892142474,-0.943102061237759,0
75,1.48,0.391792081298669,0.984065778183789,-1.93456535830013,0,0.391792081298669,-0.984065778183789,1.93456535830013,-0.950499580116337,0
76,1.5,0.396581578801418,0.976444641994549,-1.93398166085058,0,0.396581578801418,-0.976444641994549,1.93398166085058,-0.957537018856028,0
77,1.52,0.401122307159876,0.969219351826155,-1.93342828096878,0,0.401122307159876,-0.969219351826155,1.93342828096878,-0.964208929142626,0
78,1.54,0.405411354666907,0.962394540840359,-1.93290557350533,0,0.405411354666907,-0.962394540840359,1.93290557350533,-0.970511032664975,0
79,1.56,0.409446637739922,0.955973524471955,-1.93241379238705,0,0.409446637739922,-0.955973524471955,1.93241379238705,-0.976440267915093,0
80,1.58,0.41322693277182,0.949958249746984,-1.93195308673528,0,0.41322693277182,-0.949958249746984,1.93195308673528,-0.981994836988293,0
81,1.6,0.416751907981932,0.944349244600924,-1.93152349698423,0,0.416751907981932,-0.944349244600924,1.93152349698423,-0.987174252383302,0
82,1.62,0.420022155266969,0.939145567196883,-1.93112495099927,0,0.420022155266969,-0.939145567196883,1.93112495099927,-0.991979383802387,0
83,1.64,0.423039222051965,0.934344755243795,-1.93075726019527,0,0.423039222051965,-0.934344755243795,1.93075726019527,-0.996412504951479,0
84,1.66,0.425805643141215,0.929942775314614,-1.9304201156549,0,0.425805643141215,-0.929942775314614,1.9304201156549,-1.00047734034029,0
85,1.68,0.428324972569228,0.925933972164507,-1.93011308424694,0,0.428324972569228,-0.925933972164507,1.93011308424694,-1.00417911208243,0
86,1.7,0.430601815451666,0.92231101804905,-1.9298356047446,0,0.430601815451666,-0.92231101804905,1.9298356047446,-1.00752458669555,0
87,1.72,0.432641859836285,0.919064862042422,-1.92958698394386,0,0.432641859836285,-0.919064862042422,1.92958698394386,-1.01052212190144,0
88,1.74,0.434451908553889,0.916184679355595,-1.92936639278176,0,0.434451908553889,-0.916184679355595,1.92936639278176,-1.01318171342617,0
89,1.76,0.436039911069263,0.913657820654536,-1.92917286245471,0,0.436039911069263,-0.913657820654536,1.92917286245471,-1.01551504180018,0
90,1.78,0.437414995332124,0.911469761378396,-1.92900528053684,0,0.437414995332124,-0.911469761378396,1.92900528053684,-1.01753551915845,0
91,1.8,0.438587499628064,0.909604051057699,-1.92886238709829,0,0.438587499628064,-0.909604051057699,1.92886238709829,-1.01925833604059,0
92,1.82,0.439569004429491,0.90804226263255,-1.92874277082351,0,0.439569004429491,-0.90804226263255,1.92874277082351,-1.02070050819096,0
93,1.84,0.440372364246578,0.906763941770818,-1.92864486512964,0,0.440372364246578,-0.906763941770818,1.92864486512964,-1.02188092335882,0
94,1.86,0.441011739478201,0.905746556186332,-1.92856694428475,0,0.441011739478201,-0.905746556186332,1.92856694428475,-1.02282038809842,0
95,1.88,0.441502628262887,0.904965444957082,-1.92850711952621,0,0.441502628262887,-0.904965444957082,1.92850711952621,-1.02354167456913,0
96,1.9,0.441861898329759,0.904393767843402,-1.92846333517898,0,0.441861898329759,-0.904393767843402,1.92846333517898,-1.02406956733558,0
97,1.92,0.44210781884948,0.904002454606169,-1.92843336477393,0,0.44210781884948,-0.904002454606169,1.92843336477393,-1.02443091016776,0
98,1.94,0.442260092285189,0.903760154325007,-1.92841480716616,0,0.442260092285189,-0.903760154325007,1.92841480716616,-1.02465465284115,0
99,1.96,0.442339886243456,0.903633184716466,-1.92840508265333,0,0.442339886243456,-0.903633184716466,1.92840508265333,-1.02477189793686,0
100,1.98,0.442369865325224,0.903585481452219,-1.92840142909394,0,0.442369865325224,-0.903585481452219,1.92840142909394,-1.02481594764172,0
101,2,0.442374222976745,0.903578547477269,-1.92840089802568,0,0.442374222976745,-0.903578547477269,1.92840089802568,-1.02482235054841,0
102,2.02,0.442374222976745,0.903578547477269,-1.92840089802568,5.91036e-07,0.442374222976745,-0.903578547477269,1.92840089802568,-1.02482235054841,5.91036e-07
103,2.04,0.442374222976745,0.903578547477269,-1.92840089802568,4.657152e-06,0.442374222976745,-0.903578547477269,1.92840089802568,-1.02482235054841,4.657152e-06
104,2.06,0.442374222976745,0.903578547477269,-1.92840089802568,1.5479748e-05,0.442374222976745,-0.903578547477269,1.92840089802568,-1.02482235054841,1.5479748e-05
105,2.08,0.442374222976745,0.903578547477269,-1.92840089802568,3.6132864e-05,0.442374222976745,-0.903578547477269,1.92840089802568,-1.02482235054841,3.6132864e-05
106,2.1,0.442374222976745,0.903578547477269,-1.92840089802568,6.94875e-05,0.442374222976745,-0.903578547477269,1.92840089802568,-1.02482235054841,6.94875e-05
107,2.12,0.442374222976745,0.903578547477269,-1.92840089802568,0.000118215936,0.442374222976745,-0.903578547477269,1.92840089802568,-1.02482235054841,0.000118215936
108,2.14,0.442374222976745,0.903578547477269,-1.92840089802568,0.000184796052,0.442374222976745,-0.903578547477269,1.92840089802568,-1.02482235054841,0.000184796052
109,2.16,0.442374222976745,0.903578547477269,-1.92840089802568,0.000271515648,0.442374222976745,-0.903578547477269,1.92840089802568,-1.02482235054841,0.000271515648
110,2.18,0.442374222976745,0.903578547477269,-1.92840089802568,0.000380476764,0.442374222976745,-0.903578547477269,1.92840089802568,-1.02482235054841,0.000380476764
111,2.2,0.442374222976745,0.903578547477269,-1.92840089802568,0.0005136,0.442374222976745,-0.903578547477269,1.92840089802568,-1.02482235054841,0.0005136
112,2.22,0.442374222976745,0.903578547477269,-1.92840089802568,0.000672628836,0.442374222976745,-0.903578547477269,1.92840089802568,-1.02482235054841,0.000672628836
113,2.24,0.442374222976745,0.903578547477269,-1.92840089802568,0.000859133952,0.442374222976745,-0.903578547477269,1.92840089802568,-1.02482235054841,0.000859133952
114,2.26,0.442374222976745,0.903578547477269,-1.92840089802568,0.001074517548,0.442374222976745,-0.903578547477269,1.92840089802568,-1.02482235054841,0.001074517548
115,2.28,0.442374222976745,0.903578547477269,-1.92840089802568,0.001320017664,0.442374222976745,-0.903578547477269,1.92840089802568,-1.02482235054841,0.001320017664
116,2.3,0.442374222976745,0.903578547477269,-1.92840089802568,0.0015967125,0.442374222976745,-0.903578547477269,1.92840089802568,-1.02482235054841,0.0015967125
117,2.32,0.442374222976745,0.903578547477269,-1.92840089802568,0.001905524736,0.442374222976745,-0.903578547477269,1.92840089802568,-1.02482235054841,0.001905524736
118,2.34,0.442374222976745,0.903578547477269,-1.92840089802568,0.002247225852,0.442374222976745,-0.903578547477269,1.92840089802568,-1.02482235054841,0.002247225852
119,2.36,0.442374222976745,0.903578547477269,-1.92840089802568,0.002622440448,0.442374222976745,-0.903578547477269,1.92840089802568,-1.02482235054841,0.002622440448
120,2.38,0.442374222976745,0.903578547477269,-1.92840089802568,0.003031650564,0.442374222976745,-0.903578547477269,1.92840089802568,-1.02482235054841,0.003031650564
121,2.4,0.442374222976745,0.903578547477269,-1.92840089802568,0.0034752,0.442374222976745,-0.903578547477269,1.92840089802568,-1.02482235054841,0.0034752
122,2.42,0.442374222976745,0.903578547477269,-1.92840089802568,0.003953298636,0.442374222976745,-0.903578547477269,1.92840089802568,-1.02482235054841,0.003953298636
123,2.44,0.442374222976745,0.903578547477269,-1.92840089802568,0.004466026752,0.442374222976745,-0.903578547477269,1.92840089802568,-1.02482235054841,0.004466026752
124,2.46,0.442374222976745,0.903578547477269,-1.92840089802568,0.005013339348,0.442374222976745,-0.903578547477269,1.92840089802568,-1.02482235054841,0.005013339348
125,2.48,0.442374222976745,0.903578547477269,-1.92840089802568,0.005595070464,0.442374222976745,-0.903578547477269,1.92840089802568,-1.02482235054841,0.005595070464
126,2.5,0.442374222976745,0.903578547477269,-1.92840089802568,0.0062109375,0.442374222976745,-0.903578547477269,1.92840089802568,-1.02482235054841,0.0062109375
127,2.52,0.442374222976745,0.903578547477269,-1.92840089802568,0.006860545536,0.442374222976745,-0.903578547477269,1.92840089802568,-1.02482235054841,0.006860545536
128,2.54,0.442374222976745,0.903578547477269,-1.92840089802568,0.007543391652,0.442374222976745,-0.903578547477269,1.92840089802568,-1.02482235054841,0.007543391652
129,2.56,0.442374222976745,0.903578547477269,-1.92840089802568,0.008258869248,0.442374222976745,-0.903578547477269,1.92840089802568,-1.02482235054841,0.008258869248
130,2.58,0.442374222976745,0.903578547477269,-1.92840089802568,0.009006272364,0.442374222976745,-0.903578547477269,1.92840089802568,-1.02482235054841,0.009006272364
131,2.6,0.442374222976745,0.903578547477269,-1.92840089802568,0.0097848,0.442374222976745,-0.903578547477269,1.92840089802568,-1.02482235054841,0.0097848
132,2.62,0.442374222976745,0.903578547477269,-1.92840089802568,0.010593560436,0.442374222976745,-0.903578547477269,1.92840089802568,-1.02482235054841,0.010593560436
133,2.64,0.442374222976745,0.903578547477269,-1.92840089802568,0.011431575552,0.442374222976745,-0.903578547477269,1.92840089802568,-1.02482235054841,0.011431575552
134,2.66,0.442374222976745,0.903578547477269,-1.92840089802568,0.012297785148,0.442374222976745,-0.903578547477269,1.92840089802568,-1.02482235054841,0.012297785148
135,2.68,0.442374222976745,0.903578547477269,-1.92840089802568,0.013191051264,0.442374222976745,-0.903578547477269,1.92840089802568,-1.02482235054841,0.013191051264
136,2.7,0.442374222976745,0.903578547477269,-1.92840089802568,0.0141101625,0.442374222976745,-0.903578547477269,1.92840089802568,-1.02482235054841,0.0141101625
137,2.72,0.442374222976745,0.903578547477269,-1.92840089802568,0.015053838336,0.442374222976745,-0.903578547477269,1.92840089802568,-1.02482235054841,0.015053838336
138,2.74,0.442374222976745,0.903578547477269,-1.92840089802568,0.016020733452,0.442374222976745,-0.903578547477269,1.92840089802568,-1.02482235054841,0.016020733452
139,2.76,0.442374222976745,0.903578547477269,-1.92840089802568,0.017009442048,0.442374222976745,-0.903578547477269,1.92840089802568,-1.02482235054841,0.017009442048
140,2.78,0.442374222976745,0.903578547477269,-1.92840089802568,0.018018502164,0.442374222976745,-0.903578547477269,1.92840089802568,-1.02482235054841,0.018018502164
141,2.8,0.442374222976745,0.903578547477269,-1.92840089802568,0.0190464,0.442374222976745,-0.903578547477269,1.92840089802568,-1.02482235054841,0.0190464
142,2.82,0.442374222976745,0.903578547477269,-1.92840089802568,0.020091574236,0.442374222976745,-0.903578547477269,1.92840089802568,-1.02482235054841,0.020091574236
143,2.84,0.442374222976745,0.903578547477269,-1.92840089802568,0.021152420352,0.442374222976745,-0.903578547477269,1.92840089802568,-1.02482235054841,0.021152420352
144,2.86,0.442374222976745,0.903578547477269,-1.92840089802568,0.022227294948,0.442374222976745,-0.903578547477269,1.92840089802568,-1.02482235054841,0.022227294948
145,2.88,0.442374222976745,0.903578547477269,-1.92840089802568,0.023314520064,0.442374222976745,-0.903578547477269,1.92840089802568,-1.02482235054841,0.023314520064
146,2.9,0.442374222976745,0.903578547477269,-1.92840089802568,0.0244123875,0.442374222976745,-0.903578547477269,1.92840089802568,-1.02482235054841,0.0244123875
147,2.92,0.442374222976745,0.903578547477269,-1.92840089802568,0.025519163136,0.442374222976745,-0.903578547477269,1.92840089802568,-1.02482235054841,0.025519163136
148,2.94,0.442374222976745,0.903578547477269,-1.92840089802568,0.026633091252,0.442374222976745,-0.903578547477269,1.92840089802568,-1.02482235054841,0.026633091252
149,2.96,0.442374222976745,0.903578547477269,-1.92840089802568,0.027752398848,0.442374222976745,-0.903578547477269,1.92840089802568,-1.02482235054841,0.027752398848
150,2.98,0.442374222976745,0.903578547477269,-1.92840089802568,0.028875299964,0.442374222976745,-0.903578547477269,1.92840089802568,-1.02482235054841,0.028875299964
151,3,0.442374222976745,0.903578547477269,-1.92840089802568,0.03,0.442374222976745,-0.903578547477269,1.92840089802568,-1.02482235054841,0.03
152,3.02,0.442374222976745,0.903578547477269,-1.92840089802568,0.031124700036,0.442374222976745,-0.903578547477269,1.92840089802568,-1.02482235054841,0.031124700036
153,3.04,0.442374222976745,0.903578547477269,-1.92840089802568,0.032247601152,0.442374222976745,-0.903578547477269,1.92840089802568,-1.02482235054841,0.032247601152
154,3.06,0.442374222976745,0.903578547477269,-1.92840089802568,0.033366908748,0.442374222976745,-0.903578547477269,1.92840089802568,-1.02482235054841,0.033366908748
155,3.08,0.442374222976745,0.903578547477269,-1.92840089802568,0.034480836864,0.442374222976745,-0.903578547477269,1.92840089802568,-1.02482235054841,0.034480836864
156,3.1,0.442374222976745,0.903578547477269,-1.92840089802568,0.0355876125,0.442374222976745,-0.903578547477269,1.92840089802568,-1.02482235054841,0.0355876125
157,3.12,0.442374222976745,0.903578547477269,-1.92840089802568,0.036685479936,0.442374222976745,-0.903578547477269,1.92840089802568,-1.02482235054841,0.036685479936
158,3.14,0.442374222976745,0.903578547477269,-1.92840089802568,0.037772705052,0.442374222976745,-0.903578547477269,1.92840089802568,-1.02482235054841,0.037772705052
159,3.16,0.442374222976745,0.903578547477269,-1.92840089802568,0.038847579648,0.442374222976745,-0.903578547477269,1.92840089802568,-1.02482235054841,0.038847579648
160,3.18,0.442374222976745,0.903578547477269,-1.92840089802568,0.039908425764,0.442374222976745,-0.903578547477269,1.92840089802568,-1.02482235054841,0.039908425764
161,3.2,0.442374222976745,0.903578547477269,-1.92840089802568,0.0409536,0.442374222976745,-0.903578547477269,1.92840089802568,-1.02482235054841,0.0409536
162,3.22,0.442374222976745,0.903578547477269,-1.92840089802568,0.041981497836,0.442374222976745,-0.903578547477269,1.92840089802568,-1.02482235054841,0.041981497836
163,3.24,0.442374222976745,0.903578547477269,-1.92840089802568,0.042990557952,0.442374222976745,-0.903578547477269,1.92840089802568,-1.02482235054841,0.042990557952
164,3.26,0.442374222976745,0.903578547477269,-1.92840089802568,0.043979266548,0.442374222976745,-0.903578547477269,1.92840089802568,-1.02482235054841,0.043979266548
165,3.28,0.442374222976745,0.903578547477269,-1.92840089802568,0.044946161664,0.442374222976745,-0.903578547477269,1.92840089802568,-1.02482235054841,0.044946161664
166,3.3,0.442374222976745,0.903578547477269,-1.92840089802568,0.0458898375,0.442374222976745,-0.903578547477269,1.92840089802568,-1.02482235054841,0.0458898375
167,3.32,0.442374222976745,0.903578547477269,-1.92840089802568,0.046808948736,0.442374222976745,-0.903578547477269,1.92840089802568,-1.02482235054841,0.046808948736
168,3.34,0.442374222976745,0.903578547477269,-1.92840089802568,0.047702214852,0.442374222976745,-0.903578547477269,1.92840089802568,-1.02482235054841,0.047702214852
169,3.36,0.442374222976745,0.903578547477269,-1.92840089802568,0.048568424448,0.442374222976745,-0.903578547477269,1.92840089802568,-1.02482235054841,0.048568424448
170,3.38,0.442374222976745,0.903578547477269,-1.92840089802568,0.049406439564,0.442374222976745,-0.903578547477269,1.92840089802568,-1.02482235054841,0.049406439564
171,3.4,0.442374222976745,0.903578547477269,-1.92840089802568,0.0502152,0.442374222976745,-0.903578547477269,1.92840089802568,-1.02482235054841,0.0502152
172,3.42,0.442374222976745,0.903578547477269,-1.92840089802568,0.050993727636,0.442374222976745,-0.903578547477269,1.92840089802568,-1.02482235054841,0.050993727636
173,3.44,0.442374222976745,0.903578547477269,-1.92840089802568,0.051741130752,0.442374222976745,-0.903578547477269,1.92840089802568,-1.02482235054841,0.051741130752
174,3.46,0.442374222976745,0.903578547477269,-1.92840089802568,0.052456608348,0.442374222976745,-0.903578547477269,1.92840089802568,-1.02482235054841,0.052456608348
175,3.48,0.442374222976745,0.903578547477269,-1.92840089802568,0.053139454464,0.442374222976745,-0.903578547477269,1.92840089802568,-1.02482235054841,0.053139454464
176,3.5,0.442374222976745,0.903578547477269,-1.92840089802568,0.0537890625,0.442374222976745,-0.903578547477269,1.92840089802568,-1.02482235054841,0.0537890625
177,3.52,0.442374222976745,0.903578547477269,-1.92840089802568,0.054404929536,0.442374222976745,-0.903578547477269,1.92840089802568,-1.02482235054841,0.054404929536
178,3.54,0.442374222976745,0.903578547477269,-1.92840089802568,0.054986660652,0.442374222976745,-0.903578547477269,1.92840089802568,-1.02482235054841,0.054986660652
179,3.56,0.442374222976745,0.903578547477269,-1.92840089802568,0.055533973248,0.442374222976745,-0.903578547477269,1.92840089802568,-1.02482235054841,0.055533973248
180,3.58,0.442374222976745,0.903578547477269,-1.92840089802568,0.056046701364,0.442374222976745,-0.903578547477269,1.92840089802568,-1.02482235054841,0.056046701364
181,3.6,0.442374222976745,0.903578547477269,-1.92840089802568,0.0565248,0.442374222976745,-0.903578547477269,1.92840089802568,-1.02482235054841,0.0565248
182,3.62,0.442374222976745,0.903578547477269,-1.92840089802568,0.056968349436,0.442374222976745,-0.903578547477269,1.92840089802568,-1.02482235054841,0.056968349436
183,3.64,0.442374222976745,0.903578547477269,-1.92840089802568,0.0573775595519999,0.442374222976745,-0.903578547477269,1.92840089802568,-1.02482235054841,0.0573775595519999
184,3.66,0.442374222976745,0.903578547477269,-1.92840089802568,0.057752774148,0.442374222976745,-0.903578547477269,1.92840089802568,-1.02482235054841,0.057752774148
185,3.68,0.442374222976745,0.903578547477269,-1.92840089802568,0.0580944752639999,0.442374222976745,-0.903578547477269,1.92840089802568,-1.02482235054841,0.0580944752639999
186,3.7,0.442374222976745,0.903578547477269,-1.92840089802568,0.0584032875,0.442374222976745,-0.903578547477269,1.92840089802568,-1.02482235054841,0.0584032875
187,3.72,0.442374222976745,0.903578547477269,-1.92840089802568,0.058679982336,0.442374222976745,-0.903578547477269,1.92840089802568,-1.02482235054841,0.058679982336
188,3.74,0.442374222976745,0.903578547477269,-1.92840089802568,0.058925482452,0.442374222976745,-0.903578547477269,1.92840089802568,-1.02482235054841,0.058925482452
189,3.76,0.442374222976745,0.903578547477269,-1.92840089802568,0.059140866048,0.442374222976745,-0.903578547477269,1.92840089802568,-1.02482235054841,0.059140866048
190,3.78,0.442374222976745,0.903578547477269,-1.92840089802568,0.0593273711639999,0.442374222976745,-0.903578547477269,1.92840089802568,-1.02482235054841,0.0593273711639999
191,3.8,0.442374222976745,0.903578547477269,-1.92840089802568,0.0594864,0.442374222976745,-0.903578547477269,1.92840089802568,-1.02482235054841,0.0594864
192,3.82,0.442374222976745,0.903578547477269,-1.92840089802568,0.059619523236,0.442374222976745,-0.903578547477269,1.92840089802568,-1.02482235054841,0.059619523236
193,3.84,0.442374222976745,0.903578547477269,-1.92840089802568,0.059728484352,0.442374222976745,-0.903578547477269,1.92840089802568,-1.02482235054841,0.059728484352
194,3.86,0.442374222976745,0.903578547477269,-1.92840089802568,0.0598152039480001,0.442374222976745,-0.903578547477269,1.92840089802568,-1.02482235054841,0.0598152039480001
195,3.88,0.442374222976745,0.903578547477269,-1.92840089802568,0.059881784064,0.442374222976745,-0.903578547477269,1.92840089802568,-1.02482235054841,0.059881784064
196,3.9,0.442374222976745,0.903578547477269,-1.92840089802568,0.0599305124999999,0.442374222976745,-0.903578547477269,1.92840089802568,-1.02482235054841,0.0599305124999999
197,3.92,0.442374222976745,0.903578547477269,-1.92840089802568,0.059963867136,0.442374222976745,-0.903578547477269,1.92840089802568,-1.02482235054841,0.059963867136
198,3.94,0.442374222976745,0.903578547477269,-1.92840089802568,0.059984520252,0.442374222976745,-0.903578547477269,1.92840089802568,-1.02482235054841,0.059984520252
199,3.96,0.442374222976745,0.903578547477269,-1.92840089802568,0.0599953428479999,0.442374222976745,-0.903578547477269,1.92840089802568,-1.02482235054841,0.0599953428479999
200,3.98,0.442374222976745,0.903578547477269,-1.92840089802568,0.059999408964,0.442374222976745,-0.903578547477269,1.92840089802568,-1.02482235054841,0.059999408964
201,4,0.442374222976745,0.903578547477269,-1.92840089802568,0.06,0.442374222976745,-0.903578547477269,1.92840089802568,-1.02482235054841,0.06
202,4.02,0.442374222976745,0.903578547477269,-1.92840089802568,0.059999408964,0.442374222976745,-0.903578547477269,1.92840089802568,-1.02482235054841,0.059999408964
203,4.04,0.442374222976745,0.903578547477269,-1.92840089802568,0.059995342848,0.442374222976745,-0.903578547477269,1.92840089802568,-1.02482235054841,0.059995342848
204,4.06,0.442374222976745,0.903578547477269,-1.92840089802568,0.059984520252,0.442374222976745,-0.903578547477269,1.92840089802568,-1.02482235054841,0.059984520252
205,4.08,0.442374222976745,0.903578547477269,-1.92840089802568,0.059963867136,0.442374222976745,-0.903578547477269,1.92840089802568,-1.02482235054841,0.059963867136
206,4.1,0.442374222976745,0.903578547477269,-1.92840089802568,0.0599305125,0.442374222976745,-0.903578547477269,1.92840089802568,-1.02482235054841,0.0599305125
207,4.12,0.442374222976745,0.903578547477269,-1.92840089802568,0.059881784064,0.442374222976745,-0.903578547477269,1.92840089802568,-1.02482235054841,0.059881784064
208,4.14,0.442374222976745,0.903578547477269,-1.92840089802568,0.059815203948,0.442374222976745,-0.903578547477269,1.92840089802568,-1.02482235054841,0.059815203948
209,4.16,0.442374222976745,0.903578547477269,-1.92840089802568,0.059728484352,0.442374222976745,-0.903578547477269,1.92840089802568,-1.02482235054841,0.059728484352
210,4.18,0.442374222976745,0.903578547477269,-1.92840089802568,0.059619523236,0.442374222976745,-0.903578547477269,1.92840089802568,-1.02482235054841,0.059619523236
211,4.2,0.442374222976745,0.903578547477269,-1.92840089802568,0.0594864,0.442374222976745,-0.903578547477269,1.92840089802568,-1.02482235054841,0.0594864
212,4.22,0.442374222976745,0.903578547477269,-1.92840089802568,0.059327371164,0.442374222976745,-0.903578547477269,1.92840089802568,-1.02482235054841,0.059327371164
213,4.24,0.442374222976745,0.903578547477269,-1.92840089802568,0.059140866048,0.442374222976745,-0.903578547477269,1.92840089802568,-1.02482235054841,0.059140866048
214,4.26,0.442374222976745,0.903578547477269,-1.92840089802568,0.058925482452,0.442374222976745,-0.903578547477269,1.92840089802568,-1.02482235054841,0.058925482452
215,4.28,0.442374222976745,0.903578547477269,-1.92840089802568,0.058679982336,0.442374222976745,-0.903578547477269,1.92840089802568,-1.02482235054841,0.058679982336
216,4.3,0.442374222976745,0.903578547477269,-1.92840089802568,0.0584032875,0.442374222976745,-0.903578547477269,1.92840089802568,-1.02482235054841,0.0584032875
217,4.32,0.442374222976745,0.903578547477269,-1.92840089802568,0.058094475264,0.442374222976745,-0.903578547477269,1.92840089802568,-1.02482235054841,0.058094475264
218,4.34,0.442374222976745,0.903578547477269,-1.92840089802568,0.057752774148,0.442374222976745,-0.903578547477269,1.92840089802568,-1.02482235054841,0.057752774148
219,4.36,0.442374222976745,0.903578547477269,-1.92840089802568,0.057377559552,0.442374222976745,-0.903578547477269,1.92840089802568,-1.02482235054841,0.057377559552
220,4.38,0.442374222976745,0.903578547477269,-1.92840089802568,0.056968349436,0.442374222976745,-0.903578547477269,1.92840089802568,-1.02482235054841,0.056968349436
221,4.4,0.442374222976745,0.903578547477269,-1.92840089802568,0.0565248,0.442374222976745,-0.903578547477269,1.92840089802568,-1.02482235054841,0.0565248
222,4.42,0.442374222976745,0.903578547477269,-1.92840089802568,0.056046701364,0.442374222976745,-0.903578547477269,1.92840089802568,-1.02482235054841,0.056046701364
223,4.44,0.442374222976745,0.903578547477269,-1.92840089802568,0.055533973248,0.442374222976745,-0.903578547477269,1.92840089802568,-1.02482235054841,0.055533973248
224,4.46,0.442374222976745,0.903578547477269,-1.92840089802568,0.054986660652,0.442374222976745,-0.903578547477269,1.92840089802568,-1.02482235054841,0.054986660652
225,4.48,0.442374222976745,0.903578547477269,-1.92840089802568,0.054404929536,0.442374222976745,-0.903578547477269,1.92840089802568,-1.02482235054841,0.054404929536
226,4.5,0.442374222976745,0.903578547477269,-1.92840089802568,0.0537890625,0.442374222976745,-0.903578547477269,1.92840089802568,-1.02482235054841,0.0537890625
227,4.52,0.442374222976745,0.903578547477269,-1.92840089802568,0.053139454464,0.442374222976745,-0.903578547477269,1.92840089802568,-1.02482235054841,0.053139454464
228,4.54,0.442374222976745,0.903578547477269,-1.92840089802568,0.052456608348,0.442374222976745,-0.903578547477269,1.92840089802568,-1.02482235054841,0.052456608348
229,4.56,0.442374222976745,0.903578547477269,-1.92840089802568,0.051741130752,0.442374222976745,-0.903578547477269,1.92840089802568,-1.02482235054841,0.051741130752
230,4.58,0.442374222976745,0.903578547477269,-1.92840089802568,0.050993727636,0.442374222976745,-0.903578547477269,1.92840089802568,-1.02482235054841,0.050993727636
231,4.6,0.442374222976745,0.903578547477269,-1.92840089802568,0.0502152,0.442374222976745,-0.903578547477269,1.92840089802568,-1.02482235054841,0.0502152
232,4.62,0.442374222976745,0.903578547477269,-1.92840089802568,0.049406439564,0.442374222976745,-0.903578547477269,1.92840089802568,-1.02482235054841,0.049406439564
233,4.64,0.442374222976745,0.903578547477269,-1.92840089802568,0.048568424448,0.442374222976745,-0.903578547477269,1.92840089802568,-1.02482235054841,0.048568424448
234,4.66,0.442374222976745,0.903578547477269,-1.92840089802568,0.047702214852,0.442374222976745,-0.903578547477269,1.92840089802568,-1.02482235054841,0.047702214852
235,4.68,0.442374222976745,0.903578547477269,-1.92840089802568,0.046808948736,0.442374222976745,-0.903578547477269,1.92840089802568,-1.02482235054841,0.046808948736
236,4.7,0.442374222976745,0.903578547477269,-1.92840089802568,0.0458898375,0.442374222976745,-0.903578547477269,1.92840089802568,-1.02482235054841,0.0458898375
237,4.72,0.442374222976745,0.903578547477269,-1.92840089802568,0.044946161664,0.442374222976745,-0.903578547477269,1.92840089802568,-1.02482235054841,0.044946161664
238,4.74,0.442374222976745,0.903578547477269,-1.92840089802568,0.043979266548,0.442374222976745,-0.903578547477269,1.92840089802568,-1.02482235054841,0.043979266548
239,4.76,0.442374222976745,0.903578547477269,-1.92840089802568,0.042990557952,0.442374222976745,-0.903578547477269,1.92840089802568,-1.02482235054841,0.042990557952
240,4.78,0.442374222976745,0.903578547477269,-1.92840089802568,0.041981497836,0.442374222976745,-0.903578547477269,1.92840089802568,-1.02482235054841,0.041981497836
241,4.8,0.442374222976745,0.903578547477269,-1.92840089802568,0.0409536,0.442374222976745,-0.903578547477269,1.92840089802568,-1.02482235054841,0.0409536
242,4.82,0.442374222976745,0.903578547477269,-1.92840089802568,0.039908425764,0.442374222976745,-0.903578547477269,1.92840089802568,-1.02482235054841,0.039908425764
243,4.84,0.442374222976745,0.903578547477269,-1.92840089802568,0.038847579648,0.442374222976745,-0.903578547477269,1.92840089802568,-1.02482235054841,0.038847579648
244,4.86,0.442374222976745,0.903578547477269,-1.92840089802568,0.037772705052,0.442374222976745,-0.903578547477269,1.92840089802568,-1.02482235054841,0.037772705052
245,4.88,0.442374222976745,0.903578547477269,-1.92840089802568,0.036685479936,0.442374222976745,-0.903578547477269,1.92840089802568,-1.02482235054841,0.036685479936
246,4.9,0.442374222976745,0.903578547477269,-1.92840089802568,0.0355876125,0.442374222976745,-0.903578547477269,1.92840089802568,-1.02482235054841,0.0355876125
247,4.92,0.442374222976745,0.903578547477269,-1.92840089802568,0.034480836864,0.442374222976745,-0.903578547477269,1.92840089802568,-1.02482235054841,0.034480836864
248,4.94,0.442374222976745,0.903578547477269,-1.92840089802568,0.033366908748,0.442374222976745,-0.903578547477269,1.92840089802568,-1.02482235054841,0.033366908748
249,4.96,0.442374222976745,0.903578547477269,-1.92840089802568,0.032247601152,0.442374222976745,-0.903578547477269,1.92840089802568,-1.02482235054841,0.032247601152
250,4.98,0.442374222976745,0.903578547477269,-1.92840089802568,0.031124700036,0.442374222976745,-0.903578547477269,1.92840089802568,-1.02482235054841,0.031124700036
251,5,0.442374222976745,0.903578547477269,-1.92840089802568,0.03,0.442374222976745,-0.903578547477269,1.92840089802568,-1.02482235054841,0.03
252,5.02,0.442374222976745,0.903578547477269,-1.92840089802568,0.028875299964,0.442374222976745,-0.903578547477269,1.92840089802568,-1.02482235054841,0.028875299964
253,5.04,0.442374222976745,0.903578547477269,-1.92840089802568,0.027752398848,0.442374222976745,-0.903578547477269,1.92840089802568,-1.02482235054841,0.027752398848
254,5.06,0.442374222976745,0.903578547477269,-1.92840089802568,0.026633091252,0.442374222976745,-0.903578547477269,1.92840089802568,-1.02482235054841,0.026633091252
255,5.08,0.442374222976745,0.903578547477269,-1.92840089802568,0.025519163136,0.442374222976745,-0.903578547477269,1.92840089802568,-1.02482235054841,0.025519163136
256,5.1,0.442374222976745,0.903578547477269,-1.92840089802568,0.0244123875,0.442374222976745,-0.903578547477269,1.92840089802568,-1.02482235054841,0.0244123875
257,5.12,0.442374222976745,0.903578547477269,-1.92840089802568,0.023314520064,0.442374222976745,-0.903578547477269,1.92840089802568,-1.02482235054841,0.023314520064
258,5.14,0.442374222976745,0.903578547477269,-1.92840089802568,0.022227294948,0.442374222976745,-0.903578547477269,1.92840089802568,-1.02482235054841,0.022227294948
259,5.16,0.442374222976745,0.903578547477269,-1.92840089802568,0.021152420352,0.442374222976745,-0.903578547477269,1.92840089802568,-1.02482235054841,0.021152420352
260,5.18,0.442374222976745,0.903578547477269,-1.92840089802568,0.020091574236,0.442374222976745,-0.903578547477269,1.92840089802568,-1.02482235054841,0.020091574236
261,5.2,0.442374222976745,0.903578547477269,-1.92840089802568,0.0190464,0.442374222976745,-0.903578547477269,1.92840089802568,-1.02482235054841,0.0190464
262,5.22,0.442374222976745,0.903578547477269,-1.92840089802568,0.018018502164,0.442374222976745,-0.903578547477269,1.92840089802568,-1.02482235054841,0.018018502164
263,5.24,0.442374222976745,0.903578547477269,-1.92840089802568,0.017009442048,0.442374222976745,-0.903578547477269,1.92840089802568,-1.02482235054841,0.017009442048
264,5.26,0.442374222976745,0.903578547477269,-1.92840089802568,0.016020733452,0.442374222976745,-0.903578547477269,1.92840089802568,-1.02482235054841,0.016020733452
265,5.28,0.442374222976745,0.903578547477269,-1.92840089802568,0.015053838336,0.442374222976745,-0.903578547477269,1.92840089802568,-1.02482235054841,0.015053838336
266,5.3,0.442374222976745,0.903578547477269,-1.92840089802568,0.0141101625,0.442374222976745,-0.903578547477269,1.92840089802568,-1.02482235054841,0.0141101625
267,5.32,0.442374222976745,0.903578547477269,-1.92840089802568,0.013191051264,0.442374222976745,-0.903578547477269,1.92840089802568,-1.02482235054841,0.013191051264
268,5.34,0.442374222976745,0.903578547477269,-1.92840089802568,0.012297785148,0.442374222976745,-0.903578547477269,1.92840089802568,-1.02482235054841,0.012297785148
269,5.36,0.442374222976745,0.903578547477269,-1.92840089802568,0.011431575552,0.442374222976745,-0.903578547477269,1.92840089802568,-1.02482235054841,0.011431575552
270,5.38,0.442374222976745,0.903578547477269,-1.92840089802568,0.010593560436,0.442374222976745,-0.903578547477269,1.92840089802568,-1.02482235054841,0.010593560436
271,5.4,0.442374222976745,0.903578547477269,-1.92840089802568,0.0097848,0.442374222976745,-0.903578547477269,1.92840089802568,-1.02482235054841,0.0097848
272,5.42,0.442374222976745,0.903578547477269,-1.92840089802568,0.00900627236399997,0.442374222976745,-0.903578547477269,1.92840089802568,-1.02482235054841,0.00900627236399997
273,5.44,0.442374222976745,0.903578547477269,-1.92840089802568,0.00825886924799998,0.442374222976745,-0.903578547477269,1.92840089802568,-1.02482235054841,0.00825886924799998
274,5.46,0.442374222976745,0.903578547477269,-1.92840089802568,0.00754339165199999,0.442374222976745,-0.903578547477269,1.92840089802568,-1.02482235054841,0.00754339165199999
275,5.48,0.442374222976745,0.903578547477269,-1.92840089802568,0.006860545536,0.442374222976745,-0.903578547477269,1.92840089802568,-1.02482235054841,0.006860545536
276,5.5,0.442374222976745,0.903578547477269,-1.92840089802568,0.0062109375,0.442374222976745,-0.903578547477269,1.92840089802568,-1.02482235054841,0.0062109375
277,5.52,0.442374222976745,0.903578547477269,-1.92840089802568,0.00559507046399996,0.442374222976745,-0.903578547477269,1.92840089802568,-1.02482235054841,0.00559507046399996
278,5.54,0.442374222976745,0.903578547477269,-1.92840089802568,0.00501333934800001,0.442374222976745,-0.903578547477269,1.92840089802568,-1.02482235054841,0.00501333934800001
279,5.56,0.442374222976745,0.903578547477269,-1.92840089802568,0.004466026752,0.442374222976745,-0.903578547477269,1.92840089802568,-1.02482235054841,0.004466026752
280,5.58,0.442374222976745,0.903578547477269,-1.92840089802568,0.00395329863599998,0.442374222976745,-0.903578547477269,1.92840089802568,-1.02482235054841,0.00395329863599998
281,5.6,0.442374222976745,0.903578547477269,-1.92840089802568,0.00347519999999997,0.442374222976745,-0.903578547477269,1.92840089802568,-1.02482235054841,0.00347519999999997
282,5.62,0.442374222976745,0.903578547477269,-1.92840089802568,0.00303165056400004,0.442374222976745,-0.903578547477269,1.92840089802568,-1.02482235054841,0.00303165056400004
283,5.64,0.442374222976745,0.903578547477269,-1.92840089802568,0.00262244044800006,0.442374222976745,-0.903578547477269,1.92840089802568,-1.02482235054841,0.00262244044800006
284,5.66,0.442374222976745,0.903578547477269,-1.92840089802568,0.00224722585200002,0.442374222976745,-0.903578547477269,1.92840089802568,-1.02482235054841,0.00224722585200002
285,5.68,0.442374222976745,0.903578547477269,-1.92840089802568,0.00190552473600005,0.442374222976745,-0.903578547477269,1.92840089802568,-1.02482235054841,0.00190552473600005
286,5.7,0.442374222976745,0.903578547477269,-1.92840089802568,0.00159671249999997,0.442374222976745,-0.903578547477269,1.92840089802568,-1.02482235054841,0.00159671249999997
287,5.72,0.442374222976745,0.903578547477269,-1.92840089802568,0.00132001766399999,0.442374222976745,-0.903578547477269,1.92840089802568,-1.02482235054841,0.00132001766399999
288,5.74,0.442374222976745,0.903578547477269,-1.92840089802568,0.00107451754799998,0.442374222976745,-0.903578547477269,1.92840089802568,-1.02482235054841,0.00107451754799998
289,5.76,0.442374222976745,0.903578547477269,-1.92840089802568,0.000859133951999949,0.442374222976745,-0.903578547477269,1.92840089802568,-1.02482235054841,0.000859133951999949
290,5.78,0.442374222976745,0.903578547477269,-1.92840089802568,0.000672628836000048,0.442374222976745,-0.903578547477269,1.92840089802568,-1.02482235054841,0.000672628836000048
291,5.8,0.442374222976745,0.903578547477269,-1.92840089802568,0.00051360000000001,0.442374222976745,-0.903578547477269,1.92840089802568,-1.02482235054841,0.00051360000000001
292,5.82,0.442374222976745,0.903578547477269,-1.92840089802568,0.000380476764,0.442374222976745,-0.903578547477269,1.92840089802568,-1.02482235054841,0.000380476764
293,5.84,0.442374222976745,0.903578547477269,-1.92840089802568,0.000271515648000022,0.442374222976745,-0.903578547477269,1.92840089802568,-1.02482235054841,0.000271515648000022
294,5.86,0.442374222976745,0.903578547477269,-1.92840089802568,0.000184796051999926,0.442374222976745,-0.903578547477269,1.92840089802568,-1.02482235054841,0.000184796051999926
295,5.88,0.442374222976745,0.903578547477269,-1.92840089802568,0.000118215936000039,0.442374222976745,-0.903578547477269,1.92840089802568,-1.02482235054841,0.000118215936000039
296,5.9,0.442374222976745,0.903578547477269,-1.92840089802568,6.94875000001038e-05,0.442374222976745,-0.903578547477269,1.92840089802568,-1.02482235054841,6.94875000001038e-05
297,5.92,0.442374222976745,0.903578547477269,-1.92840089802568,3.61328639999839e-05,0.442374222976745,-0.903578547477269,1.92840089802568,-1.02482235054841,3.61328639999839e-05
298,5.94,0.442374222976745,0.903578547477269,-1.92840089802568,1.5479748000008e-05,0.442374222976745,-0.903578547477269,1.92840089802568,-1.02482235054841,1.5479748000008e-05
299,5.96,0.442374222976745,0.903578547477269,-1.92840089802568,4.65715200014677e-06,0.442374222976745,-0.903578547477269,1.92840089802568,-1.02482235054841,4.65715200014677e-06
300,5.98,0.442374222976745,0.903578547477269,-1.92840089802568,5.91035999981948e-07,0.442374222976745,-0.903578547477269,1.92840089802568,-1.02482235054841,5.91035999981948e-07
301,6,0.442374222976745,0.903578547477269,-1.92840089802568,0,0.442374222976745,-0.903578547477269,1.92840089802568,-1.02482235054841,0
302,6.02,0.442365876898194,0.903577720227086,-1.92839926035458,0,0.442365876898194,-0.903577720227086,1.92839926035458,-1.02482154012749,0
303,6.04,0.442308458866919,0.903572029042105,-1.9283879937639,0,0.442308458866919,-0.903572029042105,1.9283879937639,-1.02481596472179,0
304,6.06,0.442155631904873,0.903556881073918,-1.92835800599197,0,0.442155631904873,-0.903556881073918,1.92835800599197,-1.02480112491806,0
305,6.08,0.441863987185337,0.903527973707874,-1.92830077934024,0,0.441863987185337,-0.903527973707874,1.92830077934024,-1.02477280563237,0
306,6.1,0.441392983029769,0.903481288516539,-1.92820835870318,0,0.441392983029769,-0.903481288516539,1.92820835870318,-1.02472707018664,0
307,6.12,0.440704883904647,0.903413085213162,-1.92807333959825,0,0.440704883904647,-0.903413085213162,1.92807333959825,-1.02466025438509,0
308,6.14,0.439764699418322,0.90331989560514,-1.92788885619581,0,0.439764699418322,-0.90331989560514,1.92788885619581,-1.02456896059067,0
309,6.16,0.43854012331786,0.903198517547476,-1.92764856934909,0,0.43854012331786,-0.903198517547476,1.92764856934909,-1.02445005180162,0
310,6.18,0.437001472485893,0.903046008896248,-1.92734665462409,0,0.437001472485893,-0.903046008896248,1.92734665462409,-1.02430064572784,0
311,6.2,0.435121625937464,0.902859681462071,-1.92697779032952,0,0.435121625937464,-0.902859681462071,1.92697779032952,-1.02411810886745,0
312,6.22,0.432875963816876,0.902637094963556,-1.92653714554677,0,0.432875963816876,-0.902637094963556,1.92653714554677,-1.02390005058321,0
313,6.24,0.430242306394539,0.902376050980782,-1.92602036815978,0,0.430242306394539,-0.902376050980782,1.92602036815978,-1.023644317179,0
314,6.26,0.427200853063815,0.90207458690875,-1.92542357288507,0,0.427200853063815,-0.90207458690875,1.92542357288507,-1.02334898597632,0
315,6.28,0.423734121337872,0.901730969910853,-1.92474332930156,0,0.423734121337872,-0.901730969910853,1.92474332930156,-1.02301235939071,0
316,6.3,0.41982688584652,0.901343690872338,-1.92397664988061,0,0.41982688584652,-0.901343690872338,1.92397664988061,-1.02263295900827,0
317,6.32,0.415466117333071,0.900911458353768,-1.92312097801589,0,0.415466117333071,-0.900911458353768,1.92312097801589,-1.02220951966212,0
318,6.34,0.410640921651177,0.900433192544485,-1.92217417605334,0,0.410640921651177,-0.900433192544485,1.92217417605334,-1.02174098350885,0
319,6.36,0.405342478761682,0.899908019216076,-1.92113451332109,0,0.405342478761682,-0.899908019216076,1.92113451332109,-1.02122649410502,0
320,6.38,0.399563981729467,0.899335263675835,-1.92000065415944,0,0.399563981729467,-0.899335263675835,1.92000065415944,-1.0206653904836,0
321,6.4,0.3933005757203,0.898714444720226,-1.91877164595071,0,0.3933005757203,-0.898714444720226,1.91877164595071,-1.02005720123049,0
322,6.42,0.386549296997679,0.898045268588346,-1.91744690714928,0,0.386549296997679,-0.898045268588346,1.91744690714928,-1.01940163856093,0
323,6.44,0.379309011919685,0.897327622915392,-1.91602621531143,0,0.379309011919685,-0.897327622915392,1.91602621531143,-1.01869859239604,0
324,6.46,0.371580355935824,0.89656157068612,-1.91450969512534,0,0.371580355935824,-0.89656157068612,1.91450969512534,-1.01794812443922,0
325,6.48,0.363365672583878,0.895747344188309,-1.912897806441,0,0.363365672583878,-0.895747344188309,1.912897806441,-1.01715046225269,0
326,6.5,0.354668952486751,0.894885338966226,-1.91119133230015,0,0.354668952486751,-0.894885338966226,1.91119133230015,-1.01630599333392,0
327,6.52,0.345495772349315,0.893976107774092,-1.90939136696619,0,0.345495772349315,-0.893976107774092,1.90939136696619,-1.01541525919209,0
328,6.54,0.335853233955261,0.893020354529539,-1.90749930395417,0,0.335853233955261,-0.893020354529539,1.90749930395417,-1.01447894942463,0
329,6.56,0.325749903163942,0.892018928267077,-1.90551682406067,0,0.325749903163942,-0.892018928267077,1.90551682406067,-1.01349789579359,0
330,6.58,0.315195748907222,0.89097281709156,-1.90344588339378,0,0.315195748907222,-0.89097281709156,1.90344588339378,-1.01247306630222,0
331,6.6,0.304202082186326,0.889883142131643,-1.90128870140299,0,0.304202082186326,-0.889883142131643,1.90128870140299,-1.01140555927135,0
332,6.62,0.292781495068683,0.888751151493252,-1.89904774890918,0,0.292781495068683,-0.888751151493252,1.89904774890918,-1.01029659741592,0
333,6.64,0.280947799684776,0.887578214213044,-1.89672573613449,0,0.280947799684776,-0.887578214213044,1.89672573613449,-1.00914752192144,0
334,6.66,0.268715967224989,0.88636581421187,-1.89432560073231,0,0.268715967224989,-0.88636581421187,1.89432560073231,-1.00795978652044,0
335,6.68,0.256102066936454,0.885115544248239,-1.8918504958172,0,0.256102066936454,-0.885115544248239,1.8918504958172,-1.00673495156896,0
336,6.7,0.243123205119897,0.883829099871784,-1.88930377799481,0,0.243123205119897,-0.883829099871784,1.88930377799481,-1.00547467812302,0
337,6.72,0.229797464126488,0.882508273376721,-1.88668899539182,0,0.229797464126488,-0.882508273376721,1.88668899539182,-1.0041807220151,0
338,6.74,0.216143841354686,0.881154947755315,-1.8840098756859,0,0.216143841354686,-0.881154947755315,1.8840098756859,-1.00285492793058,0
339,6.76,0.20218218824709,0.879771090651346,-1.8812703141356,0,0.20218218824709,-0.879771090651346,1.8812703141356,-1.00149922348426,0
340,6.78,0.18793314928728,0.878358748313564,-1.87847436161035,0,0.18793314928728,-0.878358748313564,1.87847436161035,-1.00011561329679,0
341,6.8,0.17341810099667,0.876920039549163,-1.87562621262032,0,0.17341810099667,-0.876920039549163,1.87562621262032,-0.998706173071154,0
342,6.82,0.158659090931353,0.875457149677237,-1.8727301933464,0,0.158659090931353,-0.875457149677237,1.8727301933464,-0.997273043669165,0
343,6.84,0.14367877667895,0.873972324482245,-1.86979074967015,0,0.14367877667895,-0.873972324482245,1.86979074967015,-0.995818425187902,0
344,6.86,0.128500364855452,0.872467864167478,-1.86681243520368,0,0.128500364855452,-0.872467864167478,1.86681243520368,-0.994344571036203,0
345,6.88,0.113147550102076,0.870946117308516,-1.86379989931964,0,0.113147550102076,-0.870946117308516,1.86379989931964,-0.992853782011128,0
346,6.9,0.0976444540821058,0.869409474806699,-1.86075787518113,0,0.0976444540821058,-0.869409474806699,1.86075787518113,-0.991348400374436,0
347,6.92,0.0820155644777402,0.867860363842583,-1.85769116777164,0,0.0820155644777402,-0.867860363842583,1.85769116777164,-0.989830803929056,0
348,6.94,0.0662856739869423,0.866301241829408,-1.85460464192496,0,0.0662856739869423,-0.866301241829408,1.85460464192496,-0.988303400095556,0
349,6.96,0.0504798193202863,0.864734590366562,-1.85150321035518,0,0.0504798193202863,-0.864734590366562,1.85150321035518,-0.986768619988618,0
350,6.98,0.0346232201978035,0.86316290919304,-1.84839182168655,0,0.0346232201978035,-0.86316290919304,1.84839182168655,-0.985228912493508,0
351,7,0.0187412183458308,0.861588710140912,-1.84527544848346,0,0.0187412183458308,-0.861588710140912,1.84527544848346,-0.983686738342547,0
352,7.02,0.00285921649385795,0.860014511088784,-1.84215907528037,0,0.00285921649385795,-0.860014511088784,1.84215907528037,-0.982144564191586,0
353,7.04,-0.0129973826286248,0.858442829915263,-1.83904768661174,0,-0.0129973826286248,-0.858442829915263,1.83904768661174,-0.980604856696476,0
354,7.06,-0.0288032372952811,0.856876178452416,-1.83594625504195,0,-0.0288032372952811,-0.856876178452416,1.83594625504195,-0.979070076589538,0
355,7.08,-0.044533127786079,0.855317056439242,-1.83285972919528,0,-0.044533127786079,-0.855317056439242,1.83285972919528,-0.977542672756039,0
356,7.1,-0.0601620173904445,0.853767945475126,-1.82979302178578,0,-0.0601620173904445,-0.853767945475126,1.82979302178578,-0.976025076310659,0
357,7.12,-0.0756651134104148,0.852231302973308,-1.82675099764728,0,-0.0756651134104148,-0.852231302973308,1.82675099764728,-0.974519694673967,0
358,7.14,-0.0910179281637908,0.850709556114347,-1.82373846176324,0,-0.0910179281637908,-0.850709556114347,1.82373846176324,-0.973028905648892,0
359,7.16,-0.106196339987288,0.84920509579958,-1.82076014729677,0,-0.106196339987288,-0.84920509579958,1.82076014729677,-0.971555051497192,0
360,7.18,-0.121176654239692,0.847720270604588,-1.81782070362052,0,-0.121176654239692,-0.847720270604588,1.81782070362052,-0.97010043301593,0
361,7.2,-0.135935664305008,0.846257380732662,-1.8149246843466,0,-0.135935664305008,-0.846257380732662,1.8149246843466,-0.968667303613941,0
362,7.22,-0.150450712595618,0.844818671968261,-1.81207653535657,0,-0.150450712595618,-0.844818671968261,1.81207653535657,-0.967257863388309,0
363,7.24,-0.164699751555428,0.843406329630479,-1.80928058283132,0,-0.164699751555428,-0.843406329630479,1.80928058283132,-0.965874253200837,0
364,7.26,-0.178661404663025,0.842022472526509,-1.80654102128102,0,-0.178661404663025,-0.842022472526509,1.80654102128102,-0.964518548754515,0
365,7.28,-0.192315027434827,0.840669146905104,-1.8038619015751,0,-0.192315027434827,-0.840669146905104,1.8038619015751,-0.963192754669997,0
366,7.3,-0.205640768428235,0.839348320410041,-1.80124711897211,0,-0.205640768428235,-0.839348320410041,1.80124711897211,-0.961898798562072,0
367,7.32,-0.218619630244792,0.838061876033586,-1.79870040114972,0,-0.218619630244792,-0.838061876033586,1.79870040114972,-0.960638525116134,0
368,7.34,-0.231233530533328,0.836811606069955,-1.79622529623461,0,-0.231233530533328,-0.836811606069955,1.79622529623461,-0.959413690164653,0
369,7.36,-0.243465362993115,0.83559920606878,-1.79382516083243,0,-0.243465362993115,-0.83559920606878,1.79382516083243,-0.958225954763652,0
370,7.38,-0.255299058377022,0.834426268788572,-1.79150314805774,0,-0.255299058377022,-0.834426268788572,1.79150314805774,-0.957076879269171,0
371,7.4,-0.266719645494665,0.833294278150182,-1.78926219556393,0,-0.266719645494665,-0.833294278150182,1.78926219556393,-0.955967917413746,0
372,7.42,-0.277713312215561,0.832204603190265,-1.78710501357314,0,-0.277713312215561,-0.832204603190265,1.78710501357314,-0.954900410382877,0
373,7.44,-0.28826746647228,0.831158492014747,-1.78503407290625,0,-0.28826746647228,-0.831158492014747,1.78503407290625,-0.953875580891503,0
374,7.46,-0.2983707972636,0.830157065752286,-1.78305159301275,0,-0.2983707972636,-0.830157065752286,1.78305159301275,-0.952894527260468,0
375,7.48,-0.308013335657654,0.829201312507732,-1.78115953000073,0,-0.308013335657654,-0.829201312507732,1.78115953000073,-0.951958217493,0
376,7.5,-0.317186515795089,0.828292081315598,-1.77935956466677,0,-0.317186515795089,-0.828292081315598,1.77935956466677,-0.951067483351176,0
377,7.52,-0.325883235892217,0.827430076093516,-1.77765309052592,0,-0.325883235892217,-0.827430076093516,1.77765309052592,-0.9502230144324,0
378,7.54,-0.334097919244162,0.826615849595705,-1.77604120184158,0,-0.334097919244162,-0.826615849595705,1.77604120184158,-0.949425352245871,0
379,7.56,-0.341826575228023,0.825849797366432,-1.77452468165549,0,-0.341826575228023,-0.825849797366432,1.77452468165549,-0.948674884289057,0
380,7.58,-0.349066860306018,0.825132151693478,-1.77310398981764,0,-0.349066860306018,-0.825132151693478,1.77310398981764,-0.947971838124163,0
381,7.6,-0.355818139028639,0.824462975561599,-1.77177925101621,0,-0.355818139028639,-0.824462975561599,1.77177925101621,-0.947316275454608,0
382,7.62,-0.362081545037805,0.82384215660599,-1.77055024280748,0,-0.362081545037805,-0.82384215660599,1.77055024280748,-0.946708086201493,0
383,7.64,-0.36786004207002,0.823269401065749,-1.76941638364583,0,-0.36786004207002,-0.823269401065749,1.76941638364583,-0.946146982580077,0
384,7.66,-0.373158484959516,0.82274422773734,-1.76837672091358,0,-0.373158484959516,-0.82274422773734,1.76837672091358,-0.945632493176243,0
385,7.68,-0.377983680641409,0.822265961928057,-1.76742991895103,0,-0.377983680641409,-0.822265961928057,1.76742991895103,-0.945163957022973,0
386,7.7,-0.382344449154859,0.821833729409486,-1.76657424708631,0,-0.382344449154859,-0.821833729409486,1.76657424708631,-0.944740517676822,0
387,7.72,-0.38625168464621,0.821446450370971,-1.76580756766536,0,-0.38625168464621,-0.821446450370971,1.76580756766536,-0.944361117294387,0
388,7.74,-0.389718416372154,0.821102833373075,-1.76512732408185,0,-0.389718416372154,-0.821102833373075,1.76512732408185,-0.944024490708778,0
389,7.76,-0.392759869702878,0.820801369301043,-1.76453052880713,0,-0.392759869702878,-0.820801369301043,1.76453052880713,-0.943729159506092,0
390,7.78,-0.395393527125213,0.820540325318268,-1.76401375142015,0,-0.395393527125213,-0.820540325318268,1.76401375142015,-0.943473426101886,0
391,7.8,-0.397639189245802,0.820317738819754,-1.7635731066374,0,-0.397639189245802,-0.820317738819754,1.7635731066374,-0.943255367817644,0
392,7.82,-0.399519035794231,0.820131411385576,-1.76320424234283,0,-0.399519035794231,-0.820131411385576,1.76320424234283,-0.943072830957255,0
393,7.84,-0.401057686626198,0.819978902734349,-1.76290232761783,0,-0.401057686626198,-0.819978902734349,1.76290232761783,-0.942923424883478,0
394,7.86,-0.402282262726661,0.819857524676685,-1.76266204077111,0,-0.402282262726661,-0.819857524676685,1.76266204077111,-0.942804516094422,0
395,7.88,-0.403222447212985,0.819764335068662,-1.76247755736867,0,-0.403222447212985,-0.819764335068662,1.76247755736867,-0.942713222300009,0
396,7.9,-0.403910546338106,0.819696131765286,-1.76234253826374,0,-0.403910546338106,-0.819696131765286,1.76234253826374,-0.942646406498452,0
397,7.92,-0.404381550493676,0.819649446573951,-1.76225011762668,0,-0.404381550493676,-0.819649446573951,1.76225011762668,-0.942600671052726,0
398,7.94,-0.404673195213211,0.819620539207906,-1.76219289097495,0,-0.404673195213211,-0.819620539207906,1.76219289097495,-0.942572351767039,0
399,7.96,-0.404826022175255,0.81960539123972,-1.76216290320302,0,-0.404826022175255,-0.81960539123972,1.76216290320302,-0.942557511963302,0
400,7.98,-0.404883440206533,0.819599700054739,-1.76215163661234,0,-0.404883440206533,-0.819599700054739,1.76215163661234,-0.942551936557603,0
401,8,-0.404891786285083,0.819598872804555,-1.76214999894124,0,-0.404891786285083,-0.819598872804555,1.76214999894124,-0.94255112613668,0
402,8.02,-0.404891786285083,0.819598872804555,-1.76214999894124,5.91036e-07,-0.404891786285083,-0.819598872804555,1.76214999894124,-0.94255112613668,5.91036e-07
403,8.04,-0.404891786285083,0.819598872804555,-1.76214999894124,4.657152e-06,-0.404891786285083,-0.819598872804555,1.76214999894124,-0.94255112613668,4.657152e-06
404,8.06,-0.404891786285083,0.819598872804555,-1.76214999894124,1.5479748e-05,-0.404891786285083,-0.819598872804555,1.76214999894124,-0.94255112613668,1.5479748e-05
405,8.08,-0.404891786285083,0.819598872804555,-1.76214999894124,3.6132864e-05,-0.404891786285083,-0.819598872804555,1.76214999894124,-0.94255112613668,3.6132864e-05
406,8.1,-0.404891786285083,0.819598872804555,-1.76214999894124,6.94875e-05,-0.404891786285083,-0.819598872804555,1.76214999894124,-0.94255112613668,6.94875e-05
407,8.12,-0.404891786285083,0.819598872804555,-1.76214999894124,0.000118215936,-0.404891786285083,-0.819598872804555,1.76214999894124,-0.94255112613668,0.000118215936
408,8.14,-0.404891786285083,0.819598872804555,-1.76214999894124,0.000184796052,-0.404891786285083,-0.819598872804555,1.76214999894124,-0.94255112613668,0.000184796052
409,8.16,-0.404891786285083,0.819598872804555,-1.76214999894124,0.000271515648,-0.404891786285083,-0.819598872804555,1.76214999894124,-0.94255112613668,0.000271515648
410,8.18,-0.404891786285083,0.819598872804555,-1.76214999894124,0.000380476764,-0.404891786285083,-0.819598872804555,1.76214999894124,-0.94255112613668,0.000380476764
411,8.2,-0.404891786285083,0.819598872804555,-1.76214999894124,0.0005136,-0.404891786285083,-0.819598872804555,1.76214999894124,-0.94255112613668,0.0005136
412,8.22,-0.404891786285083,0.819598872804555,-1.76214999894124,0.000672628836,-0.404891786285083,-0.819598872804555,1.76214999894124,-0.94255112613668,0.000672628836
413,8.24,-0.404891786285083,0.819598872804555,-1.76214999894124,0.000859133952,-0.404891786285083,-0.819598872804555,1.76214999894124,-0.94255112613668,0.000859133952
414,8.26,-0.404891786285083,0.819598872804555,-1.76214999894124,0.001074517548,-0.404891786285083,-0.819598872804555,1.76214999894124,-0.94255112613668,0.001074517548
415,8.28,-0.404891786285083,0.819598872804555,-1.76214999894124,0.001320017664,-0.404891786285083,-0.819598872804555,1.76214999894124,-0.94255112613668,0.001320017664
416,8.3,-0.404891786285083,0.819598872804555,-1.76214999894124,0.0015967125,-0.404891786285083,-0.819598872804555,1.76214999894124,-0.94255112613668,0.0015967125
417,8.32,-0.404891786285083,0.819598872804555,-1.76214999894124,0.001905524736,-0.404891786285083,-0.819598872804555,1.76214999894124,-0.94255112613668,0.001905524736
418,8.34,-0.404891786285083,0.819598872804555,-1.76214999894124,0.002247225852,-0.404891786285083,-0.819598872804555,1.76214999894124,-0.94255112613668,0.002247225852
419,8.36,-0.404891786285083,0.819598872804555,-1.76214999894124,0.002622440448,-0.404891786285083,-0.819598872804555,1.76214999894124,-0.94255112613668,0.002622440448
420,8.38,-0.404891786285083,0.819598872804555,-1.76214999894124,0.003031650564,-0.404891786285083,-0.819598872804555,1.76214999894124,-0.94255112613668,0.003031650564
421,8.4,-0.404891786285083,0.819598872804555,-1.76214999894124,0.0034752,-0.404891786285083,-0.819598872804555,1.76214999894124,-0.94255112613668,0.0034752
422,8.42,-0.404891786285083,0.819598872804555,-1.76214999894124,0.003953298636,-0.404891786285083,-0.819598872804555,1.76214999894124,-0.94255112613668,0.003953298636
423,8.44,-0.404891786285083,0.819598872804555,-1.76214999894124,0.004466026752,-0.404891786285083,-0.819598872804555,1.76214999894124,-0.94255112613668,0.004466026752
424,8.46,-0.404891786285083,0.819598872804555,-1.76214999894124,0.005013339348,-0.404891786285083,-0.819598872804555,1.76214999894124,-0.94255112613668,0.005013339348
425,8.48,-0.404891786285083,0.819598872804555,-1.76214999894124,0.005595070464,-0.404891786285083,-0.819598872804555,1.76214999894124,-0.94255112613668,0.005595070464
426,8.5,-0.404891786285083,0.819598872804555,-1.76214999894124,0.0062109375,-0.404891786285083,-0.819598872804555,1.76214999894124,-0.94255112613668,0.0062109375
427,8.52,-0.404891786285083,0.819598872804555,-1.76214999894124,0.006860545536,-0.404891786285083,-0.819598872804555,1.76214999894124,-0.94255112613668,0.006860545536
428,8.54,-0.404891786285083,0.819598872804555,-1.76214999894124,0.007543391652,-0.404891786285083,-0.819598872804555,1.76214999894124,-0.94255112613668,0.007543391652
429,8.56,-0.404891786285083,0.819598872804555,-1.76214999894124,0.008258869248,-0.404891786285083,-0.819598872804555,1.76214999894124,-0.94255112613668,0.008258869248
430,8.58,-0.404891786285083,0.819598872804555,-1.76214999894124,0.009006272364,-0.404891786285083,-0.819598872804555,1.76214999894124,-0.94255112613668,0.009006272364
431,8.6,-0.404891786285083,0.819598872804555,-1.76214999894124,0.0097848,-0.404891786285083,-0.819598872804555,1.76214999894124,-0.94255112613668,0.0097848
432,8.62,-0.404891786285083,0.819598872804555,-1.76214999894124,0.010593560436,-0.404891786285083,-0.819598872804555,1.76214999894124,-0.94255112613668,0.010593560436
433,8.64,-0.404891786285083,0.819598872804555,-1.76214999894124,0.011431575552,-0.404891786285083,-0.819598872804555,1.76214999894124,-0.94255112613668,0.011431575552
434,8.66,-0.404891786285083,0.819598872804555,-1.76214999894124,0.012297785148,-0.404891786285083,-0.819598872804555,1.76214999894124,-0.94255112613668,0.012297785148
435,8.68,-0.404891786285083,0.819598872804555,-1.76214999894124,0.013191051264,-0.404891786285083,-0.819598872804555,1.76214999894124,-0.94255112613668,0.013191051264
436,8.7,-0.404891786285083,0.819598872804555,-1.76214999894124,0.0141101625,-0.404891786285083,-0.819598872804555,1.76214999894124,-0.94255112613668,0.0141101625
437,8.72,-0.404891786285083,0.819598872804555,-1.76214999894124,0.015053838336,-0.404891786285083,-0.819598872804555,1.76214999894124,-0.94255112613668,0.015053838336
438,8.74,-0.404891786285083,0.819598872804555,-1.76214999894124,0.016020733452,-0.404891786285083,-0.819598872804555,1.76214999894124,-0.94255112613668,0.016020733452
439,8.76,-0.404891786285083,0.819598872804555,-1.76214999894124,0.017009442048,-0.404891786285083,-0.819598872804555,1.76214999894124,-0.94255112613668,0.017009442048
440,8.78,-0.404891786285083,0.819598872804555,-1.76214999894124,0.018018502164,-0.404891786285083,-0.819598872804555,1.76214999894124,-0.94255112613668,0.018018502164
441,8.8,-0.404891786285083,0.819598872804555,-1.76214999894124,0.0190464,-0.404891786285083,-0.819598872804555,1.76214999894124,-0.94255112613668,0.0190464
442,8.82,-0.404891786285083,0.819598872804555,-1.76214999894124,0.020091574236,-0.404891786285083,-0.819598872804555,1.76214999894124,-0.94255112613668,0.020091574236
443,8.84,-0.404891786285083,0.819598872804555,-1.76214999894124,0.021152420352,-0.404891786285083,-0.819598872804555,1.76214999894124,-0.94255112613668,0.021152420352
444,8.86,-0.404891786285083,0.819598872804555,-1.76214999894124,0.022227294948,-0.404891786285083,-0.819598872804555,1.76214999894124,-0.94255112613668,0.022227294948
445,8.88,-0.404891786285083,0.819598872804555,-1.76214999894124,0.023314520064,-0.404891786285083,-0.819598872804555,1.76214999894124,-0.94255112613668,0.023314520064
446,8.9,-0.404891786285083,0.819598872804555,-1.76214999894124,0.0244123875,-0.404891786285083,-0.819598872804555,1.76214999894124,-0.94255112613668,0.0244123875
447,8.92,-0.404891786285083,0.819598872804555,-1.76214999894124,0.025519163136,-0.404891786285083,-0.819598872804555,1.76214999894124,-0.94255112613668,0.025519163136
448,8.94,-0.404891786285083,0.819598872804555,-1.76214999894124,0.026633091252,-0.404891786285083,-0.819598872804555,1.76214999894124,-0.94255112613668,0.026633091252
449,8.96,-0.404891786285083,0.819598872804555,-1.76214999894124,0.027752398848,-0.404891786285083,-0.819598872804555,1.76214999894124,-0.94255112613668,0.027752398848
450,8.98,-0.404891786285083,0.819598872804555,-1.76214999894124,0.028875299964,-0.404891786285083,-0.819598872804555,1.76214999894124,-0.94255112613668,0.028875299964
451,9,-0.404891786285083,0.819598872804555,-1.76214999894124,0.03,-0.404891786285083,-0.819598872804555,1.76214999894124,-0.94255112613668,0.03
452,9.02,-0.404891786285083,0.819598872804555,-1.76214999894124,0.031124700036,-0.404891786285083,-0.819598872804555,1.76214999894124,-0.94255112613668,0.031124700036
453,9.04,-0.404891786285083,0.819598872804555,-1.76214999894124,0.032247601152,-0.404891786285083,-0.819598872804555,1.76214999894124,-0.94255112613668,0.032247601152
454,9.06,-0.404891786285083,0.819598872804555,-1.76214999894124,0.033366908748,-0.404891786285083,-0.819598872804555,1.76214999894124,-0.94255112613668,0.033366908748
455,9.08,-0.404891786285083,0.819598872804555,-1.76214999894124,0.034480836864,-0.404891786285083,-0.819598872804555,1.76214999894124,-0.94255112613668,0.034480836864
456,9.1,-0.404891786285083,0.819598872804555,-1.76214999894124,0.0355876125,-0.404891786285083,-0.819598872804555,1.76214999894124,-0.94255112613668,0.0355876125
457,9.12,-0.404891786285083,0.819598872804555,-1.76214999894124,0.036685479936,-0.404891786285083,-0.819598872804555,1.76214999894124,-0.94255112613668,0.036685479936
458,9.14,-0.404891786285083,0.819598872804555,-1.76214999894124,0.037772705052,-0.404891786285083,-0.819598872804555,1.76214999894124,-0.94255112613668,0.037772705052
459,9.16,-0.404891786285083,0.819598872804555,-1.76214999894124,0.038847579648,-0.404891786285083,-0.819598872804555,1.76214999894124,-0.94255112613668,0.038847579648
460,9.18,-0.404891786285083,0.819598872804555,-1.76214999894124,0.039908425764,-0.404891786285083,-0.819598872804555,1.76214999894124,-0.94255112613668,0.039908425764
461,9.2,-0.404891786285083,0.819598872804555,-1.76214999894124,0.0409536,-0.404891786285083,-0.819598872804555,1.76214999894124,-0.94255112613668,0.0409536
462,9.22,-0.404891786285083,0.819598872804555,-1.76214999894124,0.041981497836,-0.404891786285083,-0.819598872804555,1.76214999894124,-0.94255112613668,0.041981497836
463,9.24,-0.404891786285083,0.819598872804555,-1.76214999894124,0.042990557952,-0.404891786285083,-0.819598872804555,1.76214999894124,-0.94255112613668,0.042990557952
464,9.26,-0.404891786285083,0.819598872804555,-1.76214999894124,0.043979266548,-0.404891786285083,-0.819598872804555,1.76214999894124,-0.94255112613668,0.043979266548
465,9.28,-0.404891786285083,0.819598872804555,-1.76214999894124,0.044946161664,-0.404891786285083,-0.819598872804555,1.76214999894124,-0.94255112613668,0.044946161664
466,9.3,-0.404891786285083,0.819598872804555,-1.76214999894124,0.0458898375,-0.404891786285083,-0.819598872804555,1.76214999894124,-0.94255112613668,0.0458898375
467,9.32,-0.404891786285083,0.819598872804555,-1.76214999894124,0.046808948736,-0.404891786285083,-0.819598872804555,1.76214999894124,-0.94255112613668,0.046808948736
468,9.34,-0.404891786285083,0.819598872804555,-1.76214999894124,0.047702214852,-0.404891786285083,-0.819598872804555,1.76214999894124,-0.94255112613668,0.047702214852
469,9.36,-0.404891786285083,0.819598872804555,-1.76214999894124,0.048568424448,-0.404891786285083,-0.819598872804555,1.76214999894124,-0.94255112613668,0.048568424448
470,9.38,-0.404891786285083,0.819598872804555,-1.76214999894124,0.049406439564,-0.404891786285083,-0.819598872804555,1.76214999894124,-0.94255112613668,0.049406439564
471,9.4,-0.404891786285083,0.819598872804555,-1.76214999894124,0.0502152,-0.404891786285083,-0.819598872804555,1.76214999894124,-0.94255112613668,0.0502152
472,9.42,-0.404891786285083,0.819598872804555,-1.76214999894124,0.050993727636,-0.404891786285083,-0.819598872804555,1.76214999894124,-0.94255112613668,0.050993727636
473,9.44,-0.404891786285083,0.819598872804555,-1.76214999894124,0.051741130752,-0.404891786285083,-0.819598872804555,1.76214999894124,-0.94255112613668,0.051741130752
474,9.46,-0.404891786285083,0.819598872804555,-1.76214999894124,0.052456608348,-0.404891786285083,-0.819598872804555,1.76214999894124,-0.94255112613668,0.052456608348
475,9.48,-0.404891786285083,0.819598872804555,-1.76214999894124,0.053139454464,-0.404891786285083,-0.819598872804555,1.76214999894124,-0.94255112613668,0.053139454464
476,9.5,-0.404891786285083,0.819598872804555,-1.76214999894124,0.0537890625,-0.404891786285083,-0.819598872804555,1.76214999894124,-0.94255112613668,0.0537890625
477,9.52,-0.404891786285083,0.819598872804555,-1.76214999894124,0.054404929536,-0.404891786285083,-0.819598872804555,1.76214999894124,-0.94255112613668,0.054404929536
478,9.54,-0.404891786285083,0.819598872804555,-1.76214999894124,0.054986660652,-0.404891786285083,-0.819598872804555,1.76214999894124,-0.94255112613668,0.054986660652
479,9.56,-0.404891786285083,0.819598872804555,-1.76214999894124,0.055533973248,-0.404891786285083,-0.819598872804555,1.76214999894124,-0.94255112613668,0.055533973248
480,9.58,-0.404891786285083,0.819598872804555,-1.76214999894124,0.056046701364,-0.404891786285083,-0.819598872804555,1.76214999894124,-0.94255112613668,0.056046701364
481,9.6,-0.404891786285083,0.819598872804555,-1.76214999894124,0.0565248,-0.404891786285083,-0.819598872804555,1.76214999894124,-0.94255112613668,0.0565248
482,9.62,-0.404891786285083,0.819598872804555,-1.76214999894124,0.056968349436,-0.404891786285083,-0.819598872804555,1.76214999894124,-0.94255112613668,0.056968349436
483,9.64,-0.404891786285083,0.819598872804555,-1.76214999894124,0.0573775595519999,-0.404891786285083,-0.819598872804555,1.76214999894124,-0.94255112613668,0.0573775595519999
484,9.66,-0.404891786285083,0.819598872804555,-1.76214999894124,0.057752774148,-0.404891786285083,-0.819598872804555,1.76214999894124,-0.94255112613668,0.057752774148
485,9.68,-0.404891786285083,0.819598872804555,-1.76214999894124,0.0580944752639999,-0.404891786285083,-0.819598872804555,1.76214999894124,-0.94255112613668,0.0580944752639999
486,9.7,-0.404891786285083,0.819598872804555,-1.76214999894124,0.0584032875,-0.404891786285083,-0.819598872804555,1.76214999894124,-0.94255112613668,0.0584032875
487,9.72,-0.404891786285083,0.819598872804555,-1.76214999894124,0.058679982336,-0.404891786285083,-0.819598872804555,1.76214999894124,-0.94255112613668,0.058679982336
488,9.74,-0.404891786285083,0.819598872804555,-1.76214999894124,0.058925482452,-0.404891786285083,-0.819598872804555,1.76214999894124,-0.94255112613668,0.058925482452
489,9.76,-0.404891786285083,0.819598872804555,-1.76214999894124,0.059140866048,-0.404891786285083,-0.819598872804555,1.76214999894124,-0.94255112613668,0.059140866048
490,9.78,-0.404891786285083,0.819598872804555,-1.76214999894124,0.0593273711639999,-0.404891786285083,-0.819598872804555,1.76214999894124,-0.94255112613668,0.0593273711639999
491,9.8,-0.404891786285083,0.819598872804555,-1.76214999894124,0.0594864,-0.404891786285083,-0.819598872804555,1.76214999894124,-0.94255112613668,0.0594864
492,9.82,-0.404891786285083,0.819598872804555,-1.76214999894124,0.059619523236,-0.404891786285083,-0.819598872804555,1.76214999894124,-0.94255112613668,0.059619523236
493,9.84,-0.404891786285083,0.819598872804555,-1.76214999894124,0.059728484352,-0.404891786285083,-0.819598872804555,1.76214999894124,-0.94255112613668,0.059728484352
494,9.86,-0.404891786285083,0.819598872804555,-1.76214999894124,0.0598152039480001,-0.404891786285083,-0.819598872804555,1.76214999894124,-0.94255112613668,0.0598152039480001
495,9.88,-0.404891786285083,0.819598872804555,-1.76214999894124,0.059881784064,-0.404891786285083,-0.819598872804555,1.76214999894124,-0.94255112613668,0.059881784064
496,9.9,-0.404891786285083,0.819598872804555,-1.76214999894124,0.0599305124999999,-0.404891786285083,-0.819598872804555,1.76214999894124,-0.94255112613668,0.0599305124999999
497,9.92,-0.404891786285083,0.819598872804555,-1.76214999894124,0.059963867136,-0.404891786285083,-0.819598872804555,1.76214999894124,-0.94255112613668,0.059963867136
498,9.94,-0.404891786285083,0.819598872804555,-1.76214999894124,0.059984520252,-0.404891786285083,-0.819598872804555,1.76214999894124,-0.94255112613668,0.059984520252
499,9.96,-0.404891786285083,0.819598872804555,-1.76214999894124,0.0599953428479999,-0.404891786285083,-0.819598872804555,1.76214999894124,-0.94255112613668,0.0599953428479999
500,9.98,-0.404891786285083,0.819598872804555,-1.76214999894124,0.059999408964,-0.404891786285083,-0.819598872804555,1.76214999894124,-0.94255112613668,0.059999408964
501,10,-0.404891786285083,0.819598872804555,-1.76214999894124,0.06,-0.404891786285083,-0.819598872804555,1.76214999894124,-0.94255112613668,0.06
502,10.02,-0.404891786285083,0.819598872804555,-1.76214999894124,0.059999408964,-0.404891786285083,-0.819598872804555,1.76214999894124,-0.94255112613668,0.059999408964
503,10.04,-0.404891786285083,0.819598872804555,-1.76214999894124,0.059995342848,-0.404891786285083,-0.819598872804555,1.76214999894124,-0.94255112613668,0.059995342848
504,10.06,-0.404891786285083,0.819598872804555,-1.76214999894124,0.059984520252,-0.404891786285083,-0.819598872804555,1.76214999894124,-0.94255112613668,0.059984520252
505,10.08,-0.404891786285083,0.819598872804555,-1.76214999894124,0.059963867136,-0.404891786285083,-0.819598872804555,1.76214999894124,-0.94255112613668,0.059963867136
506,10.1,-0.404891786285083,0.819598872804555,-1.76214999894124,0.0599305125,-0.404891786285083,-0.819598872804555,1.76214999894124,-0.94255112613668,0.0599305125
507,10.12,-0.404891786285083,0.819598872804555,-1.76214999894124,0.059881784064,-0.404891786285083,-0.819598872804555,1.76214999894124,-0.94255112613668,0.059881784064
508,10.14,-0.404891786285083,0.819598872804555,-1.76214999894124,0.059815203948,-0.404891786285083,-0.819598872804555,1.76214999894124,-0.94255112613668,0.059815203948
509,10.16,-0.404891786285083,0.819598872804555,-1.76214999894124,0.059728484352,-0.404891786285083,-0.819598872804555,1.76214999894124,-0.94255112613668,0.059728484352
510,10.18,-0.404891786285083,0.819598872804555,-1.76214999894124,0.059619523236,-0.404891786285083,-0.819598872804555,1.76214999894124,-0.94255112613668,0.059619523236
511,10.2,-0.404891786285083,0.819598872804555,-1.76214999894124,0.0594864,-0.404891786285083,-0.819598872804555,1.76214999894124,-0.94255112613668,0.0594864
512,10.22,-0.404891786285083,0.819598872804555,-1.76214999894124,0.059327371164,-0.404891786285083,-0.819598872804555,1.76214999894124,-0.94255112613668,0.059327371164
513,10.24,-0.404891786285083,0.819598872804555,-1.76214999894124,0.059140866048,-0.404891786285083,-0.819598872804555,1.76214999894124,-0.94255112613668,0.059140866048
514,10.26,-0.404891786285083,0.819598872804555,-1.76214999894124,0.058925482452,-0.404891786285083,-0.819598872804555,1.76214999894124,-0.94255112613668,0.058925482452
515,10.28,-0.404891786285083,0.819598872804555,-1.76214999894124,0.058679982336,-0.404891786285083,-0.819598872804555,1.76214999894124,-0.94255112613668,0.058679982336
516,10.3,-0.404891786285083,0.819598872804555,-1.76214999894124,0.0584032875,-0.404891786285083,-0.819598872804555,1.76214999894124,-0.94255112613668,0.0584032875
517,10.32,-0.404891786285083,0.819598872804555,-1.76214999894124,0.058094475264,-0.404891786285083,-0.819598872804555,1.76214999894124,-0.94255112613668,0.058094475264
518,10.34,-0.404891786285083,0.819598872804555,-1.76214999894124,0.057752774148,-0.404891786285083,-0.819598872804555,1.76214999894124,-0.94255112613668,0.057752774148
519,10.36,-0.404891786285083,0.819598872804555,-1.76214999894124,0.057377559552,-0.404891786285083,-0.819598872804555,1.76214999894124,-0.94255112613668,0.057377559552
520,10.38,-0.404891786285083,0.819598872804555,-1.76214999894124,0.056968349436,-0.404891786285083,-0.819598872804555,1.76214999894124,-0.94255112613668,0.056968349436
521,10.4,-0.404891786285083,0.819598872804555,-1.76214999894124,0.0565248,-0.404891786285083,-0.819598872804555,1.76214999894124,-0.94255112613668,0.0565248
522,10.42,-0.404891786285083,0.819598872804555,-1.76214999894124,0.056046701364,-0.404891786285083,-0.819598872804555,1.76214999894124,-0.94255112613668,0.056046701364
523,10.44,-0.404891786285083,0.819598872804555,-1.76214999894124,0.055533973248,-0.404891786285083,-0.819598872804555,1.76214999894124,-0.94255112613668,0.055533973248
524,10.46,-0.404891786285083,0.819598872804555,-1.76214999894124,0.054986660652,-0.404891786285083,-0.819598872804555,1.76214999894124,-0.94255112613668,0.054986660652
525,10.48,-0.404891786285083,0.819598872804555,-1.76214999894124,0.054404929536,-0.404891786285083,-0.819598872804555,1.76214999894124,-0.94255112613668,0.054404929536
526,10.5,-0.404891786285083,0.819598872804555,-1.76214999894124,0.0537890625,-0.404891786285083,-0.819598872804555,1.76214999894124,-0.94255112613668,0.0537890625
527,10.52,-0.404891786285083,0.819598872804555,-1.76214999894124,0.053139454464,-0.404891786285083,-0.819598872804555,1.76214999894124,-0.94255112613668,0.053139454464
528,10.54,-0.404891786285083,0.819598872804555,-1.76214999894124,0.052456608348,-0.404891786285083,-0.819598872804555,1.76214999894124,-0.94255112613668,0.052456608348
529,10.56,-0.404891786285083,0.819598872804555,-1.76214999894124,0.051741130752,-0.404891786285083,-0.819598872804555,1.76214999894124,-0.94255112613668,0.051741130752
530,10.58,-0.404891786285083,0.819598872804555,-1.76214999894124,0.050993727636,-0.404891786285083,-0.819598872804555,1.76214999894124,-0.94255112613668,0.050993727636
531,10.6,-0.404891786285083,0.819598872804555,-1.76214999894124,0.0502152,-0.404891786285083,-0.819598872804555,1.76214999894124,-0.94255112613668,0.0502152
532,10.62,-0.404891786285083,0.819598872804555,-1.76214999894124,0.049406439564,-0.404891786285083,-0.819598872804555,1.76214999894124,-0.94255112613668,0.049406439564
533,10.64,-0.404891786285083,0.819598872804555,-1.76214999894124,0.048568424448,-0.404891786285083,-0.819598872804555,1.76214999894124,-0.94255112613668,0.048568424448
534,10.66,-0.404891786285083,0.819598872804555,-1.76214999894124,0.047702214852,-0.404891786285083,-0.819598872804555,1.76214999894124,-0.94255112613668,0.047702214852
535,10.68,-0.404891786285083,0.819598872804555,-1.76214999894124,0.046808948736,-0.404891786285083,-0.819598872804555,1.76214999894124,-0.94255112613668,0.046808948736
536,10.7,-0.404891786285083,0.819598872804555,-1.76214999894124,0.0458898375,-0.404891786285083,-0.819598872804555,1.76214999894124,-0.94255112613668,0.0458898375
537,10.72,-0.404891786285083,0.819598872804555,-1.76214999894124,0.044946161664,-0.404891786285083,-0.819598872804555,1.76214999894124,-0.94255112613668,0.044946161664
538,10.74,-0.404891786285083,0.819598872804555,-1.76214999894124,0.043979266548,-0.404891786285083,-0.819598872804555,1.76214999894124,-0.94255112613668,0.043979266548
539,10.76,-0.404891786285083,0.819598872804555,-1.76214999894124,0.042990557952,-0.404891786285083,-0.819598872804555,1.76214999894124,-0.94255112613668,0.042990557952
540,10.78,-0.404891786285083,0.819598872804555,-1.76214999894124,0.041981497836,-0.404891786285083,-0.819598872804555,1.76214999894124,-0.94255112613668,0.041981497836
541,10.8,-0.404891786285083,0.819598872804555,-1.76214999894124,0.0409536,-0.404891786285083,-0.819598872804555,1.76214999894124,-0.94255112613668,0.0409536
542,10.82,-0.404891786285083,0.819598872804555,-1.76214999894124,0.039908425764,-0.404891786285083,-0.819598872804555,1.76214999894124,-0.94255112613668,0.039908425764
543,10.84,-0.404891786285083,0.819598872804555,-1.76214999894124,0.038847579648,-0.404891786285083,-0.819598872804555,1.76214999894124,-0.94255112613668,0.038847579648
544,10.86,-0.404891786285083,0.819598872804555,-1.76214999894124,0.037772705052,-0.404891786285083,-0.819598872804555,1.76214999894124,-0.94255112613668,0.037772705052
545,10.88,-0.404891786285083,0.819598872804555,-1.76214999894124,0.036685479936,-0.404891786285083,-0.819598872804555,1.76214999894124,-0.94255112613668,0.036685479936
546,10.9,-0.404891786285083,0.819598872804555,-1.76214999894124,0.0355876125,-0.404891786285083,-0.819598872804555,1.76214999894124,-0.94255112613668,0.0355876125
547,10.92,-0.404891786285083,0.819598872804555,-1.76214999894124,0.034480836864,-0.404891786285083,-0.819598872804555,1.76214999894124,-0.94255112613668,0.034480836864
548,10.94,-0.404891786285083,0.819598872804555,-1.76214999894124,0.033366908748,-0.404891786285083,-0.819598872804555,1.76214999894124,-0.94255112613668,0.033366908748
549,10.96,-0.404891786285083,0.819598872804555,-1.76214999894124,0.032247601152,-0.404891786285083,-0.819598872804555,1.76214999894124,-0.94255112613668,0.032247601152
550,10.98,-0.404891786285083,0.819598872804555,-1.76214999894124,0.031124700036,-0.404891786285083,-0.819598872804555,1.76214999894124,-0.94255112613668,0.031124700036
551,11,-0.404891786285083,0.819598872804555,-1.76214999894124,0.03,-0.404891786285083,-0.819598872804555,1.76214999894124,-0.94255112613668,0.03
552,11.02,-0.404891786285083,0.819598872804555,-1.76214999894124,0.028875299964,-0.404891786285083,-0.819598872804555,1.76214999894124,-0.94255112613668,0.028875299964
553,11.04,-0.404891786285083,0.819598872804555,-1.76214999894124,0.027752398848,-0.404891786285083,-0.819598872804555,1.76214999894124,-0.94255112613668,0.027752398848
554,11.06,-0.404891786285083,0.819598872804555,-1.76214999894124,0.026633091252,-0.404891786285083,-0.819598872804555,1.76214999894124,-0.94255112613668,0.026633091252
555,11.08,-0.404891786285083,0.819598872804555,-1.76214999894124,0.025519163136,-0.404891786285083,-0.819598872804555,1.76214999894124,-0.94255112613668,0.025519163136
556,11.1,-0.404891786285083,0.819598872804555,-1.76214999894124,0.0244123875,-0.404891786285083,-0.819598872804555,1.76214999894124,-0.94255112613668,0.0244123875
557,11.12,-0.404891786285083,0.819598872804555,-1.76214999894124,0.023314520064,-0.404891786285083,-0.819598872804555,1.76214999894124,-0.94255112613668,0.023314520064
558,11.14,-0.404891786285083,0.819598872804555,-1.76214999894124,0.022227294948,-0.404891786285083,-0.819598872804555,1.76214999894124,-0.94255112613668,0.022227294948
559,11.16,-0.404891786285083,0.819598872804555,-1.76214999894124,0.021152420352,-0.404891786285083,-0.819598872804555,1.76214999894124,-0.94255112613668,0.021152420352
560,11.18,-0.404891786285083,0.819598872804555,-1.76214999894124,0.020091574236,-0.404891786285083,-0.819598872804555,1.76214999894124,-0.94255112613668,0.020091574236
561,11.2,-0.404891786285083,0.819598872804555,-1.76214999894124,0.0190464,-0.404891786285083,-0.819598872804555,1.76214999894124,-0.94255112613668,0.0190464
562,11.22,-0.404891786285083,0.819598872804555,-1.76214999894124,0.018018502164,-0.404891786285083,-0.819598872804555,1.76214999894124,-0.94255112613668,0.018018502164
563,11.24,-0.404891786285083,0.819598872804555,-1.76214999894124,0.017009442048,-0.404891786285083,-0.819598872804555,1.76214999894124,-0.94255112613668,0.017009442048
564,11.26,-0.404891786285083,0.819598872804555,-1.76214999894124,0.016020733452,-0.404891786285083,-0.819598872804555,1.76214999894124,-0.94255112613668,0.016020733452
565,11.28,-0.404891786285083,0.819598872804555,-1.76214999894124,0.015053838336,-0.404891786285083,-0.819598872804555,1.76214999894124,-0.94255112613668,0.015053838336
566,11.3,-0.404891786285083,0.819598872804555,-1.76214999894124,0.0141101625,-0.404891786285083,-0.819598872804555,1.76214999894124,-0.94255112613668,0.0141101625
567,11.32,-0.404891786285083,0.819598872804555,-1.76214999894124,0.013191051264,-0.404891786285083,-0.819598872804555,1.76214999894124,-0.94255112613668,0.013191051264
568,11.34,-0.404891786285083,0.819598872804555,-1.76214999894124,0.012297785148,-0.404891786285083,-0.819598872804555,1.76214999894124,-0.94255112613668,0.012297785148
569,11.36,-0.404891786285083,0.819598872804555,-1.76214999894124,0.011431575552,-0.404891786285083,-0.819598872804555,1.76214999894124,-0.94255112613668,0.011431575552
570,11.38,-0.404891786285083,0.819598872804555,-1.76214999894124,0.010593560436,-0.404891786285083,-0.819598872804555,1.76214999894124,-0.94255112613668,0.010593560436
571,11.4,-0.404891786285083,0.819598872804555,-1.76214999894124,0.0097848,-0.404891786285083,-0.819598872804555,1.76214999894124,-0.94255112613668,0.0097848
572,11.42,-0.404891786285083,0.819598872804555,-1.76214999894124,0.00900627236399997,-0.404891786285083,-0.819598872804555,1.76214999894124,-0.94255112613668,0.00900627236399997
573,11.44,-0.404891786285083,0.819598872804555,-1.76214999894124,0.00825886924799998,-0.404891786285083,-0.819598872804555,1.76214999894124,-0.94255112613668,0.00825886924799998
574,11.46,-0.404891786285083,0.819598872804555,-1.76214999894124,0.00754339165199999,-0.404891786285083,-0.819598872804555,1.76214999894124,-0.94255112613668,0.00754339165199999
575,11.48,-0.404891786285083,0.819598872804555,-1.76214999894124,0.006860545536,-0.404891786285083,-0.819598872804555,1.76214999894124,-0.94255112613668,0.006860545536
576,11.5,-0.404891786285083,0.819598872804555,-1.76214999894124,0.0062109375,-0.404891786285083,-0.819598872804555,1.76214999894124,-0.94255112613668,0.0062109375
577,11.52,-0.404891786285083,0.819598872804555,-1.76214999894124,0.00559507046399996,-0.404891786285083,-0.819598872804555,1.76214999894124,-0.94255112613668,0.00559507046399996
578,11.54,-0.404891786285083,0.819598872804555,-1.76214999894124,0.00501333934800001,-0.404891786285083,-0.819598872804555,1.76214999894124,-0.94255112613668,0.00501333934800001
579,11.56,-0.404891786285083,0.819598872804555,-1.76214999894124,0.004466026752,-0.404891786285083,-0.819598872804555,1.76214999894124,-0.94255112613668,0.004466026752
580,11.58,-0.404891786285083,0.819598872804555,-1.76214999894124,0.00395329863599998,-0.404891786285083,-0.819598872804555,1.76214999894124,-0.94255112613668,0.00395329863599998
581,11.6,-0.404891786285083,0.819598872804555,-1.76214999894124,0.00347519999999997,-0.404891786285083,-0.819598872804555,1.76214999894124,-0.94255112613668,0.00347519999999997
582,11.62,-0.404891786285083,0.819598872804555,-1.76214999894124,0.00303165056400004,-0.404891786285083,-0.819598872804555,1.76214999894124,-0.94255112613668,0.00303165056400004
583,11.64,-0.404891786285083,0.819598872804555,-1.76214999894124,0.00262244044800006,-0.404891786285083,-0.819598872804555,1.76214999894124,-0.94255112613668,0.00262244044800006
584,11.66,-0.404891786285083,0.819598872804555,-1.76214999894124,0.00224722585200002,-0.404891786285083,-0.819598872804555,1.76214999894124,-0.94255112613668,0.00224722585200002
585,11.68,-0.404891786285083,0.819598872804555,-1.76214999894124,0.00190552473600005,-0.404891786285083,-0.819598872804555,1.76214999894124,-0.94255112613668,0.00190552473600005
586,11.7,-0.404891786285083,0.819598872804555,-1.76214999894124,0.00159671249999997,-0.404891786285083,-0.819598872804555,1.76214999894124,-0.94255112613668,0.00159671249999997
587,11.72,-0.404891786285083,0.819598872804555,-1.76214999894124,0.00132001766399999,-0.404891786285083,-0.819598872804555,1.76214999894124,-0.94255112613668,0.00132001766399999
588,11.74,-0.404891786285083,0.819598872804555,-1.76214999894124,0.00107451754799998,-0.404891786285083,-0.819598872804555,1.76214999894124,-0.94255112613668,0.00107451754799998
589,11.76,-0.404891786285083,0.819598872804555,-1.76214999894124,0.000859133951999949,-0.404891786285083,-0.819598872804555,1.76214999894124,-0.94255112613668,0.000859133951999949
590,11.78,-0.404891786285083,0.819598872804555,-1.76214999894124,0.000672628836000048,-0.404891786285083,-0.819598872804555,1.76214999894124,-0.94255112613668,0.000672628836000048
591,11.8,-0.404891786285083,0.819598872804555,-1.76214999894124,0.00051360000000001,-0.404891786285083,-0.819598872804555,1.76214999894124,-0.94255112613668,0.00051360000000001
592,11.82,-0.404891786285083,0.819598872804555,-1.76214999894124,0.000380476764,-0.404891786285083,-0.819598872804555,1.76214999894124,-0.94255112613668,0.000380476764
593,11.84,-0.404891786285083,0.819598872804555,-1.76214999894124,0.000271515648000022,-0.404891786285083,-0.819598872804555,1.76214999894124,-0.94255112613668,0.000271515648000022
594,11.86,-0.404891786285083,0.819598872804555,-1.76214999894124,0.000184796051999926,-0.404891786285083,-0.819598872804555,1.76214999894124,-0.94255112613668,0.000184796051999926
595,11.88,-0.404891786285083,0.819598872804555,-1.76214999894124,0.000118215936000039,-0.404891786285083,-0.819598872804555,1.76214999894124,-0.94255112613668,0.000118215936000039
596,11.9,-0.404891786285083,0.819598872804555,-1.76214999894124,6.94875000001038e-05,-0.404891786285083,-0.819598872804555,1.76214999894124,-0.94255112613668,6.94875000001038e-05
597,11.92,-0.404891786285083,0.819598872804555,-1.76214999894124,3.61328639999839e-05,-0.404891786285083,-0.819598872804555,1.76214999894124,-0.94255112613668,3.61328639999839e-05
598,11.94,-0.404891786285083,0.819598872804555,-1.76214999894124,1.5479748000008e-05,-0.404891786285083,-0.819598872804555,1.76214999894124,-0.94255112613668,1.5479748000008e-05
599,11.96,-0.404891786285083,0.819598872804555,-1.76214999894124,4.65715200014677e-06,-0.404891786285083,-0.819598872804555,1.76214999894124,-0.94255112613668,4.65715200014677e-06
600,11.98,-0.404891786285083,0.819598872804555,-1.76214999894124,5.91035999981948e-07,-0.404891786285083,-0.819598872804555,1.76214999894124,-0.94255112613668,5.91035999981948e-07
601,12,-0.404891786285083,0.819598872804555,-1.76214999894124,0,-0.404891786285083,-0.819598872804555,1.76214999894124,-0.94255112613668,0
602,12.02,-0.404887797858053,0.819606634029688,-1.7621521676806,0,-0.404887797858053,-0.819606634029688,1.7621521676806,-0.942545533650908,0
603,12.04,-0.404860358908545,0.819660028478915,-1.76216708783066,0,-0.404860358908545,-0.819660028478915,1.76216708783066,-0.94250705935175,0
604,12.06,-0.404787325904767,0.819802146055644,-1.76220680011542,0,-0.404787325904767,-0.819802146055644,1.76220680011542,-0.942404654059778,0
605,12.08,-0.404647954620941,0.820073353702851,-1.76228258437492,0,-0.404647954620941,-0.820073353702851,1.76228258437492,-0.94220923067207,0
606,12.1,-0.404422870985092,0.820511352131417,-1.76240497541703,0,-0.404422870985092,-0.820511352131417,1.76240497541703,-0.941893623285616,0
607,12.12,-0.404094041926843,0.821151232548475,-1.7625837788692,0,-0.404094041926843,-0.821151232548475,1.7625837788692,-0.941432546320724,0
608,12.14,-0.403644746225205,0.822025533385749,-1.76282808703018,0,-0.403644746225205,-0.822025533385749,1.76282808703018,-0.940802553644427,0
609,12.16,-0.403059545356366,0.823164297027898,-1.76314629472178,0,-0.403059545356366,-0.823164297027898,1.76314629472178,-0.939981997693887,0
610,12.18,-0.402324254341485,0.824595126540857,-1.76354611514066,0,-0.402324254341485,-0.824595126540857,1.76354611514066,-0.938950988599803,0
611,12.2,-0.401425912594483,0.826343242400184,-1.76403459571,0,-0.401425912594483,-0.826343242400184,1.76403459571,-0.937691353309817,0
612,12.22,-0.400352754769835,0.828431539219394,-1.76461813393131,0,-0.400352754769835,-0.828431539219394,1.76461813393131,-0.936186594711919,0
613,12.24,-0.399094181610359,0.830880642478311,-1.76530249323616,0,-0.399094181610359,-0.830880642478311,1.76530249323616,-0.934421850757854,0
614,12.26,-0.39764073079501,0.833708965251401,-1.76609281883793,0,-0.39764073079501,-0.833708965251401,1.76609281883793,-0.932383853586528,0
615,12.28,-0.39598404778667,0.836932764936124,-1.76699365358354,0,-0.39598404778667,-0.836932764936124,1.76699365358354,-0.930060888647415,0
616,12.3,-0.394116856679938,0.840566199981267,-1.76800895380523,0,-0.394116856679938,-0.840566199981267,1.76800895380523,-0.927442753823961,0
617,12.32,-0.392032931048926,0.844621386615295,-1.76914210517229,0,-0.392032931048926,-0.844621386615295,1.76914210517229,-0.924520718556991,0
618,12.34,-0.389727064795045,0.849108455574684,-1.7703959385428,0,-0.389727064795045,-0.849108455574684,1.7703959385428,-0.921287482968117,0
619,12.36,-0.3871950429948,0.854035608832274,-1.77177274581542,0,-0.3871950429948,-0.854035608832274,1.77177274581542,-0.917737136983142,0
620,12.38,-0.384433612747581,0.859409176325604,-1.77327429578107,0,-0.384433612747581,-0.859409176325604,1.77327429578107,-0.913865119455466,0
621,12.4,-0.381440454023451,0.865233672685254,-1.77490184997475,0,-0.381440454023451,-0.865233672685254,1.77490184997475,-0.909668177289495,0
622,12.42,-0.378214150510943,0.871511853963193,-1.77665617852723,0,-0.378214150510943,-0.871511853963193,1.77665617852723,-0.905144324564041,0
623,12.44,-0.374754160464846,0.878244774361118,-1.77853757601685,0,-0.374754160464846,-0.878244774361118,1.77853757601685,-0.900292801655736,0
624,12.46,-0.371060787554,0.885431842958794,-1.78054587732123,0,-0.371060787554,-0.885431842958794,1.78054587732123,-0.895114034362432,0
625,12.48,-0.367135151709086,0.893070880442403,-1.78268047346901,0,-0.367135151709086,-0.893070880442403,1.78268047346901,-0.889609593026611,0
626,12.5,-0.362979159970417,0.901158175832878,-1.78494032749167,0,-0.362979159970417,-0.901158175832878,1.78494032749167,-0.883782151658789,0
627,12.52,-0.35859547733573,0.909688543214252,-1.78732399027517,0,-0.35859547733573,-0.909688543214252,1.78732399027517,-0.877635447060922,0
628,12.54,-0.353987497607979,0.918655378462,-1.78982961641181,0,-0.353987497607979,-0.918655378462,1.78982961641181,-0.871174237949813,0
629,12.56,-0.349159314243122,0.928050715971376,-1.79245498005189,0,-0.349159314243122,-0.928050715971376,1.79245498005189,-0.864404264080517,0
630,12.58,-0.344115691197918,0.937865285385761,-1.79519749075551,0,-0.344115691197918,-0.937865285385761,1.79519749075551,-0.857332205369751,0
631,12.6,-0.338862033777712,0.948088568325003,-1.7980542093443,0,-0.338862033777712,-0.948088568325003,1.7980542093443,-0.849965641019294,0
632,12.62,-0.333404359484233,0.958708855113759,-1.80102186375316,0,-0.333404359484233,-0.958708855113759,1.80102186375316,-0.842313008639398,0
633,12.64,-0.327749268863381,0.96971330150984,-1.80409686488203,0,-0.327749268863381,-0.96971330150984,1.80409686488203,-0.834383563372191,0
634,12.66,-0.321903916353019,0.98108798543255,-1.80727532244764,0,-0.321903916353019,-0.98108798543255,1.80727532244764,-0.826187337015087,0
635,12.68,-0.315875981130766,0.992817963691029,-1.81055306083522,0,-0.315875981130766,-0.992817963691029,1.81055306083522,-0.817735097144186,0
636,12.7,-0.309673637961787,1.0048873287126,-1.81392563495029,0,-0.309673637961787,-1.0048873287126,1.81392563495029,-0.809038306237689,0
637,12.72,-0.303305528046585,1.0172792652711,-1.8173883460704,0,-0.303305528046585,-1.0172792652711,1.8173883460704,-0.800109080799293,0
638,12.74,-0.296780729868792,1.02997610721525,-1.82093625769685,0,-0.296780729868792,-1.02997610721525,1.82093625769685,-0.790960150481607,0
639,12.76,-0.290108730042961,1.04295939419694,-1.82456421140649,0,-0.290108730042961,-1.04295939419694,1.82456421140649,-0.781604817209554,0
640,12.78,-0.283299394162357,1.05620992839965,-1.82826684270342,0,-0.283299394162357,-1.05620992839965,1.82826684270342,-0.772056914303775,0
641,12.8,-0.276362937646746,1.06970783126673,-1.83203859687077,0,-0.276362937646746,-1.06970783126673,1.83203859687077,-0.762330765604039,0
642,12.82,-0.269309896590193,1.08343260022976,-1.8358737448224,0,-0.269309896590193,-1.08343260022976,1.8358737448224,-0.752441144592649,0
643,12.84,-0.262151098608846,1.0973631654369,-1.83976639895475,0,-0.262151098608846,-1.0973631654369,1.83976639895475,-0.742403233517843,0
644,12.86,-0.254897633688731,1.11147794648125,-1.84371052899846,0,-0.254897633688731,-1.11147794648125,1.84371052899846,-0.732232582517208,0
645,12.88,-0.247560825033544,1.12575490912913,-1.84769997787021,0,-0.247560825033544,-1.12575490912913,1.84769997787021,-0.721945068741079,0
646,12.9,-0.240152199912439,1.1401716220485,-1.85172847752445,0,-0.240152199912439,-1.1401716220485,1.85172847752445,-0.71155685547595,0
647,12.92,-0.232683460507825,1.15470531353725,-1.85578966480512,0,-0.232683460507825,-1.15470531353725,1.85578966480512,-0.701084351267876,0
648,12.94,-0.225166454763152,1.16933292825155,-1.85987709729743,0,-0.225166454763152,-1.16933292825155,1.85987709729743,-0.690544169045883,0
649,12.96,-0.217613147230703,1.18403118393422,-1.86398426917959,0,-0.217613147230703,-1.18403118393422,1.86398426917959,-0.679953085245372,0
650,12.98,-0.210035589919391,1.19877662814303,-1.86810462707456,0,-0.210035589919391,-1.19877662814303,1.86810462707456,-0.669327998931527,0
651,13,-0.202445893142542,1.21354569497909,-1.87223158590181,0,-0.202445893142542,-1.21354569497909,1.87223158590181,-0.658685890922717,0
652,13.02,-0.194856196365693,1.22831476181515,-1.87635854472906,0,-0.194856196365693,-1.22831476181515,1.87635854472906,-0.648043782913907,0
653,13.04,-0.18727863905438,1.24306020602397,-1.88047890262403,0,-0.18727863905438,-1.24306020602397,1.88047890262403,-0.637418696600062,0
654,13.06,-0.179725331521932,1.25775846170663,-1.88458607450619,0,-0.179725331521932,-1.25775846170663,1.88458607450619,-0.626827612799551,0
655,13.08,-0.172208325777258,1.27238607642094,-1.8886735069985,0,-0.172208325777258,-1.27238607642094,1.8886735069985,-0.616287430577558,0
656,13.1,-0.164739586372644,1.28691976790968,-1.89273469427917,0,-0.164739586372644,-1.28691976790968,1.89273469427917,-0.605814926369485,0
657,13.12,-0.15733096125154,1.30133648082905,-1.89676319393341,0,-0.15733096125154,-1.30133648082905,1.89676319393341,-0.595426713104355,0
658,13.14,-0.149994152596352,1.31561344347694,-1.90075264280516,0,-0.149994152596352,-1.31561344347694,1.90075264280516,-0.585139199328226,0
659,13.16,-0.142740687676237,1.32972822452128,-1.90469677284887,0,-0.142740687676237,-1.32972822452128,1.90469677284887,-0.574968548327591,0
660,13.18,-0.13558188969489,1.34365878972843,-1.90858942698122,0,-0.13558188969489,-1.34365878972843,1.90858942698122,-0.564930637252785,0
661,13.2,-0.128528848638337,1.35738355869146,-1.91242457493286,0,-0.128528848638337,-1.35738355869146,1.91242457493286,-0.555041016241395,0
662,13.22,-0.121592392122727,1.37088146155854,-1.9161963291002,0,-0.121592392122727,-1.37088146155854,1.9161963291002,-0.545314867541659,0
663,13.24,-0.114783056242122,1.38413199576125,-1.91989896039713,0,-0.114783056242122,-1.38413199576125,1.91989896039713,-0.535766964635881,0
664,13.26,-0.108111056416291,1.39711528274294,-1.92352691410677,0,-0.108111056416291,-1.39711528274294,1.92352691410677,-0.526411631363827,0
665,13.28,-0.101586258238498,1.40981212468708,-1.92707482573322,0,-0.101586258238498,-1.40981212468708,1.92707482573322,-0.517262701046141,0
666,13.3,-0.0952181483232968,1.42220406124559,-1.93053753685333,0,-0.0952181483232968,-1.42220406124559,1.93053753685333,-0.508333475607746,0
667,13.32,-0.0890158051543177,1.43427342626716,-1.9339101109684,0,-0.0890158051543177,-1.43427342626716,1.9339101109684,-0.499636684701247,0
668,13.34,-0.0829878699320649,1.44600340452564,-1.93718784935598,0,-0.0829878699320649,-1.44600340452564,1.93718784935598,-0.491184444830348,0
669,13.36,-0.0771425174217026,1.45737808844835,-1.94036630692159,0,-0.0771425174217026,-1.45737808844835,1.94036630692159,-0.482988218473243,0
670,13.38,-0.0714874268008503,1.46838253484443,-1.94344130805046,0,-0.0714874268008503,-1.46838253484443,1.94344130805046,-0.475058773206037,0
671,13.4,-0.0660297525073714,1.47900282163318,-1.94640896245932,0,-0.0660297525073714,-1.47900282163318,1.94640896245932,-0.46740614082614,0
672,13.42,-0.0607760950871655,1.48922610457243,-1.94926568104811,0,-0.0607760950871655,-1.48922610457243,1.94926568104811,-0.460039576475683,0
673,13.44,-0.0557324720419609,1.49904067398681,-1.95200819175173,0,-0.0557324720419609,-1.49904067398681,1.95200819175173,-0.452967517764917,0
674,13.46,-0.0509042886771044,1.50843601149619,-1.95463355539181,0,-0.0509042886771044,-1.50843601149619,1.95463355539181,-0.446197543895622,0
675,13.48,-0.0462963089493533,1.51740284674393,-1.95713918152845,0,-0.0462963089493533,-1.51740284674393,1.95713918152845,-0.439736334784512,0
676,13.5,-0.0419126263146669,1.52593321412531,-1.95952284431195,0,-0.0419126263146669,-1.52593321412531,1.95952284431195,-0.433589630186645,0
677,13.52,-0.0377566345759975,1.53402050951578,-1.96178269833461,0,-0.0377566345759975,-1.53402050951578,1.96178269833461,-0.427762188818822,0
678,13.54,-0.0338309987310836,1.54165954699939,-1.96391729448239,0,-0.0338309987310836,-1.54165954699939,1.96391729448239,-0.422257747483002,0
679,13.56,-0.0301376258202375,1.54884661559707,-1.96592559578677,0,-0.0301376258202375,-1.54884661559707,1.96592559578677,-0.417078980189698,0
680,13.58,-0.0266776357741403,1.55557953599499,-1.96780699327639,0,-0.0266776357741403,-1.55557953599499,1.96780699327639,-0.412227457281393,0
681,13.6,-0.0234513322616318,1.56185771727293,-1.96956132182887,0,-0.0234513322616318,-1.56185771727293,1.96956132182887,-0.407703604555939,0
682,13.62,-0.0204581735375026,1.56768221363258,-1.97118887602255,0,-0.0204581735375026,-1.56768221363258,1.97118887602255,-0.403506662389968,0
683,13.64,-0.0176967432902833,1.57305578112591,-1.9726904259882,0,-0.0176967432902833,-1.57305578112591,1.9726904259882,-0.399634644862292,0
684,13.66,-0.0151647214900384,1.5779829343835,-1.97406723326082,0,-0.0151647214900384,-1.5779829343835,1.97406723326082,-0.396084298877317,0
685,13.68,-0.0128588552361579,1.58247000334289,-1.97532106663133,0,-0.0128588552361579,-1.58247000334289,1.97532106663133,-0.392851063288443,0
686,13.7,-0.0107749296051451,1.58652518997692,-1.97645421799839,0,-0.0107749296051451,-1.58652518997692,1.97645421799839,-0.389929028021473,0
687,13.72,-0.00890773849841359,1.59015862502206,-1.97746951822008,0,-0.00890773849841359,-1.59015862502206,1.97746951822008,-0.387310893198019,0
688,13.74,-0.00725105549007299,1.59338242470678,-1.97837035296569,0,-0.00725105549007299,-1.59338242470678,1.97837035296569,-0.384987928258905,0
689,13.76,-0.00579760467472373,1.59621074747988,-1.97916067856746,0,-0.00579760467472373,-1.59621074747988,1.97916067856746,-0.38294993108758,0
690,13.78,-0.00453903151524859,1.59865985073879,-1.97984503787231,0,-0.00453903151524859,-1.59865985073879,1.97984503787231,-0.381185187133516,0
691,13.8,-0.00346587369060036,1.600748147558,-1.98042857609362,0,-0.00346587369060036,-1.600748147558,1.98042857609362,-0.379680428535617,0
692,13.82,-0.00256753194359877,1.60249626341733,-1.98091705666296,0,-0.00256753194359877,-1.60249626341733,1.98091705666296,-0.378420793245631,0
693,13.84,-0.00183224092871803,1.60392709293029,-1.98131687708184,0,-0.00183224092871803,-1.60392709293029,1.98131687708184,-0.377389784151547,0
694,13.86,-0.00124704005987802,1.60506585657244,-1.98163508477344,0,-0.00124704005987802,-1.60506585657244,1.98163508477344,-0.376569228201006,0
695,13.88,-0.000797744358240315,1.60594015740971,-1.98187939293442,0,-0.000797744358240315,-1.60594015740971,1.98187939293442,-0.37593923552471,0
696,13.9,-0.000468915299992101,1.60658003782677,-1.98205819638659,0,-0.000468915299992101,-1.60658003782677,1.98205819638659,-0.375478158559819,0
697,13.92,-0.000243831664142491,1.60701803625534,-1.9821805874287,0,-0.000243831664142491,-1.60701803625534,1.9821805874287,-0.375162551173365,0
698,13.94,-0.00010446038031614,1.60728924390254,-1.9822563716882,0,-0.00010446038031614,-1.60728924390254,1.9822563716882,-0.374967127785657,0
699,13.96,-3.14273765390505e-05,1.60743136147927,-1.98229608397295,0,-3.14273765390505e-05,-1.60743136147927,1.98229608397295,-0.374864722493686,0
700,13.98,-3.98842702986624e-06,1.6074847559285,-1.98231100412302,0,-3.98842702986624e-06,-1.6074847559285,1.98231100412302,-0.374826248194526,0
701,14,0,1.60749251715363,-1.98231317286238,0,0,-1.60749251715363,1.98231317286238,-0.374820655708754,0
