sample,time_s,ref_q1,ref_q2,ref_q3,ref_q4,actual_q1,actual_q2,actual_q3,actual_q4,ref_joint_1,ref_joint_2,ref_joint_3,ref_joint_4,ref_joint_5,actual_joint_1,actual_joint_2,actual_joint_3,actual_joint_4,actual_joint_5
1,0,0,1.60749251715363,-1.98231317286238,0,0,1.60749251715363,-1.98231317286238,0,0,-1.60749251715363,1.98231317286238,-0.374820655708754,0,0,-1.60749251715363,1.98231317286238,-0.374820655708754,0
2,0.02,4.35765152085472e-06,1.60748558317868,-1.98231264179413,0,0,1.60749251715363,-1.98231317286238,0,4.35765152085472e-06,-1.60748558317868,1.98231264179413,-0.374827058615449,0,0,-1.60749251715363,1.98231317286238,-0.374820655708754,0
3,0.04,3.43367332880766e-05,1.60743787991444,-1.98230898823474,0,5.37715777210828e-06,1.60748396092165,-1.98231251754661,0,3.43367332880766e-05,-1.60743787991444,1.98230898823474,-0.374871108320306,0,5.37715777210828e-06,-1.60748396092165,1.98231251754661,-0.374828556624955,0
4,0.06,0.000114130691556264,1.60731091030589,-1.98229926372191,0,3.01549332358615e-05,1.60744453407131,-1.98230949787193,0,0.000114130691556264,-1.60731091030589,1.98229926372191,-0.374988353416016,0,3.01549332358615e-05,-1.60744453407131,1.98230949787193,-0.374864963800621,0
5,0.08,0.000266404127265407,1.60706861002473,-1.98228070611414,0,9.33334587380021e-05,1.60734400324384,-1.9823017982867,0,0.000266404127265407,-1.60706861002473,1.98228070611414,-0.375212096089411,0,9.33334587380021e-05,-1.60734400324384,1.9823017982867,-0.374957795042861,0
6,0.1,0.000512324646984943,1.6066772967875,-1.98225073570909,0,0.000216440280888293,1.60714811341262,-1.98228679522259,0,0.000512324646984943,-1.6066772967875,1.98225073570909,-0.37557343892159,0,0.000216440280888293,-1.60714811341262,1.98228679522259,-0.375138681809964,0
7,0.12,0.00087159471385781,1.60610561967382,-1.98220695136186,0,0.000421912569693288,1.6068211621416,-1.98226175425517,0,0.00087159471385781,-1.60610561967382,1.98220695136186,-0.376101331688038,0,0.000421912569693288,-1.6068211621416,1.98226175425517,-0.375440592113568,0
8,0.14,0.0013624834985445,1.60532450844457,-1.98214712660332,0,0.000732044193741278,1.60632767501855,-1.98222395842421,0,0.0013624834985445,-1.60532450844457,1.98214712660332,-0.376822618158749,0,0.000732044193741278,-1.60632767501855,1.98222395842421,-0.375896283405656,0
9,0.16,0.00200185873016712,1.60430712286008,-1.98206920575843,0,0.00116831510604832,1.60563347274865,-1.98217078996161,0,0.00200185873016712,-1.60430712286008,1.98206920575843,-0.377762082898346,0,0.00116831510604832,-1.60563347274865,1.98217078996161,-0.376537317212962,0
10,0.18,0.00280521854725344,1.60302880199835,-1.98197130006456,0,0.00175097821490483,1.60470632853311,-1.98209978063957,0,0.00280521854725344,-1.60302880199835,1.98197130006456,-0.378942498066206,0,0.00175097821490483,-1.60470632853311,1.98209978063957,-0.377393452106467,0
11,0.2,0.00378672334868094,1.6014670135732,-1.98185168378978,0,0.00249881854492641,1.60351635129653,-1.98200864112169,0,0.00378672334868094,-1.6014670135732,1.98185168378978,-0.380384670216582,0,0.00249881854492641,-1.60351635129653,1.98200864112169,-0.378492289825157,0
12,0.22,0.00495922764462087,1.5996013032525,-1.98170879035123,0,0.00342902667982293,1.60203618706713,-1.98189527638654,0,0.00495922764462087,-1.5996013032525,1.98170879035123,-0.382107487098721,0,0.00342902667982293,-1.60203618706713,1.98189527638654,-0.379859089319413,0
13,0.24,0.00633431190748233,1.59741324397636,-1.98154120843336,0,0.00455714711052563,1.60024110116609,-1.98175779202251,0,0.00633431190748233,-1.59741324397636,1.98154120843336,-0.384127964456992,0,0.00455714711052563,-1.60024110116609,1.98175779202251,-0.381516690856423,0
14,0.26,0.00792231442285629,1.5948863852753,-1.98134767810631,0,0.00589707486664159,1.59810898356769,-1.98159449463832,0,0.00792231442285629,-1.5948863852753,1.98134767810631,-0.386461292831003,0,0.00589707486664159,-1.59810898356769,1.98159449463832,-0.383485511070624,0
15,0.28,0.00973236314045963,1.59200620258848,-1.9811270869442,0,0.00746108252668434,1.59562030592012,-1.98140388857124,0,0.00973236314045963,-1.59200620258848,1.9811270869442,-0.389120884355726,0,0.00746108252668434,-1.59562030592012,1.98140388857124,-0.385783582651127,0
16,0.3,0.0117724075250793,1.58876004658185,-1.98087846614346,0,0.00925986564919859,1.59275804925463,-1.98118467035048,0,0.0117724075250793,-1.58876004658185,1.98087846614346,-0.392118419561615,0,0.00925986564919859,-1.59275804925463,1.98118467035048,-0.388426621095853,0
17,0.32,0.0140492504075161,1.58513709246639,-1.98060098664113,0,0.0113025987132143,1.58950761497208,-1.9809357218796,0,0.0140492504075161,-1.58513709246639,1.98060098664113,-0.395463894174736,0,0.0113025987132143,-1.58950761497208,1.9809357218796,-0.391428106907528,0
18,0.34,0.0165685798355292,1.58112828931629,-1.98029395523317,0,0.0135969964007176,1.58585672732912,-1.98065610296808,0,0.0165685798355292,-1.58112828931629,1.98029395523317,-0.399165665916879,0,0.0135969964007176,-1.58585672732912,1.98065610296808,-0.394799375638961,0
19,0.36,0.0193350009247798,1.5767263093871,-1.97995681069279,0,0.0161493769070718,1.58179533269753,-1.98034504361562,0,0.0193350009247798,-1.5767263093871,1.97995681069279,-0.403230501305689,0,0.0161493769070718,-1.58179533269753,1.98034504361562,-0.398549710918087,0
20,0.38,0.0223520677097752,1.57192549743402,-1.9795891198888,0,0.0189647252098276,1.57731549888968,-1.98000193630155,0,0.0223520677097752,-1.57192549743402,1.9795891198888,-0.407663622454781,0,0.0189647252098276,-1.57731549888968,1.98000193630155,-0.402686437411872,0
21,0.4,0.0256223149948131,1.56672182002998,-1.97919057390384,0,0.0220467550558539,1.57241131652349,-1.97962632843047,0,0.0256223149948131,-1.56672182002998,1.97919057390384,-0.412468753873867,0,0.0220467550558539,-1.57241131652349,1.97962632843047,-0.407215011906975,0
22,0.42,0.0291472902049254,1.56111281488392,-1.97876098415279,0,0.0253979689740126,1.5670788035292,-1.97921791501846,0,0.0291472902049254,-1.56111281488392,1.97876098415279,-0.417648169268876,0,0.0253979689740126,-1.5670788035292,1.97921791501846,-0.41213911148926,0
23,0.44,0.0329275852368226,1.55509754015894,-1.97830027850102,0,0.0290197159766907,1.56131581333356,-1.97877653166098,0,0.0329275852368226,-1.55509754015894,1.97830027850102,-0.423202738342075,0,0.0290197159766907,-1.56131581333356,1.97877653166098,-0.417460718327425,0
24,0.46,0.0369628683098373,1.54867652379054,-1.97780849738273,0,0.0329122468406234,1.55512194689604,-1.97830214779581,0,0.0369628683098373,-1.54867652379054,1.97780849738273,-0.429131973592193,0,0.0329122468406234,-1.55512194689604,1.97830214779581,-0.423180200899774,0
25,0.48,0.0412519158168689,1.54185171280474,-1.97728578991929,0,0.0370747669980965,1.54849846854735,-1.97779486025715,0,0.0412519158168689,-1.54185171280474,1.97728578991929,-0.435434077114543,0,0.0370747669980965,-1.54849846854735,1.97779486025715,-0.429296391709798,0
26,0.5,0.0457926441753271,1.53462642263635,-1.97673241003749,0,0.041505487152766,1.54144822544862,-1.97725488710705,0,0.0457926441753271,-1.53462642263635,1.97673241003749,-0.442105987401141,0,0.041505487152766,-1.54144822544862,1.97725488710705,-0.435806661658431,0
27,0.52,0.0505821416780763,1.52700528644711,-1.97614871258794,0,0.0462016717796533,1.53397557041732,-1.97668256172474,0,0.0505821416780763,-1.52700528644711,1.97614871258794,-0.449143426140832,0,0.0462016717796533,-1.53397557041732,1.97668256172474,-0.442706991307424,0
28,0.54,0.0556167003443794,1.51899420444392,-1.97553514946333,0,0.0511596856896833,1.52608628783291,-1.97607832713177,0,0.0556167003443794,-1.51899420444392,1.97553514946333,-0.45654094501941,0,0.0511596856896833,-1.52608628783291,1.97607832713177,-0.449992039298856,0
29,0.56,0.0608918477708422,1.510600293197,-1.97489226571674,0,0.056375038844405,1.51778752232686,-1.97544273053042,0,0.0608918477708422,-1.510600293197,1.97489226571674,-0.46429197251974,0,0.056375038844405,-1.51778752232686,1.97544273053042,-0.457655208203557,0
30,0.58,0.0664023789823572,1.50183183495813,-1.97422069568002,0,0.0618424296022698,1.50908770996835,-1.97477641803329,0,0.0664023789823572,-1.50183183495813,1.97422069568002,-0.472388860721881,0,0.0618424296022698,-1.50908770996835,1.97477641803329,-0.465688708064939,0
31,0.6,0.0721423882830475,1.49269822697881,-1.97352115908202,0,0.0675557865680318,1.49999651167274,-1.97408012956308,0,0.0721423882830475,-1.49269822697881,1.97352115908202,-0.480822932103206,0,0.0675557865680318,-1.49999651167274,1.97408012956308,-0.474083617890335,0
32,0.62,0.0781053011072115,1.48320993082844,-1.97279445716697,0,0.0735083092040825,1.49052474858009,-1.97335469390327,0,0.0781053011072115,-1.48320993082844,1.97279445716697,-0.489584526338527,0,0.0735083092040825,-1.49052474858009,1.97335469390327,-0.482829945323179,0
33,0.64,0.0842839058702659,1.47337842171257,-1.97204146881279,0,0.0796925073485312,1.48068433917325,-1.97260102388207,0,0.0842839058702659,-1.47337842171257,1.97204146881279,-0.498663047100215,0,0.0796925073485312,-1.48068433917325,1.97260102388207,-0.491916684708822,0
34,0.66,0.0906703858196909,1.46321613779104,-1.97126314664936,0,0.086100239770646,1.47048823792774,-1.97182011167363,0,0.0906703858196909,-1.46321613779104,1.97126314664936,-0.508047008858321,0,0.086100239770646,-1.47048823792774,1.97182011167363,-0.501331873745893,0
35,0.68,0.0972563508859735,1.45273642949619,-1.97046051317689,0,0.0927227518805333,1.45995037530742,-1.97101302420236,0,0.0972563508859735,-1.45273642949619,1.97046051317689,-0.517724083680701,0,0.0927227518805333,-1.45995037530742,1.97101302420236,-0.511062648894944,0
36,0.7,0.104032869533552,1.44195350885107,-1.96963465688421,0,0.099550712697009,1.44908559894053,-1.97018089863764,0,0.104032869533552,-1.44195350885107,1.96963465688421,-0.527681148033138,0,0.099550712697009,-1.44908559894053,1.97018089863764,-0.521095299697117,0
37,0.72,0.110990500611759,1.43088239878763,-1.96878672836709,0,0.106574251165709,1.43790961582965,-1.96932493796773,0,0.110990500611759,-1.43088239878763,1.96878672836709,-0.537904329579458,0,0.106574251165709,-1.43790961582965,1.96932493796773,-0.531415322138086,0
38,0.74,0.118119325205767,1.41953888246489,-1.96791793644656,0,0.113782991908656,1.42643893546633,-1.96844640664295,0,0.118119325205767,-1.41953888246489,1.96791793644656,-0.548379053981662,0,0.113782991908656,-1.42643893546633,1.96844640664295,-0.54200747117662,0
39,0.76,0.125408978487533,1.40793945258717,-1.96702954428721,0,0.121166090476754,1.4146908137367,-1.96754662627946,0,0.125408978487533,-1.40793945258717,1.96702954428721,-0.559090091700037,0,0.121166090476754,-1.4146908137367,1.96754662627946,-0.552855812542759,0
40,0.78,0.132848681566738,1.39610126072224,-1.96612286551553,0,0.128712268167983,1.40268319751808,-1.96662697141594,0,0.132848681566738,-1.39610126072224,1.96612286551553,-0.570021604793289,0,0.128712268167983,-1.40268319751808,1.96662697141594,-0.563943773897863,0
41,0.8,0.140427273341738,1.38404206661957,-1.96519926033822,0,0.136409846466314,1.39043466987917,-1.96568886531653,0,0.140427273341738,-1.38404206661957,1.96519926033822,-0.581157193718656,0,0.136409846466314,-1.39043466987917,1.96568886531653,-0.575254195437363,0
42,0.82,0.148133242350501,1.37178018752846,-1.9642601316605,0,0.144246781149544,1.37796439580703,-1.96473377581408,0,0.148133242350501,-1.37178018752846,1.9642601316605,-0.592479944132035,0,0.144246781149544,-1.37796439580703,1.96473377581408,-0.586769380007046,0
43,0.84,0.155954758621558,1.35933444751631,-1.96330692120441,0,0.152210696108212,1.36529206839383,-1.96376321118864,0,0.155954758621558,-1.35933444751631,1.96330692120441,-0.603972473688103,0,0.152210696108212,-1.36529206839383,1.96376321118864,-0.598471142794805,0
44,0.86,0.16387970552494,1.34672412678673,-1.96234110562717,0,0.16028891691243,1.35243785542465,-1.96277871607665,0,0.16387970552494,-1.34672412678673,1.96234110562717,-0.615616978840438,0,0.16028891691243,-1.35243785542465,1.96277871607665,-0.610340860652002,0
45,0.88,0.171895711623129,1.33396891099781,-1.96136419263945,0,0.168468504158843,1.33942234631521,-1.96178186740696,0,0.171895711623129,-1.33396891099781,1.96136419263945,-0.627395281641642,0,0.168468504158843,-1.33942234631521,1.96178186740696,-0.622359521091755,0
46,0.9,0.179990182521995,1.32108884058025,-1.96037771712372,0,0.176736286625816,1.32626649935472,-1.96077427036017,0,0.179990182521995,-1.32108884058025,1.96037771712372,-0.639288876543463,0,0.176736286625816,-1.32626649935472,1.96077427036017,-0.634507771005451,0
47,0.92,0.188150332721746,1.30810426005562,-1.95938323725254,0,0.185078894261394,1.31299158921485,-1.95975755434838,0,0.188150332721746,-1.30810426005562,1.95938323725254,-0.651278977196917,0,0.185078894261394,-1.31299158921485,1.95975755434838,-0.646765965133531,0
48,0.94,0.196363217467871,1.2950357673545,-1.95838233060691,0,0.193482791025435,1.2996191546907,-1.95873336901273,0,0.196363217467871,-1.2950357673545,1.95838233060691,-0.66334656325241,0,0.193482791025435,-1.2996191546907,1.95873336901273,-0.659114214322028,0
49,0.96,0.204615764602078,1.28190416313467,-1.95737659029453,0,0.201934307604617,1.28617094664412,-1.9577033802364,0,0.204615764602078,-1.28190416313467,1.95737659029453,-0.675472427159858,0,0.201934307604617,-1.28617094664412,1.9577033802364,-0.671532433592282,0
50,0.98,0.212894806413249,1.26873040009938,-1.9563676210682,0,0.210419674016584,1.27266887612334,-1.95666926617113,0,0.212894806413249,-1.26873040009938,1.9563676210682,-0.687637220968814,0,0.210419674016584,-1.27266887612334,1.95666926617113,-0.684000390047792,0
51,1,0.221187111488372,1.25553553231545,-1.95535703544403,0,0.218925052117467,1.25913496263646,-1.95563271327553,0,0.221187111488372,-1.25553553231545,1.95535703544403,-0.699821503128584,0,0.218925052117467,-1.25913496263646,1.95563271327553,-0.696497750639069,0
52,1.02,0.229479416563496,1.24234066453152,-1.95434644981987,0,0.227436568025159,1.24559128255893,-1.95459541236364,0,0.229479416563496,-1.24234066453152,1.95434644981987,-0.712005785288355,0,0.227436568025159,-1.24559128255893,1.95459541236364,-0.709004129804713,0
53,1.04,0.237758458374666,1.22916690149622,-1.95333748059354,0,0.235940344469144,1.23205991765785,-1.95355905466243,0,0.237758458374666,-1.22916690149622,1.95333748059354,-0.724170579097311,0,0.235940344469144,-1.23205991765785,1.95355905466243,-0.721499137004576,0
54,1.06,0.246011005508874,1.2160352972764,-1.95233174028116,0,0.244422533076316,1.2185629037183,-1.95252532787715,0,0.246011005508874,-1.2160352972764,1.95233174028116,-0.736296443004759,0,0.244422533076316,-1.2185629037183,1.95252532787715,-0.733962424158857,0
55,1.08,0.254223890254999,1.20296680457528,-1.95133083363553,0,0.25286934660098,1.20512217925824,-1.95149591226344,0,0.254223890254999,-1.20296680457528,1.95133083363553,-0.748364029060252,0,0.25286934660098,-1.20512217925824,1.95149591226344,-0.746373733005202,0
56,1.1,0.26238404045475,1.18998222405065,-1.95033635376435,0,0.261267091106221,1.19175953432103,-1.95047247670536,0,0.26238404045475,-1.18998222405065,1.95033635376435,-0.760354129713706,0,0.261267091106221,-1.19175953432103,1.95047247670536,-0.758712942384325,0
57,1.12,0.270478511353616,1.17710215363309,-1.94934987824862,0,0.269602198102853,1.17849655933529,-1.94945667479861,0,0.270478511353616,-1.17710215363309,1.94934987824862,-0.772247724615527,0,0.269602198102853,-1.17849655933529,1.94945667479861,-0.770960115463317,0
58,1.14,0.278494517451804,1.16434693784417,-1.9483729652609,0,0.277861256651416,1.16535459403363,-1.94845014093828,0,0.278494517451804,-1.16434693784417,1.9483729652609,-0.784026027416731,0,0.277861256651416,-1.16535459403363,1.94845014093828,-0.783095546904648,0
59,1.16,0.286419464355187,1.15173661711459,-1.94740714968366,0,0.286031045431952,1.15235467642264,-1.94745448641047,0,0.286419464355187,-1.15173661711459,1.94740714968366,-0.795670532569066,0,0.286031045431952,-1.15235467642264,1.94745448641047,-0.795099809987827,0
60,1.18,0.294240980626244,1.13929087710244,-1.94645393922757,0,0.294098564785686,1.13951749179756,-1.94647129548736,0,0.294240980626244,-1.13929087710244,1.94645393922757,-0.807163062125134,0,0.294098564785686,-1.13951749179756,1.94647129548736,-0.806953803689794,0
61,1.2,0.301946949635007,1.12702899801133,-1.94551481054985,0,0.30205106873224,1.12686332179594,-1.94550212152527,0,0.301946949635007,-1.12702899801133,1.94551481054985,-0.818485812538513,0,0.30205106873224,-1.12686332179594,1.94550212152527,-0.818638799729337,0
62,1.22,0.309525541410007,1.11496980390866,-1.94459120537254,0,0.309876096965498,1.11441199348517,-1.94454848306533,0,0.309525541410007,-1.11496980390866,1.94459120537254,-0.82962140146388,0,0.309876096965498,-1.11441199348517,1.94454848306533,-0.830136489580162,0
63,1.24,0.316965244489212,1.10313161204373,-1.94368452660086,0,0.317561506830876,1.10218282847975,-1.94361185993638,0,0.316965244489212,-1.10313161204373,1.94368452660086,-0.840552914557132,0,0.317561506830876,-1.10218282847975,1.94361185993638,-0.841429031456626,0
64,1.26,0.324254897770977,1.09153218216601,-1.94279613444151,0,0.325095505286375,1.09019459208419,-1.94269368935985,0,0.324254897770977,-1.09153218216601,1.94279613444151,-0.851263952275507,0,0.325095505286375,-1.09019459208419,1.94269368935985,-0.852499097275654,0
65,1.28,0.331383722364986,1.08018866584327,-1.94192734252098,0,0.332466680849505,1.07846544245854,-1.94179536205643,0,0.331383722364986,-1.08018866584327,1.94192734252098,-0.861738676677711,0,0.332466680849505,-1.07846544245854,1.94179536205643,-0.863329919597882,0
66,1.3,0.338341353443193,1.06911755577983,-1.94107941400386,0,0.339664035531887,1.06701287980344,-1.94091821835415,0,0.338341353443193,-1.06911755577983,1.94107941400386,-0.871961858224031,0,0.339664035531887,-1.06701287980344,1.94091821835415,-0.873905338550709,0
67,1.32,0.345117872090772,1.05833463513471,-1.94025355771118,0,0.346677016763121,1.05585369556227,-1.94006354429783,0,0.345117872090772,-1.05833463513471,1.94025355771118,-0.881918922576467,0,0.346677016763121,-1.05585369556227,1.94006354429783,-0.884209848735563,0
68,1.34,0.351703837157054,1.04785492683986,-1.93945092423871,0,0.353495549305293,1.04500392163821,-1.93923256775963,0,0.351703837157054,-1.04785492683986,1.93945092423871,-0.891595997398848,0,0.353495549305293,-1.04500392163821,1.93923256775963,-0.894228646121424,0
69,1.36,0.358090317106479,1.03769264291833,-1.93867260207528,0,0.360110067159324,1.03447877962429,-1.93842645455064,0,0.358090317106479,-1.03769264291833,1.93867260207528,-0.900979959156955,0,0.360110067159324,-1.03447877962429,1.93842645455064,-0.903947674926348,0
70,1.38,0.364268921869534,1.02786113380246,-1.9379196137211,0,0.366511545464204,1.02429263004473,-1.93764630453328,0,0.364268921869534,-1.02786113380246,1.9379196137211,-0.910058479918642,0,0.366511545464204,-1.02429263004473,1.93764630453328,-0.913353674488557,0
71,1.4,0.370231834693697,1.01837283765209,-1.93719291180605,0,0.372691532390039,1.01445892160611,-1.93689314773452,0,0.370231834693697,-1.01837283765209,1.93719291180605,-0.918820074153963,0,0.372691532390039,-1.01445892160611,1.93689314773452,-0.922434226128408,0
72,1.42,0.375971843994388,1.00923922967276,-1.93649337520805,0,0.378642181025679,1.00499014045725,-1.93616794045969,0,0.375971843994388,-1.00923922967276,1.93649337520805,-0.927254145535288,0,0.378642181025679,-1.00499014045725,1.93616794045969,-0.931177800002433,0
73,1.44,0.381482375205903,1.0004707714339,-1.93582180517133,0,0.384356281261651,0.995897759456468,-1.93547156140692,0,0.381482375205903,-1.0004707714339,1.93582180517133,-0.935351033737429,0,0.384356281261651,-0.995897759456468,1.93547156140692,-0.93957380195045,0
74,1.46,0.386757522632366,0.992076860186983,-1.93517892142474,0,0.389827291668978,0.987192187445404,-1.93480480778206,0,0.386757522632366,-0.992076860186983,1.93517892142474,-0.943102061237759,0,0.389827291668978,-0.987192187445404,1.93480480778206,-0.947612620336655,0
75,1.48,0.391792081298669,0.984065778183789,-1.93456535830013,0,0.395049371374426,0.978882718528583,-1.93416839141402,0,0.391792081298669,-0.984065778183789,1.93456535830013,-0.950499580116337,0,0.395049371374426,-0.978882718528583,1.93416839141402,-0.955285672885441,0
76,1.5,0.396581578801418,0.976444641994549,-1.93398166085058,0,0.400017411932625,0.970977481357883,-1.93356293487053,0,0.396581578801418,-0.976444641994549,1.93398166085058,-0.957537018856028,0,0.400017411932625,-0.970977481357883,1.93356293487053,-0.962585453512648,0
77,1.52,0.401122307159876,0.969219351826155,-1.93342828096878,0,0.40472706919548,0.963483388421358,-1.93298896757417,0,0.401122307159876,-0.969219351826155,1.93342828096878,-0.964208929142626,0,0.40472706919548,-0.963483388421358,1.93298896757417,-0.969505579152813,0
78,1.54,0.405411354666907,0.962394540840359,-1.93290557350533,0,0.409174795179203,0.956406085335821,-1.93244692191875,0,0.405411354666907,-0.962394540840359,1.93290557350533,-0.970511032664975,0,0.409174795179203,-0.956406085335821,1.93244692191875,-0.976040836582933,0
79,1.56,0.409446637739922,0.955973524471955,-1.93241379238705,0,0.41335786992929,0.949749900142721,-1.93193712938593,0,0.409446637739922,-0.955973524471955,1.93241379238705,-0.976440267915093,0,0.41335786992929,-0.949749900142721,1.93193712938593,-0.982187229243204,0
80,1.58,0.41322693277182,0.949958249746984,-1.93195308673528,0,0.417274433383688,0.943517792606881,-1.93145981666199,0,0.41322693277182,-0.949958249746984,1.93195308673528,-0.981994836988293,0,0.417274433383688,-0.943517792606881,1.93145981666199,-0.987942024055107,0
81,1.6,0.416751907981932,0.944349244600924,-1.93152349698423,0,0.420923517234399,0.937711303517732,-1.93101510175492,0,0.416751907981932,-0.944349244600924,1.93152349698423,-0.987174252383302,0,0.420923517234399,-0.937711303517732,1.93101510175492,-0.993303798237185,0
82,1.62,0.420022155266969,0.939145567196883,-1.93112495099927,0,0.424305076787711,0.932330503992724,-1.93060299011155,0,0.420022155266969,-0.939145567196883,1.93112495099927,-0.991979383802387,0,0.424305076787711,-0.932330503992724,1.93060299011155,-0.998272486118825,0
83,1.64,0.423039222051965,0.934344755243795,-1.93075726019527,0,0.427420022823243,0.927373944782639,-1.93022337073491,0,0.423039222051965,-0.934344755243795,1.93075726019527,-0.996412504951479,0,0.427420022823243,-0.927373944782639,1.93022337073491,-1.00284942595227,0
84,1.66,0.425805643141215,0.929942775314614,-1.9304201156549,0,0.430270253451947,0.922838605578553,-1.92987601230166,0,0.425805643141215,-0.929942775314614,1.9304201156549,-1.00047734034029,0,0.430270253451947,-0.922838605578553,1.92987601230166,-1.0070374067231,0
85,1.68,0.428324972569228,0.925933972164507,-1.93011308424694,0,0.432858685973199,0.918719844320237,-1.92956055927968,0,0.428324972569228,-0.925933972164507,1.93011308424694,-1.00417911208243,0,0.432858685973199,-0.918719844320237,1.92956055927968,-1.01084071495945,0
86,1.7,0.430601815451666,0.92231101804905,-1.9298356047446,0,0.435189288731114,0.915011346505823,-1.92927652804573,0,0.430601815451666,-0.92231101804905,1.9298356047446,-1.00752458669555,0,0.435189288731114,-0.915011346505823,1.92927652804573,-1.01426518153991,0
87,1.72,0.432641859836285,0.919064862042422,-1.92958698394386,0,0.437267112970156,0.911705074502558,-1.92902330300318,0,0.432641859836285,-0.919064862042422,1.92958698394386,-1.01052212190144,0,0.437267112970156,-0.911705074502558,1.92902330300318,-1.01731822850062,0
88,1.74,0.434451908553889,0.916184679355595,-1.92936639278176,0,0.439098324690165,0.908791216858513,-1.92880013269984,0,0.434451908553889,-0.916184679355595,1.92936639278176,-1.01318171342617,0,0.439098324690165,-0.908791216858513,1.92880013269984,-1.02000891584132,0
89,1.76,0.436039911069263,0.913657820654536,-1.92917286245471,0,0.440690236500843,0.906258137615132,-1.92860612594583,0,0.436039911069263,-0.913657820654536,1.92917286245471,-1.01551504180018,0,0.440690236500843,-0.906258137615132,1.92860612594583,-1.0223479883307,0
90,1.78,0.437414995332124,0.911469761378396,-1.92900528053684,0,0.442051339475803,0.904092325620492,-1.92844024793158,0,0.437414995332124,-0.911469761378396,1.92900528053684,-1.01753551915845,0,0.442051339475803,-0.904092325620492,1.92844024793158,-1.02434792231108,0
91,1.8,0.438587499628064,0.909604051057699,-1.92886238709829,0,0.443191335006205,0.902278343843212,-1.9283013163457,0,0.438587499628064,-0.909604051057699,1.92886238709829,-1.01925833604059,0,0.443191335006205,-0.902278343843212,1.9283013163457,-1.02602297250249,0
92,1.82,0.439569004429491,0.90804226263255,-1.92874277082351,0,0.444121166654054,0.900798778686898,-1.92818799749314,0,0.439569004429491,-0.90804226263255,1.92874277082351,-1.02070050819096,0,0.444121166654054,-0.900798778686898,1.92818799749314,-1.02738921880624,0
93,1.84,0.440372364246578,0.906763941770818,-1.92864486512964,0,0.444853052005194,0.899634189305079,-1.92809880241316,0,0.440372364246578,-0.906763941770818,1.92864486512964,-1.02188092335882,0,0.444853052005194,-0.899634189305079,1.92809880241316,-1.02846461310808,0
94,1.86,0.441011739478201,0.905746556186332,-1.92856694428475,0,0.445400514522041,0.898763056916555,-1.92803208299747,0,0.441011739478201,-0.905746556186332,1.92856694428475,-1.02282038809842,0,0.445400514522041,-0.898763056916555,1.92803208299747,-1.02926902608092,0
95,1.88,0.441502628262887,0.904965444957082,-1.92850711952621,0,0.445778415396082,0.898161734121117,-1.92798602810837,0,0.441502628262887,-0.904965444957082,1.92850711952621,-1.02354167456913,0,0.445778415396082,-0.898161734121117,1.92798602810837,-1.02982429398725,0
96,1.9,0.441861898329759,0.904393767843402,-1.92846333517898,0,0.446002985400177,0.897804394215575,-1.92795865969685,0,0.441861898329759,-0.904393767843402,1.92846333517898,-1.02406956733558,0,0.446002985400177,-0.897804394215575,1.92795865969685,-1.03015426548127,0
97,1.92,0.44210781884948,0.904002454606169,-1.92843336477393,0,0.446091856740689,0.897662980510073,-1.92794782892081,0,0.44210781884948,-0.904002454606169,1.92843336477393,-1.02443091016776,0,0.446091856740689,-0.897662980510073,1.92794782892081,-1.03028484841074,0
98,1.94,0.442260092285189,0.903760154325007,-1.92841480716616,0,0.446064094909455,0.89770715564464,-1.92795121226323,0,0.442260092285189,-0.903760154325007,1.92841480716616,-1.02465465284115,0,0.446064094909455,-0.89770715564464,1.92795121226323,-1.03024405661859,0
99,1.96,0.442339886243456,0.903633184716466,-1.92840508265333,0,0.445940230535635,0.897904250905956,-1.92796630765039,0,0.442339886243456,-0.903633184716466,1.92840508265333,-1.02477189793686,0,0.445940230535635,-0.897904250905956,1.92796630765039,-1.03006205674443,0
100,1.98,0.442369865325224,0.903585481452219,-1.92840142909394,0,0.445742291237436,0.898219215544295,-1.92799043057006,0,0.442369865325224,-0.903585481452219,1.92840142909394,-1.02481594764172,0,0.445742291237436,-0.898219215544295,1.92799043057006,-1.02977121502576,0
101,2,0.442374222976745,0.903578547477269,-1.92840089802568,0,0.445493833473739,0.898614566090635,-1.92802071018977,0,0.442374222976745,-0.903578547477269,1.92840089802568,-1.02482235054841,0,0.445493833473739,-0.898614566090635,1.92802071018977,-1.02940614409914,0
102,2.02,0.442374222976745,0.903578547477269,-1.92840089802568,5.91036e-07,0.445219974395641,0.899050335673904,-1.92805408547503,0,0.442374222976745,-0.903578547477269,1.92840089802568,-1.02482235054841,5.91036e-07,0.445219974395641,-0.899050335673904,1.92805408547503,-1.02900374980113,0
103,2.04,0.442374222976745,0.903578547477269,-1.92840089802568,4.657152e-06,0.444941828892027,0.899492925896001,-1.92808798314822,1.0342780224e-06,0.442374222976745,-0.903578547477269,1.92840089802568,-1.02482235054841,4.657152e-06,0.444941828892027,-0.899492925896001,1.92808798314822,-1.02859505725222,1.0342780224e-06
104,2.06,0.442374222976745,0.903578547477269,-1.92840089802568,1.5479748e-05,0.444672237353247,0.899921904892509,-1.92812083834723,5.64572647209985e-06,0.442374222976745,-0.903578547477269,1.92840089802568,-1.02482235054841,1.5479748e-05,0.444672237353247,-0.899921904892509,1.92812083834723,-1.02819893345472,5.64572647209985e-06
105,2.08,0.442374222976745,0.903578547477269,-1.92840089802568,3.6132864e-05,0.444418561854919,0.900325557993805,-1.92815175385377,1.69815958777552e-05,0.442374222976745,-0.903578547477269,1.92840089802568,-1.02482235054841,3.6132864e-05,0.444418561854919,-0.900325557993805,1.92815175385377,-1.02782619585997,1.69815958777552e-05
106,2.1,0.442374222976745,0.903578547477269,-1.92840089802568,6.94875e-05,0.444184583000795,0.90069786943392,-1.92818026892457,3.83344026370275e-05,0.442374222976745,-0.903578547477269,1.92840089802568,-1.02482235054841,6.94875e-05,0.444184583000795,-0.90069786943392,1.92818026892457,-1.02748239949065,3.83344026370275e-05
107,2.12,0.442374222976745,0.903578547477269,-1.92840089802568,0.000118215936,0.443971781287359,0.901036483419724,-1.9282062031311,7.29150404443644e-05,0.442374222976745,-0.903578547477269,1.92840089802568,-1.02482235054841,0.000118215936,0.443971781287359,-0.901036483419724,1.9282062031311,-1.02716971971138,7.29150404443644e-05
108,2.14,0.442374222976745,0.903578547477269,-1.92840089802568,0.000184796052,0.443780197926872,0.901341334373508,-1.9282295514508,0.000123746188091155,0.442374222976745,-0.903578547477269,1.92840089802568,-1.02482235054841,0.000184796052,0.443780197926872,-0.901341334373508,1.9282295514508,-1.02688821707729,0.000123746188091155
109,2.16,0.442374222976745,0.903578547477269,-1.92840089802568,0.000271515648,0.443609008912575,0.901613733469929,-1.92825041430561,0.000193617343186196,0.442374222976745,-0.903578547477269,1.92840089802568,-1.02482235054841,0.000271515648,0.443609008912575,-0.901613733469929,1.92825041430561,-1.02663668083568,0.000193617343186196
110,2.18,0.442374222976745,0.903578547477269,-1.92840089802568,0.000380476764,0.443456904066564,0.901855765488075,-1.9282689513673,0.000285070835325416,0.442374222976745,-0.903578547477269,1.92840089802568,-1.02482235054841,0.000380476764,0.443456904066564,-0.901855765488075,1.9282689513673,-1.02641318587923,0.000285070835325416
111,2.2,0.442374222976745,0.903578547477269,-1.92840089802568,0.0005136,0.443322333915365,0.90206989597853,-1.92828535147065,0.000400402905474761,0.442374222976745,-0.903578547477269,1.92840089802568,-1.02482235054841,0.0005136,0.443322333915365,-0.90206989597853,1.92828535147065,-1.02621545549212,0.000400402905474761
112,2.22,0.442374222976745,0.903578547477269,-1.92840089802568,0.000672628836,0.4432036673871,0.902258720332753,-1.92829981339487,0.000541671668551251,0.442374222976745,-0.903578547477269,1.92840089802568,-1.02482235054841,0.000672628836,0.4432036673871,-0.902258720332753,1.92829981339487,-1.02604109306211,0.000541671668551251
113,2.24,0.442374222976745,0.903578547477269,-1.92840089802568,0.000859133952,0.443099289693727,0.902424808031067,-1.92831253393463,0.000710707819032889,0.442374222976745,-0.903578547477269,1.92840089802568,-1.02482235054841,0.000859133952,0.443099289693727,-0.902424808031067,1.92831253393463,-1.02588772590356,0.000710707819032889
114,2.26,0.442374222976745,0.903578547477269,-1.92840089802568,0.001074517548,0.443007660409024,0.902570610227904,-1.92832370082212,0.000909126042869426,0.442374222976745,-0.903578547477269,1.92840089802568,-1.02482235054841,0.001074517548,0.443007660409024,-0.902570610227904,1.92832370082212,-1.02575309059422,0.000909126042869426
115,2.28,0.442374222976745,0.903578547477269,-1.92840089802568,0.001320017664,0.442927345340911,0.902698409035981,-1.92833348884276,0.00113833618415975,0.442374222976745,-0.903578547477269,1.92840089802568,-1.02482235054841,0.001320017664,0.442927345340911,-0.902698409035981,1.92833348884276,-1.02563507980678,0.00113833618415975
116,2.3,0.442374222976745,0.903578547477269,-1.92840089802568,0.0015967125,0.442857031405477,0.902810293858478,-1.92834205802247,0.00139955376714696,0.442374222976745,-0.903578547477269,1.92840089802568,-1.02482235054841,0.0015967125,0.442857031405477,-0.902810293858478,1.92834205802247,-1.02553176416399,0.00139955376714696
117,2.32,0.442374222976745,0.903578547477269,-1.92840089802568,0.001905524736,0.442795530707067,0.902908154896728,-1.92834955313042,0.00169380974831701,0.442374222976745,-0.903578547477269,1.92840089802568,-1.02482235054841,0.001905524736,0.442795530707067,-0.902908154896728,1.92834955313042,-1.02544139823369,0.00169380974831701
118,2.34,0.442374222976745,0.903578547477269,-1.92840089802568,0.002247225852,0.442741777978808,0.9029936872229,-1.928356103991,0.00202195950386618,0.442374222976745,-0.903578547477269,1.92840089802568,-1.02482235054841,0.002247225852,0.442741777978808,-0.9029936872229,1.928356103991,-1.0253624167681,0.00202195950386618
119,2.36,0.442374222976745,0.903578547477269,-1.92840089802568,0.002622440448,0.44269482414177,0.903068401028778,-1.92836182626873,0.00238469111480151,0.442374222976745,-0.903578547477269,1.92840089802568,-1.02482235054841,0.002622440448,0.44269482414177,-0.903068401028778,1.92836182626873,-1.02529342523995,0.00238469111480151
120,2.38,0.442374222976745,0.903578547477269,-1.92840089802568,0.003031650564,0.442653827792946,0.903133635170244,-1.92836682250565,0.00278253303213581,0.442374222976745,-0.903578547477269,1.92840089802568,-1.02482235054841,0.003031650564,0.442653827792946,-0.903133635170244,1.92836682250565,-1.02523318733541,0.00278253303213581
121,2.4,0.442374222976745,0.903578547477269,-1.92840089802568,0.0034752,0.442618045791004,0.903190572147405,-1.9283711832686,0.00321586120706106,0.442374222976745,-0.903578547477269,1.92840089802568,-1.02482235054841,0.0034752,0.442618045791004,-0.903190572147405,1.9283711832686,-1.0251806111212,0.00321586120706106
122,2.42,0.442374222976745,0.903578547477269,-1.92840089802568,0.003953298636,0.442586823677268,0.903240253346896,-1.92837498831666,0.00368490576539458,0.442374222976745,-0.903578547477269,1.92840089802568,-1.02482235054841,0.003953298636,0.442586823677268,-0.903240253346896,1.92837498831666,-1.02513473496976,0.00368490576539458
123,2.44,0.442374222976745,0.903578547477269,-1.92840089802568,0.004466026752,0.442559586381006,0.903283593831805,-1.92837830773385,0.0041897572969168,0.442374222976745,-0.903578547477269,1.92840089802568,-1.02482235054841,0.004466026752,0.442559586381006,-0.903283593831805,1.92837830773385,-1.02509471390205,0.0041897572969168
124,2.46,0.442374222976745,0.903578547477269,-1.92840089802568,0.005013339348,0.442535829467078,0.90332139626857,-1.92838120299584,0.00473037282086509,0.442374222976745,-0.903578547477269,1.92840089802568,-1.02482235054841,0.005013339348,0.442535829467078,-0.90332139626857,1.92838120299584,-1.02505980672727,0.00473037282086509
125,2.48,0.442374222976745,0.903578547477269,-1.92840089802568,0.005595070464,0.442515111059108,0.903354363778976,-1.92838372795423,0.00530658147992972,0.442374222976745,-0.903578547477269,1.92840089802568,-1.02482235054841,0.005595070464,0.442515111059108,-0.903354363778976,1.92838372795423,-1.02502936417525,0.00530658147992972
126,2.5,0.442374222976745,0.903578547477269,-1.92840089802568,0.0062109375,0.442497044491031,0.903383111633152,-1.92838592973212,0.00591809000706927,0.442374222976745,-0.903578547477269,1.92840089802568,-1.02482235054841,0.0062109375,0.442497044491031,-0.903383111633152,1.92838592973212,-1.02500281809897,0.00591809000706927
127,2.52,0.442374222976745,0.903578547477269,-1.92840089802568,0.006860545536,0.442481291689614,0.903408177779422,-1.9283878495306,0.00656448800245644,0.442374222976745,-0.903578547477269,1.92840089802568,-1.02482235054841,0.006860545536,0.442481291689614,-0.903408177779422,1.9283878495306,-1.02497967175118,0.00656448800245644
128,2.54,0.442374222976745,0.903578547477269,-1.92840089802568,0.007543391652,0.442467557260249,0.903430032255098,-1.92838952334949,0.00724525305185661,0.442374222976745,-0.903578547477269,1.92840089802568,-1.02482235054841,0.007543391652,0.442467557260249,-0.903430032255098,1.92838952334949,-1.02495949109439,0.00724525305185661
129,2.56,0.442374222976745,0.903578547477269,-1.92840089802568,0.008258869248,0.44245558323129,0.90344908554939,-1.92839098262787,0.00795975571264393,0.442374222976745,-0.903578547477269,1.92840089802568,-1.02482235054841,0.008258869248,0.44245558323129,-0.90344908554939,1.92839098262787,-1.02494189707848,0.00795975571264393
130,2.58,0.442374222976745,0.903578547477269,-1.92840089802568,0.009006272364,0.442445144403732,0.903465696003081,-1.92839225481081,0.00870726438936226,0.442374222976745,-0.903578547477269,1.92840089802568,-1.02482235054841,0.009006272364,0.442445144403732,-0.903465696003081,1.92839225481081,-1.02492655880773,0.00870726438936226
131,2.6,0.442374222976745,0.903578547477269,-1.92840089802568,0.0097848,0.442436044250118,0.903480176334263,-1.92839336384917,0.00948695011712993,0.442374222976745,-0.903578547477269,1.92840089802568,-1.02482235054841,0.0097848,0.442436044250118,-0.903480176334263,1.92839336384917,-1.02491318751491,0.00948695011712993
132,2.62,0.442374222976745,0.903578547477269,-1.92840089802568,0.010593560436,0.442428111307015,0.903492799378692,-1.92839433063925,0.0102978912681647,0.442374222976745,-0.903578547477269,1.92840089802568,-1.02482235054841,0.010593560436,0.442428111307015,-0.903492799378692,1.92839433063925,-1.02490153126055,0.0102978912681647
133,2.64,0.442374222976745,0.903578547477269,-1.92840089802568,0.011431575552,0.442421196007942,0.903503803129293,-1.92839517340875,0.0111390781941783,0.442374222976745,-0.903578547477269,1.92840089802568,-1.02482235054841,0.011431575552,0.442421196007942,-0.903503803129293,1.92839517340875,-1.02489137027946,0.0111390781941783
134,2.66,0.442374222976745,0.903578547477269,-1.92840089802568,0.012297785148,0.442415167907251,0.903513395153572,-1.92839590805513,0.0120094178152775,0.442374222976745,-0.903578547477269,1.92840089802568,-1.02482235054841,0.012297785148,0.442415167907251,-0.903513395153572,1.92839590805513,-1.02488251290156,0.0120094178152775
135,2.68,0.442374222976745,0.903578547477269,-1.92840089802568,0.013191051264,0.442409913249616,0.903521756461088,-1.92839654844178,0.0129077381642466,0.442374222976745,-0.903578547477269,1.92840089802568,-1.02482235054841,0.013191051264,0.442409913249616,-0.903521756461088,1.92839654844178,-1.02487479198069,0.0129077381642466
136,2.7,0.442374222976745,0.903578547477269,-1.92840089802568,0.0141101625,0.44240533284412,0.903529044886245,-1.92839710665713,0.0138327928936137,0.442374222976745,-0.903578547477269,1.92840089802568,-1.02482235054841,0.0141101625,0.44240533284412,-0.903529044886245,1.92839710665713,-1.02486806177088,0.0138327928936137
137,2.72,0.442374222976745,0.903578547477269,-1.92840089802568,0.015053838336,0.442401340206127,0.903535398044979,-1.92839759324108,0.0147832657516758,0.442374222976745,-0.903578547477269,1.92840089802568,-1.02482235054841,0.015053838336,0.442401340206127,-0.903535398044979,1.92839759324108,-1.0248621951961,0.0147832657516758
138,2.74,0.442374222976745,0.903578547477269,-1.92840089802568,0.016020733452,0.442397859934156,0.903540935917512,-1.92839801738283,0.0157577750326343,0.442374222976745,-0.903578547477269,1.92840089802568,-1.02482235054841,0.016020733452,0.442397859934156,-0.903540935917512,1.92839801738283,-1.02485708146532,0.0157577750326343
139,2.76,0.442374222976745,0.903578547477269,-1.92840089802568,0.017009442048,0.442394826292677,0.903545763103422,-1.9283983870936,0.0167548780051342,0.442374222976745,-0.903578547477269,1.92840089802568,-1.02482235054841,0.017009442048,0.442394826292677,-0.903545763103422,1.9283983870936,-1.02485262399017,0.0167548780051342
140,2.78,0.442374222976745,0.903578547477269,-1.92840089802568,0.018018502164,0.442392181975153,0.903549970789921,-1.92839870935734,0.0177730753227949,0.442374222976745,-0.903578547477269,1.92840089802568,-1.02482235054841,0.018018502164,0.442392181975153,-0.903549970789921,1.92839870935734,-1.02484873856742,0.0177730753227949
141,2.8,0.442374222976745,0.903578547477269,-1.92840089802568,0.0190464,0.442389877024701,0.903553638469315,-1.92839899026232,0.018810815419716,0.442374222976745,-0.903578547477269,1.92840089802568,-1.02482235054841,0.0190464,0.442389877024701,-0.903553638469315,1.92839899026232,-1.024845351793,0.018810815419716
142,2.82,0.442374222976745,0.903578547477269,-1.92840089802568,0.020091574236,0.442387867892513,0.90355683543727,-1.92839923511584,0.0198664988934556,0.442374222976745,-0.903578547477269,1.92840089802568,-1.02482235054841,0.020091574236,0.442387867892513,-0.90355683543727,1.92839923511584,-1.02484239967857,0.0198664988934556
143,2.84,0.442374222976745,0.903578547477269,-1.92840089802568,0.021152420352,0.442386116616569,0.903559622099642,-1.92839944854435,0.0209384828775565,0.442374222976745,-0.903578547477269,1.92840089802568,-1.02482235054841,0.021152420352,0.442386116616569,-0.903559622099642,1.92839944854435,-1.02483982644471,0.0209384828775565
144,2.86,0.442374222976745,0.903578547477269,-1.92840089802568,0.022227294948,0.442384590105409,0.903562051112171,-1.92839963458071,0.0220250854053573,0.442374222976745,-0.903578547477269,1.92840089802568,-1.02482235054841,0.022227294948,0.442384590105409,-0.903562051112171,1.92839963458071,-1.02483758346854,0.0220250854053573
145,2.88,0.442374222976745,0.903578547477269,-1.92840089802568,0.023314520064,0.442383259513567,0.903564168374292,-1.92839979674032,0.0231245897665328,0.442374222976745,-0.903578547477269,1.92840089802568,-1.02482235054841,0.023314520064,0.442383259513567,-0.903564168374292,1.92839979674032,-1.02483562836603,0.0231245897665328
146,2.9,0.442374222976745,0.903578547477269,-1.92840089802568,0.0244123875,0.442382099696989,0.903566013895684,-1.9283999380875,0.0242352488575715,0.442374222976745,-0.903578547477269,1.92840089802568,-1.02482235054841,0.0244123875,0.442382099696989,-0.903566013895684,1.9283999380875,-1.02483392419182,0.0242352488575715
147,2.92,0.442374222976745,0.903578547477269,-1.92840089802568,0.025519163136,0.442381088738232,0.903567622551782,-1.92840006129334,0.0253552895271949,0.442374222976745,-0.903578547477269,1.92840089802568,-1.02482235054841,0.025519163136,0.442381088738232,-0.903567622551782,1.92840006129334,-1.02483243874156,0.0253552895271949
148,2.94,0.442374222976745,0.903578547477269,-1.92840089802568,0.026633091252,0.442380207532519,0.903569024742461,-1.92840016868614,0.0264829169175595,0.442374222976745,-0.903578547477269,1.92840089802568,-1.02482235054841,0.026633091252,0.442380207532519,-0.903569024742461,1.92840016868614,-1.02483114394368,0.0264829169175595
149,2.96,0.442374222976745,0.903578547477269,-1.92840089802568,0.027752398848,0.44237943942686,0.90357024696626,-1.9284002622954,0.0276163188019401,0.442374222976745,-0.903578547477269,1.92840089802568,-1.02482235054841,0.027752398848,0.44237943942686,-0.90357024696626,1.9284002622954,-1.02483001532913,0.0276163188019401
150,2.98,0.442374222976745,0.903578547477269,-1.92840089802568,0.028875299964,0.44237876990546,0.90357131232098,-1.92840034389016,0.0287536699194786,0.442374222976745,-0.903578547477269,1.92840089802568,-1.02482235054841,0.028875299964,0.44237876990546,-0.90357131232098,1.92840034389016,-1.02482903156918,0.0287536699194786
151,3,0.442374222976745,0.903578547477269,-1.92840089802568,0.03,0.442378186315471,0.903572240940064,-1.92840041501244,0.029893136307486,0.442374222976745,-0.903578547477269,1.92840089802568,-1.02482235054841,0.03,0.442378186315471,-0.903572240940064,1.92840041501244,-1.02482817407238,0.029893136307486
152,3.02,0.442374222976745,0.903578547477269,-1.92840089802568,0.031124700036,0.442377677627929,0.903573050373002,-1.92840047700634,0.0310328796317024,0.442374222976745,-0.903578547477269,1.92840089802568,-1.02482235054841,0.031124700036,0.442377677627929,-0.903573050373002,1.92840047700634,-1.02482742663334,0.0310328796317024
153,3.04,0.442374222976745,0.903578547477269,-1.92840089802568,0.032247601152,0.442377234229356,0.903573755916936,-1.92840053104345,0.0321710615148545,0.442374222976745,-0.903578547477269,1.92840089802568,-1.02482235054841,0.032247601152,0.442377234229356,-0.903573755916936,1.92840053104345,-1.02482677512652,0.0321710615148545
154,3.06,0.442374222976745,0.903578547477269,-1.92840089802568,0.033366908748,0.442376847740108,0.903574370905709,-1.92840057814501,0.0333058478637937,0.442374222976745,-0.903578547477269,1.92840089802568,-1.02482235054841,0.033366908748,0.442376847740108,-0.903574370905709,1.92840057814501,-1.0248262072393,0.0333058478637937
155,3.08,0.442374222976745,0.903578547477269,-1.92840089802568,0.034480836864,0.442376510856025,0.903574906961836,-1.92840061920117,0.0344354131954487,0.442374222976745,-0.903578547477269,1.92840089802568,-1.02482235054841,0.034480836864,0.442376510856025,-0.903574906961836,1.92840061920117,-1.02482571223934,0.0344354131954487
156,3.1,0.442374222976745,0.903578547477269,-1.92840089802568,0.0355876125,0.442376217210403,0.903575374216129,-1.92840065498785,0.0355579449617913,0.442374222976745,-0.903578547477269,1.92840089802568,-1.02482235054841,0.0355876125,0.442376217210403,-0.903575374216129,1.92840065498785,-1.02482528077172,0.0355579449617913
157,3.12,0.442374222976745,0.903578547477269,-1.92840089802568,0.036685479936,0.442375961253684,0.903575781499151,-1.92840068618137,0.0366716478739776,0.442374222976745,-0.903578547477269,1.92840089802568,-1.02482235054841,0.036685479936,0.442375961253684,-0.903575781499151,1.92840068618137,-1.02482490468222,0.0366716478739776
158,3.14,0.442374222976745,0.903578547477269,-1.92840089802568,0.037772705052,0.442375738148575,0.903576136508088,-1.92840071337125,0.0377747482258022,0.442374222976745,-0.903578547477269,1.92840089802568,-1.02482235054841,0.037772705052,0.442375738148575,-0.903576136508088,1.92840071337125,-1.02482457686316,0.0377747482258022
159,3.16,0.442374222976745,0.903578547477269,-1.92840089802568,0.038847579648,0.442375543678637,0.903576445952218,-1.92840073707136,0.0388654982165789,0.442374222976745,-0.903578547477269,1.92840089802568,-1.02482235054841,0.038847579648,0.442375543678637,-0.903576445952218,1.92840073707136,-1.02482429111914,0.0388654982165789
160,3.18,0.442374222976745,0.903578547477269,-1.92840089802568,0.039908425764,0.442375374168598,0.903576715679698,-1.9284007577296,0.039942180273544,0.442374222976745,-0.903578547477269,1.92840089802568,-1.02482235054841,0.039908425764,0.442375374168598,-0.903576715679698,1.9284007577296,-1.0248240420499,0.039942180273544
161,3.2,0.442374222976745,0.903578547477269,-1.92840089802568,0.0409536,0.4423752264149,0.903576950788089,-1.92840077573638,0.0410031113738605,0.442374222976745,-0.903578547477269,1.92840089802568,-1.02482235054841,0.0409536,0.4423752264149,-0.903576950788089,1.92840077573638,-1.0248238249483,0.0410031113738605
162,3.22,0.442374222976745,0.903578547477269,-1.92840089802568,0.041981497836,0.442375097625156,0.903577155720691,-1.92840079143203,0.042046647366289,0.442374222976745,-0.903578547477269,1.92840089802568,-1.02482235054841,0.041981497836,0.442375097625156,-0.903577155720691,1.92840079143203,-1.02482363571134,0.042046647366289
163,3.24,0.442374222976745,0.903578547477269,-1.92840089802568,0.042990557952,0.442374985365373,0.903577334350515,-1.92840080511316,0.0430711872925829,0.442374222976745,-0.903578547477269,1.92840089802568,-1.02482235054841,0.042990557952,0.442374985365373,-0.903577334350515,1.92840080511316,-1.02482347076265,0.0430711872925829
164,3.26,0.442374222976745,0.903578547477269,-1.92840089802568,0.043979266548,0.442374887513957,0.903577490053479,-1.92840081703834,0.0440751777086505,0.442374222976745,-0.903578547477269,1.92840089802568,-1.02482235054841,0.043979266548,0.442374887513957,-0.903577490053479,1.92840081703834,-1.02482332698486,0.0440751777086505
165,3.28,0.442374222976745,0.903578547477269,-1.92840089802568,0.044946161664,0.44237480222162,0.90357762577221,-1.92840082743294,0.0450571170055253,0.442374222976745,-0.903578547477269,1.92840089802568,-1.02482235054841,0.044946161664,0.44237480222162,-0.90357762577221,1.92840082743294,-1.02482320166073,0.0450571170055253
166,3.3,0.442374222976745,0.903578547477269,-1.92840089802568,0.0458898375,0.442374727876422,0.90357774407165,-1.92840083649341,0.0460155597301746,0.442374222976745,-0.903578547477269,1.92840089802568,-1.02482235054841,0.0458898375,0.442374727876422,-0.90357774407165,1.92840083649341,-1.02482309242176,0.0460155597301746
167,3.32,0.442374222976745,0.903578547477269,-1.92840089802568,0.046808948736,0.442374663073317,0.903577847187539,-1.92840084439099,0.0469491209061746,0.442374222976745,-0.903578547477269,1.92840089802568,-1.02482235054841,0.046808948736,0.442374663073317,-0.903577847187539,1.92840084439099,-1.02482299720345,0.0469491209061746
168,3.34,0.442374222976745,0.903578547477269,-1.92840089802568,0.047702214852,0.442374606587591,0.903577937068662,-1.92840085127492,0.0478564803542729,0.442374222976745,-0.903578547477269,1.92840089802568,-1.02482235054841,0.047702214852,0.442374606587591,-0.903577937068662,1.92840085127492,-1.02482291420626,0.0478564803542729
169,3.36,0.442374222976745,0.903578547477269,-1.92840089802568,0.048568424448,0.442374557351721,0.90357801541368,-1.92840085727531,0.048736387012858,0.442374222976745,-0.903578547477269,1.92840089802568,-1.02482235054841,0.048568424448,0.442374557351721,-0.90357801541368,1.92840085727531,-1.02482284186163,0.048736387012858
170,3.38,0.442374222976745,0.903578547477269,-1.92840089802568,0.049406439564,0.4423745144352,0.903578083703234,-1.92840086250556,0.0495876632583505,0.442374222976745,-0.903578547477269,1.92840089802568,-1.02482235054841,0.049406439564,0.4423745144352,-0.903578083703234,1.92840086250556,-1.02482277880232,0.0495876632583505
171,3.4,0.442374222976745,0.903578547477269,-1.92840089802568,0.0502152,0.44237447702695,0.903578143227928,-1.92840086706451,0.0504092092255302,0.442374222976745,-0.903578547477269,1.92840089802568,-1.02482235054841,0.0502152,0.44237447702695,-0.903578143227928,1.92840086706451,-1.02482272383658,0.0504092092255302
172,3.42,0.442374222976745,0.903578547477269,-1.92840089802568,0.050993727636,0.442374444419991,0.903578195112718,-1.92840087103833,0.0512000071278077,0.442374222976745,-0.903578547477269,1.92840089802568,-1.02482235054841,0.050993727636,0.442374444419991,-0.903578195112718,1.92840087103833,-1.02482267592561,0.0512000071278077
173,3.44,0.442374222976745,0.903578547477269,-1.92840089802568,0.051741130752,0.442374415998086,0.903578240338174,-1.92840087450212,0.051959125577452,0.442374222976745,-0.903578547477269,1.92840089802568,-1.02482235054841,0.051741130752,0.442374415998086,-0.903578240338174,1.92840087450212,-1.02482263416394,0.051959125577452
174,3.46,0.442374222976745,0.903578547477269,-1.92840089802568,0.052456608348,0.442374391224089,0.903578279759012,-1.92840087752133,0.0526857239057801,0.442374222976745,-0.903578547477269,1.92840089802568,-1.02482235054841,0.052456608348,0.442374391224089,-0.903578279759012,1.92840087752133,-1.02482259776232,0.0526857239057801
175,3.48,0.442374222976745,0.903578547477269,-1.92840089802568,0.053139454464,0.442374369629798,0.903578314120244,-1.92840088015303,0.0533790564833145,0.442374222976745,-0.903578547477269,1.92840089802568,-1.02482235054841,0.053139454464,0.442374369629798,-0.903578314120244,1.92840088015303,-1.02482256603279,0.0533790564833145
176,3.5,0.442374222976745,0.903578547477269,-1.92840089802568,0.0537890625,0.4423743508071,0.903578344071265,-1.92840088244696,0.0540384770399154,0.442374222976745,-0.903578547477269,1.92840089802568,-1.02482235054841,0.0537890625,0.4423743508071,-0.903578344071265,1.92840088244696,-1.0248225383757,0.0540384770399154
177,3.52,0.442374222976745,0.903578547477269,-1.92840089802568,0.054404929536,0.442374334400268,0.903578370178118,-1.92840088444647,0.0546634429848904,0.442374222976745,-0.903578547477269,1.92840089802568,-1.02482235054841,0.054404929536,0.442374334400268,-0.903578370178118,1.92840088444647,-1.02482251426835,0.0546634429848904
178,3.54,0.442374222976745,0.903578547477269,-1.92840089802568,0.054986660652,0.442374320099228,0.903578392934195,-1.92840088618934,0.0552535197270864,0.442374222976745,-0.903578547477269,1.92840089802568,-1.02482235054841,0.054986660652,0.442374320099228,-0.903578392934195,1.92840088618934,-1.02482249325514,0.0552535197270864
179,3.56,0.442374222976745,0.903578547477269,-1.92840089802568,0.055533973248,0.442374307633704,0.903578412769565,-1.92840088770852,0.0558083849949659,0.442374222976745,-0.903578547477269,1.92840089802568,-1.02482235054841,0.055533973248,0.442374307633704,-0.903578412769565,1.92840088770852,-1.02482247493895,0.0558083849949659
180,3.58,0.442374222976745,0.903578547477269,-1.92840089802568,0.056046701364,0.442374296768111,0.903578430059095,-1.92840088903271,0.0563278331566707,0.442374222976745,-0.903578547477269,1.92840089802568,-1.02482235054841,0.056046701364,0.442374296768111,-0.903578430059095,1.92840088903271,-1.02482245897361,0.0563278331566707
181,3.6,0.442374222976745,0.903578547477269,-1.92840089802568,0.0565248,0.442374287297101,0.903578445129539,-1.92840089018694,0.0568117795400755,0.442374222976745,-0.903578547477269,1.92840089802568,-1.02482235054841,0.0565248,0.442374287297101,-0.903578445129539,1.92840089018694,-1.0248224450574,0.0568117795400755
182,3.62,0.442374222976745,0.903578547477269,-1.92840089802568,0.056968349436,0.442374279041681,0.903578458265716,-1.92840089119303,0.0572602647528316,0.442374222976745,-0.903578547477269,1.92840089802568,-1.02482235054841,0.056968349436,0.442374279041681,-0.903578458265716,1.92840089119303,-1.02482243292732,0.0572602647528316
183,3.64,0.442374222976745,0.903578547477269,-1.92840089802568,0.0573775595519999,0.442374271845831,0.903578469715883,-1.92840089206999,0.0576734590024048,0.442374222976745,-0.903578547477269,1.92840089802568,-1.02482235054841,0.0573775595519999,0.442374271845831,-0.903578469715883,1.92840089206999,-1.02482242235411,0.0576734590024048
184,3.66,0.442374222976745,0.903578547477269,-1.92840089802568,0.057752774148,0.442374265573558,0.90357847969644,-1.9284008928344,0.0580516664161052,0.442374222976745,-0.903578547477269,1.92840089802568,-1.02482235054841,0.057752774148,0.442374265573558,-0.90357847969644,1.9284008928344,-1.02482241313796,0.0580516664161052
185,3.68,0.442374222976745,0.903578547477269,-1.92840089802568,0.0580944752639999,0.442374260106322,0.903578488396006,-1.92840089350069,0.0583953293611139,0.442374222976745,-0.903578547477269,1.92840089802568,-1.02482235054841,0.0580944752639999,0.442374260106322,-0.903578488396006,1.92840089350069,-1.02482240510468,0.0583953293611139
186,3.7,0.442374222976745,0.903578547477269,-1.92840089802568,0.0584032875,0.442374255340797,0.903578495978997,-1.92840089408147,0.058705032764504,0.442374222976745,-0.903578547477269,1.92840089802568,-1.02482235054841,0.0584032875,0.442374255340797,-0.903578495978997,1.92840089408147,-1.02482239810247,0.058705032764504
187,3.72,0.442374222976745,0.903578547477269,-1.92840089802568,0.058679982336,0.44237425118692,0.903578502588722,-1.9284008945877,0.0589815084332586,0.442374222976745,-0.903578547477269,1.92840089802568,-1.02482235054841,0.058679982336,0.44237425118692,-0.903578502588722,1.9284008945877,-1.02482239199898,0.0589815084332586
188,3.74,0.442374222976745,0.903578547477269,-1.92840089802568,0.058925482452,0.442374247566186,0.903578508350099,-1.92840089502896,0.0592256393742855,0.442374222976745,-0.903578547477269,1.92840089802568,-1.02482235054841,0.058925482452,0.442374247566186,-0.903578508350099,1.92840089502896,-1.02482238667886,0.0592256393742855
189,3.76,0.442374222976745,0.903578547477269,-1.92840089802568,0.059140866048,0.442374244410169,0.903578513372012,-1.92840089541359,0.0594384641144302,0.442374222976745,-0.903578547477269,1.92840089802568,-1.02482235054841,0.059140866048,0.442374244410169,-0.903578513372012,1.92840089541359,-1.02482238204157,0.0594384641144302
190,3.78,0.442374222976745,0.903578547477269,-1.92840089802568,0.0593273711639999,0.442374241659221,0.90357851774937,-1.92840089574884,0.0596211810204857,0.442374222976745,-0.903578547477269,1.92840089802568,-1.02482235054841,0.0593273711639999,0.442374241659221,-0.90357851774937,1.92840089574884,-1.02482237799947,0.0596211810204857
191,3.8,0.442374222976745,0.903578547477269,-1.92840089802568,0.0594864,0.442374239261354,0.903578521564901,-1.92840089604107,0.0597751526192016,0.442374222976745,-0.903578547477269,1.92840089802568,-1.02482235054841,0.0594864,0.442374239261354,-0.903578521564901,1.92840089604107,-1.02482237447617,0.0597751526192016
192,3.82,0.442374222976745,0.903578547477269,-1.92840089802568,0.059619523236,0.442374237171249,0.903578524890714,-1.9284008962958,0.0599019099172912,0.442374222976745,-0.903578547477269,1.92840089802568,-1.02482235054841,0.059619523236,0.442374237171249,-0.903578524890714,1.9284008962958,-1.02482237140508,0.0599019099172912
193,3.84,0.442374222976745,0.903578547477269,-1.92840089802568,0.059728484352,0.442374235349406,0.903578527789664,-1.92840089651782,0.0600031567214374,0.442374222976745,-0.903578547477269,1.92840089802568,-1.02482235054841,0.059728484352,0.442374235349406,-0.903578527789664,1.92840089651782,-1.02482236872816,0.0600031567214374
194,3.86,0.442374222976745,0.903578547477269,-1.92840089802568,0.0598152039480001,0.442374233761393,0.903578530316539,-1.92840089671136,0.0600807739582979,0.442374222976745,-0.903578547477269,1.92840089802568,-1.02482235054841,0.0598152039480001,0.442374233761393,-0.903578530316539,1.92840089671136,-1.02482236639482,0.0600807739582979
195,3.88,0.442374222976745,0.903578547477269,-1.92840089802568,0.059881784064,0.4423742323772,0.903578532519092,-1.92840089688005,0.0601368239945091,0.442374222976745,-0.903578547477269,1.92840089802568,-1.02482235054841,0.059881784064,0.4423742323772,-0.903578532519092,1.92840089688005,-1.02482236436096,0.0601368239945091
196,3.9,0.442374222976745,0.903578547477269,-1.92840089802568,0.0599305124999999,0.442374231170666,0.903578534438952,-1.92840089702709,0.0601735549566901,0.442374222976745,-0.903578547477269,1.92840089802568,-1.02482235054841,0.0599305124999999,0.442374231170666,-0.903578534438952,1.92840089702709,-1.02482236258814,0.0601735549566901
197,3.92,0.442374222976745,0.903578547477269,-1.92840089802568,0.059963867136,0.442374230118989,0.9035785361124,-1.92840089715526,0.0601934050514453,0.442374222976745,-0.903578547477269,1.92840089802568,-1.02482235054841,0.059963867136,0.442374230118989,-0.9035785361124,1.92840089715526,-1.02482236104286,0.0601934050514453
198,3.94,0.442374222976745,0.903578547477269,-1.92840089802568,0.059984520252,0.442374229202292,0.903578537571064,-1.92840089726697,0.0601990068853666,0.442374222976745,-0.903578547477269,1.92840089802568,-1.02482235054841,0.059984520252,0.442374229202292,-0.903578537571064,1.92840089726697,-1.02482235969591,0.0601990068853666
199,3.96,0.442374222976745,0.903578547477269,-1.92840089802568,0.0599953428479999,0.442374228403253,0.90357853884251,-1.92840089736435,0.0601931917850361,0.442374222976745,-0.903578547477269,1.92840089802568,-1.02482235054841,0.0599953428479999,0.442374228403253,-0.90357853884251,1.92840089736435,-1.02482235852184,0.0601931917850361
200,3.98,0.442374222976745,0.903578547477269,-1.92840089802568,0.059999408964,0.442374227706769,0.903578539950769,-1.92840089744923,0.060178994117027,0.442374222976745,-0.903578547477269,1.92840089802568,-1.02482235054841,0.059999408964,0.442374227706769,-0.903578539950769,1.92840089744923,-1.02482235749847,0.060178994117027
201,4,0.442374222976745,0.903578547477269,-1.92840089802568,0.06,0.442374227099677,0.903578540916783,-1.92840089752322,0.0601596556079057,0.442374222976745,-0.903578547477269,1.92840089802568,-1.02482235054841,0.06,0.442374227099677,-0.903578540916783,1.92840089752322,-1.02482235660644,0.0601596556079057
202,4.02,0.442374222976745,0.903578547477269,-1.92840089802568,0.059999408964,0.442374226570505,0.903578541758812,-1.92840089758771,0.0601386296642325,0.442374222976745,-0.903578547477269,1.92840089802568,-1.02482235054841,0.059999408964,0.442374226570505,-0.903578541758812,1.92840089758771,-1.0248223558289,0.0601386296642325
203,4.04,0.442374222976745,0.903578547477269,-1.92840089802568,0.059995342848,0.442374226109251,0.903578542492767,-1.92840089764392,0.0601174754053181,0.442374222976745,-0.903578547477269,1.92840089802568,-1.02482235054841,0.059995342848,0.442374226109251,-0.903578542492767,1.92840089764392,-1.02482235515116,0.0601174754053181
204,4.06,0.442374222976745,0.903578547477269,-1.92840089802568,0.059984520252,0.442374225707199,0.903578543132521,-1.92840089769292,0.060094720006102,0.442374222976745,-0.903578547477269,1.92840089802568,-1.02482235054841,0.059984520252,0.442374225707199,-0.903578543132521,1.92840089769292,-1.0248223545604,0.060094720006102
205,4.08,0.442374222976745,0.903578547477269,-1.92840089802568,0.059963867136,0.442374225356749,0.903578543690162,-1.92840089773563,0.0600675321249253,0.442374222976745,-0.903578547477269,1.92840089802568,-1.02482235054841,0.059963867136,0.442374225356749,-0.903578543690162,1.92840089773563,-1.02482235404547,0.0600675321249253
206,4.1,0.442374222976745,0.903578547477269,-1.92840089802568,0.0599305125,0.442374225051279,0.903578544176232,-1.92840089777286,0.0600325785572758,0.442374222976745,-0.903578547477269,1.92840089802568,-1.02482235054841,0.0599305125,0.442374225051279,-0.903578544176232,1.92840089777286,-1.02482235359663,0.0600325785572758
207,4.12,0.442374222976745,0.903578547477269,-1.92840089802568,0.059881784064,0.442374224785016,0.903578544599915,-1.92840089780531,0.0599864540086196,0.442374222976745,-0.903578547477269,1.92840089802568,-1.02482235054841,0.059881784064,0.442374224785016,-0.903578544599915,1.92840089780531,-1.02482235320539,0.0599864540086196
208,4.14,0.442374222976745,0.903578547477269,-1.92840089802568,0.059815203948,0.442374224552927,0.903578544969219,-1.92840089783359,0.0599258890067527,0.442374222976745,-0.903578547477269,1.92840089802568,-1.02482235054841,0.059815203948,0.442374224552927,-0.903578544969219,1.92840089783359,-1.02482235286437,0.0599258890067527
209,4.16,0.442374222976745,0.903578547477269,-1.92840089802568,0.059728484352,0.442374224350627,0.903578545291123,-1.92840089785825,0.0598478435565251,0.442374222976745,-0.903578547477269,1.92840089802568,-1.02482235054841,0.059728484352,0.442374224350627,-0.903578545291123,1.92840089785825,-1.02482235256712,0.0598478435565251
210,4.18,0.442374222976745,0.903578547477269,-1.92840089802568,0.059619523236,0.442374224174291,0.903578545571712,-1.92840089787974,0.0597495428399901,0.442374222976745,-0.903578547477269,1.92840089802568,-1.02482235054841,0.059619523236,0.442374224174291,-0.903578545571712,1.92840089787974,-1.02482235230803,0.0597495428399901
211,4.2,0.442374222976745,0.903578547477269,-1.92840089802568,0.0594864,0.442374224020588,0.903578545816287,-1.92840089789847,0.0596284842789619,0.442374222976745,-0.903578547477269,1.92840089802568,-1.02482235054841,0.0594864,0.442374224020588,-0.903578545816287,1.92840089789847,-1.02482235208218,0.0596284842789619
212,4.22,0.442374222976745,0.903578547477269,-1.92840089802568,0.059327371164,0.442374223886612,0.903578546029472,-1.9284008979148,0.0594824311046389,0.442374222976745,-0.903578547477269,1.92840089802568,-1.02482235054841,0.059327371164,0.442374223886612,-0.903578546029472,1.9284008979148,-1.02482235188533,0.0594824311046389
213,4.24,0.442374222976745,0.903578547477269,-1.92840089802568,0.059140866048,0.442374223769832,0.903578546215294,-1.92840089792903,0.0593094001557907,0.442374222976745,-0.903578547477269,1.92840089802568,-1.02482235054841,0.059140866048,0.442374223769832,-0.903578546215294,1.92840089792903,-1.02482235171374,0.0593094001557907
214,4.26,0.442374222976745,0.903578547477269,-1.92840089802568,0.058925482452,0.44237422366804,0.903578546377267,-1.92840089794144,0.0591076477554467,0.442374222976745,-0.903578547477269,1.92840089802568,-1.02482235054841,0.058925482452,0.44237422366804,-0.903578546377267,1.92840089794144,-1.02482235156417,0.0591076477554467
215,4.28,0.442374222976745,0.903578547477269,-1.92840089802568,0.058679982336,0.442374223579314,0.90357854651845,-1.92840089795225,0.0588756555107051,0.442374222976745,-0.903578547477269,1.92840089802568,-1.02482235054841,0.058679982336,0.442374223579314,-0.90357854651845,1.92840089795225,-1.0248223514338,0.0588756555107051
216,4.3,0.442374222976745,0.903578547477269,-1.92840089802568,0.0584032875,0.442374223501975,0.903578546641513,-1.92840089796167,0.0586121168533219,0.442374222976745,-0.903578547477269,1.92840089802568,-1.02482235054841,0.0584032875,0.442374223501975,-0.903578546641513,1.92840089796167,-1.02482235132016,0.0586121168533219
217,4.32,0.442374222976745,0.903578547477269,-1.92840089802568,0.058094475264,0.442374223434562,0.903578546748781,-1.92840089796989,0.0583159246227729,0.442374222976745,-0.903578547477269,1.92840089802568,-1.02482235054841,0.058094475264,0.442374223434562,-0.903578546748781,1.92840089796989,-1.02482235122111,0.0583159246227729
218,4.34,0.442374222976745,0.903578547477269,-1.92840089802568,0.057752774148,0.442374223375802,0.903578546842282,-1.92840089797705,0.0579861597428035,0.442374222976745,-0.903578547477269,1.92840089802568,-1.02482235054841,0.057752774148,0.442374223375802,-0.903578546842282,1.92840089797705,-1.02482235113477,0.0579861597428035
219,4.36,0.442374222976745,0.903578547477269,-1.92840089802568,0.057377559552,0.442374223324584,0.903578546923781,-1.92840089798329,0.0576220809281844,0.442374222976745,-0.903578547477269,1.92840089802568,-1.02482235054841,0.057377559552,0.442374223324584,-0.903578546923781,1.92840089798329,-1.02482235105951,0.0576220809281844
220,4.38,0.442374222976745,0.903578547477269,-1.92840089802568,0.056968349436,0.442374223279939,0.903578546994821,-1.92840089798873,0.0572231153130591,0.442374222976745,-0.903578547477269,1.92840089802568,-1.02482235054841,0.056968349436,0.442374223279939,-0.903578546994821,1.92840089798873,-1.02482235099391,0.0572231153130591
221,4.4,0.442374222976745,0.903578547477269,-1.92840089802568,0.0565248,0.442374223241025,0.903578547056742,-1.92840089799348,0.0567888498808426,0.442374222976745,-0.903578547477269,1.92840089802568,-1.02482235054841,0.0565248,0.442374223241025,-0.903578547056742,1.92840089799348,-1.02482235093673,0.0567888498808426
222,4.42,0.442374222976745,0.903578547477269,-1.92840089802568,0.056046701364,0.442374223207105,0.903578547110716,-1.92840089799761,0.0563190235800092,0.442374222976745,-0.903578547477269,1.92840089802568,-1.02482235054841,0.056046701364,0.442374223207105,-0.903578547110716,1.92840089799761,-1.02482235088689,0.0563190235800092
223,4.44,0.442374222976745,0.903578547477269,-1.92840089802568,0.055533973248,0.442374223177538,0.903578547157763,-1.92840089800121,0.0558135200211074,0.442374222976745,-0.903578547477269,1.92840089802568,-1.02482235054841,0.055533973248,0.442374223177538,-0.903578547157763,1.92840089800121,-1.02482235084345,0.0558135200211074
224,4.46,0.442374222976745,0.903578547477269,-1.92840089802568,0.054986660652,0.442374223151767,0.903578547198771,-1.92840089800435,0.055272360663379,0.442374222976745,-0.903578547477269,1.92840089802568,-1.02482235054841,0.054986660652,0.442374223151767,-0.903578547198771,1.92840089800435,-1.02482235080558,0.055272360663379
225,4.48,0.442374222976745,0.903578547477269,-1.92840089802568,0.054404929536,0.442374223129303,0.903578547234516,-1.92840089800709,0.0546956984122864,0.442374222976745,-0.903578547477269,1.92840089802568,-1.02482235054841,0.054404929536,0.442374223129303,-0.903578547234516,1.92840089800709,-1.02482235077258,0.0546956984122864
226,4.5,0.442374222976745,0.903578547477269,-1.92840089802568,0.0537890625,0.442374223109722,0.903578547265673,-1.92840089800948,0.0540838115611048,0.442374222976745,-0.903578547477269,1.92840089802568,-1.02482235054841,0.0537890625,0.442374223109722,-0.903578547265673,1.92840089800948,-1.0248223507438,0.0540838115611048
227,4.52,0.442374222976745,0.903578547477269,-1.92840089802568,0.053139454464,0.442374223092655,0.903578547292831,-1.92840089801156,0.0534370980201943,0.442374222976745,-0.903578547477269,1.92840089802568,-1.02482235054841,0.053139454464,0.442374223092655,-0.903578547292831,1.92840089801156,-1.02482235071873,0.0534370980201943
228,4.54,0.442374222976745,0.903578547477269,-1.92840089802568,0.052456608348,0.442374223077778,0.903578547316503,-1.92840089801337,0.052756069786588,0.442374222976745,-0.903578547477269,1.92840089802568,-1.02482235054841,0.052456608348,0.442374223077778,-0.903578547316503,1.92840089801337,-1.02482235069687,0.052756069786588
229,4.56,0.442374222976745,0.903578547477269,-1.92840089802568,0.051741130752,0.442374223064811,0.903578547337137,-1.92840089801495,0.0520413476142159,0.442374222976745,-0.903578547477269,1.92840089802568,-1.02482235054841,0.051741130752,0.442374223064811,-0.903578547337137,1.92840089801495,-1.02482235067781,0.0520413476142159
230,4.58,0.442374222976745,0.903578547477269,-1.92840089802568,0.050993727636,0.442374223053507,0.903578547355123,-1.92840089801633,0.0512936558515745,0.442374222976745,-0.903578547477269,1.92840089802568,-1.02482235054841,0.050993727636,0.442374223053507,-0.903578547355123,1.92840089801633,-1.02482235066121,0.0512936558515745
231,4.6,0.442374222976745,0.903578547477269,-1.92840089802568,0.0502152,0.442374223043655,0.9035785473708,-1.92840089801753,0.0505138174191113,0.442374222976745,-0.903578547477269,1.92840089802568,-1.02482235054841,0.0502152,0.442374223043655,-0.9035785473708,1.92840089801753,-1.02482235064673,0.0505138174191113
232,4.62,0.442374222976745,0.903578547477269,-1.92840089802568,0.049406439564,0.442374223035067,0.903578547384465,-1.92840089801858,0.0497027489031691,0.442374222976745,-0.903578547477269,1.92840089802568,-1.02482235054841,0.049406439564,0.442374223035067,-0.903578547384465,1.92840089801858,-1.02482235063411,0.0497027489031691
233,4.64,0.442374222976745,0.903578547477269,-1.92840089802568,0.048568424448,0.442374223027582,0.903578547396377,-1.92840089801949,0.0488614557471637,0.442374222976745,-0.903578547477269,1.92840089802568,-1.02482235054841,0.048568424448,0.442374223027582,-0.903578547396377,1.92840089801949,-1.02482235062311,0.0488614557471637
234,4.66,0.442374222976745,0.903578547477269,-1.92840089802568,0.047702214852,0.442374223021057,0.903578547406759,-1.92840089802028,0.0479910275238669,0.442374222976745,-0.903578547477269,1.92840089802568,-1.02482235054841,0.047702214852,0.442374223021057,-0.903578547406759,1.92840089802028,-1.02482235061352,0.0479910275238669
235,4.68,0.442374222976745,0.903578547477269,-1.92840089802568,0.046808948736,0.442374223015369,0.903578547415809,-1.92840089802098,0.0470926332753419,0.442374222976745,-0.903578547477269,1.92840089802568,-1.02482235054841,0.046808948736,0.442374223015369,-0.903578547415809,1.92840089802098,-1.02482235060517,0.0470926332753419
236,4.7,0.442374222976745,0.903578547477269,-1.92840089802568,0.0458898375,0.442374223010412,0.903578547423697,-1.92840089802158,0.0461675169093065,0.442374222976745,-0.903578547477269,1.92840089802568,-1.02482235054841,0.0458898375,0.442374223010412,-0.903578547423697,1.92840089802158,-1.02482235059788,0.0461675169093065
237,4.72,0.442374222976745,0.903578547477269,-1.92840089802568,0.044946161664,0.442374223006091,0.903578547430573,-1.92840089802211,0.0452169926425613,0.442374222976745,-0.903578547477269,1.92840089802568,-1.02482235054841,0.044946161664,0.442374223006091,-0.903578547430573,1.92840089802211,-1.02482235059153,0.0452169926425613
238,4.74,0.442374222976745,0.903578547477269,-1.92840089802568,0.043979266548,0.442374223002324,0.903578547436566,-1.92840089802257,0.0442424404836742,0.442374222976745,-0.903578547477269,1.92840089802568,-1.02482235054841,0.043979266548,0.442374223002324,-0.903578547436566,1.92840089802257,-1.024822350586,0.0442424404836742
239,4.76,0.442374222976745,0.903578547477269,-1.92840089802568,0.042990557952,0.442374222999041,0.903578547441791,-1.92840089802297,0.043245301748407,0.442374222976745,-0.903578547477269,1.92840089802568,-1.02482235054841,0.042990557952,0.442374222999041,-0.903578547441791,1.92840089802297,-1.02482235058118,0.043245301748407
240,4.78,0.442374222976745,0.903578547477269,-1.92840089802568,0.041981497836,0.44237422299618,0.903578547446344,-1.92840089802332,0.0422270746024511,0.442374222976745,-0.903578547477269,1.92840089802568,-1.02482235054841,0.041981497836,0.44237422299618,-0.903578547446344,1.92840089802332,-1.02482235057697,0.0422270746024511
241,4.8,0.442374222976745,0.903578547477269,-1.92840089802568,0.0409536,0.442374222993685,0.903578547450313,-1.92840089802362,0.0411893096269408,0.442374222976745,-0.903578547477269,1.92840089802568,-1.02482235054841,0.0409536,0.442374222993685,-0.903578547450313,1.92840089802362,-1.02482235057331,0.0411893096269408
242,4.82,0.442374222976745,0.903578547477269,-1.92840089802568,0.039908425764,0.442374222991511,0.903578547453773,-1.92840089802388,0.0401336054029641,0.442374222976745,-0.903578547477269,1.92840089802568,-1.02482235054841,0.039908425764,0.442374222991511,-0.903578547453773,1.92840089802388,-1.02482235057011,0.0401336054029641
243,4.84,0.442374222976745,0.903578547477269,-1.92840089802568,0.038847579648,0.442374222989616,0.903578547456789,-1.92840089802412,0.0390616041119196,0.442374222976745,-0.903578547477269,1.92840089802568,-1.02482235054841,0.038847579648,0.442374222989616,-0.903578547456789,1.92840089802412,-1.02482235056733,0.0390616041119196
244,4.86,0.442374222976745,0.903578547477269,-1.92840089802568,0.037772705052,0.442374222987964,0.903578547459417,-1.92840089802432,0.0379749871490886,0.442374222976745,-0.903578547477269,1.92840089802568,-1.02482235054841,0.037772705052,0.442374222987964,-0.903578547459417,1.92840089802432,-1.0248223505649,0.0379749871490886
245,4.88,0.442374222976745,0.903578547477269,-1.92840089802568,0.036685479936,0.442374222986524,0.903578547461709,-1.92840089802449,0.0368754707482313,0.442374222976745,-0.903578547477269,1.92840089802568,-1.02482235054841,0.036685479936,0.442374222986524,-0.903578547461709,1.92840089802449,-1.02482235056278,0.0368754707482313
246,4.9,0.442374222976745,0.903578547477269,-1.92840089802568,0.0355876125,0.442374222985269,0.903578547463706,-1.92840089802464,0.0357648016153751,0.442374222976745,-0.903578547477269,1.92840089802568,-1.02482235054841,0.0355876125,0.442374222985269,-0.903578547463706,1.92840089802464,-1.02482235056094,0.0357648016153751
247,4.92,0.442374222976745,0.903578547477269,-1.92840089802568,0.034480836864,0.442374222984175,0.903578547465447,-1.92840089802478,0.034644752570273,0.442374222976745,-0.903578547477269,1.92840089802568,-1.02482235054841,0.034480836864,0.442374222984175,-0.903578547465447,1.92840089802478,-1.02482235055933,0.034644752570273
248,4.94,0.442374222976745,0.903578547477269,-1.92840089802568,0.033366908748,0.442374222983221,0.903578547466964,-1.92840089802489,0.0335171181942563,0.442374222976745,-0.903578547477269,1.92840089802568,-1.02482235054841,0.033366908748,0.442374222983221,-0.903578547466964,1.92840089802489,-1.02482235055793,0.0335171181942563
249,4.96,0.442374222976745,0.903578547477269,-1.92840089802568,0.032247601152,0.44237422298239,0.903578547468287,-1.928400898025,0.0323837104834224,0.442374222976745,-0.903578547477269,1.92840089802568,-1.02482235054841,0.032247601152,0.44237422298239,-0.903578547468287,1.928400898025,-1.02482235055671,0.0323837104834224
250,4.98,0.442374222976745,0.903578547477269,-1.92840089802568,0.031124700036,0.442374222981665,0.903578547469439,-1.92840089802508,0.031246354506272,0.442374222976745,-0.903578547477269,1.92840089802568,-1.02482235054841,0.031124700036,0.442374222981665,-0.903578547469439,1.92840089802508,-1.02482235055564,0.031246354506272
251,5,0.442374222976745,0.903578547477269,-1.92840089802568,0.03,0.442374222981034,0.903578547470444,-1.92840089802516,0.0301068840650565,0.442374222976745,-0.903578547477269,1.92840089802568,-1.02482235054841,0.03,0.442374222981034,-0.903578547470444,1.92840089802516,-1.02482235055472,0.0301068840650565
252,5.02,0.442374222976745,0.903578547477269,-1.92840089802568,0.028875299964,0.442374222980483,0.90357854747132,-1.92840089802523,0.0289671373602213,0.442374222976745,-0.903578547477269,1.92840089802568,-1.02482235054841,0.028875299964,0.442374222980483,-0.90357854747132,1.92840089802523,-1.02482235055391,0.0289671373602213
253,5.04,0.442374222976745,0.903578547477269,-1.92840089802568,0.027752398848,0.442374222980003,0.903578547472084,-1.92840089802529,0.02782895265743,0.442374222976745,-0.903578547477269,1.92840089802568,-1.02482235054841,0.027752398848,0.442374222980003,-0.903578547472084,1.92840089802529,-1.0248223505532,0.02782895265743
254,5.06,0.442374222976745,0.903578547477269,-1.92840089802568,0.026633091252,0.442374222979585,0.903578547472749,-1.92840089802534,0.0266941639567425,0.442374222976745,-0.903578547477269,1.92840089802568,-1.02482235054841,0.026633091252,0.442374222979585,-0.903578547472749,1.92840089802534,-1.02482235055259,0.0266941639567425
255,5.08,0.442374222976745,0.903578547477269,-1.92840089802568,0.025519163136,0.442374222979221,0.903578547473329,-1.92840089802538,0.0255645966635882,0.442374222976745,-0.903578547477269,1.92840089802568,-1.02482235054841,0.025519163136,0.442374222979221,-0.903578547473329,1.92840089802538,-1.02482235055205,0.0255645966635882
256,5.1,0.442374222976745,0.903578547477269,-1.92840089802568,0.0244123875,0.442374222978903,0.903578547473835,-1.92840089802542,0.0244420632612374,0.442374222976745,-0.903578547477269,1.92840089802568,-1.02482235054841,0.0244123875,0.442374222978903,-0.903578547473835,1.92840089802542,-1.02482235055159,0.0244420632612374
257,5.12,0.442374222976745,0.903578547477269,-1.92840089802568,0.023314520064,0.442374222978626,0.903578547474276,-1.92840089802545,0.023328358984522,0.442374222976745,-0.903578547477269,1.92840089802568,-1.02482235054841,0.023314520064,0.442374222978626,-0.903578547474276,1.92840089802545,-1.02482235055118,0.023328358984522
258,5.14,0.442374222976745,0.903578547477269,-1.92840089802568,0.022227294948,0.442374222978385,0.90357854747466,-1.92840089802548,0.0222252574945983,0.442374222976745,-0.903578547477269,1.92840089802568,-1.02482235054841,0.022227294948,0.442374222978385,-0.90357854747466,1.92840089802548,-1.02482235055082,0.0222252574945983
259,5.16,0.442374222976745,0.903578547477269,-1.92840089802568,0.021152420352,0.442374222978174,0.903578547474995,-1.92840089802551,0.0211345065545786,0.442374222976745,-0.903578547477269,1.92840089802568,-1.02482235054841,0.021152420352,0.442374222978174,-0.903578547474995,1.92840089802551,-1.02482235055051,0.0211345065545786
260,5.18,0.442374222976745,0.903578547477269,-1.92840089802568,0.020091574236,0.442374222977991,0.903578547475287,-1.92840089802553,0.0200578237058878,0.442374222976745,-0.903578547477269,1.92840089802568,-1.02482235054841,0.020091574236,0.442374222977991,-0.903578547475287,1.92840089802553,-1.02482235055025,0.0200578237058878
261,5.2,0.442374222976745,0.903578547477269,-1.92840089802568,0.0190464,0.442374222977831,0.903578547475541,-1.92840089802555,0.0189968919452246,0.442374222976745,-0.903578547477269,1.92840089802568,-1.02482235054841,0.0190464,0.442374222977831,-0.903578547475541,1.92840089802555,-1.02482235055001,0.0189968919452246
262,5.22,0.442374222976745,0.903578547477269,-1.92840089802568,0.018018502164,0.442374222977691,0.903578547475763,-1.92840089802557,0.0179533554020272,0.442374222976745,-0.903578547477269,1.92840089802568,-1.02482235054841,0.018018502164,0.442374222977691,-0.903578547475763,1.92840089802557,-1.02482235054981,0.0179533554020272
263,5.24,0.442374222976745,0.903578547477269,-1.92840089802568,0.017009442048,0.44237422297757,0.903578547475956,-1.92840089802558,0.016928815016359,0.442374222976745,-0.903578547477269,1.92840089802568,-1.02482235054841,0.017009442048,0.44237422297757,-0.903578547475956,1.92840089802558,-1.02482235054963,0.016928815016359
264,5.26,0.442374222976745,0.903578547477269,-1.92840089802568,0.016020733452,0.442374222977464,0.903578547476125,-1.9284008980256,0.0159248242171457,0.442374222976745,-0.903578547477269,1.92840089802568,-1.02482235054841,0.016020733452,0.442374222977464,-0.903578547476125,1.9284008980256,-1.02482235054947,0.0159248242171457
265,5.28,0.442374222976745,0.903578547477269,-1.92840089802568,0.015053838336,0.442374222977372,0.903578547476272,-1.92840089802561,0.0149428846007044,0.442374222976745,-0.903578547477269,1.92840089802568,-1.02482235054841,0.015053838336,0.442374222977372,-0.903578547476272,1.92840089802561,-1.02482235054934,0.0149428846007044
266,5.3,0.442374222976745,0.903578547477269,-1.92840089802568,0.0141101625,0.442374222977291,0.9035785474764,-1.92840089802562,0.0139844416095174,0.442374222976745,-0.903578547477269,1.92840089802568,-1.02482235054841,0.0141101625,0.442374222977291,-0.9035785474764,1.92840089802562,-1.02482235054922,0.0139844416095174
267,5.32,0.442374222976745,0.903578547477269,-1.92840089802568,0.013191051264,0.442374222977221,0.903578547476511,-1.92840089802563,0.0130508802112089,0.442374222976745,-0.903578547477269,1.92840089802568,-1.02482235054841,0.013191051264,0.442374222977221,-0.903578547476511,1.92840089802563,-1.02482235054911,0.0130508802112089
268,5.34,0.442374222976745,0.903578547477269,-1.92840089802568,0.012297785148,0.44237422297716,0.903578547476608,-1.92840089802563,0.012143520577692,0.442374222976745,-0.903578547477269,1.92840089802568,-1.02482235054841,0.012297785148,0.44237422297716,-0.903578547476608,1.92840089802563,-1.02482235054902,0.012143520577692
269,5.36,0.442374222976745,0.903578547477269,-1.92840089802568,0.011431575552,0.442374222977107,0.903578547476693,-1.92840089802564,0.0112636137644568,0.442374222976745,-0.903578547477269,1.92840089802568,-1.02482235054841,0.011431575552,0.442374222977107,-0.903578547476693,1.92840089802564,-1.02482235054895,0.0112636137644568
270,5.38,0.442374222976745,0.903578547477269,-1.92840089802568,0.010593560436,0.44237422297706,0.903578547476767,-1.92840089802565,0.0104123373899766,0.442374222976745,-0.903578547477269,1.92840089802568,-1.02482235054841,0.010593560436,0.44237422297706,-0.903578547476767,1.92840089802565,-1.02482235054888,0.0104123373899766
271,5.4,0.442374222976745,0.903578547477269,-1.92840089802568,0.0097848,0.44237422297702,0.903578547476832,-1.92840089802565,0.00959079131521357,0.442374222976745,-0.903578547477269,1.92840089802568,-1.02482235054841,0.0097848,0.44237422297702,-0.903578547476832,1.92840089802565,-1.02482235054882,0.00959079131521357
272,5.42,0.442374222976745,0.903578547477269,-1.92840089802568,0.00900627236399997,0.442374222976985,0.903578547476888,-1.92840089802565,0.00879999332320511,0.442374222976745,-0.903578547477269,1.92840089802568,-1.02482235054841,0.00900627236399997,0.442374222976985,-0.903578547476888,1.92840089802565,-1.02482235054877,0.00879999332320511
273,5.44,0.442374222976745,0.903578547477269,-1.92840089802568,0.00825886924799998,0.442374222976954,0.903578547476937,-1.92840089802566,0.00804087479871971,0.442374222976745,-0.903578547477269,1.92840089802568,-1.02482235054841,0.00825886924799998,0.442374222976954,-0.903578547476937,1.92840089802566,-1.02482235054872,0.00804087479871971
274,5.46,0.442374222976745,0.903578547477269,-1.92840089802568,0.00754339165199999,0.442374222976927,0.903578547476979,-1.92840089802566,0.00731427640796968,0.442374222976745,-0.903578547477269,1.92840089802568,-1.02482235054841,0.00754339165199999,0.442374222976927,-0.903578547476979,1.92840089802566,-1.02482235054868,0.00731427640796968
275,5.48,0.442374222976745,0.903578547477269,-1.92840089802568,0.006860545536,0.442374222976904,0.903578547477017,-1.92840089802566,0.00662094377837164,0.442374222976745,-0.903578547477269,1.92840089802568,-1.02482235054841,0.006860545536,0.442374222976904,-0.903578547477017,1.92840089802566,-1.02482235054865,0.00662094377837164
276,5.5,0.442374222976745,0.903578547477269,-1.92840089802568,0.0062109375,0.442374222976883,0.903578547477049,-1.92840089802567,0.00596152317834659,0.442374222976745,-0.903578547477269,1.92840089802568,-1.02482235054841,0.0062109375,0.442374222976883,-0.903578547477049,1.92840089802567,-1.02482235054862,0.00596152317834659
277,5.52,0.442374222976745,0.903578547477269,-1.92840089802568,0.00559507046399996,0.442374222976865,0.903578547477077,-1.92840089802567,0.0053365571971532,0.442374222976745,-0.903578547477269,1.92840089802568,-1.02482235054841,0.00559507046399996,0.442374222976865,-0.903578547477077,1.92840089802567,-1.02482235054859,0.0053365571971532
278,5.54,0.442374222976745,0.903578547477269,-1.92840089802568,0.00501333934800001,0.44237422297685,0.903578547477102,-1.92840089802567,0.00474648042474887,0.442374222976745,-0.903578547477269,1.92840089802568,-1.02482235054841,0.00501333934800001,0.44237422297685,-0.903578547477102,1.92840089802567,-1.02482235054857,0.00474648042474887
279,5.56,0.442374222976745,0.903578547477269,-1.92840089802568,0.004466026752,0.442374222976836,0.903578547477123,-1.92840089802567,0.00419161513167385,0.442374222976745,-0.903578547477269,1.92840089802568,-1.02482235054841,0.004466026752,0.442374222976836,-0.903578547477123,1.92840089802567,-1.02482235054855,0.00419161513167385
280,5.58,0.442374222976745,0.903578547477269,-1.92840089802568,0.00395329863599998,0.442374222976825,0.903578547477142,-1.92840089802567,0.00367216694895443,0.442374222976745,-0.903578547477269,1.92840089802568,-1.02482235054841,0.00395329863599998,0.442374222976825,-0.903578547477142,1.92840089802567,-1.02482235054853,0.00367216694895443
281,5.6,0.442374222976745,0.903578547477269,-1.92840089802568,0.00347519999999997,0.442374222976814,0.903578547477158,-1.92840089802568,0.00318822054802226,0.442374222976745,-0.903578547477269,1.92840089802568,-1.02482235054841,0.00347519999999997,0.442374222976814,-0.903578547477158,1.92840089802568,-1.02482235054852,0.00318822054802226
282,5.62,0.442374222976745,0.903578547477269,-1.92840089802568,0.00303165056400004,0.442374222976806,0.903578547477172,-1.92840089802568,0.00273973532064714,0.442374222976745,-0.903578547477269,1.92840089802568,-1.02482235054841,0.00303165056400004,0.442374222976806,-0.903578547477172,1.92840089802568,-1.0248223505485,0.00273973532064714
283,5.64,0.442374222976745,0.903578547477269,-1.92840089802568,0.00262244044800006,0.442374222976798,0.903578547477185,-1.92840089802568,0.00232654105888095,0.442374222976745,-0.903578547477269,1.92840089802568,-1.02482235054841,0.00262244044800006,0.442374222976798,-0.903578547477185,1.92840089802568,-1.02482235054849,0.00232654105888095
284,5.66,0.442374222976745,0.903578547477269,-1.92840089802568,0.00224722585200002,0.442374222976791,0.903578547477196,-1.92840089802568,0.00194833363501078,0.442374222976745,-0.903578547477269,1.92840089802568,-1.02482235054841,0.00224722585200002,0.442374222976791,-0.903578547477196,1.92840089802568,-1.02482235054848,0.00194833363501078
285,5.68,0.442374222976745,0.903578547477269,-1.92840089802568,0.00190552473600005,0.442374222976785,0.903578547477205,-1.92840089802568,0.00160467068151986,0.442374222976745,-0.903578547477269,1.92840089802568,-1.02482235054841,0.00190552473600005,0.442374222976785,-0.903578547477205,1.92840089802568,-1.02482235054847,0.00160467068151986
286,5.7,0.442374222976745,0.903578547477269,-1.92840089802568,0.00159671249999997,0.44237422297678,0.903578547477213,-1.92840089802568,0.00129496727105509,0.442374222976745,-0.903578547477269,1.92840089802568,-1.02482235054841,0.00159671249999997,0.44237422297678,-0.903578547477213,1.92840089802568,-1.02482235054847,0.00129496727105509
287,5.72,0.442374222976745,0.903578547477269,-1.92840089802568,0.00132001766399999,0.442374222976775,0.90357854747722,-1.92840089802568,0.00101849159639988,0.442374222976745,-0.903578547477269,1.92840089802568,-1.02482235054841,0.00132001766399999,0.442374222976775,-0.90357854747722,1.92840089802568,-1.02482235054846,0.00101849159639988
288,5.74,0.442374222976745,0.903578547477269,-1.92840089802568,0.00107451754799998,0.442374222976771,0.903578547477227,-1.92840089802568,0.000774360650451432,0.442374222976745,-0.903578547477269,1.92840089802568,-1.02482235054841,0.00107451754799998,0.442374222976771,-0.903578547477227,1.92840089802568,-1.02482235054845,0.000774360650451432
289,5.76,0.442374222976745,0.903578547477269,-1.92840089802568,0.000859133951999949,0.442374222976768,0.903578547477232,-1.92840089802568,0.000561535906201926,0.442374222976745,-0.903578547477269,1.92840089802568,-1.02482235054841,0.000859133951999949,0.442374222976768,-0.903578547477232,1.92840089802568,-1.02482235054845,0.000561535906201926
290,5.78,0.442374222976745,0.903578547477269,-1.92840089802568,0.000672628836000048,0.442374222976765,0.903578547477237,-1.92840089802568,0.000378818996722705,0.442374222976745,-0.903578547477269,1.92840089802568,-1.02482235054841,0.000672628836000048,0.442374222976765,-0.903578547477237,1.92840089802568,-1.02482235054844,0.000378818996722705
291,5.8,0.442374222976745,0.903578547477269,-1.92840089802568,0.00051360000000001,0.442374222976762,0.903578547477241,-1.92840089802568,0.000224847395151195,0.442374222976745,-0.903578547477269,1.92840089802568,-1.02482235054841,0.00051360000000001,0.442374222976762,-0.903578547477241,1.92840089802568,-1.02482235054844,0.000224847395151195
292,5.82,0.442374222976745,0.903578547477269,-1.92840089802568,0.000380476764,0.44237422297676,0.903578547477245,-1.92840089802568,9.8090094679876e-05,0.442374222976745,-0.903578547477269,1.92840089802568,-1.02482235054841,0.000380476764,0.44237422297676,-0.903578547477245,1.92840089802568,-1.02482235054844,9.8090094679876e-05
293,5.84,0.442374222976745,0.903578547477269,-1.92840089802568,0.000271515648000022,0.442374222976758,0.903578547477248,-1.92840089802568,0,0.442374222976745,-0.903578547477269,1.92840089802568,-1.02482235054841,0.000271515648000022,0.442374222976758,-0.903578547477248,1.92840089802568,-1.02482235054843,0
294,5.86,0.442374222976745,0.903578547477269,-1.92840089802568,0.000184796051999926,0.442374222976756,0.90357854747725,-1.92840089802568,0,0.442374222976745,-0.903578547477269,1.92840089802568,-1.02482235054841,0.000184796051999926,0.442374222976756,-0.90357854747725,1.92840089802568,-1.02482235054843,0
295,5.88,0.442374222976745,0.903578547477269,-1.92840089802568,0.000118215936000039,0.442374222976755,0.903578547477253,-1.92840089802568,0,0.442374222976745,-0.903578547477269,1.92840089802568,-1.02482235054841,0.000118215936000039,0.442374222976755,-0.903578547477253,1.92840089802568,-1.02482235054843,0
296,5.9,0.442374222976745,0.903578547477269,-1.92840089802568,6.94875000001038e-05,0.442374222976754,0.903578547477255,-1.92840089802568,0,0.442374222976745,-0.903578547477269,1.92840089802568,-1.02482235054841,6.94875000001038e-05,0.442374222976754,-0.903578547477255,1.92840089802568,-1.02482235054843,0
297,5.92,0.442374222976745,0.903578547477269,-1.92840089802568,3.61328639999839e-05,0.442374222976753,0.903578547477257,-1.92840089802568,0,0.442374222976745,-0.903578547477269,1.92840089802568,-1.02482235054841,3.61328639999839e-05,0.442374222976753,-0.903578547477257,1.92840089802568,-1.02482235054843,0
298,5.94,0.442374222976745,0.903578547477269,-1.92840089802568,1.5479748000008e-05,0.442374222976752,0.903578547477258,-1.92840089802568,0,0.442374222976745,-0.903578547477269,1.92840089802568,-1.02482235054841,1.5479748000008e-05,0.442374222976752,-0.903578547477258,1.92840089802568,-1.02482235054842,0
299,5.96,0.442374222976745,0.903578547477269,-1.92840089802568,4.65715200014677e-06,0.442374222976751,0.90357854747726,-1.92840089802568,0,0.442374222976745,-0.903578547477269,1.92840089802568,-1.02482235054841,4.65715200014677e-06,0.442374222976751,-0.90357854747726,1.92840089802568,-1.02482235054842,0
300,5.98,0.442374222976745,0.903578547477269,-1.92840089802568,5.91035999981948e-07,0.44237422297675,0.903578547477261,-1.92840089802568,0,0.442374222976745,-0.903578547477269,1.92840089802568,-1.02482235054841,5.91035999981948e-07,0.44237422297675,-0.903578547477261,1.92840089802568,-1.02482235054842,0
301,6,0.442374222976745,0.903578547477269,-1.92840089802568,0,0.442374222976749,0.903578547477262,-1.92840089802568,0,0.442374222976745,-0.903578547477269,1.92840089802568,-1.02482235054841,0,0.442374222976749,-0.903578547477262,1.92840089802568,-1.02482235054842,0
302,6.02,0.442369162903911,0.90357996160976,-1.92840618388398,0,0.442374222976749,0.903578547477263,-1.92840089802568,0,0.442369162903911,-0.90357996160976,1.92840618388398,-1.02482622227422,0,0.442374222976749,-0.903578547477263,1.92840089802568,-1.02482235054842,0
303,6.04,0.442334351415086,0.903589690334825,-1.92844254869594,0,0.442367979060769,0.90358029245698,-1.92840742055138,0,0.442334351415086,-0.903589690334825,1.92844254869594,-1.02485285836111,0,0.442367979060769,-0.90358029245698,1.92840742055138,-1.0248271280944,0
304,6.06,0.442241695258765,0.903615584839796,-1.92853933926177,0,0.442339207290493,0.90358833326914,-1.92843747614656,0,0.442241695258765,-0.903615584839796,1.92853933926177,-1.02492375442198,0,0.442339207290493,-0.90358833326914,1.92843747614656,-1.02484914287742,0
305,6.08,0.442064876467358,0.903665000175537,-1.92872404788288,0,0.442265844852257,0.903608835781839,-1.92851411208949,0,0.442064876467358,-0.903665000175537,1.92872404788288,-1.02505904770735,0,0.442265844852257,-0.903608835781839,1.92851411208949,-1.02490527630765,0
306,6.1,0.441779315372105,0.90374480559262,-1.9290223509972,0,0.442122894117578,0.903648786052353,-1.92866344142762,0,0.441779315372105,-0.90374480559262,1.9290223509972,-1.02527754540458,0,0.442122894117578,-0.903648786052353,1.92866344142762,-1.02501465537526,0
307,6.12,0.441362133617997,0.903861394877503,-1.9294581478146,0,0.441884301209991,0.903715465326315,-1.92891268058719,0,0.441362133617997,-0.903861394877503,1.9294581478146,-1.0255967529371,0,0.441884301209991,-0.903715465326315,1.92891268058719,-1.02519721526087,0
308,6.14,0.440792117178693,0.904020696688707,-1.93005359895232,0,0.441524178653578,0.903816108345597,-1.92928887216895,0,0.440792117178693,-0.904020696688707,1.93005359895232,-1.02603290226361,0,0.441524178653578,-0.903816108345597,1.92928887216895,-1.02547276382335,0
309,6.16,0.440049679371438,0.904228184892987,-1.93082916507029,0,0.441017584085189,0.903957685722538,-1.92981807148902,0,0.440049679371438,-0.904228184892987,1.93082916507029,-1.0266009801773,0,0.441017584085189,-0.903957685722538,1.92981807148902,-1.02586038576648,0
310,6.18,0.439116823871982,0.904488888901516,-1.9318036455066,0,0.440340999976965,0.904146769872468,-1.93052484545065,0,0.439116823871982,-0.904488888901516,1.9318036455066,-1.02731475660508,0,0.440340999976965,-0.904146769872468,1.93052484545065,-1.02637807557818,0
311,6.2,0.437977107729502,0.904807404006056,-1.93299421691282,0,0.439472613296753,0.90438945685734,-1.9314319804051,0,0.437977107729502,-0.904807404006056,1.93299421691282,-1.02818681290676,0,0.439472613296753,-0.90438945685734,1.9314319804051,-1.02704252354776,0
312,6.22,0.436615604381513,0.905187901715137,-1.93441647188945,0,0.438392462465431,0.904691325315752,-1.93256032863695,0,0.436615604381513,-0.905187901715137,1.93441647188945,-1.02922857017431,0,0.438392462465431,-0.904691325315752,1.93256032863695,-1.0278690033212,0
313,6.24,0.435018866668794,0.905634140090232,-1.93608445762128,0,0.437082497334681,0.905057419701024,-1.93392874571002,0,0.435018866668794,-0.905634140090232,1.93608445762128,-1.03045031753105,0,0.437082497334681,-0.905057419701024,1.93392874571002,-1.02887132600899,0
314,6.26,0.433174889850302,0.906149474081935,-1.9380107145128,0,0.435526583098518,0.905492249188047,-1.93555408638131,0,0.433174889850302,-0.906149474081935,1.9380107145128,-1.03186124043087,0,0.435526583098518,-0.905492249188047,1.93555408638131,-1.03006183719327,0
315,6.28,0.431073074618091,0.906736865866134,-1.94020631482358,0,0.433710468929213,0.905999796438571,-1.93745123736463,0,0.431073074618091,-0.906736865866134,1.94020631482358,-1.03346944895745,0,0.433710468929213,-0.905999796438571,1.93745123736463,-1.03145144092606,0
316,6.3,0.428704190112233,0.907398895180192,-1.94268090130366,0,0.431621735223,0.906583532344376,-1.93963317243876,0,0.428704190112233,-0.907398895180192,1.94268090130366,-1.03528200612347,0,0.431621735223,-0.906583532344376,1.93963317243876,-1.03304964009438,0
317,6.32,0.426060336935732,0.908137769659121,-1.94544272582897,0,0.42924972864244,0.90724643418091,-1.94211102030361,0,0.426060336935732,-0.908137769659121,1.94544272582897,-1.03730495616985,0,0.42924972864244,-0.90724643418091,1.94211102030361,-1.0348645861227,0
318,6.34,0.423134910169448,0.908955335171758,-1.94849868803667,0,0.426585490955662,0.907991005494498,-1.94489413891624,0,0.423134910169448,-0.908955335171758,1.94849868803667,-1.03954335286492,0,0.426585490955662,-0.907991005494498,1.94489413891624,-1.03690313342174,0
319,6.36,0.41992256238701,0.909853086156943,-1.95185437396061,0,0.423621685520769,0.90881929664766,-1.94799019228678,0,0.41992256238701,-0.909853086156943,1.95185437396061,-1.04200128780367,0,0.423621685520769,-0.90881929664766,1.94799019228678,-1.03917089563912,0
320,6.38,0.416419166669741,0.910832175959693,-1.95551409466667,0,0.420352523818565,0.909732925350918,-1.95140522722389,0,0.416419166669741,-0.910832175959693,1.95551409466667,-1.04468191870697,0,0.420352523818565,-0.909732925350918,1.95140522722389,-1.04167230187297,0
321,6.4,0.412621779621568,0.911893427167381,-1.95948092488815,0,0.416773693473554,0.910733096778684,-1.95514374852553,0,0.412621779621568,-0.911893427167381,1.95948092488815,-1.04758749772077,0,0.416773693473554,-0.910733096778684,1.95514374852553,-1.04441065174684,0
322,6.42,0.408528604383948,0.91303734194591,-1.96375674166123,0,0.412882288567664,0.9118206230444,-1.95920879177472,0,0.408528604383948,-0.91303734194591,1.96375674166123,-1.05071939971532,0,0.412882288567664,-0.9118206230444,1.95920879177472,-1.04738816873032,0
323,6.44,0.404138953650782,0.914264112375894,-1.96834226296027,0,0.40867674263765,0.912995941925672,-1.96360199333184,0,0.404138953650782,-0.914264112375894,1.96834226296027,-1.05407815058437,0,0.40867674263765,-0.912995941925672,1.96360199333184,-1.05060605140617,0
324,6.46,0.399453212683337,0.915573630788826,-1.97323708633327,0,0.404156764483417,0.914259134803841,-1.96832365739063,0,0.399453212683337,-0.915573630788826,1.97323708633327,-1.05766345554444,0,0.404156764483417,-0.914259134803841,1.96832365739063,-1.05406452258679,0
325,6.48,0.394472802325161,0.916965500103264,-1.97843972753723,0,0.399323276751138,0.915609943828086,-1.97337282013553,0,0.394472802325161,-0.916965500103264,1.97843972753723,-1.06147422743397,0,0.399323276751138,-0.915609943828086,1.97337282013553,-1.05776287630744,0
326,6.5,0.389200142017003,0.918439044161,-1.98394765917356,0,0.394178357158544,0.917047788341125,-1.97874731113898,0,0.389200142017003,-0.918439044161,1.98394765917356,-1.06550861501256,0,0.394178357158544,-0.917047788341125,1.97874731113898,-1.06169952279785,0
327,6.52,0.383638612811732,0.919993318063242,-1.98975734932347,0,0.388725182177079,0.918571780618287,-1.98444381219223,0,0.383638612811732,-0.919993318063242,1.98975734932347,-1.06976403126023,0,0.388725182177079,-0.918571780618287,1.98444381219223,-1.06587203157395,0
328,6.54,0.377792520389255,0.921627118506785,-1.99586430018334,0,0.38296797296151,0.92018074097851,-1.99045791378842,0,0.377792520389255,-0.921627118506785,1.99586430018334,-1.07423718167655,0,0.38296797296151,-0.92018074097851,1.99045791378842,-1.07027717280991,0
329,6.56,0.371667058071435,0.923338994120191,-2.00226308670014,0,0.376911943311398,0.921873212327478,-1.99678416948307,0,0.371667058071435,-0.923338994120191,2.00226308670014,-1.07892409257995,0,0.376911943311398,-0.921873212327478,1.99678416948307,-1.07491095715559,0
330,6.58,0.36526826983701,0.925127255799966,-2.0089473952068,0,0.37056324945384,0.923647474191782,-2.00341614835213,0,0.36526826983701,-0.925127255799966,2.0089473952068,-1.08382013940684,0,0.37056324945384,-0.923647474191782,2.00341614835213,-1.07976867416034,0
331,6.6,0.358603013336512,0.926989987046734,-2.01591006205765,0,0.363928941448254,0.925501556299764,-2.01034648575555,0,0.358603013336512,-0.926989987046734,2.01591006205765,-1.08892007501091,0,0.363928941448254,-0.925501556299764,2.01034648575555,-1.08484492945578,0
332,6.62,0.351678922907185,0.928925054301413,-2.02314311226373,0,0.357016916028795,0.927433251760594,-2.01756693259906,0,0.351678922907185,-0.928925054301413,2.02314311226373,-1.09421805796232,0,0.357016916028795,-0.927433251760594,2.01756693259906,-1.09013368083847,0
333,6.64,0.344504372587902,0.930930117281396,-2.03063779812827,0,0.349835870716257,0.929440129888558,-2.02506840326989,0,0.344504372587902,-0.930930117281396,2.03063779812827,-1.09970768084687,0,0.349835870716257,-0.929440129888558,2.02506840326989,-1.09562827338133,0
334,6.66,0.337088439134086,0.933002639316721,-2.03838463788201,0,0.342395259047768,0.931519548714964,-2.0328410224047,0,0.337088439134086,-0.933002639316721,2.03838463788201,-1.10538199856529,0,0.342395259047768,-0.931519548714964,2.0328410224047,-1.10132147368974,0
335,6.68,0.329440865032627,0.935139897686251,-2.04637345431865,0,0.334705246788599,0.933668667225574,-2.04087417063171,0,0.329440865032627,-0.935139897686251,2.04637345431865,-1.1112335566324,0,0.334705246788599,-0.933668667225574,2.04087417063171,-1.10720550340613,0
336,6.7,0.321572021516802,0.937338993953853,-2.05459341343021,0,0.326776669005339,0.935884457357312,-2.04915652941291,0,0.321572021516802,-0.937338993953853,2.05459341343021,-1.11725441947635,0,0.326776669005339,-0.935884457357312,2.04915652941291,-1.11327207205559,0
337,6.72,0.31349287158119,0.939596864304568,-2.06303306304241,0,0.318620987893574,0.938163715784114,-2.05767612509819,0,0.31349287158119,-0.939596864304568,2.06303306304241,-1.12343619873785,0,0.318620987893574,-0.938163715784114,2.05767612509819,-1.11951240931408,0
338,6.74,0.305214932996594,0.941910289880793,-2.07168037145012,0,0.310250251265751,0.940503075518273,-2.06642037228978,0,0.305214932996594,-0.941910289880793,2.07168037145012,-1.12977008156933,0,0.310250251265751,-0.940503075518273,2.06642037228978,-1.1259172967715,0
339,6.76,0.296750241324959,0.944275907118454,-2.08052276605269,0,0.301677051616246,0.942899017350477,-2.07537611660372,0,0.296750241324959,-0.944275907118454,2.08052276605269,-1.13624685893423,0,0.301677051616246,-0.942899017350477,2.07537611660372,-1.13247709925324,0
340,6.78,0.288111312934288,0.946690218083184,-2.08954717198936,0,0.29291448569073,0.945347881148907,-2.08452967690457,0,0.288111312934288,-0.946690218083184,2.08954717198936,-1.14285695390618,0,0.29291448569073,-0.945347881148907,2.08452967690457,-1.13918179575566,0
341,6.8,0.279311108013564,0.9491496008065,-2.09874005077468,0,0.283976114495954,0.947845877035258,-2.09386688708001,0,0.279311108013564,-0.9491496008065,2.09874005077468,-1.14959044996818,0,0.283976114495954,-0.947845877035258,2.09386688708001,-1.14602101004475,0
342,6.82,0.270362993587667,0.951650319621976,-2.10808743893388,0,0.274875923693981,0.950389096453313,-2.10337313741389,0,0.270362993587667,-0.951650319621976,2.10808743893388,-1.1564371193119,0,0.274875923693981,-0.950389096453313,2.10337313741389,-1.15298404096058,0
343,6.84,0.261280706532289,0.954188535501426,-2.11757498663825,0,0.265628284331918,0.952973523143759,-2.11303341560874,0,0.261280706532289,-0.954188535501426,2.11757498663825,-1.16338645113683,0,0.265628284331918,-0.952973523143759,2.11303341560874,-1.16005989246498,0
344,6.86,0.252078316588858,0.956760316391072,-2.12718799634056,0,0.256247913864348,0.9555950440372,-2.12283234750255,0,0.252078316588858,-0.956760316391072,2.12718799634056,-1.17042767994949,0,0.256247913864348,-0.9555950440372,2.12283234750255,-1.16723730346535,0
345,6.88,0.242770189379456,0.959361647547727,-2.13691146141044,0,0.246749837431095,0.958249460075815,-2.13275423751889,0,0.242770189379456,-0.959361647547727,2.13691146141044,-1.17754981386271,0,0.246749837431095,-0.958249460075815,2.13275423751889,-1.17450477744307,0
346,6.9,0.233370949421731,0.961988441874969,-2.14673010476976,0,0.237149349357658,0.960932496972787,-2.14278310888428,0,0.233370949421731,-0.961988441874969,2.14673010476976,-1.18474166289479,0,0.237149349357658,-0.960932496972787,2.14278310888428,-1.18185061191149,0
347,6.92,0.223895443143825,0.964636550259317,-2.15662841752805,0,0.227461974849842,0.963639815917452,-2.15290274364286,0,0.223895443143825,-0.964636550259317,2.15662841752805,-1.19199186726873,0,0.227461974849842,-0.963639815917452,2.15290274364286,-1.18926292772541,0
348,6.94,0.214358701899284,0.967301771906408,-2.16659069761786,0,0.217703431857707,0.966367024233143,-2.16309672249406,0,0.214358701899284,-0.967301771906408,2.16659069761786,-1.19928892571146,0,0.217703431857707,-0.966367024233143,2.16309672249406,-1.19672969826091,0
349,6.96,0.204775904981982,0.969979864677175,-2.1766010884302,0,0.207889593087153,0.969109685993765,-2.1733484644761,0,0.204775904981982,-0.969979864677175,2.1766010884302,-1.20662122375303,0,0.207889593087153,-0.969109685993765,2.1733484644761,-1.20423877848234,0
350,6.98,0.195162342641036,0.972666555424019,-2.18664361744988,0,0.198036448140217,0.971863332604397,-2.18364126651508,0,0.195162342641036,-0.972666555424019,2.18664361744988,-1.21397706202586,0,0.198036448140217,-0.971863332604397,2.18364126651508,-1.21177793391068,0
351,7,0.185533379095727,0.97535755032699,-2.19670223489092,0,0.188160065767581,0.974623473350543,-2.19395834285671,0,0.185533379095727,-0.97535755032699,2.19670223489092,-1.22134468456393,0,0.188160065767581,-0.974623473350543,2.19395834285671,-1.21933486950617,0
352,7.02,0.175904415550419,0.978048545229961,-2.20676085233196,0,0.17827655621891,0.977385605920034,-2.20428286439604,0,0.175904415550419,-0.978048545229961,2.20676085233196,-1.228712307102,0,0.17827655621891,-0.977385605920034,2.20428286439604,-1.22689725847601,0
353,7.04,0.166290853209473,0.980735235976805,-2.21680338135163,0,0.168402033678461,0.980145226901107,-2.21459799791793,0,0.166290853209473,-0.980735235976805,2.21680338135163,-1.23606814537483,0,0.168402033678461,-0.980145226901107,2.21459799791793,-1.23445277101683,0
354,7.06,0.156708056292171,0.983413328747571,-2.22681377216397,0,0.158552578775034,0.982897842259701,-2.22488694526,0,0.156708056292171,-0.983413328747571,2.22681377216397,-1.2434004434164,0,0.158552578775034,-0.982897842259701,2.22488694526,-1.2419891030003,0
355,7.08,0.147171315047629,0.986078550394663,-2.23677605225379,0,0.148744201156728,0.985638977798649,-2.23513298240777,0,0.147171315047629,-0.986078550394663,2.23677605225379,-1.25069750185913,0,0.148744201156728,-0.985638977798649,2.23513298240777,-1.24949400460912,0
356,7.1,0.137695808769723,0.988726658779011,-2.24667436501208,0,0.138992802122176,0.988364189601076,-2.24531949853092,0,0.137695808769723,-0.988726658779011,2.24667436501208,-1.25794770623307,0,0.138992802122176,-0.988364189601076,2.24531949853092,-1.25695530892984,0
357,7.12,0.128296568811999,0.991353453106253,-2.2564930083714,0,0.129314137301029,0.991069074460045,-2.25543003496798,0,0.128296568811999,-0.991353453106253,2.2564930083714,-1.26513955526515,0,0.129314137301029,-0.991069074460045,2.25543003496798,-1.26436096050793,0
358,7.14,0.118988441602596,0.993954784262908,-2.26621647344128,0,0.119723779377361,0.9937492802962,-2.26544832416628,0,0.118988441602596,-0.993954784262908,2.26621647344128,-1.27226168917837,0,0.119723779377361,-0.9937492802962,2.26544832416628,-1.27169904387008,0
359,7.16,0.109786051659166,0.996526565152554,-2.27582948314359,0,0.110237080850477,0.996400516564957,-2.27535832858279,0,0.109786051659166,-0.996526565152554,2.27582948314359,-1.27930291799103,0,0.110237080850477,-0.996400516564957,2.27535832858279,-1.27895781201783,0
360,7.18,0.100703764603788,0.999064781032003,-2.28531703084796,0,0.100869136828348,0.999018564654582,-2.28514427955085,0,0.100703764603788,-0.999064781032003,2.28531703084796,-1.28625224981595,0,0.100869136828348,-0.999018564654582,2.28514427955085,-1.28612571489627,0
361,7.2,0.0917556501778904,1.00156549984748,-2.29466441900715,0,0.0916347478494614,1.00159928827632,-2.29479071611729,0,0.0917556501778904,-1.00156549984748,2.29466441900715,-1.29309891915967,0,0.0916347478494614,-1.00159928827632,2.29479071611729,-1.29319142784097,0
362,7.22,0.0829554452571664,1.0040248825708,-2.30385729779248,0,0.0825483827294554,1.0041386438476,-2.30428252385358,0,0.0829554452571664,-1.0040248825708,2.30385729779248,-1.29983241522168,0,0.0825483827294554,-1.0041386438476,2.30428252385358,-1.30014388000597,0
363,7.24,0.0743165168664959,1.00643919353553,-2.31288170372915,0,0.0736241414293514,1.00663269086922,-2.31360497364445,0,0.0743165168664959,-1.00643919353553,2.31288170372915,-1.30644251019362,0,0.0736241414293514,-1.00663269086922,2.31360497364445,-1.30697228277522,0
364,7.26,0.0658518251948607,1.00880481077319,-2.32172409833171,0,0.0648757179426132,1.00907760229724,-2.32274376045688,0,0.0658518251948607,-1.00880481077319,2.32172409833171,-1.31291928755853,0,0.0648757179426132,-1.00907760229724,2.32274376045688,-1.31366615815965,0
365,7.28,0.0575738866102644,1.01111823634941,-2.33037140673942,0,0.0563163631986143,1.01146967491029,-2.33168504209191,0,0.0575738866102644,-1.01111823634941,2.33037140673942,-1.31925317039001,0,0.0563163631986143,-1.01146967491029,2.33168504209191,-1.32021536718162,0
366,7.3,0.0494947366746529,1.01337610670013,-2.33881105635163,0,0.0479588479804137,1.01380533967295,-2.34041547792148,0,0.0494947366746529,-1.01337610670013,2.33881105635163,-1.3254349496515,0,0.0479588479804137,-1.01380533967295,2.34041547792148,-1.32661013824853,0
367,7.32,0.041625893158827,1.01557520296773,-2.34703101546319,0,0.0398154258549946,1.01608117209553,-2.3489222676123,0,0.041625893158827,-1.01557520296773,2.34703101546319,-1.33145581249546,0,0.0398154258549946,-1.01608117209553,2.3489222676123,-1.33284109551677,0
368,7.34,0.0339783190573686,1.01771246133726,-2.35501983189983,0,0.0318977961143769,1.01829390259091,-2.35719318983834,0,0.0339783190573686,-1.01771246133726,2.35501983189983,-1.33730737056257,0,0.0318977961143769,-1.01829390259091,2.35719318983834,-1.33889928724743,0
369,7.36,0.0265623856035525,1.01978498337258,-2.36276667165357,0,0.0242170667261978,1.02044042682868,-2.36521664098345,0,0.0265623856035525,-1.01978498337258,2.36276667165357,-1.34298168828099,0,0.0242170667261978,-1.02044042682868,2.36521664098345,-1.34477621415477,0
370,7.38,0.0193878352842696,1.02179004635257,-2.37026135751811,0,0.016783717292553,1.02251781608702,-2.3729816738353,0,0.0193878352842696,-1.02179004635257,2.37026135751811,-1.34847131116554,0,0.016783717292553,-1.02251781608702,2.3729816738353,-1.35046385774828,0
371,7.4,0.0124637448549424,1.02372511360725,-2.37749440772419,0,0.00960756201603504,1.02452332760248,-2.38047803627186,0,0.0124637448549424,-1.02372511360725,2.37749440772419,-1.35376929411694,0,0.00960756201603504,-1.02452332760248,2.38047803627186,-1.35595470866938,0
372,7.42,0.00579848835444441,1.02558784485401,-2.38445707457503,0,0.0026977126720441,1.02645441491811,-2.38769620994126,0,0.00579848835444441,-1.02558784485401,2.38445707457503,-1.35886922972102,0,0.0026977126720441,-1.02645441491811,2.38769620994126,-1.36124179502316,0
373,7.44,-0.000600299879980282,1.02737610653379,-2.3911413830817,0,-0.0039374584134325,1.02830873822999,-2.39462744893605,0,-0.000600299879980282,-1.02737610653379,2.3911413830817,-1.36376527654791,0,-0.0039374584134325,-1.02830873822999,2.39462744893605,-1.36631871070606,0
374,7.46,-0.00672576219780019,1.02908798214719,-2.3975401695985,0,-0.010290355381273,1.03008417473249,-2.40126381846234,0,-0.00672576219780019,-1.02908798214719,2.3975401695985,-1.3684521874513,0,-0.010290355381273,-1.03008417473249,2.40126381846234,-1.37117964372986,0
375,7.48,-0.0125718546202773,1.03072178259074,-2.40364712045837,0,-0.016354195852519,1.03177882896228,-2.40759823350471,0,-0.0125718546202773,-1.03072178259074,2.40364712045837,-1.37292533786763,0,-0.016354195852519,-1.03177882896228,2.40759823350471,-1.37581940454243,0
376,7.5,-0.0181333838255484,1.03227605649298,-2.40945681060827,0,-0.0221230479380531,1.03339104314142,-2.41362449748725,0,-0.0181333838255484,-1.03227605649298,2.40945681060827,-1.37718075411529,0,-0.0221230479380531,-1.03339104314142,2.41362449748725,-1.38023345434583,0
377,7.52,-0.0234060441337067,1.03374960055072,-2.41496474224461,0,-0.0275918672451194,1.03491940751951,-2.41933734093142,0,-0.0234060441337067,-1.03374960055072,2.41496474224461,-1.38121514169389,0,-0.0275918672451194,-1.03491940751951,2.41933734093142,-1.38441793341191,0
378,7.54,-0.0283864544918825,1.03514146986515,-2.42016738344857,0,-0.0327565338810914,1.03636277071509,-2.42473246011089,0,-0.0283864544918825,-1.03514146986515,2.42016738344857,-1.38502591358342,0,-0.0327565338810914,-1.03636277071509,2.42473246011089,-1.3883696893958,0
379,7.56,-0.0330721954593275,1.03645098827809,-2.42506220682157,0,-0.0376138894548416,1.03772025005639,-2.429806555704,0,-0.0330721954593275,-1.03645098827809,2.42506220682157,-1.38861121854349,0,-0.0376138894548416,-1.03772025005639,2.429806555704,-1.39208630564761,0
380,7.58,-0.0374618461924933,1.03767775870807,-2.42964772812061,0,-0.0421617740760213,1.03899124192144,-2.43455737144395,0,-0.0374618461924933,-1.03767775870807,2.42964772812061,-1.39196996941254,0,-0.0421617740760213,-1.03899124192144,2.43455737144395,-1.39556612952251,0
381,7.6,-0.0415550214301134,1.0388216734866,-2.43392354489369,0,-0.0463990633525184,1.04017543207771,-2.43898373276713,0,-0.0415550214301134,-1.0388216734866,2.43392354489369,-1.39510187140709,0,-0.0463990633525184,-1.04017543207771,2.43898373276713,-1.39880830068942,0
382,7.62,-0.0453524084782859,1.03988292469429,-2.43789037511517,0,-0.0503257053863256,1.04127280602134,-2.44308558545981,0,-0.0453524084782859,-1.03988292469429,2.43789037511517,-1.39800745042089,0,-0.0503257053863256,-1.04127280602134,2.44308558545981,-1.40181277943847,0
383,7.64,-0.0488558041955552,1.04086201449704,-2.44155009582123,0,-0.0539427577680241,1.04228365931589,-2.44686403430329,0,-0.0488558041955552,-1.04086201449704,2.44155009582123,-1.40068808132419,0,-0.0539427577680241,-1.04228365931589,2.44686403430329,-1.40458037498739,0
384,7.66,-0.0520681519779928,1.04175976548222,-2.44490578174516,0,-0.0572524245700618,1.04320860793086,-2.45032138171793,0,-0.0520681519779928,-1.04175976548222,2.44490578174516,-1.40314601626294,0,-0.0572524245700618,-1.04320860793086,2.45032138171793,-1.40711277378706,0
385,7.68,-0.0549935787442767,1.04257733099486,-2.44796174395287,0,-0.0602580933389787,1.04404859857982,-2.45346116640594,0,-0.0549935787442767,-1.04257733099486,2.44796174395287,-1.40538441295801,0,-0.0602580933389787,-1.04404859857982,2.45346116640594,-1.40941256782612,0
386,7.7,-0.0576374319207782,1.04331620547379,-2.45072356847817,0,-0.0629643720867153,1.04480491905833,-2.45628820199333,0,-0.0576374319207782,-1.04331620547379,2.45072356847817,-1.40740736300439,0,-0.0629643720867153,-1.04480491905833,2.45628820199333,-1.411483282935,0
387,7.72,-0.0600063164266368,1.04397823478785,-2.45319815495826,0,-0.0653771262811214,1.04547920858168,-2.45880861567094,0,-0.0600063164266368,-1.04397823478785,2.45319815495826,-1.40921992017041,0,-0.0653771262811214,-1.04547920858168,2.45880861567094,-1.41332940708927,0
388,7.74,-0.0621081316588478,1.04456562657204,-2.45539375526904,0,-0.06750351583577,1.04607346812232,-2.46102988683478,0,-0.0621081316588478,-1.04456562657204,2.45539375526904,-1.41082812869699,0,-0.06750351583577,-1.04607346812232,2.46102988683478,-1.41495641871246,0
389,7.76,-0.0639521084773402,1.04508096056375,-2.45732001216056,0,-0.0693520320991615,1.04659007074725,-2.46296088572573,0,-0.0639521084773402,-1.04508096056375,2.45732001216056,-1.41223905159681,0,-0.0693520320991615,-1.04659007074725,2.46296088572573,-1.41637081497849,0
390,7.78,-0.0655488461900583,1.04552719893884,-2.45898799789239,0,-0.0709325348434006,1.04703177195515,-2.4646119120687,0,-0.0655488461900583,-1.04552719893884,2.45898799789239,-1.41346079895355,0,-0.0709325348434006,-1.04703177195515,2.4646119120687,-1.41758014011355,0
391,7.8,-0.0669103495380472,1.04590769664792,-2.46041025286902,0,-0.0722562892524107,1.0474017200135,-2.46599473371129,0,-0.0669103495380472,-1.04590769664792,2.46041025286902,-1.4145025562211,0,-0.0722562892524107,-1.0474017200135,2.46599473371129,-1.41859301369779,0
392,7.82,-0.0680500656805276,1.04622621175246,-2.46160082427524,0,-0.073336002909747,1.04770346629542,-2.46712262526201,0,-0.0680500656805276,-1.04622621175246,2.46160082427524,-1.41537461252278,0,-0.073336002909747,-1.04770346629542,2.46712262526201,-1.4194191589666,0
393,7.84,-0.0689829211799827,1.04648691576099,-2.46257530471155,0,-0.0741858627860579,1.04794097561661,-2.46801040672822,0,-0.0689829211799827,-1.04648691576099,2.46257530471155,-1.41608838895055,0,-0.0741858627860579,-1.04794097561661,2.46801040672822,-1.42006943111161,0
394,7.86,-0.0697253589872389,1.04669440396527,-2.46335087082952,0,-0.0748215722262422,1.04811863657204,-2.46867448215362,0,-0.0697253589872389,-1.04669440396527,2.46335087082952,-1.41665646686425,0,-0.0748215722262422,-1.04811863657204,2.46867448215362,-1.42055584558157,0
395,7.88,-0.0702953754265424,1.04685370577648,-2.46394632196724,0,-0.0752603879363389,1.04824127187268,-2.46913287825556,0,-0.0702953754265424,-1.04685370577648,2.46394632196724,-1.41709261619076,0,-0.0752603879363389,-1.04824127187268,2.46913287825556,-1.42089160638289,0
396,7.9,-0.0707125571806499,1.04697029506136,-2.46438211878464,0,-0.0755211569701855,1.04831414868207,-2.46940528306212,0,-0.0707125571806499,-1.04697029506136,2.46438211878464,-1.41741182372328,0,-0.0755211569701855,-1.04831414868207,2.46940528306212,-1.42109113438005,0
397,7.92,-0.0709981182759037,1.04705010047844,-2.46468042189896,0,-0.0756243537158736,1.04834298895292,-2.46951308454887,0,-0.0709981182759037,-1.04705010047844,2.46468042189896,-1.41763032142051,0,-0.0756243537158736,-1.04834298895292,2.46951308454887,-1.42117009559595,0
398,7.94,-0.0711749370673107,1.04709951581418,-2.46486513052006,0,-0.0755921168820284,1.0483339797636,-2.46947940927556,0,-0.0711749370673107,-1.04709951581418,2.46486513052006,-1.41776561470588,0,-0.0755921168820284,-1.0483339797636,2.46947940927556,-1.42114542951196,0
399,7.96,-0.0712675932236303,1.04712541031915,-2.4649619210859,0,-0.0754482864839343,1.0482937836546,-2.46932916102256,0,-0.0712675932236303,-1.04712541031915,2.4649619210859,-1.41783651076675,0,-0.0754482864839343,-1.0482937836546,2.46932916102256,-1.42103537736796,0
400,7.98,-0.071302404712457,1.04713513904422,-2.46499828589786,0,-0.0752184408295261,1.04822954896501,-2.46908905942728,0,-0.071302404712457,-1.04713513904422,2.46499828589786,-1.41786314685364,0,-0.0752184408295261,-1.04822954896501,2.46908905942728,-1.42085951046227,0
401,8,-0.0713074647852903,1.04713655317671,-2.46500357175615,0,-0.0749299335052646,1.04814892016883,-2.46878767862029,0,-0.0713074647852903,-1.04713655317671,2.46500357175615,-1.41786701857944,0,-0.0749299335052646,-1.04814892016883,2.46878767862029,-1.42063875845146,0
402,8.02,-0.0713074647852903,1.04713655317671,-2.46500357175615,5.91036e-07,-0.0746119303619086,1.04806004821144,-2.46845548586154,0,-0.0713074647852903,-1.04713655317671,2.46500357175615,-1.41786701857944,5.91036e-07,-0.0746119303619086,-1.04806004821144,2.46845548586154,-1.4203954376501,0
403,8.04,-0.0713074647852903,1.04713655317671,-2.46500357175615,4.657152e-06,-0.0742889498528304,1.04796978523562,-2.46811809364207,1.03427802239996e-06,-0.0713074647852903,-1.04713655317671,2.46500357175615,-1.41786701857944,4.657152e-06,-0.0742889498528304,-1.04796978523562,2.46811809364207,-1.42014830840645,1.03427802239996e-06
404,8.06,-0.0713074647852903,1.04713655317671,-2.46500357175615,1.5479748e-05,-0.0739759021446818,1.04788229816777,-2.46779107743495,5.64572647210034e-06,-0.0713074647852903,-1.04713655317671,2.46500357175615,-1.41786701857944,1.5479748e-05,-0.0739759021446818,-1.04788229816777,2.46779107743495,-1.41990877926718,5.64572647210034e-06
405,8.08,-0.0713074647852903,1.04713655317671,-2.46500357175615,3.6132864e-05,-0.073681336025417,1.04779997612742,-2.46748336748353,1.69815958777553e-05,-0.0713074647852903,-1.04713655317671,2.46500357175615,-1.41786701857944,3.6132864e-05,-0.073681336025417,-1.04779997612742,2.46748336748353,-1.41968339135611,1.69815958777553e-05
406,8.1,-0.0713074647852903,1.04713655317671,-2.46500357175615,6.94875e-05,-0.0734096415042531,1.04772404598518,-2.46719954968358,3.83344026370269e-05,-0.0713074647852903,-1.04713655317671,2.46500357175615,-1.41786701857944,6.94875e-05,-0.0734096415042531,-1.04772404598518,2.46719954968358,-1.4194755036984,3.83344026370269e-05
407,8.12,-0.0713074647852903,1.04713655317671,-2.46500357175615,0.000118215936,-0.0731625377227962,1.0476549881875,-2.46694141988652,7.29150404443627e-05,-0.0713074647852903,-1.04713655317671,2.46500357175615,-1.41786701857944,0.000118215936,-0.0731625377227962,-1.0476549881875,2.46694141988652,-1.41928643169902,7.29150404443627e-05
408,8.14,-0.0713074647852903,1.04713655317671,-2.46500357175615,0.000184796052,-0.0729400725364218,1.04759281610846,-2.46670902808306,0.000123746188091157,-0.0713074647852903,-1.04713655317671,2.46500357175615,-1.41786701857944,0.000184796052,-0.0729400725364218,-1.04759281610846,2.46670902808306,-1.41911621197461,0.000123746188091157
409,8.16,-0.0713074647852903,1.04713655317671,-2.46500357175615,0.000271515648,-0.0727412891145519,1.04753726234376,-2.46650137474791,0.000193617343186197,-0.0713074647852903,-1.04713655317671,2.46500357175615,-1.41786701857944,0.000271515648,-0.0727412891145519,-1.04753726234376,2.46650137474791,-1.41896411240415,0.000193617343186197
410,8.18,-0.0713074647852903,1.04713655317671,-2.46500357175615,0.000380476764,-0.0725646660882596,1.04748790171826,-2.46631687062715,0.000285070835325415,-0.0713074647852903,-1.04713655317671,2.46500357175615,-1.41786701857944,0.000380476764,-0.0725646660882596,-1.04748790171826,2.46631687062715,-1.41882896890889,0.000285070835325415
411,8.2,-0.0713074647852903,1.04713655317671,-2.46500357175615,0.0005136,-0.0724084042203653,1.0474442314013,-2.46615363619986,0.000400402905474756,-0.0713074647852903,-1.04713655317671,2.46500357175615,-1.41786701857944,0.0005136,-0.0724084042203653,-1.0474442314013,2.46615363619986,-1.41870940479856,0.000400402905474756
412,8.22,-0.0713074647852903,1.04713655317671,-2.46500357175615,0.000672628836,-0.0722706095222258,1.04740572208214,-2.46600969296573,0.000541671668551257,-0.0713074647852903,-1.04713655317671,2.46500357175615,-1.41786701857944,0.000672628836,-0.0722706095222258,-1.04740572208214,2.46600969296573,-1.41860397088359,0.000541671668551257
413,8.24,-0.0713074647852903,1.04713655317671,-2.46500357175615,0.000859133952,-0.0721494069138647,1.04737184973443,-2.46588308217687,0.000710707819032891,-0.0713074647852903,-1.04713655317671,2.46500357175615,-1.41786701857944,0.000859133952,-0.0721494069138647,-1.04737184973443,2.46588308217687,-1.41851123244245,0.000710707819032891
414,8.26,-0.0713074647852903,1.04713655317671,-2.46500357175615,0.001074517548,-0.072043007663705,1.04734211446349,-2.46577193528673,0.000909126042869428,-0.0713074647852903,-1.04713655317671,2.46500357175615,-1.41786701857944,0.001074517548,-0.072043007663705,-1.04734211446349,2.46577193528673,-1.41842982082324,0.000909126042869428
415,8.28,-0.0713074647852903,1.04713655317671,-2.46500357175615,0.001320017664,-0.0719497463984727,1.04731605084946,-2.46567451261142,0.00113833618415974,-0.0713074647852903,-1.04713655317671,2.46500357175615,-1.41786701857944,0.001320017664,-0.0719497463984727,-1.04731605084946,2.46567451261142,-1.41835846176196,0.00113833618415974
416,8.3,-0.0713074647852903,1.04713655317671,-2.46500357175615,0.0015967125,-0.0718680983748059,1.04729323277413,-2.46558922137202,0.00139955376714697,-0.0713074647852903,-1.04713655317671,2.46500357175615,-1.41786701857944,0.0015967125,-0.0718680983748059,-1.04729323277413,2.46558922137202,-1.4182959885979,0.00139955376714697
417,8.32,-0.0713074647852903,1.04713655317671,-2.46500357175615,0.001905524736,-0.0717966842170253,1.04727327474503,-2.46551462064375,0.00169380974831702,-0.0713074647852903,-1.04713655317671,2.46500357175615,-1.41786701857944,0.001905524736,-0.0717966842170253,-1.04727327474503,2.46551462064375,-1.41824134589872,0.00169380974831702
418,8.34,-0.0713074647852903,1.04713655317671,-2.46500357175615,0.002247225852,-0.0717342669450875,1.04725583106484,-2.46544941825128,0.00202195950386618,-0.0713074647852903,-1.04713655317671,2.46500357175615,-1.41786701857944,0.002247225852,-0.0717342669450875,-1.04725583106484,2.46544941825128,-1.41819358718644,0.00202195950386618
419,8.36,-0.0713074647852903,1.04713655317671,-2.46500357175615,0.002622440448,-0.0716797444955329,1.0472405937412,-2.465392462956,0.0023846911148015,-0.0713074647852903,-1.04713655317671,2.46500357175615,-1.41786701857944,0.002622440448,-0.0716797444955329,-1.0472405937412,2.465392462956,-1.41815186921479,0.0023846911148015
420,8.38,-0.0713074647852903,1.04713655317671,-2.46500357175615,0.003031650564,-0.0716321398373905,1.04722728972444,-2.46534273413083,0.00278253303213583,-0.0713074647852903,-1.04713655317671,2.46500357175615,-1.41786701857944,0.003031650564,-0.0716321398373905,-1.04722728972444,2.46534273413083,-1.41811544440639,0.00278253303213583
421,8.4,-0.0713074647852903,1.04713655317671,-2.46500357175615,0.0034752,-0.071590590040421,1.04721567785247,-2.46529933034075,0.00321586120706107,-0.0713074647852903,-1.04713655317671,2.46500357175615,-1.41786701857944,0.0034752,-0.071590590040421,-1.04721567785247,2.46529933034075,-1.41808365248827,0.00321586120706107
422,8.42,-0.0713074647852903,1.04713655317671,-2.46500357175615,0.003953298636,-0.0715543351520341,1.04720554574226,-2.46526145772331,0.00368490576539458,-0.0713074647852903,-1.04713655317671,2.46500357175615,-1.41786701857944,0.003953298636,-0.0715543351520341,-1.04720554574226,2.46526145772331,-1.41805591198105,0.00368490576539458
423,8.44,-0.0713074647852903,1.04713655317671,-2.46500357175615,0.004466026752,-0.0715227074043322,1.04719670677351,-2.46522841871416,0.00418975729691678,-0.0713074647852903,-1.04713655317671,2.46500357175615,-1.41786701857944,0.004466026752,-0.0715227074043322,-1.04719670677351,2.46522841871416,-1.41803171194065,0.00418975729691678
424,8.46,-0.0713074647852903,1.04713655317671,-2.46500357175615,0.005013339348,-0.0714951210509494,1.04718899724839,-2.46519960143036,0.00473037282086512,-0.0713074647852903,-1.04713655317671,2.46500357175615,-1.41786701857944,0.005013339348,-0.0714951210509494,-1.04718899724839,2.46519960143036,-1.41801060418196,0.00473037282086512
425,8.48,-0.0713074647852903,1.04713655317671,-2.46500357175615,0.005595070464,-0.0714710629882933,1.04718227377045,-2.4651744698731,0.00530658147992973,-0.0713074647852903,-1.04713655317671,2.46500357175615,-1.41786701857944,0.005595070464,-0.0714710629882933,-1.04718227377045,2.4651744698731,-1.41799219610265,0.00530658147992973
426,8.5,-0.0713074647852903,1.04713655317671,-2.46500357175615,0.0062109375,-0.0714500842225796,1.04717641085994,-2.46515255501407,0.00591809000706926,-0.0713074647852903,-1.04713655317671,2.46500357175615,-1.41786701857944,0.0062109375,-0.0714500842225796,-1.04717641085994,2.46515255501407,-1.41797614415413,0.00591809000706926
427,8.52,-0.0713074647852903,1.04713655317671,-2.46500357175615,0.006860545536,-0.0714317921856598,1.0471712988063,-2.46513344676834,0.00656448800245642,-0.0713074647852903,-1.04713655317671,2.46500357175615,-1.41786701857944,0.006860545536,-0.0714317921856598,-1.0471712988063,2.46513344676834,-1.41796214796204,0.00656448800245642
428,8.54,-0.0713074647852903,1.04713655317671,-2.46500357175615,0.007543391652,-0.0714158438674931,1.04716684174894,-2.46511678682041,0.00724525305185657,-0.0713074647852903,-1.04713655317671,2.46500357175615,-1.41786701857944,0.007543391652,-0.0714158438674931,-1.04716684174894,2.46511678682041,-1.41794994507147,0.00724525305185657
429,8.56,-0.0713074647852903,1.04713655317671,-2.46500357175615,0.008258869248,-0.071401939713305,1.04716295597163,-2.46510226224908,0.00795975571264394,-0.0713074647852903,-1.04713655317671,2.46500357175615,-1.41786701857944,0.008258869248,-0.071401939713305,-1.04716295597163,2.46510226224908,-1.41793930627746,0.00795975571264394
430,8.58,-0.0713074647852903,1.04713655317671,-2.46500357175615,0.009006272364,-0.0713898182236715,1.04715956839345,-2.46508959988657,0.00870726438936226,-0.0713074647852903,-1.04713655317671,2.46500357175615,-1.41786701857944,0.009006272364,-0.0713898182236715,-1.04715956839345,2.46508959988657,-1.41793003149312,0.00870726438936226
431,8.6,-0.0713074647852903,1.04713655317671,-2.46500357175615,0.0097848,-0.0713792511923562,1.04715661523787,-2.46507856134384,0.00948695011712991,-0.0713074647852903,-1.04713655317671,2.46500357175615,-1.41786701857944,0.0097848,-0.0713792511923562,-1.04715661523787,2.46507856134384,-1.41792194610598,0.00948695011712991
432,8.62,-0.0713074647852903,1.04713655317671,-2.46500357175615,0.010593560436,-0.0713700395172844,1.04715404086207,-2.4650689386347,0.0102978912681647,-0.0713074647852903,-1.04713655317671,2.46500357175615,-1.41786701857944,0.010593560436,-0.0713700395172844,-1.04715404086207,2.4650689386347,-1.41791489777263,0.0102978912681647
433,8.64,-0.0713074647852903,1.04713655317671,-2.46500357175615,0.011431575552,-0.0713620095229615,1.04715179672918,-2.46506055033407,0.0111390781941783,-0.0713074647852903,-1.04713655317671,2.46500357175615,-1.41786701857944,0.011431575552,-0.0713620095229615,-1.04715179672918,2.46506055033407,-1.41790875360489,0.0111390781941783
434,8.66,-0.0713074647852903,1.04713655317671,-2.46500357175615,0.012297785148,-0.071355009736861,1.04714984050735,-2.46505323821058,0.0120094178152775,-0.0713074647852903,-1.04713655317671,2.46500357175615,-1.41786701857944,0.012297785148,-0.071355009736861,-1.04714984050735,2.46505323821058,-1.41790339770323,0.0120094178152775
435,8.68,-0.0713074647852903,1.04713655317671,-2.46500357175615,0.013191051264,-0.0713489080671378,1.04714813528102,-2.46504686427831,0.0129077381642466,-0.0713074647852903,-1.04713655317671,2.46500357175615,-1.41786701857944,0.013191051264,-0.0713489080671378,-1.04714813528102,2.46504686427831,-1.41789872899728,0.0129077381642466
436,8.7,-0.0713074647852903,1.04713655317671,-2.46500357175615,0.0141101625,-0.07134358933403,1.04714664886106,-2.46504130821806,0.0138327928936136,-0.0713074647852903,-1.04713655317671,2.46500357175615,-1.41786701857944,0.0141101625,-0.07134358933403,-1.04714664886106,2.46504130821806,-1.417894659357,0.0138327928936136
437,8.72,-0.0713074647852903,1.04713655317671,-2.46500357175615,0.015053838336,-0.0713389531122157,1.0471453531817,-2.46503646512343,0.0147832657516759,-0.0713074647852903,-1.04713655317671,2.46500357175615,-1.41786701857944,0.015053838336,-0.0713389531122157,-1.0471453531817,2.46503646512343,-1.41789111194173,0.0147832657516759
438,8.74,-0.0713074647852903,1.04713655317671,-2.46500357175615,0.016020733452,-0.0713349118460502,1.04714422377389,-2.46503224353197,0.0157577750326343,-0.0713074647852903,-1.04713655317671,2.46500357175615,-1.41786701857944,0.016020733452,-0.0713349118460502,-1.04714422377389,2.46503224353197,-1.41788801975808,0.0157577750326343
439,8.76,-0.0713074647852903,1.04713655317671,-2.46500357175615,0.017009442048,-0.0713313892039204,1.04714323930531,-2.46502856370605,0.0167548780051342,-0.0713074647852903,-1.04713655317671,2.46500357175615,-1.41786701857944,0.017009442048,-0.0713313892039204,-1.04714323930531,2.46502856370605,-1.41788532440074,0.0167548780051342
440,8.78,-0.0713074647852903,1.04713655317671,-2.46500357175615,0.018018502164,-0.0713283186418974,1.04714238117903,-2.46502535613251,0.0177730753227948,-0.0713074647852903,-1.04713655317671,2.46500357175615,-1.41786701857944,0.018018502164,-0.0713283186418974,-1.04714238117903,2.46502535613251,-1.41788297495348,0.0177730753227948
441,8.8,-0.0713074647852903,1.04713655317671,-2.46500357175615,0.0190464,-0.0713256421504193,1.04714163318316,-2.46502256021333,0.0188108154197161,-0.0713074647852903,-1.04713655317671,2.46500357175615,-1.41786701857944,0.0190464,-0.0713256421504193,-1.04714163318316,2.46502256021333,-1.41788092703017,0.0188108154197161
442,8.82,-0.0713074647852903,1.04713655317671,-2.46500357175615,0.020091574236,-0.0713233091609272,1.04714098118538,-2.46502012312353,0.0198664988934556,-0.0713074647852903,-1.04713655317671,2.46500357175615,-1.41786701857944,0.020091574236,-0.0713233091609272,-1.04714098118538,2.46502012312353,-1.41787914193815,0.0198664988934556
443,8.84,-0.0713074647852903,1.04713655317671,-2.46500357175615,0.021152420352,-0.0713212755922065,1.04714041286637,-2.46501799881496,0.0209384828775565,-0.0713074647852903,-1.04713655317671,2.46500357175615,-1.41786701857944,0.021152420352,-0.0713212755922065,-1.04714041286637,2.46501799881496,-1.41787758594859,0.0209384828775565
444,8.86,-0.0713074647852903,1.04713655317671,-2.46500357175615,0.022227294948,-0.0713195030186975,1.04713991748737,-2.46501614714747,0.0220250854053572,-0.0713074647852903,-1.04713655317671,2.46500357175615,-1.41786701857944,0.022227294948,-0.0713195030186975,-1.04713991748737,2.46501614714747,-1.41787622966009,0.0220250854053572
445,8.88,-0.0713074647852903,1.04713655317671,-2.46500357175615,0.023314520064,-0.0713179579452557,1.04713948568755,-2.46501453313132,0.0231245897665328,-0.0713074647852903,-1.04713655317671,2.46500357175615,-1.41786701857944,0.023314520064,-0.0713179579452557,-1.04713948568755,2.46501453313132,-1.41787504744377,0.0231245897665328
446,8.9,-0.0713074647852903,1.04713655317671,-2.46500357175615,0.0244123875,-0.0713166111747921,1.04713910930722,-2.46501312626662,0.0242352488575715,-0.0713074647852903,-1.04713655317671,2.46500357175615,-1.41786701857944,0.0244123875,-0.0713166111747921,-1.04713910930722,2.46501312626662,-1.4178740169594,0.0242352488575715
447,8.92,-0.0713074647852903,1.04713655317671,-2.46500357175615,0.025519163136,-0.0713154372569338,1.04713878123381,-2.46501189996738,0.0253552895271949,-0.0713074647852903,-1.04713655317671,2.46500357175615,-1.41786701857944,0.025519163136,-0.0713154372569338,-1.04713878123381,2.46501189996738,-1.41787311873358,0.0253552895271949
448,8.94,-0.0713074647852903,1.04713655317671,-2.46500357175615,0.026633091252,-0.0713144140073531,1.04713849526747,-2.46501083105939,0.0264829169175595,-0.0713074647852903,-1.04713655317671,2.46500357175615,-1.41786701857944,0.026633091252,-0.0713144140073531,-1.04713849526747,2.46501083105939,-1.41787233579192,0.0264829169175595
449,8.96,-0.0713074647852903,1.04713655317671,-2.46500357175615,0.027752398848,-0.0713135220887222,1.04713824600404,-2.46500989934247,0.0276163188019401,-0.0713074647852903,-1.04713655317671,2.46500357175615,-1.41786701857944,0.027752398848,-0.0713135220887222,-1.04713824600404,2.46500989934247,-1.41787165333843,0.0276163188019401
450,8.98,-0.0713074647852903,1.04713655317671,-2.46500357175615,0.028875299964,-0.0713127446454064,1.04713802873289,-2.46500908720886,0.0287536699194786,-0.0713074647852903,-1.04713655317671,2.46500357175615,-1.41786701857944,0.028875299964,-0.0713127446454064,-1.04713802873289,2.46500908720886,-1.41787105847597,0.0287536699194786
451,9,-0.0713074647852903,1.04713655317671,-2.46500357175615,0.03,-0.0713120669850122,1.04713783934795,-2.46500837931059,0.029893136307486,-0.0713074647852903,-1.04713655317671,2.46500357175615,-1.41786701857944,0.03,-0.0713120669850122,-1.04713783934795,2.46500837931059,-1.41787053996264,0.029893136307486
452,9.02,-0.0713074647852903,1.04713655317671,-2.46500357175615,0.031124700036,-0.0713114763007869,1.04713767427014,-2.46500776226945,0.0310328796317024,-0.0713074647852903,-1.04713655317671,2.46500357175615,-1.41786701857944,0.031124700036,-0.0713114763007869,-1.04713767427014,2.46500776226945,-1.41787008799931,0.0310328796317024
453,9.04,-0.0713074647852903,1.04713655317671,-2.46500357175615,0.032247601152,-0.0713109614296318,1.04713753037971,-2.46500722442423,0.0321710615148545,-0.0713074647852903,-1.04713655317671,2.46500357175615,-1.41786701857944,0.032247601152,-0.0713109614296318,-1.04713753037971,2.46500722442423,-1.41786969404452,0.0321710615148545
454,9.06,-0.0713074647852903,1.04713655317671,-2.46500357175615,0.033366908748,-0.0713105126411651,1.04713740495734,-2.46500675561038,0.0333058478637937,-0.0713074647852903,-1.04713655317671,2.46500357175615,-1.41786701857944,0.033366908748,-0.0713105126411651,-1.04713740495734,2.46500675561038,-1.41786935065304,0.0333058478637937
455,9.08,-0.0713074647852903,1.04713655317671,-2.46500357175615,0.034480836864,-0.0713101214538501,1.04713729563269,-2.4650063469679,0.0344354131954487,-0.0713074647852903,-1.04713655317671,2.46500357175615,-1.41786701857944,0.034480836864,-0.0713101214538501,-1.04713729563269,2.4650063469679,-1.41786905133521,0.0344354131954487
456,9.1,-0.0713074647852903,1.04713655317671,-2.46500357175615,0.0355876125,-0.0713097804747187,1.04713720033966,-2.46500599077394,0.0355579449617913,-0.0713074647852903,-1.04713655317671,2.46500357175615,-1.41786701857944,0.0355876125,-0.0713097804747187,-1.04713720033966,2.46500599077394,-1.41786879043428,0.0355579449617913
457,9.12,-0.0713074647852903,1.04713655317671,-2.46500357175615,0.036685479936,-0.0713094832596627,1.04713711727732,-2.46500568029685,0.0366716478739777,-0.0713074647852903,-1.04713655317671,2.46500357175615,-1.41786701857944,0.036685479936,-0.0713094832596627,-1.04713711727732,2.46500568029685,-1.41786856301953,0.0366716478739777
458,9.14,-0.0713074647852903,1.04713655317671,-2.46500357175615,0.037772705052,-0.0713092241916542,1.0471370448759,-2.46500540966897,0.0377747482258022,-0.0713074647852903,-1.04713655317671,2.46500357175615,-1.41786701857944,0.037772705052,-0.0713092241916542,-1.0471370448759,2.46500540966897,-1.41786836479308,0.0377747482258022
459,9.16,-0.0713074647852903,1.04713655317671,-2.46500357175615,0.038847579648,-0.0713089983745946,1.04713698176708,-2.46500517377573,0.0388654982165789,-0.0713074647852903,-1.04713655317671,2.46500357175615,-1.41786701857944,0.038847579648,-0.0713089983745946,-1.04713698176708,2.46500517377573,-1.41786819200866,0.0388654982165789
460,9.18,-0.0713074647852903,1.04713655317671,-2.46500357175615,0.039908425764,-0.0713088015407866,1.04713692675817,-2.46500496815901,0.039942180273544,-0.0713074647852903,-1.04713655317671,2.46500357175615,-1.41786701857944,0.039908425764,-0.0713088015407866,-1.04713692675817,2.46500496815901,-1.41786804140084,0.039942180273544
461,9.2,-0.0713074647852903,1.04713655317671,-2.46500357175615,0.0409536,-0.071308629970282,1.04713687880956,-2.46500478893286,0.0410031113738604,-0.0713074647852903,-1.04713655317671,2.46500357175615,-1.41786701857944,0.0409536,-0.071308629970282,-1.04713687880956,2.46500478893286,-1.41786791012329,0.0410031113738604
462,9.22,-0.0713074647852903,1.04713655317671,-2.46500357175615,0.041981497836,-0.0713084804205795,1.04713683701509,-2.4650046327101,0.042046647366289,-0.0713074647852903,-1.04713655317671,2.46500357175615,-1.41786701857944,0.041981497836,-0.0713084804205795,-1.04713683701509,2.4650046327101,-1.41786779569501,0.042046647366289
463,9.24,-0.0713074647852903,1.04713655317671,-2.46500357175615,0.042990557952,-0.0713083500653465,1.04713680058487,-2.46500449653828,0.0430711872925829,-0.0713074647852903,-1.04713655317671,2.46500357175615,-1.41786701857944,0.042990557952,-0.0713083500653465,-1.04713680058487,2.46500449653828,-1.41786769595342,0.0430711872925829
464,9.26,-0.0713074647852903,1.04713655317671,-2.46500357175615,0.043979266548,-0.0713082364410044,1.04713676883041,-2.46500437784391,0.0440751777086505,-0.0713074647852903,-1.04713655317671,2.46500357175615,-1.41786701857944,0.043979266548,-0.0713082364410044,-1.04713676883041,2.46500437784391,-1.4178676090135,0.0440751777086505
465,9.28,-0.0713074647852903,1.04713655317671,-2.46500357175615,0.044946161664,-0.0713081374001706,1.04713674115159,-2.46500427438378,0.0450571170055253,-0.0713074647852903,-1.04713655317671,2.46500357175615,-1.41786701857944,0.044946161664,-0.0713081374001706,-1.04713674115159,2.46500427438378,-1.41786753323219,0.0450571170055253
466,9.3,-0.0713074647852903,1.04713655317671,-2.46500357175615,0.0458898375,-0.0713080510710751,1.0471367170253,-2.46500418420259,0.0460155597301746,-0.0713074647852903,-1.04713655317671,2.46500357175615,-1.41786701857944,0.0458898375,-0.0713080510710751,-1.0471367170253,2.46500418420259,-1.4178674671773,0.0460155597301746
467,9.32,-0.0713074647852903,1.04713655317671,-2.46500357175615,0.046808948736,-0.0713079758221865,1.04713669599558,-2.46500410559602,0.0469491209061746,-0.0713074647852903,-1.04713655317671,2.46500357175615,-1.41786701857944,0.046808948736,-0.0713079758221865,-1.04713669599558,2.46500410559602,-1.41786740960044,0.0469491209061746
468,9.34,-0.0713074647852903,1.04713655317671,-2.46500357175615,0.047702214852,-0.0713079102313774,1.04713667766499,-2.46500403707849,0.0478564803542729,-0.0713074647852903,-1.04713655317671,2.46500357175615,-1.41786701857944,0.047702214852,-0.0713079102313774,-1.04713667766499,2.46500403707849,-1.41786735941349,0.0478564803542729
469,9.36,-0.0713074647852903,1.04713655317671,-2.46500357175615,0.048568424448,-0.0713078530590485,1.04713666168711,-2.46500397735507,0.0487363870128579,-0.0713074647852903,-1.04713655317671,2.46500357175615,-1.41786701857944,0.048568424448,-0.0713078530590485,-1.04713666168711,2.46500397735507,-1.41786731566796,0.0487363870128579
470,9.38,-0.0713074647852903,1.04713655317671,-2.46500357175615,0.049406439564,-0.0713078032247008,1.04713664775997,-2.46500392529707,0.0495876632583505,-0.0713074647852903,-1.04713655317671,2.46500357175615,-1.41786701857944,0.049406439564,-0.0713078032247008,-1.04713664775997,2.46500392529707,-1.4178672775371,0.0495876632583505
471,9.4,-0.0713074647852903,1.04713655317671,-2.46500357175615,0.0502152,-0.0713077597865158,1.04713663562035,-2.46500387992063,0.0504092092255302,-0.0713074647852903,-1.04713655317671,2.46500357175615,-1.41786701857944,0.0502152,-0.0713077597865158,-1.04713663562035,2.46500387992063,-1.41786724430028,0.0504092092255302
472,9.42,-0.0713074647852903,1.04713655317671,-2.46500357175615,0.050993727636,-0.0713077219235558,1.04713662503883,-2.46500384036818,0.0512000071278077,-0.0713074647852903,-1.04713655317671,2.46500357175615,-1.41786701857944,0.050993727636,-0.0713077219235558,-1.04713662503883,2.46500384036818,-1.41786721532935,0.0512000071278077
473,9.44,-0.0713074647852903,1.04713655317671,-2.46500357175615,0.051741130752,-0.0713076889202491,1.04713661581544,-2.46500380589224,0.051959125577452,-0.0713074647852903,-1.04713655317671,2.46500357175615,-1.41786701857944,0.051741130752,-0.0713076889202491,-1.04713661581544,2.46500380589224,-1.4178671900768,0.051959125577452
474,9.46,-0.0713074647852903,1.04713655317671,-2.46500357175615,0.052456608348,-0.0713076601528668,1.04713660777585,-2.46500377584123,0.0526857239057802,-0.0713074647852903,-1.04713655317671,2.46500357175615,-1.41786701857944,0.052456608348,-0.0713076601528668,-1.04713660777585,2.46500377584123,-1.41786716806537,0.0526857239057802
475,9.48,-0.0713074647852903,1.04713655317671,-2.46500357175615,0.053139454464,-0.0713076350777343,1.04713660076814,-2.46500374964722,0.0533790564833145,-0.0713074647852903,-1.04713655317671,2.46500357175615,-1.41786701857944,0.053139454464,-0.0713076350777343,-1.04713660076814,2.46500374964722,-1.41786714887908,0.0533790564833145
476,9.5,-0.0713074647852903,1.04713655317671,-2.46500357175615,0.0537890625,-0.0713076132209571,1.04713659465985,-2.46500372681517,0.0540384770399154,-0.0713074647852903,-1.04713655317671,2.46500357175615,-1.41786701857944,0.0537890625,-0.0713076132209571,-1.04713659465985,2.46500372681517,-1.41786713215532,0.0540384770399154
477,9.52,-0.0713074647852903,1.04713655317671,-2.46500357175615,0.054404929536,-0.0713075941694641,1.04713658933555,-2.46500370691358,0.0546634429848904,-0.0713074647852903,-1.04713655317671,2.46500357175615,-1.41786701857944,0.054404929536,-0.0713075941694641,-1.04713658933555,2.46500370691358,-1.41786711757803,0.0546634429848904
478,9.54,-0.0713074647852903,1.04713655317671,-2.46500357175615,0.054986660652,-0.0713075775632013,1.04713658469462,-2.46500368956633,0.0552535197270864,-0.0713074647852903,-1.04713655317671,2.46500357175615,-1.41786701857944,0.054986660652,-0.0713075775632013,-1.04713658469462,2.46500368956633,-1.41786710487171,0.0552535197270864
479,9.56,-0.0713074647852903,1.04713655317671,-2.46500357175615,0.055533973248,-0.0713075630883272,1.04713658064934,-2.46500367444557,0.0558083849949659,-0.0713074647852903,-1.04713655317671,2.46500357175615,-1.41786701857944,0.055533973248,-0.0713075630883272,-1.04713658064934,2.46500367444557,-1.41786709379623,0.0558083849949659
480,9.58,-0.0713074647852903,1.04713655317671,-2.46500357175615,0.056046701364,-0.0713075504712813,1.04713657712327,-2.46500366126554,0.0563278331566707,-0.0713074647852903,-1.04713655317671,2.46500357175615,-1.41786701857944,0.056046701364,-0.0713075504712813,-1.04713657712327,2.46500366126554,-1.41786708414227,0.0563278331566707
481,9.6,-0.0713074647852903,1.04713655317671,-2.46500357175615,0.0565248,-0.0713075394736141,1.04713657404977,-2.46500364977715,0.0568117795400755,-0.0713074647852903,-1.04713655317671,2.46500357175615,-1.41786701857944,0.0565248,-0.0713075394736141,-1.04713657404977,2.46500364977715,-1.41786707572738,0.0568117795400755
482,9.62,-0.0713074647852903,1.04713655317671,-2.46500357175615,0.056968349436,-0.0713075298874808,1.04713657137074,-2.46500363976327,0.0572602647528317,-0.0713074647852903,-1.04713655317671,2.46500357175615,-1.41786701857944,0.056968349436,-0.0713075298874808,-1.04713657137074,2.46500363976327,-1.41786706839253,0.0572602647528317
483,9.64,-0.0713074647852903,1.04713655317671,-2.46500357175615,0.0573775595519999,-0.0713075215317132,1.04713656903557,-2.46500363103466,0.0576734590024048,-0.0713074647852903,-1.04713655317671,2.46500357175615,-1.41786701857944,0.0573775595519999,-0.0713075215317132,-1.04713656903557,2.46500363103466,-1.41786706199909,0.0576734590024048
484,9.66,-0.0713074647852903,1.04713655317671,-2.46500357175615,0.057752774148,-0.0713075142483958,1.04713656700011,-2.46500362342635,0.0580516664161052,-0.0713074647852903,-1.04713655317671,2.46500357175615,-1.41786701857944,0.057752774148,-0.0713075142483958,-1.04713656700011,2.46500362342635,-1.41786705642625,0.0580516664161052
485,9.68,-0.0713074647852903,1.04713655317671,-2.46500357175615,0.0580944752639999,-0.0713075078998811,1.04713656522589,-2.46500361679456,0.0583953293611139,-0.0713074647852903,-1.04713655317671,2.46500357175615,-1.41786701857944,0.0580944752639999,-0.0713075078998811,-1.04713656522589,2.46500361679456,-1.41786705156867,0.0583953293611139
486,9.7,-0.0713074647852903,1.04713655317671,-2.46500357175615,0.0584032875,-0.0713075023661886,1.0471365636794,-2.46500361101395,0.058705032764504,-0.0713074647852903,-1.04713655317671,2.46500357175615,-1.41786701857944,0.0584032875,-0.0713075023661886,-1.0471365636794,2.46500361101395,-1.41786704733455,0.058705032764504
487,9.72,-0.0713074647852903,1.04713655317671,-2.46500357175615,0.058679982336,-0.0713074975427372,1.04713656233139,-2.46500360597527,0.0589815084332586,-0.0713074647852903,-1.04713655317671,2.46500357175615,-1.41786701857944,0.058679982336,-0.0713074975427372,-1.04713656233139,2.46500360597527,-1.41786704364388,0.0589815084332586
488,9.74,-0.0713074647852903,1.04713655317671,-2.46500357175615,0.058925482452,-0.0713074933383685,1.0471365611564,-2.4650036015833,0.0592256393742855,-0.0713074647852903,-1.04713655317671,2.46500357175615,-1.41786701857944,0.058925482452,-0.0713074933383685,-1.0471365611564,2.4650036015833,-1.4178670404269,0.0592256393742855
489,9.76,-0.0713074647852903,1.04713655317671,-2.46500357175615,0.059140866048,-0.0713074896736242,1.04713656013222,-2.46500359775503,0.0594384641144302,-0.0713074647852903,-1.04713655317671,2.46500357175615,-1.41786701857944,0.059140866048,-0.0713074896736242,-1.04713656013222,2.46500359775503,-1.41786703762281,0.0594384641144302
490,9.78,-0.0713074647852903,1.04713655317671,-2.46500357175615,0.0593273711639999,-0.0713074864792442,1.04713655923949,-2.46500359441811,0.0596211810204857,-0.0713074647852903,-1.04713655317671,2.46500357175615,-1.41786701857944,0.0593273711639999,-0.0713074864792442,-1.04713655923949,2.46500359441811,-1.41786703517862,0.0596211810204857
491,9.8,-0.0713074647852903,1.04713655317671,-2.46500357175615,0.0594864,-0.0713074836948581,1.04713655846134,-2.46500359150949,0.0597751526192017,-0.0713074647852903,-1.04713655317671,2.46500357175615,-1.41786701857944,0.0594864,-0.0713074836948581,-1.04713655846134,2.46500359150949,-1.41786703304814,0.0597751526192017
492,9.82,-0.0713074647852903,1.04713655317671,-2.46500357175615,0.059619523236,-0.0713074812678437,1.04713655778307,-2.46500358897418,0.0599019099172913,-0.0713074647852903,-1.04713655317671,2.46500357175615,-1.41786701857944,0.059619523236,-0.0713074812678437,-1.04713655778307,2.46500358897418,-1.41786703119111,0.0599019099172913
493,9.84,-0.0713074647852903,1.04713655317671,-2.46500357175615,0.059728484352,-0.0713074791523329,1.04713655719185,-2.46500358676427,0.0600031567214375,-0.0713074647852903,-1.04713655317671,2.46500357175615,-1.41786701857944,0.059728484352,-0.0713074791523329,-1.04713655719185,2.46500358676427,-1.41786702957242,0.0600031567214375
494,9.86,-0.0713074647852903,1.04713655317671,-2.46500357175615,0.0598152039480001,-0.0713074773083447,1.04713655667651,-2.465003584838,0.0600807739582979,-0.0713074647852903,-1.04713655317671,2.46500357175615,-1.41786701857944,0.0598152039480001,-0.0713074773083447,-1.04713655667651,2.465003584838,-1.41786702816149,0.0600807739582979
495,9.88,-0.0713074647852903,1.04713655317671,-2.46500357175615,0.059881784064,-0.0713074757010297,1.04713655622732,-2.46500358315896,0.0601368239945091,-0.0713074647852903,-1.04713655317671,2.46500357175615,-1.41786701857944,0.059881784064,-0.0713074757010297,-1.04713655622732,2.46500358315896,-1.41786702693165,0.0601368239945091
496,9.9,-0.0713074647852903,1.04713655317671,-2.46500357175615,0.0599305124999999,-0.071307474300011,1.04713655583578,-2.46500358169543,0.0601735549566901,-0.0713074647852903,-1.04713655317671,2.46500357175615,-1.41786701857944,0.0599305124999999,-0.071307474300011,-1.04713655583578,2.46500358169543,-1.41786702585965,0.0601735549566901
497,9.92,-0.0713074647852903,1.04713655317671,-2.46500357175615,0.059963867136,-0.071307473078811,1.04713655549449,-2.46500358041974,0.0601934050514453,-0.0713074647852903,-1.04713655317671,2.46500357175615,-1.41786701857944,0.059963867136,-0.071307473078811,-1.04713655549449,2.46500358041974,-1.41786702492525,0.0601934050514453
498,9.94,-0.0713074647852903,1.04713655317671,-2.46500357175615,0.059984520252,-0.0713074720143502,1.04713655519701,-2.46500357930778,0.0601990068853666,-0.0713074647852903,-1.04713655317671,2.46500357175615,-1.41786701857944,0.059984520252,-0.0713074720143502,-1.04713655519701,2.46500357930778,-1.41786702411078,0.0601990068853666
499,9.96,-0.0713074647852903,1.04713655317671,-2.46500357175615,0.0599953428479999,-0.0713074710865113,1.04713655493771,-2.46500357833854,0.0601931917850361,-0.0713074647852903,-1.04713655317671,2.46500357175615,-1.41786701857944,0.0599953428479999,-0.0713074710865113,-1.04713655493771,2.46500357833854,-1.41786702340084,0.0601931917850361
500,9.98,-0.0713074647852903,1.04713655317671,-2.46500357175615,0.059999408964,-0.0713074702777591,1.04713655471168,-2.4650035774937,0.060178994117027,-0.0713074647852903,-1.04713655317671,2.46500357175615,-1.41786701857944,0.059999408964,-0.0713074702777591,-1.04713655471168,2.4650035774937,-1.41786702278202,0.060178994117027
501,10,-0.0713074647852903,1.04713655317671,-2.46500357175615,0.06,-0.0713074695728091,1.04713655451467,-2.4650035767573,0.0601596556079057,-0.0713074647852903,-1.04713655317671,2.46500357175615,-1.41786701857944,0.06,-0.0713074695728091,-1.04713655451467,2.4650035767573,-1.41786702224263,0.0601596556079057
502,10.02,-0.0713074647852903,1.04713655317671,-2.46500357175615,0.059999408964,-0.0713074689583383,1.04713655434295,-2.46500357611541,0.0601386296642325,-0.0713074647852903,-1.04713655317671,2.46500357175615,-1.41786701857944,0.059999408964,-0.0713074689583383,-1.04713655434295,2.46500357611541,-1.41786702177246,0.0601386296642325
503,10.04,-0.0713074647852903,1.04713655317671,-2.46500357175615,0.059995342848,-0.0713074684227339,1.04713655419326,-2.4650035755559,0.0601174754053181,-0.0713074647852903,-1.04713655317671,2.46500357175615,-1.41786701857944,0.059995342848,-0.0713074684227339,-1.04713655419326,2.4650035755559,-1.41786702136264,0.0601174754053181
504,10.06,-0.0713074647852903,1.04713655317671,-2.46500357175615,0.059984520252,-0.0713074679558735,1.04713655406279,-2.46500357506821,0.060094720006102,-0.0713074647852903,-1.04713655317671,2.46500357175615,-1.41786701857944,0.059984520252,-0.0713074679558735,-1.04713655406279,2.46500357506821,-1.41786702100542,0.060094720006102
505,10.08,-0.0713074647852903,1.04713655317671,-2.46500357175615,0.059963867136,-0.071307467548934,1.04713655394906,-2.46500357464312,0.0600675321249253,-0.0713074647852903,-1.04713655317671,2.46500357175615,-1.41786701857944,0.059963867136,-0.071307467548934,-1.04713655394906,2.46500357464312,-1.41786702069405,0.0600675321249253
506,10.1,-0.0713074647852903,1.04713655317671,-2.46500357175615,0.0599305125,-0.0713074671942245,1.04713655384993,-2.46500357427258,0.0600325785572758,-0.0713074647852903,-1.04713655317671,2.46500357175615,-1.41786701857944,0.0599305125,-0.0713074671942245,-1.04713655384993,2.46500357427258,-1.41786702042265,0.0600325785572758
507,10.12,-0.0713074647852903,1.04713655317671,-2.46500357175615,0.059881784064,-0.0713074668850414,1.04713655376353,-2.4650035739496,0.0599864540086196,-0.0713074647852903,-1.04713655317671,2.46500357175615,-1.41786701857944,0.059881784064,-0.0713074668850414,-1.04713655376353,2.4650035739496,-1.41786702018607,0.0599864540086196
508,10.14,-0.0713074647852903,1.04713655317671,-2.46500357175615,0.059815203948,-0.0713074666155416,1.04713655368821,-2.46500357366807,0.0599258890067527,-0.0713074647852903,-1.04713655317671,2.46500357175615,-1.41786701857944,0.059815203948,-0.0713074666155416,-1.04713655368821,2.46500357366807,-1.41786701997987,0.0599258890067527
509,10.16,-0.0713074647852903,1.04713655317671,-2.46500357175615,0.059728484352,-0.0713074663806316,1.04713655362256,-2.46500357342268,0.0598478435565251,-0.0713074647852903,-1.04713655317671,2.46500357175615,-1.41786701857944,0.059728484352,-0.0713074663806316,-1.04713655362256,2.46500357342268,-1.41786701980012,0.0598478435565251
510,10.18,-0.0713074647852903,1.04713655317671,-2.46500357175615,0.059619523236,-0.0713074661758719,1.04713655356533,-2.46500357320879,0.0597495428399901,-0.0713074647852903,-1.04713655317671,2.46500357175615,-1.41786701857944,0.059619523236,-0.0713074661758719,-1.04713655356533,2.46500357320879,-1.41786701964345,0.0597495428399901
511,10.2,-0.0713074647852903,1.04713655317671,-2.46500357175615,0.0594864,-0.0713074659973929,1.04713655351546,-2.46500357302234,0.0596284842789619,-0.0713074647852903,-1.04713655317671,2.46500357175615,-1.41786701857944,0.0594864,-0.0713074659973929,-1.04713655351546,2.46500357302234,-1.41786701950689,0.0596284842789619
512,10.22,-0.0713074647852903,1.04713655317671,-2.46500357175615,0.059327371164,-0.0713074658418214,1.04713655347198,-2.46500357285983,0.0594824311046389,-0.0713074647852903,-1.04713655317671,2.46500357175615,-1.41786701857944,0.059327371164,-0.0713074658418214,-1.04713655347198,2.46500357285983,-1.41786701938785,0.0594824311046389
513,10.24,-0.0713074647852903,1.04713655317671,-2.46500357175615,0.059140866048,-0.0713074657062172,1.04713655343408,-2.46500357271817,0.0593094001557907,-0.0713074647852903,-1.04713655317671,2.46500357175615,-1.41786701857944,0.059140866048,-0.0713074657062172,-1.04713655343408,2.46500357271817,-1.41786701928409,0.0593094001557907
514,10.26,-0.0713074647852903,1.04713655317671,-2.46500357175615,0.058925482452,-0.0713074655880176,1.04713655340105,-2.4650035725947,0.0591076477554467,-0.0713074647852903,-1.04713655317671,2.46500357175615,-1.41786701857944,0.058925482452,-0.0713074655880176,-1.04713655340105,2.4650035725947,-1.41786701919365,0.0591076477554467
515,10.28,-0.0713074647852903,1.04713655317671,-2.46500357175615,0.058679982336,-0.0713074654849888,1.04713655337225,-2.46500357248707,0.0588756555107051,-0.0713074647852903,-1.04713655317671,2.46500357175615,-1.41786701857944,0.058679982336,-0.0713074654849888,-1.04713655337225,2.46500357248707,-1.41786701911482,0.0588756555107051
516,10.3,-0.0713074647852903,1.04713655317671,-2.46500357175615,0.0584032875,-0.0713074653951836,1.04713655334716,-2.46500357239326,0.0586121168533219,-0.0713074647852903,-1.04713655317671,2.46500357175615,-1.41786701857944,0.0584032875,-0.0713074653951836,-1.04713655334716,2.46500357239326,-1.41786701904611,0.0586121168533219
517,10.32,-0.0713074647852903,1.04713655317671,-2.46500357175615,0.058094475264,-0.0713074653169047,1.04713655332528,-2.46500357231149,0.0583159246227729,-0.0713074647852903,-1.04713655317671,2.46500357175615,-1.41786701857944,0.058094475264,-0.0713074653169047,-1.04713655332528,2.46500357231149,-1.41786701898621,0.0583159246227729
518,10.34,-0.0713074647852903,1.04713655317671,-2.46500357175615,0.057752774148,-0.0713074652486728,1.04713655330621,-2.46500357224021,0.0579861597428035,-0.0713074647852903,-1.04713655317671,2.46500357175615,-1.41786701857944,0.057752774148,-0.0713074652486728,-1.04713655330621,2.46500357224021,-1.417867018934,0.0579861597428035
519,10.36,-0.0713074647852903,1.04713655317671,-2.46500357175615,0.057377559552,-0.0713074651891984,1.04713655328959,-2.46500357217809,0.0576220809281844,-0.0713074647852903,-1.04713655317671,2.46500357175615,-1.41786701857944,0.057377559552,-0.0713074651891984,-1.04713655328959,2.46500357217809,-1.4178670188885,0.0576220809281844
520,10.38,-0.0713074647852903,1.04713655317671,-2.46500357175615,0.056968349436,-0.0713074651373574,1.0471365532751,-2.46500357212393,0.0572231153130591,-0.0713074647852903,-1.04713655317671,2.46500357175615,-1.41786701857944,0.056968349436,-0.0713074651373574,-1.0471365532751,2.46500357212393,-1.41786701884883,0.0572231153130591
521,10.4,-0.0713074647852903,1.04713655317671,-2.46500357175615,0.0565248,-0.0713074650921701,1.04713655326247,-2.46500357207673,0.0567888498808426,-0.0713074647852903,-1.04713655317671,2.46500357175615,-1.41786701857944,0.0565248,-0.0713074650921701,-1.04713655326247,2.46500357207673,-1.41786701881425,0.0567888498808426
522,10.42,-0.0713074647852903,1.04713655317671,-2.46500357175615,0.056046701364,-0.0713074650527825,1.04713655325147,-2.46500357203558,0.0563190235800092,-0.0713074647852903,-1.04713655317671,2.46500357175615,-1.41786701857944,0.056046701364,-0.0713074650527825,-1.04713655325147,2.46500357203558,-1.41786701878412,0.0563190235800092
523,10.44,-0.0713074647852903,1.04713655317671,-2.46500357175615,0.055533973248,-0.0713074650184503,1.04713655324187,-2.46500357199972,0.0558135200211074,-0.0713074647852903,-1.04713655317671,2.46500357175615,-1.41786701857944,0.055533973248,-0.0713074650184503,-1.04713655324187,2.46500357199972,-1.41786701875785,0.0558135200211074
524,10.46,-0.0713074647852903,1.04713655317671,-2.46500357175615,0.054986660652,-0.0713074649885246,1.04713655323351,-2.46500357196846,0.055272360663379,-0.0713074647852903,-1.04713655317671,2.46500357175615,-1.41786701857944,0.054986660652,-0.0713074649885246,-1.04713655323351,2.46500357196846,-1.41786701873495,0.055272360663379
525,10.48,-0.0713074647852903,1.04713655317671,-2.46500357175615,0.054404929536,-0.0713074649624398,1.04713655322622,-2.46500357194121,0.0546956984122864,-0.0713074647852903,-1.04713655317671,2.46500357175615,-1.41786701857944,0.054404929536,-0.0713074649624398,-1.04713655322622,2.46500357194121,-1.41786701871499,0.0546956984122864
526,10.5,-0.0713074647852903,1.04713655317671,-2.46500357175615,0.0537890625,-0.0713074649397029,1.04713655321986,-2.46500357191746,0.0540838115611048,-0.0713074647852903,-1.04713655317671,2.46500357175615,-1.41786701857944,0.0537890625,-0.0713074649397029,-1.04713655321986,2.46500357191746,-1.41786701869759,0.0540838115611048
527,10.52,-0.0713074647852903,1.04713655317671,-2.46500357175615,0.053139454464,-0.0713074649198843,1.04713655321433,-2.46500357189675,0.0534370980201943,-0.0713074647852903,-1.04713655317671,2.46500357175615,-1.41786701857944,0.053139454464,-0.0713074649198843,-1.04713655321433,2.46500357189675,-1.41786701868243,0.0534370980201943
528,10.54,-0.0713074647852903,1.04713655317671,-2.46500357175615,0.052456608348,-0.0713074649026094,1.0471365532095,-2.46500357187871,0.052756069786588,-0.0713074647852903,-1.04713655317671,2.46500357175615,-1.41786701857944,0.052456608348,-0.0713074649026094,-1.0471365532095,2.46500357187871,-1.41786701866921,0.052756069786588
529,10.56,-0.0713074647852903,1.04713655317671,-2.46500357175615,0.051741130752,-0.0713074648875516,1.04713655320529,-2.46500357186298,0.0520413476142159,-0.0713074647852903,-1.04713655317671,2.46500357175615,-1.41786701857944,0.051741130752,-0.0713074648875516,-1.04713655320529,2.46500357186298,-1.41786701865769,0.0520413476142159
530,10.58,-0.0713074647852903,1.04713655317671,-2.46500357175615,0.050993727636,-0.0713074648744266,1.04713655320162,-2.46500357184927,0.0512936558515745,-0.0713074647852903,-1.04713655317671,2.46500357175615,-1.41786701857944,0.050993727636,-0.0713074648744266,-1.04713655320162,2.46500357184927,-1.41786701864765,0.0512936558515745
531,10.6,-0.0713074647852903,1.04713655317671,-2.46500357175615,0.0502152,-0.0713074648629861,1.04713655319842,-2.46500357183732,0.0505138174191113,-0.0713074647852903,-1.04713655317671,2.46500357175615,-1.41786701857944,0.0502152,-0.0713074648629861,-1.04713655319842,2.46500357183732,-1.41786701863889,0.0505138174191113
532,10.62,-0.0713074647852903,1.04713655317671,-2.46500357175615,0.049406439564,-0.0713074648530139,1.04713655319564,-2.4650035718269,0.0497027489031691,-0.0713074647852903,-1.04713655317671,2.46500357175615,-1.41786701857944,0.049406439564,-0.0713074648530139,-1.04713655319564,2.4650035718269,-1.41786701863126,0.0497027489031691
533,10.64,-0.0713074647852903,1.04713655317671,-2.46500357175615,0.048568424448,-0.0713074648443217,1.04713655319321,-2.46500357181782,0.0488614557471636,-0.0713074647852903,-1.04713655317671,2.46500357175615,-1.41786701857944,0.048568424448,-0.0713074648443217,-1.04713655319321,2.46500357181782,-1.41786701862461,0.0488614557471636
534,10.66,-0.0713074647852903,1.04713655317671,-2.46500357175615,0.047702214852,-0.0713074648367451,1.04713655319109,-2.46500357180991,0.0479910275238669,-0.0713074647852903,-1.04713655317671,2.46500357175615,-1.41786701857944,0.047702214852,-0.0713074648367451,-1.04713655319109,2.46500357180991,-1.41786701861881,0.0479910275238669
535,10.68,-0.0713074647852903,1.04713655317671,-2.46500357175615,0.046808948736,-0.071307464830141,1.04713655318925,-2.46500357180301,0.0470926332753419,-0.0713074647852903,-1.04713655317671,2.46500357175615,-1.41786701857944,0.046808948736,-0.071307464830141,-1.04713655318925,2.46500357180301,-1.41786701861376,0.0470926332753419
536,10.7,-0.0713074647852903,1.04713655317671,-2.46500357175615,0.0458898375,-0.0713074648243845,1.04713655318764,-2.46500357179699,0.0461675169093065,-0.0713074647852903,-1.04713655317671,2.46500357175615,-1.41786701857944,0.0458898375,-0.0713074648243845,-1.04713655318764,2.46500357179699,-1.41786701860936,0.0461675169093065
537,10.72,-0.0713074647852903,1.04713655317671,-2.46500357175615,0.044946161664,-0.0713074648193668,1.04713655318623,-2.46500357179175,0.0452169926425613,-0.0713074647852903,-1.04713655317671,2.46500357175615,-1.41786701857944,0.044946161664,-0.0713074648193668,-1.04713655318623,2.46500357179175,-1.41786701860552,0.0452169926425613
538,10.74,-0.0713074647852903,1.04713655317671,-2.46500357175615,0.043979266548,-0.0713074648149931,1.04713655318501,-2.46500357178718,0.0442424404836742,-0.0713074647852903,-1.04713655317671,2.46500357175615,-1.41786701857944,0.043979266548,-0.0713074648149931,-1.04713655318501,2.46500357178718,-1.41786701860217,0.0442424404836742
539,10.76,-0.0713074647852903,1.04713655317671,-2.46500357175615,0.042990557952,-0.0713074648111808,1.04713655318395,-2.4650035717832,0.043245301748407,-0.0713074647852903,-1.04713655317671,2.46500357175615,-1.41786701857944,0.042990557952,-0.0713074648111808,-1.04713655318395,2.4650035717832,-1.41786701859925,0.043245301748407
540,10.78,-0.0713074647852903,1.04713655317671,-2.46500357175615,0.041981497836,-0.0713074648078578,1.04713655318302,-2.46500357177973,0.0422270746024512,-0.0713074647852903,-1.04713655317671,2.46500357175615,-1.41786701857944,0.041981497836,-0.0713074648078578,-1.04713655318302,2.46500357177973,-1.41786701859671,0.0422270746024512
541,10.8,-0.0713074647852903,1.04713655317671,-2.46500357175615,0.0409536,-0.0713074648049613,1.04713655318221,-2.4650035717767,0.0411893096269408,-0.0713074647852903,-1.04713655317671,2.46500357175615,-1.41786701857944,0.0409536,-0.0713074648049613,-1.04713655318221,2.4650035717767,-1.4178670185945,0.0411893096269408
542,10.82,-0.0713074647852903,1.04713655317671,-2.46500357175615,0.039908425764,-0.0713074648024365,1.0471365531815,-2.46500357177407,0.0401336054029641,-0.0713074647852903,-1.04713655317671,2.46500357175615,-1.41786701857944,0.039908425764,-0.0713074648024365,-1.0471365531815,2.46500357177407,-1.41786701859256,0.0401336054029641
543,10.84,-0.0713074647852903,1.04713655317671,-2.46500357175615,0.038847579648,-0.0713074648002359,1.04713655318089,-2.46500357177177,0.0390616041119196,-0.0713074647852903,-1.04713655317671,2.46500357175615,-1.41786701857944,0.038847579648,-0.0713074648002359,-1.04713655318089,2.46500357177177,-1.41786701859088,0.0390616041119196
544,10.86,-0.0713074647852903,1.04713655317671,-2.46500357175615,0.037772705052,-0.0713074647983176,1.04713655318035,-2.46500357176976,0.0379749871490887,-0.0713074647852903,-1.04713655317671,2.46500357175615,-1.41786701857944,0.037772705052,-0.0713074647983176,-1.04713655318035,2.46500357176976,-1.41786701858941,0.0379749871490887
545,10.88,-0.0713074647852903,1.04713655317671,-2.46500357175615,0.036685479936,-0.0713074647966456,1.04713655317988,-2.46500357176802,0.0368754707482313,-0.0713074647852903,-1.04713655317671,2.46500357175615,-1.41786701857944,0.036685479936,-0.0713074647966456,-1.04713655317988,2.46500357176802,-1.41786701858813,0.0368754707482313
546,10.9,-0.0713074647852903,1.04713655317671,-2.46500357175615,0.0355876125,-0.0713074647951881,1.04713655317948,-2.46500357176649,0.0357648016153751,-0.0713074647852903,-1.04713655317671,2.46500357175615,-1.41786701857944,0.0355876125,-0.0713074647951881,-1.04713655317948,2.46500357176649,-1.41786701858702,0.0357648016153751
547,10.92,-0.0713074647852903,1.04713655317671,-2.46500357175615,0.034480836864,-0.0713074647939178,1.04713655317912,-2.46500357176517,0.034644752570273,-0.0713074647852903,-1.04713655317671,2.46500357175615,-1.41786701857944,0.034480836864,-0.0713074647939178,-1.04713655317912,2.46500357176517,-1.41786701858605,0.034644752570273
548,10.94,-0.0713074647852903,1.04713655317671,-2.46500357175615,0.033366908748,-0.0713074647928104,1.04713655317881,-2.46500357176401,0.0335171181942563,-0.0713074647852903,-1.04713655317671,2.46500357175615,-1.41786701857944,0.033366908748,-0.0713074647928104,-1.04713655317881,2.46500357176401,-1.4178670185852,0.0335171181942563
549,10.96,-0.0713074647852903,1.04713655317671,-2.46500357175615,0.032247601152,-0.0713074647918452,1.04713655317854,-2.465003571763,0.0323837104834224,-0.0713074647852903,-1.04713655317671,2.46500357175615,-1.41786701857944,0.032247601152,-0.0713074647918452,-1.04713655317854,2.465003571763,-1.41786701858446,0.0323837104834224
550,10.98,-0.0713074647852903,1.04713655317671,-2.46500357175615,0.031124700036,-0.0713074647910039,1.04713655317831,-2.46500357176212,0.031246354506272,-0.0713074647852903,-1.04713655317671,2.46500357175615,-1.41786701857944,0.031124700036,-0.0713074647910039,-1.04713655317831,2.46500357176212,-1.41786701858382,0.031246354506272
551,11,-0.0713074647852903,1.04713655317671,-2.46500357175615,0.03,-0.0713074647902706,1.0471365531781,-2.46500357176136,0.0301068840650565,-0.0713074647852903,-1.04713655317671,2.46500357175615,-1.41786701857944,0.03,-0.0713074647902706,-1.0471365531781,2.46500357176136,-1.41786701858325,0.0301068840650565
552,11.02,-0.0713074647852903,1.04713655317671,-2.46500357175615,0.028875299964,-0.0713074647896314,1.04713655317792,-2.46500357176069,0.0289671373602213,-0.0713074647852903,-1.04713655317671,2.46500357175615,-1.41786701857944,0.028875299964,-0.0713074647896314,-1.04713655317792,2.46500357176069,-1.41786701858277,0.0289671373602213
553,11.04,-0.0713074647852903,1.04713655317671,-2.46500357175615,0.027752398848,-0.0713074647890742,1.04713655317777,-2.46500357176011,0.02782895265743,-0.0713074647852903,-1.04713655317671,2.46500357175615,-1.41786701857944,0.027752398848,-0.0713074647890742,-1.04713655317777,2.46500357176011,-1.41786701858234,0.02782895265743
554,11.06,-0.0713074647852903,1.04713655317671,-2.46500357175615,0.026633091252,-0.0713074647885886,1.04713655317763,-2.4650035717596,0.0266941639567425,-0.0713074647852903,-1.04713655317671,2.46500357175615,-1.41786701857944,0.026633091252,-0.0713074647885886,-1.04713655317763,2.4650035717596,-1.41786701858197,0.0266941639567425
555,11.08,-0.0713074647852903,1.04713655317671,-2.46500357175615,0.025519163136,-0.0713074647881652,1.04713655317751,-2.46500357175916,0.0255645966635882,-0.0713074647852903,-1.04713655317671,2.46500357175615,-1.41786701857944,0.025519163136,-0.0713074647881652,-1.04713655317751,2.46500357175916,-1.41786701858164,0.0255645966635882
556,11.1,-0.0713074647852903,1.04713655317671,-2.46500357175615,0.0244123875,-0.0713074647877962,1.04713655317741,-2.46500357175877,0.0244420632612374,-0.0713074647852903,-1.04713655317671,2.46500357175615,-1.41786701857944,0.0244123875,-0.0713074647877962,-1.04713655317741,2.46500357175877,-1.41786701858136,0.0244420632612374
557,11.12,-0.0713074647852903,1.04713655317671,-2.46500357175615,0.023314520064,-0.0713074647874746,1.04713655317732,-2.46500357175844,0.023328358984522,-0.0713074647852903,-1.04713655317671,2.46500357175615,-1.41786701857944,0.023314520064,-0.0713074647874746,-1.04713655317732,2.46500357175844,-1.41786701858112,0.023328358984522
558,11.14,-0.0713074647852903,1.04713655317671,-2.46500357175615,0.022227294948,-0.0713074647871943,1.04713655317724,-2.46500357175814,0.0222252574945983,-0.0713074647852903,-1.04713655317671,2.46500357175615,-1.41786701857944,0.022227294948,-0.0713074647871943,-1.04713655317724,2.46500357175814,-1.4178670185809,0.0222252574945983
559,11.16,-0.0713074647852903,1.04713655317671,-2.46500357175615,0.021152420352,-0.0713074647869499,1.04713655317717,-2.46500357175789,0.0211345065545786,-0.0713074647852903,-1.04713655317671,2.46500357175615,-1.41786701857944,0.021152420352,-0.0713074647869499,-1.04713655317717,2.46500357175789,-1.41786701858071,0.0211345065545786
560,11.18,-0.0713074647852903,1.04713655317671,-2.46500357175615,0.020091574236,-0.0713074647867369,1.04713655317711,-2.46500357175767,0.0200578237058878,-0.0713074647852903,-1.04713655317671,2.46500357175615,-1.41786701857944,0.020091574236,-0.0713074647867369,-1.04713655317711,2.46500357175767,-1.41786701858055,0.0200578237058878
561,11.2,-0.0713074647852903,1.04713655317671,-2.46500357175615,0.0190464,-0.0713074647865512,1.04713655317706,-2.46500357175747,0.0189968919452246,-0.0713074647852903,-1.04713655317671,2.46500357175615,-1.41786701857944,0.0190464,-0.0713074647865512,-1.04713655317706,2.46500357175747,-1.41786701858041,0.0189968919452246
562,11.22,-0.0713074647852903,1.04713655317671,-2.46500357175615,0.018018502164,-0.0713074647863894,1.04713655317702,-2.4650035717573,0.0179533554020272,-0.0713074647852903,-1.04713655317671,2.46500357175615,-1.41786701857944,0.018018502164,-0.0713074647863894,-1.04713655317702,2.4650035717573,-1.41786701858028,0.0179533554020272
563,11.24,-0.0713074647852903,1.04713655317671,-2.46500357175615,0.017009442048,-0.0713074647862483,1.04713655317698,-2.46500357175715,0.016928815016359,-0.0713074647852903,-1.04713655317671,2.46500357175615,-1.41786701857944,0.017009442048,-0.0713074647862483,-1.04713655317698,2.46500357175715,-1.41786701858018,0.016928815016359
564,11.26,-0.0713074647852903,1.04713655317671,-2.46500357175615,0.016020733452,-0.0713074647861254,1.04713655317694,-2.46500357175703,0.0159248242171457,-0.0713074647852903,-1.04713655317671,2.46500357175615,-1.41786701857944,0.016020733452,-0.0713074647861254,-1.04713655317694,2.46500357175703,-1.41786701858008,0.0159248242171457
565,11.28,-0.0713074647852903,1.04713655317671,-2.46500357175615,0.015053838336,-0.0713074647860182,1.04713655317691,-2.46500357175691,0.0149428846007044,-0.0713074647852903,-1.04713655317671,2.46500357175615,-1.41786701857944,0.015053838336,-0.0713074647860182,-1.04713655317691,2.46500357175691,-1.41786701858,0.0149428846007044
566,11.3,-0.0713074647852903,1.04713655317671,-2.46500357175615,0.0141101625,-0.0713074647859248,1.04713655317689,-2.46500357175682,0.0139844416095173,-0.0713074647852903,-1.04713655317671,2.46500357175615,-1.41786701857944,0.0141101625,-0.0713074647859248,-1.04713655317689,2.46500357175682,-1.41786701857993,0.0139844416095173
567,11.32,-0.0713074647852903,1.04713655317671,-2.46500357175615,0.013191051264,-0.0713074647858433,1.04713655317687,-2.46500357175673,0.0130508802112089,-0.0713074647852903,-1.04713655317671,2.46500357175615,-1.41786701857944,0.013191051264,-0.0713074647858433,-1.04713655317687,2.46500357175673,-1.41786701857987,0.0130508802112089
568,11.34,-0.0713074647852903,1.04713655317671,-2.46500357175615,0.012297785148,-0.0713074647857724,1.04713655317685,-2.46500357175666,0.012143520577692,-0.0713074647852903,-1.04713655317671,2.46500357175615,-1.41786701857944,0.012297785148,-0.0713074647857724,-1.04713655317685,2.46500357175666,-1.41786701857981,0.012143520577692
569,11.36,-0.0713074647852903,1.04713655317671,-2.46500357175615,0.011431575552,-0.0713074647857105,1.04713655317683,-2.46500357175659,0.0112636137644568,-0.0713074647852903,-1.04713655317671,2.46500357175615,-1.41786701857944,0.011431575552,-0.0713074647857105,-1.04713655317683,2.46500357175659,-1.41786701857977,0.0112636137644568
570,11.38,-0.0713074647852903,1.04713655317671,-2.46500357175615,0.010593560436,-0.0713074647856566,1.04713655317681,-2.46500357175654,0.0104123373899767,-0.0713074647852903,-1.04713655317671,2.46500357175615,-1.41786701857944,0.010593560436,-0.0713074647856566,-1.04713655317681,2.46500357175654,-1.41786701857972,0.0104123373899767
571,11.4,-0.0713074647852903,1.04713655317671,-2.46500357175615,0.0097848,-0.0713074647856096,1.0471365531768,-2.46500357175649,0.00959079131521356,-0.0713074647852903,-1.04713655317671,2.46500357175615,-1.41786701857944,0.0097848,-0.0713074647856096,-1.0471365531768,2.46500357175649,-1.41786701857969,0.00959079131521356
572,11.42,-0.0713074647852903,1.04713655317671,-2.46500357175615,0.00900627236399997,-0.0713074647855686,1.04713655317679,-2.46500357175645,0.0087999933232051,-0.0713074647852903,-1.04713655317671,2.46500357175615,-1.41786701857944,0.00900627236399997,-0.0713074647855686,-1.04713655317679,2.46500357175645,-1.41786701857966,0.0087999933232051
573,11.44,-0.0713074647852903,1.04713655317671,-2.46500357175615,0.00825886924799998,-0.0713074647855329,1.04713655317678,-2.46500357175641,0.00804087479871971,-0.0713074647852903,-1.04713655317671,2.46500357175615,-1.41786701857944,0.00825886924799998,-0.0713074647855329,-1.04713655317678,2.46500357175641,-1.41786701857963,0.00804087479871971
574,11.46,-0.0713074647852903,1.04713655317671,-2.46500357175615,0.00754339165199999,-0.0713074647855017,1.04713655317677,-2.46500357175638,0.00731427640796965,-0.0713074647852903,-1.04713655317671,2.46500357175615,-1.41786701857944,0.00754339165199999,-0.0713074647855017,-1.04713655317677,2.46500357175638,-1.41786701857961,0.00731427640796965
575,11.48,-0.0713074647852903,1.04713655317671,-2.46500357175615,0.006860545536,-0.0713074647854746,1.04713655317676,-2.46500357175635,0.00662094377837164,-0.0713074647852903,-1.04713655317671,2.46500357175615,-1.41786701857944,0.006860545536,-0.0713074647854746,-1.04713655317676,2.46500357175635,-1.41786701857958,0.00662094377837164
576,11.5,-0.0713074647852903,1.04713655317671,-2.46500357175615,0.0062109375,-0.071307464785451,1.04713655317676,-2.46500357175632,0.00596152317834659,-0.0713074647852903,-1.04713655317671,2.46500357175615,-1.41786701857944,0.0062109375,-0.071307464785451,-1.04713655317676,2.46500357175632,-1.41786701857957,0.00596152317834659
577,11.52,-0.0713074647852903,1.04713655317671,-2.46500357175615,0.00559507046399996,-0.0713074647854303,1.04713655317675,-2.4650035717563,0.0053365571971532,-0.0713074647852903,-1.04713655317671,2.46500357175615,-1.41786701857944,0.00559507046399996,-0.0713074647854303,-1.04713655317675,2.4650035717563,-1.41786701857955,0.0053365571971532
578,11.54,-0.0713074647852903,1.04713655317671,-2.46500357175615,0.00501333934800001,-0.0713074647854124,1.04713655317674,-2.46500357175628,0.0047464804247489,-0.0713074647852903,-1.04713655317671,2.46500357175615,-1.41786701857944,0.00501333934800001,-0.0713074647854124,-1.04713655317674,2.46500357175628,-1.41786701857954,0.0047464804247489
579,11.56,-0.0713074647852903,1.04713655317671,-2.46500357175615,0.004466026752,-0.0713074647853967,1.04713655317674,-2.46500357175627,0.00419161513167385,-0.0713074647852903,-1.04713655317671,2.46500357175615,-1.41786701857944,0.004466026752,-0.0713074647853967,-1.04713655317674,2.46500357175627,-1.41786701857953,0.00419161513167385
580,11.58,-0.0713074647852903,1.04713655317671,-2.46500357175615,0.00395329863599998,-0.0713074647853831,1.04713655317674,-2.46500357175625,0.00367216694895443,-0.0713074647852903,-1.04713655317671,2.46500357175615,-1.41786701857944,0.00395329863599998,-0.0713074647853831,-1.04713655317674,2.46500357175625,-1.41786701857952,0.00367216694895443
581,11.6,-0.0713074647852903,1.04713655317671,-2.46500357175615,0.00347519999999997,-0.0713074647853711,1.04713655317673,-2.46500357175624,0.00318822054802226,-0.0713074647852903,-1.04713655317671,2.46500357175615,-1.41786701857944,0.00347519999999997,-0.0713074647853711,-1.04713655317673,2.46500357175624,-1.41786701857951,0.00318822054802226
582,11.62,-0.0713074647852903,1.04713655317671,-2.46500357175615,0.00303165056400004,-0.0713074647853608,1.04713655317673,-2.46500357175623,0.00273973532064712,-0.0713074647852903,-1.04713655317671,2.46500357175615,-1.41786701857944,0.00303165056400004,-0.0713074647853608,-1.04713655317673,2.46500357175623,-1.4178670185795,0.00273973532064712
583,11.64,-0.0713074647852903,1.04713655317671,-2.46500357175615,0.00262244044800006,-0.0713074647853517,1.04713655317673,-2.46500357175622,0.00232654105888095,-0.0713074647852903,-1.04713655317671,2.46500357175615,-1.41786701857944,0.00262244044800006,-0.0713074647853517,-1.04713655317673,2.46500357175622,-1.41786701857949,0.00232654105888095
584,11.66,-0.0713074647852903,1.04713655317671,-2.46500357175615,0.00224722585200002,-0.0713074647853438,1.04713655317673,-2.46500357175621,0.00194833363501078,-0.0713074647852903,-1.04713655317671,2.46500357175615,-1.41786701857944,0.00224722585200002,-0.0713074647853438,-1.04713655317673,2.46500357175621,-1.41786701857949,0.00194833363501078
585,11.68,-0.0713074647852903,1.04713655317671,-2.46500357175615,0.00190552473600005,-0.071307464785337,1.04713655317672,-2.4650035717562,0.00160467068151986,-0.0713074647852903,-1.04713655317671,2.46500357175615,-1.41786701857944,0.00190552473600005,-0.071307464785337,-1.04713655317672,2.4650035717562,-1.41786701857948,0.00160467068151986
586,11.7,-0.0713074647852903,1.04713655317671,-2.46500357175615,0.00159671249999997,-0.071307464785331,1.04713655317672,-2.4650035717562,0.00129496727105511,-0.0713074647852903,-1.04713655317671,2.46500357175615,-1.41786701857944,0.00159671249999997,-0.071307464785331,-1.04713655317672,2.4650035717562,-1.41786701857948,0.00129496727105511
587,11.72,-0.0713074647852903,1.04713655317671,-2.46500357175615,0.00132001766399999,-0.0713074647853258,1.04713655317672,-2.46500357175619,0.00101849159639987,-0.0713074647852903,-1.04713655317671,2.46500357175615,-1.41786701857944,0.00132001766399999,-0.0713074647853258,-1.04713655317672,2.46500357175619,-1.41786701857947,0.00101849159639987
588,11.74,-0.0713074647852903,1.04713655317671,-2.46500357175615,0.00107451754799998,-0.0713074647853212,1.04713655317672,-2.46500357175619,0.000774360650451433,-0.0713074647852903,-1.04713655317671,2.46500357175615,-1.41786701857944,0.00107451754799998,-0.0713074647853212,-1.04713655317672,2.46500357175619,-1.41786701857947,0.000774360650451433
589,11.76,-0.0713074647852903,1.04713655317671,-2.46500357175615,0.000859133951999949,-0.0713074647853172,1.04713655317672,-2.46500357175618,0.000561535906201926,-0.0713074647852903,-1.04713655317671,2.46500357175615,-1.41786701857944,0.000859133951999949,-0.0713074647853172,-1.04713655317672,2.46500357175618,-1.41786701857947,0.000561535906201926
590,11.78,-0.0713074647852903,1.04713655317671,-2.46500357175615,0.000672628836000048,-0.0713074647853138,1.04713655317672,-2.46500357175618,0.000378818996722712,-0.0713074647852903,-1.04713655317671,2.46500357175615,-1.41786701857944,0.000672628836000048,-0.0713074647853138,-1.04713655317672,2.46500357175618,-1.41786701857946,0.000378818996722712
591,11.8,-0.0713074647852903,1.04713655317671,-2.46500357175615,0.00051360000000001,-0.0713074647853108,1.04713655317672,-2.46500357175618,0.00022484739515119,-0.0713074647852903,-1.04713655317671,2.46500357175615,-1.41786701857944,0.00051360000000001,-0.0713074647853108,-1.04713655317672,2.46500357175618,-1.41786701857946,0.00022484739515119
592,11.82,-0.0713074647852903,1.04713655317671,-2.46500357175615,0.000380476764,-0.0713074647853082,1.04713655317672,-2.46500357175617,9.80900946798762e-05,-0.0713074647852903,-1.04713655317671,2.46500357175615,-1.41786701857944,0.000380476764,-0.0713074647853082,-1.04713655317672,2.46500357175617,-1.41786701857946,9.80900946798762e-05
593,11.84,-0.0713074647852903,1.04713655317671,-2.46500357175615,0.000271515648000022,-0.0713074647853059,1.04713655317671,-2.46500357175617,0,-0.0713074647852903,-1.04713655317671,2.46500357175615,-1.41786701857944,0.000271515648000022,-0.0713074647853059,-1.04713655317671,2.46500357175617,-1.41786701857946,0
594,11.86,-0.0713074647852903,1.04713655317671,-2.46500357175615,0.000184796051999926,-0.0713074647853039,1.04713655317671,-2.46500357175617,0,-0.0713074647852903,-1.04713655317671,2.46500357175615,-1.41786701857944,0.000184796051999926,-0.0713074647853039,-1.04713655317671,2.46500357175617,-1.41786701857946,0
595,11.88,-0.0713074647852903,1.04713655317671,-2.46500357175615,0.000118215936000039,-0.0713074647853021,1.04713655317671,-2.46500357175617,0,-0.0713074647852903,-1.04713655317671,2.46500357175615,-1.41786701857944,0.000118215936000039,-0.0713074647853021,-1.04713655317671,2.46500357175617,-1.41786701857945,0
596,11.9,-0.0713074647852903,1.04713655317671,-2.46500357175615,6.94875000001038e-05,-0.0713074647853006,1.04713655317671,-2.46500357175617,0,-0.0713074647852903,-1.04713655317671,2.46500357175615,-1.41786701857944,6.94875000001038e-05,-0.0713074647853006,-1.04713655317671,2.46500357175617,-1.41786701857945,0
597,11.92,-0.0713074647852903,1.04713655317671,-2.46500357175615,3.61328639999839e-05,-0.0713074647852993,1.04713655317671,-2.46500357175616,0,-0.0713074647852903,-1.04713655317671,2.46500357175615,-1.41786701857944,3.61328639999839e-05,-0.0713074647852993,-1.04713655317671,2.46500357175616,-1.41786701857945,0
598,11.94,-0.0713074647852903,1.04713655317671,-2.46500357175615,1.5479748000008e-05,-0.0713074647852981,1.04713655317671,-2.46500357175616,0,-0.0713074647852903,-1.04713655317671,2.46500357175615,-1.41786701857944,1.5479748000008e-05,-0.0713074647852981,-1.04713655317671,2.46500357175616,-1.41786701857945,0
599,11.96,-0.0713074647852903,1.04713655317671,-2.46500357175615,4.65715200014677e-06,-0.0713074647852971,1.04713655317671,-2.46500357175616,0,-0.0713074647852903,-1.04713655317671,2.46500357175615,-1.41786701857944,4.65715200014677e-06,-0.0713074647852971,-1.04713655317671,2.46500357175616,-1.41786701857945,0
600,11.98,-0.0713074647852903,1.04713655317671,-2.46500357175615,5.91035999981948e-07,-0.0713074647852963,1.04713655317671,-2.46500357175616,0,-0.0713074647852903,-1.04713655317671,2.46500357175615,-1.41786701857944,5.91035999981948e-07,-0.0713074647852963,-1.04713655317671,2.46500357175616,-1.41786701857945,0
601,12,-0.0713074647852903,1.04713655317671,-2.46500357175615,0,-0.0713074647852955,1.04713655317671,-2.46500357175616,0,-0.0713074647852903,-1.04713655317671,2.46500357175615,-1.41786701857944,0,-0.0713074647852955,-1.04713655317671,2.46500357175616,-1.41786701857945,0
602,12.02,-0.0713107507910077,1.04713365229404,-2.46499646126278,0,-0.0713074647852948,1.04713655317671,-2.46500357175616,0,-0.0713107507910077,-1.04713365229404,2.46499646126278,-1.41786280896873,0,-0.0713074647852948,-1.04713655317671,2.46500357175616,-1.41786701857945,0
603,12.04,-0.0713333573334577,1.04711369526023,-2.46494754361495,0,-0.071311519577445,1.04713297361012,-2.4649947977079,0,-0.0713333573334577,-1.04711369526023,2.46494754361495,-1.41783384835472,0,-0.071311519577445,-1.04713297361012,2.4649947977079,-1.41786182409778,0
604,12.06,-0.0713935281391831,1.04706057653113,-2.46481734173688,0,-0.0713302039333293,1.04711647907882,-2.46495436716692,0,-0.0713935281391831,-1.04706057653113,2.46481734173688,-1.41775676520575,0,-0.0713302039333293,-1.04711647907882,2.46495436716692,-1.4178378880881,0
605,12.08,-0.0715083540673117,1.04695920831284,-2.46456887320944,0,-0.0713778454198087,1.04707442122063,-2.46485127712285,0,-0.0715083540673117,-1.04695920831284,2.46456887320944,-1.4176096648966,0,-0.0713778454198087,-1.04707442122063,2.46485127712285,-1.41777685590222,0
606,12.1,-0.0716937971276273,1.04679549935855,-2.46416759829817,0,-0.0714706774692497,1.04699246917717,-2.46465040051771,0,-0.0716937971276273,-1.04679549935855,2.46416759829817,-1.41737209893962,0,-0.0714706774692497,-1.04699246917717,2.46465040051771,-1.41765793134054,0
607,12.12,-0.0719647144986407,1.04655633376544,-2.46358136798128,0,-0.0716256194402956,1.04685568655499,-2.46431512603735,0,-0.0719647144986407,-1.04655633376544,2.46358136798128,-1.41702503421583,0,-0.0716256194402956,-1.04685568655499,2.46431512603735,-1.41745943948237,0
608,12.14,-0.0723348825456613,1.04622954977155,-2.4627803719776,0,-0.071859482631255,1.0466492323562,-2.46380907619628,0,-0.0723348825456613,-1.04622954977155,2.4627803719776,-1.41655082220604,0,-0.071859482631255,-1.0466492323562,2.46380907619628,-1.41715984384008,0
609,12.16,-0.0728170208388679,1.04580391855262,-2.4617370867746,0,-0.0721884645852501,1.04635880740539,-2.4630972015962,0,-0.0728170208388679,-1.04580391855262,2.4617370867746,-1.41593316822198,0,-0.0721884645852501,-1.04635880740539,2.4630972015962,-1.41673839419081,0
610,12.18,-0.0734228161713799,1.045269123019,-2.46042622365636,0,-0.0726278375589348,1.04597092936918,-2.46214645503967,0,-0.0734228161713799,-1.045269123019,2.46042622365636,-1.41515710063737,0,-0.0726278375589348,-1.04597092936918,2.46214645503967,-1.41617552567049,0
611,12.2,-0.0741629465773286,1.04461573661246,-2.45882467673156,0,-0.0731917669113316,1.0454730930823,-2.46092618451318,0,-0.0741629465773286,-1.04461573661246,2.45882467673156,-1.4142089401191,0,-0.0731917669113316,-1.0454730930823,2.46092618451318,-1.41545309143088,0
612,12.22,-0.0750471053499279,1.04383520210315,-2.45691147096146,0,-0.0738932156699075,1.04485385479666,-2.45940833969397,0,-0.0750471053499279,-1.04383520210315,2.45691147096146,-1.4130762688583,0,-0.0738932156699075,-1.04485385479666,2.45940833969397,-1.41455448489732,0
613,12.24,-0.0760840250595462,1.04291981038639,-2.45466771018787,0,-0.0747439055810729,1.04410286656585,-2.45756755623171,0,-0.0760840250595462,-1.04291981038639,2.45466771018787,-1.41174789980148,0,-0.0747439055810729,-1.04410286656585,2.45756755623171,-1.41346468966586,0
614,12.26,-0.077281501571777,1.04186267927957,-2.45207652516119,0,-0.075754314570039,1.04321087848764,-2.45538116124501,0,-0.077281501571777,-1.04186267927957,2.45207652516119,-1.41021384588162,0,-0.075754314570039,-1.04321087848764,2.45538116124501,-1.41217028275737,0
615,12.28,-0.07864641806551,1.04065773231902,-2.44912302156834,0,-0.076933697108617,1.04216972072326,-2.45282912924816,0,-0.07864641806551,-1.04065773231902,2.44912302156834,-1.40846528924932,0,-0.076933697108617,-1.04216972072326,2.45282912924816,-1.4106594085249,0
616,12.3,-0.0801847690510026,1.03929967755689,-2.44579422806076,0,-0.0782901184737939,1.04097227325398,-2.44989400801996,0,-0.0801847690510026,-1.03929967755689,2.44579422806076,-1.40649455050387,0,-0.0782901184737939,-1.04097227325398,2.44989400801996,-1.40892173476598,0
617,12.32,-0.0819016843879509,1.037783986358,-2.44207904428243,0,-0.079830496931154,1.03961242864165,-2.44656082732425,0,-0.0819016843879509,-1.037783986358,2.44207904428243,-1.40429505792443,0,-0.079830496931154,-1.03961242864165,2.44656082732425,-1.40694839868261,0
618,12.34,-0.0838014533035606,1.03610687219672,-2.43796818889779,0,-0.0815606499465947,1.03808505123299,-2.44281699891369,0,-0.0838014533035606,-1.03610687219672,2.43796818889779,-1.40186131670107,0,-0.0815606499465947,-1.03808505123299,2.44281699891369,-1.4047319476807,0
619,12.36,-0.0858875484106185,1.03426526945383,-2.43345414761979,0,-0.0834853419272714,1.03638593501397,-2.43865221322448,0,-0.0858875484106185,-1.03426526945383,2.43345414761979,-1.39918887816596,0,-0.0834853419272714,-1.03638593501397,2.43865221322448,-1.40226627821051,0
620,12.38,-0.0881626497255637,1.03225681221343,-2.42853112123785,0,-0.0856083319311664,1.03451176149184,-2.43405833613904,0,-0.0881626497255637,-1.03225681221343,2.42853112123785,-1.39627430902442,0,-0.0856083319311664,-1.03451176149184,2.43405833613904,-1.3995465746472,0
621,12.4,-0.0906286686865583,1.03007981305975,-2.42319497364583,0,-0.0879324204101707,1.03246005843039,-2.42902930783997,0,-0.0906286686865583,-1.03007981305975,2.42319497364583,-1.39311516058608,0,-0.0879324204101707,-1.03246005843039,2.42902930783997,-1.39656924940959,0
622,12.42,-0.0932867721715589,1.02773324187406,-2.41744317987004,0,-0.0904594944642761,1.03022915989956,-2.42356104488581,0,-0.0932867721715589,-1.02773324187406,2.41744317987004,-1.38970993799599,0,-0.0904594944642761,-1.03022915989956,2.42356104488581,-1.39333188498625,0
623,12.44,-0.0961374065163877,1.02521670463152,-2.41127477409722,0,-0.0931905713529848,1.02781816786365,-2.41765134605794,0,-0.0961374065163877,-1.02521670463152,2.41127477409722,-1.38605806946571,0,-0.0931905713529848,-1.02781816786365,2.41765134605794,-1.38983317819429,0
624,12.46,-0.0991803215328036,1.02253042219807,-2.40469029770252,0,-0.0961258401813187,1.02522691538093,-2.41129980215743,0,-0.0991803215328036,-1.02253042219807,2.40469029770252,-1.38215987550445,0,-0.0961258401813187,-1.02522691538093,2.41129980215743,-1.3860728867765,0
625,12.48,-0.102414594526573,1.0196752091273,-2.39769174727747,0,-0.0992647017838693,1.02245593139404,-2.4045077097011,0,-0.102414594526573,-1.0196752091273,2.39769174727747,-1.37801653815018,0,-0.0992647017838693,-1.02245593139404,2.4045077097011,-1.38205177830706,0
626,12.5,-0.105838654315542,1.01665245245727,-2.39028252265802,0,-0.102605806893035,1.01950640703512,-2.39727798833036,0,-0.105838654315542,-1.01665245245727,2.39028252265802,-1.37363007020075,0,-0.102605806893035,-1.01950640703512,2.39727798833036,-1.37777158129524,0
627,12.52,-0.109450305247707,1.01346409050748,-2.38246737495246,0,-0.106147092711762,1.01638016333941,-2.3896151016725,0,-0.109450305247707,-1.01346409050748,2.38246737495246,-1.36900328444499,0,-0.106147092711762,-1.01638016333941,2.3896151016725,-1.37323493833309,0
628,12.54,-0.113246751219284,1.01011259167561,-2.37425235456945,0,-0.109885818026801,1.01307962024731,-2.38152498136011,0,-0.113246751219284,-1.01011259167561,2.37425235456945,-1.36413976289384,0,-0.109885818026801,-1.01307962024731,2.38152498136011,-1.3684453611128,0
629,12.56,-0.117224619692783,1.00660093323452,-2.36564475924599,0,-0.113818597002467,1.0096077667713,-2.37301495390579,0,-0.117224619692783,-1.00660093323452,2.36564475924599,-1.35904382601146,0,-0.113818597002467,-1.0096077667713,2.37301495390579,-1.36340718713449,0
630,12.58,-0.121379985715078,1.00293258012903,-2.35665308207539,0,-0.117941431791674,1.00596813220691,-2.364093670136,0,-0.121379985715078,-1.00293258012903,2.35665308207539,-1.35372050194637,0,-0.117941431791674,-1.00596813220691,2.364093670136,-1.35812553792909,0
631,12.6,-0.125708395935477,0.999111463772811,-2.34728695953531,0,-0.122249744093609,1.00216475827367,-2.35477103690435,0,-0.125708395935477,-0.999111463772811,2.34728695953531,-1.3481754957625,0,-0.122249744093609,-1.00216475827367,2.35477103690435,-1.35260627863068,0
632,12.62,-0.130204892623792,0.995141960845287,-2.33755711951567,0,-0.126738405777822,0.998202172080194,-2.34505815082503,0,-0.130204892623792,-0.995141960845287,2.33755711951567,-1.34241515867038,0,-0.126738405777822,-0.998202172080194,2.34505815082503,-1.34685597874483,0
633,12.64,-0.134864037688416,0.991028872088468,-2.32747532934669,0,-0.131401768683903,0.994085359817016,-2.33496723379008,0,-0.134864037688416,-0.991028872088468,2.32747532934669,-1.33644645725823,0,-0.131401768683903,-0.994085359817016,2.33496723379008,-1.34088187397307,0
634,12.66,-0.139679936694387,0.986777401103837,-2.31705434382688,0,-0.136233693695265,0.989819741090325,-2.32451157005755,0,-0.139679936694387,-0.986777401103837,2.31705434382688,-1.33027694272304,0,-0.136233693695265,-0.989819741090325,2.32451157005755,-1.33469182896723,0
635,12.68,-0.144646262881464,0.982393133149216,-2.30630785325096,0,-0.141227579175155,0.985411143818664,-2.31370544471958,0,-0.144646262881464,-0.982393133149216,2.30630785325096,-1.32391472010175,0,-0.141227579175155,-0.985411143818664,2.31370544471958,-1.32829430090091,0
636,12.7,-0.149756281182196,0.977882013935637,-2.29525043143794,0,-0.146376388843278,0.98086577962347,-2.30256408338096,0,-0.149756281182196,-0.977882013935637,2.29525043143794,-1.31736841750231,0,-0.146376388843278,-0.98086577962347,2.30256408338096,-1.32169830375749,0
637,12.72,-0.155002872239993,0.973250328424211,-2.28389748375903,0,-0.151672679162464,0.976190219652158,-2.29110359289797,0,-0.155002872239993,-0.973250328424211,2.28389748375903,-1.31064715533482,0,-0.151672679162464,-0.976190219652158,2.29110359289797,-1.31491337324581,0
638,12.74,-0.160378556427198,0.968504679623,-2.27226519516566,0,-0.157108626296595,0.971391370779686,-2.27934090304483,0,-0.160378556427198,-0.968504679623,2.27226519516566,-1.30376051554266,0,-0.157108626296595,-0.971391370779686,2.27934090304483,-1.30794953226515,0
639,12.76,-0.165875517863159,0.963651967383884,-2.26037047821746,0,-0.162676052693712,0.966476452141013,-2.26729370899133,0,-0.165875517863159,-0.963651967383884,2.26037047821746,-1.29671851083358,0,-0.162676052693712,-0.966476452141013,2.26729370899133,-1.30081725685032,0
640,12.78,-0.171485628432299,0.958699367199433,-2.24823092111025,0,-0.168366453341622,0.961452971952679,-2.25498041448904,0,-0.171485628432299,-0.958699367199433,2.24823092111025,-1.28953155391081,0,-0.168366453341622,-0.961452971952679,2.25498041448904,-1.29352744253636,0
641,12.8,-0.177200471802185,0.953654308999779,-2.235864735704,0,-0.174171021737497,0.956328704586863,-2.24242007567645,0,-0.177200471802185,-0.953654308999779,2.235864735704,-1.28221042670422,0,-0.174171021737497,-0.956328704586863,2.24242007567645,-1.28609137108959,0
642,12.82,-0.183011367441603,0.948524455949482,-2.22329070555086,0,-0.180080675607815,0.951111667865844,-2.22963234542435,0,-0.183011367441603,-0.948524455949482,2.22329070555086,-1.27476624960138,0,-0.180080675607815,-0.951111667865844,2.22963234542435,-1.2785206775585,0
643,12.84,-0.188909394638629,0.9433176832444,-2.21052813392312,0,-0.186086082410437,0.945810100548798,-2.21663741815259,0,-0.188909394638629,-0.9433176832444,2.21052813392312,-1.26721045067872,0,-0.186086082410437,-0.945810100548798,2.21663741815259,-1.27082731760379,0
644,12.86,-0.194885416518696,0.938042056908565,-2.19759679184117,0,-0.192177684646587,0.940432439986399,-2.20345597505822,0,-0.194885416518696,-0.938042056908565,2.19759679184117,-1.25955473493261,0,-0.192177684646587,-0.940432439986399,2.20345597505822,-1.26302353507183,0
645,12.88,-0.20093010406267,0.932705812591045,-2.18451686610156,0,-0.198345725007037,0.934987299921798,-2.19010912970242,0,-0.20093010406267,-0.932705812591045,2.18451686610156,-1.25181105351052,0,-0.198345725007037,-0.934987299921798,2.19010912970242,-1.25512182978062,0
646,12.9,-0.207033960124916,0.927317334362821,-2.17130890730491,0,-0.204580271373673,0.92948344841926,-2.17661837391024,0,-0.207033960124916,-0.927317334362821,2.17130890730491,-1.24399157294209,0,-0.204580271373673,-0.92948344841926,2.17661837391024,-1.24713492549098,0
647,12.92,-0.213187343451375,0.921885133513651,-2.15799377788392,0,-0.210871241694969,0.923929785904119,-2.16300552394338,0,-0.213187343451375,-0.921885133513651,2.15799377788392,-1.23610864437027,0,-0.210871241694969,-0.923929785904119,2.16300552394338,-1.23907573803926,0
648,12.94,-0.219380492697632,0.916417827348945,-2.14459260013138,0,-0.217208428751491,0.918335323299822,-2.14929266691077,0,-0.219380492697632,-0.916417827348945,2.14459260013138,-1.22817477278243,0,-0.217208428751491,-0.918335323299822,2.14929266691077,-1.23095734361095,0
649,12.96,-0.225603550446986,0.910924117986631,-2.13112670422812,0,-0.223581524825534,0.912709160249587,-2.13550210738665,0,-0.225603550446986,-0.910924117986631,2.13112670422812,-1.22020258624149,0,-0.223581524825534,-0.912709160249587,2.13550210738665,-1.22279294713706,0
650,12.98,-0.231846587228523,0.90541277115403,-2.11761757627103,0,-0.229980146287168,0.907060463411874,-2.12165631420954,0,-0.231846587228523,-0.90541277115403,2.11761757627103,-1.212204805117,0,-0.229980146287168,-0.907060463411874,2.12165631420954,-1.21459585079767,0
651,13,-0.238099625535187,0.899892594984719,-2.10408680630102,0,-0.236393858107424,0.901398444820165,-2.1077778674389,0,-0.238099625535187,-0.899892594984719,2.10408680630102,-1.2041942113163,0,-0.236393858107424,-0.901398444820165,2.1077778674389,-1.20637942261874,0
652,13.02,-0.244352663841851,0.894372418815409,-2.09055603633101,0,-0.242812198307936,0.895732340298842,-2.09388940544917,0,-0.244352663841851,-0.894372418815409,2.09055603633101,-1.1961836175156,0,-0.242812198307936,-0.895732340298842,2.09388940544917,-1.19815706515033,0
653,13.04,-0.250595700623388,0.888861071982807,-2.07704690837392,0,-0.249224702355221,0.890071387927944,-2.08001357214377,0,-0.250595700623388,-0.888861071982807,2.07704690837392,-1.18818583639111,0,-0.249224702355221,-0.890071387927944,2.08001357214377,-1.18994218421582,0
654,13.06,-0.256818758372742,0.883367362620494,-2.06358101247066,0,-0.25562092750667,0.884424806550544,-2.06617296427344,0,-0.256818758372742,-0.883367362620494,2.06358101247066,-1.18021364985017,0,-0.25562092750667,-0.884424806550544,2.06617296427344,-1.1817481577229,0
655,13.08,-0.263011907618999,0.877900056455788,-2.05017983471812,0,-0.261990477114466,0.878801774317283,-2.05239007884576,0,-0.263011907618999,-0.877900056455788,2.05017983471812,-1.17227977826233,0,-0.261990477114466,-0.878801774317283,2.05239007884576,-1.17358830452847,0
656,13.1,-0.269165290945458,0.872467855606618,-2.03686470529713,0,-0.268323024892812,0.873211407263271,-2.03868726061392,0,-0.269165290945458,-0.872467855606618,2.03686470529713,-1.16439684969051,0,-0.268323024892812,-0.873211407263271,2.03868726061392,-1.16547585335065,0
657,13.12,-0.275269147007704,0.867079377378393,-2.02365674650048,0,-0.274608339153191,0.867662737913238,-2.02508664963481,0,-0.275269147007704,-0.867079377378393,2.02365674650048,-1.15657736912208,0,-0.274608339153191,-0.867662737913238,2.02508664963481,-1.15742391172157,0
658,13.14,-0.281313834551677,0.861743133060874,-2.01057682076087,0,-0.28083630701174,0.862164693911276,-2.01161012888731,0,-0.281313834551677,-0.861743133060874,2.01057682076087,-1.14883368769999,0,-0.28083630701174,-0.862164693911276,2.01161012888731,-1.14944543497603,0
659,13.16,-0.287289856431745,0.856467506725039,-1.99764547867893,0,-0.286996958572341,0.856726076672035,-1.99827927194325,0,-0.287289856431745,-0.856467506725039,1.99764547867893,-1.14117797195389,0,-0.286996958572341,-0.856726076672035,1.99827927194325,-1.14155319527121,0
660,13.18,-0.29318788362877,0.851260734019957,-1.98488290705118,0,-0.293080491088528,0.851355540050616,-1.98511529068411,0,-0.29318788362877,-0.851260734019957,1.98488290705118,-1.13362217303122,0,-0.293080491088528,-0.851355540050616,1.98511529068411,-1.13375975063349,0
661,13.2,-0.298998779268189,0.84613088096966,-1.97230887689804,0,-0.299077293106929,0.846061569028757,-1.97213898305774,0,-0.298998779268189,-0.84613088096966,1.97230887689804,-1.12617799592838,0,-0.299077293106929,-0.846061569028757,1.97213898305774,-1.12607741402899,0
662,13.22,-0.304713622638075,0.841085822770006,-1.95994269149179,0,-0.304977968594627,0.840852458415232,-1.95937068086989,0,-0.304713622638075,-0.841085822770006,1.95994269149179,-1.11885686872179,0,-0.304977968594627,-0.840852458415232,1.95937068086989,-1.11851822245465,0
663,13.24,-0.310323733207215,0.836133222585555,-1.94780313438458,0,-0.310773361052484,0.835736291558622,-1.94683019760599,0,-0.310323733207215,-0.836133222585555,1.94780313438458,-1.11166991179902,0,-0.310773361052484,-0.835736291558622,1.94683019760599,-1.11109390604737,0
664,13.26,-0.315820694643176,0.831280510346439,-1.93590841743638,0,-0.316454577616249,0.830720919070889,-1.93453677627956,0,-0.315820694643176,-0.831280510346439,1.93590841743638,-1.10462790708994,0,-0.316454577616249,-0.830720919070889,1.93453677627956,-1.10381585720867,0
665,13.28,-0.321196378830381,0.826534861545227,-1.92427612884301,0,-0.322013013147,0.825813937560348,-1.92250903730352,0,-0.321196378830381,-0.826534861545227,1.92427612884301,-1.09774126729778,0,-0.322013013147,-0.825813937560348,1.92250903730352,-1.09669509974317,0
666,13.3,-0.326442969888178,0.821903176033802,-1.9129231811641,0,-0.327440374312305,0.821022668372852,-1.91076492638169,0,-0.326442969888178,-0.821903176033802,1.9129231811641,-1.0910200051303,0,-0.327440374312305,-0.821022668372852,1.91076492638169,-1.08974225800884,0
667,13.32,-0.33155298818891,0.817392056820222,-1.90186575935108,0,-0.332728703659278,0.81635413634011,-1.89932166241779,0,-0.33155298818891,-0.817392056820222,1.90186575935108,-1.08447370253086,0,-0.332728703659278,-0.81635413634011,1.89932166241779,-1.08296752607768,0
668,13.34,-0.336519314375986,0.813007788865602,-1.89111926877517,0,-0.337870403680584,0.81181504853425,-1.88819568543969,0,-0.336519314375986,-0.813007788865602,1.89111926877517,-1.07811147990956,0,-0.337870403680584,-0.81181504853425,1.88819568543969,-1.07638063690544,0
669,13.36,-0.341335213381958,0.808756317880971,-1.88069828325535,0,-0.34285826087429,0.807411773027801,-1.87740260453702,0,-0.341335213381958,-0.808756317880971,1.88069828325535,-1.07194196537438,0,-0.34285826087429,-0.807411773027801,1.87740260453702,-1.06999083150922,0
670,13.38,-0.345994358446582,0.804643229124152,-1.87061649308637,0,-0.347685469798354,0.803150317658416,-1.86695714581033,0,-0.345994358446582,-0.804643229124152,1.87061649308637,-1.06597326396222,0,-0.347685469798354,-0.803150317658416,1.86695714581033,-1.06380682815191,0
671,13.4,-0.350490855134897,0.800673726196628,-1.86088665306673,0,-0.352345657120437,0.799036308797721,-1.85687310033038,0,-0.350490855134897,-0.800673726196628,1.86088665306673,-1.06021292687011,0,-0.352345657120437,-0.799036308797721,1.85687310033038,-1.05783679153266,0
672,13.42,-0.354819265355296,0.796852609840412,-1.85152053052665,0,-0.356832905663641,0.795074970123756,-1.84716327210628,0,-0.354819265355296,-0.796852609840412,1.85152053052665,-1.05466792068624,0,-0.356832905663641,-0.795074970123756,1.84716327210628,-1.05208830198253,0
673,13.44,-0.35897463137759,0.793184256734916,-1.84252885335605,0,-0.361141778448705,0.791271101396557,-1.8378394260613,0,-0.35897463137759,-0.793184256734916,1.84252885335605,-1.04934459662114,0,-0.361141778448705,-0.791271101396557,1.8378394260613,-1.04656832466474,0
674,13.46,-0.36295249985109,0.789672598293825,-1.83392125803259,0,-0.365267342733094,0.787629057236461,-1.82891223601529,0,-0.36295249985109,-0.789672598293825,1.83392125803259,-1.04424865973877,0,-0.365267342733094,-0.787629057236461,1.82891223601529,-1.04128317877883,0
675,13.48,-0.366748945822667,0.786321099461963,-1.82570623764958,0,-0.369205194047389,0.784152725904811,-1.82039123267311,0,-0.366748945822667,-0.786321099461963,1.82570623764958,-1.03938513818762,0,-0.369205194047389,-0.784152725904811,1.82039123267311,-1.0362385067683,0
676,13.5,-0.370360596754831,0.783132737512164,-1.81789108994402,0,-0.372951480229343,0.780845508086715,-1.812284751618,0,-0.370360596754831,-0.783132737512164,1.81789108994402,-1.03475835243186,0,-0.372951480229343,-0.780845508086715,1.812284751618,-1.03143924353128,0
677,13.52,-0.373784656543801,0.780109980842143,-1.81048186532457,0,-0.376502925455862,0.777710295675631,-1.80459988130945,0,-0.373784656543801,-0.780109980842143,1.81048186532457,-1.03037188448242,0,-0.376502925455862,-0.777710295675631,1.80459988130945,-1.02688958563382,0
678,13.54,-0.37701892953757,0.777254767771367,-1.80348331489952,0,-0.379856854273218,0.774749450559521,-1.79734241108492,0,-0.37701892953757,-0.777254767771367,1.80348331489952,-1.02622854712816,0,-0.379856854273218,-0.774749450559521,1.79734241108492,-1.0225929605254,0
679,13.56,-0.380061844553986,0.774568485337922,-1.79689883850482,0,-0.383011215625697,0.771964783408387,-1.79051677916496,0,-0.380061844553986,-0.774568485337922,1.79689883850482,-1.0223303531669,0,-0.383011215625697,-0.771964783408387,1.79051677916496,-1.01855199575657,0
680,13.58,-0.382912478898815,0.772051948095383,-1.790730432732,0,-0.385964606882888,0.769357532462999,-1.78412602066122,0,-0.382912478898815,-0.772051948095383,1.790730432732,-1.01867848463661,0,-0.385964606882888,-0.769357532462999,1.78412602066122,-1.01476848819822,0
681,13.6,-0.385570582383816,0.769705376909688,-1.78497863895621,0,-0.388716297865794,0.76692834232467,-1.77817171558707,0,-0.385570582383816,-0.769705376909688,1.78497863895621,-1.01527326204652,0,-0.388716297865794,-0.76692834232467,1.77817171558707,-1.0112433732624,0
682,13.62,-0.38803660134481,0.767528377756007,-1.77964249136419,0,-0.391266254871906,0.764677242745942,-1.77265393687038,0,-0.38803660134481,-0.767528377756007,1.77964249136419,-1.01211411360818,0,-0.391266254871906,-0.764677242745942,1.77265393687038,-1.00797669412444,0
683,13.64,-0.390311702659755,0.765519920515605,-1.77471946498225,0,-0.393615164699381,0.762603627422065,-1.76757119836837,0,-0.390311702659755,-0.765519920515605,1.77471946498225,-1.00919954446664,0,-0.393615164699381,-0.762603627422065,1.76757119836837,-1.0049675709463,0
684,13.66,-0.392397797766813,0.763678317772723,-1.77020542370425,0,-0.395764458670436,0.760706232783172,-1.76292040288399,0,-0.392397797766813,-0.763678317772723,1.77020542370425,-1.00652710593153,0,-0.395764458670436,-0.760706232783172,1.76292040288399,-1.00221417010082,0
685,13.68,-0.394297566682423,0.762001203611442,-1.76609456831962,0,-0.397716336654057,0.758983116787048,-1.75869679018394,0,-0.394297566682423,-0.762001203611442,1.76609456831962,-1.00409336470817,0,-0.397716336654057,-0.758983116787048,1.75869679018394,-0.999713673396894,0
686,13.7,-0.396014482019371,0.760485512412549,-1.76237938454128,0,-0.399473791088117,0.757431637712434,-1.75489388501787,0,-0.396014482019371,-0.760485512412549,1.76237938454128,-1.00189387212873,0,-0.399473791088117,-0.757431637712434,1.75489388501787,-0.997462247305438,0
687,13.72,-0.397552833004864,0.759127457650418,-1.7590505910337,0,-0.40104063100097,0.756048432952784,-1.75150344513874,0,-0.397552833004864,-0.759127457650418,1.7590505910337,-0.999923133383286,0,-0.40104063100097,-0.756048432952784,1.75150344513874,-0.995455012185958,0
688,13.74,-0.398917749498597,0.757922510689871,-1.75609708744085,0,-0.402421506032591,0.754829397810423,-1.74851540932417,0,-0.398917749498597,-0.757922510689871,1.75609708744085,-0.998174576750981,0,-0.402421506032591,-0.754829397810423,1.74851540932417,-0.993686011513747,0
689,13.76,-0.400115226010828,0.756865379583048,-1.75350590241417,0,-0.403621930455333,0.753769664291053,-1.74591784539862,0,-0.400115226010828,-0.756865379583048,1.75350590241417,-0.996640522831122,0,-0.403621930455333,-0.753769664291053,1.74591784539862,-0.992148181107562,0
690,13.78,-0.401152145720445,0.755949987866286,-1.75126214164059,0,-0.404648307194326,0.752863579898561,-1.74369689825631,0,-0.401152145720445,-0.755949987866286,1.75126214164059,-0.995312153774301,0,-0.404648307194326,-0.752863579898561,1.74369689825631,-0.990833318357753,0
691,13.8,-0.402036304493045,0.755169453356975,-1.74934893587048,0,-0.405507951847585,0.752104686430095,-1.74183673788487,0,-0.402036304493045,-0.755169453356975,1.74934893587048,-0.994179482513504,0,-0.405507951847585,-0.752104686430095,1.74183673788487,-0.989732051454771,0
692,13.82,-0.402776434898994,0.754516066950443,-1.74774738894568,0,-0.406209116705857,0.751485698771365,-1.74031950738938,0,-0.402776434898994,-0.754516066950443,1.74774738894568,-0.993231321995234,0,-0.406209116705857,-0.751485698771365,1.74031950738938,-0.988833808618012,0
693,13.84,-0.403382230231506,0.753981271416815,-1.74643652582744,0,-0.406761014772234,0.750998483692152,-1.7391252710171,0,-0.403382230231506,-0.753981271416815,1.74643652582744,-0.992455254410626,0,-0.406761014772234,-0.750998483692152,1.7391252710171,-0.988126787324951,0
694,13.86,-0.403864368524713,0.753555640197886,-1.74539324062444,0,-0.407173843781574,0.750634038641986,-1.73823196218252,0,-0.403864368524713,-0.753555640197886,1.74539324062444,-0.991837600426557,0,-0.407173843781574,-0.750634038641986,1.73823196218252,-0.987597923540533,0
695,13.88,-0.404234536571733,0.753228856203995,-1.74459224462077,0,-0.407458810219747,0.750382470545981,-1.73761533149277,0,-0.404234536571733,-0.753228856203995,1.74459224462077,-0.991363388416771,0,-0.407458810219747,-0.750382470545981,1.73761533149277,-0.987232860946786,0
696,13.9,-0.404505453942746,0.752989690610891,-1.74400601430387,0,-0.407628153342728,0.750232974600799,-1.73724889477342,0,-0.404505453942746,-0.752989690610891,1.74400601430387,-0.991016323692982,0,-0.407628153342728,-0.750232974600799,1.73724889477342,-0.987015920172618,0
697,13.92,-0.404690897003062,0.752825981656601,-1.7436047393926,0,-0.407695169195563,0.750173813070732,-1.73710388109453,0,-0.404690897003062,-0.752825981656601,1.7436047393926,-0.990778757736003,0,-0.407695169195563,-0.750173813070732,1.73710388109453,-0.986930068023799,0
698,13.94,-0.40480572293119,0.752724613438306,-1.74335627086516,0,-0.407674234631218,0.750192294083889,-1.73714918079696,0,-0.40480572293119,-0.752724613438306,1.74335627086516,-0.990631657426855,0,-0.407674234631218,-0.750192294083889,1.73714918079696,-0.986956886713074,0
699,13.96,-0.404865893736915,0.752671494709208,-1.74322606898709,0,-0.407580831329324,0.750274750428463,-1.73735129351887,0,-0.404865893736915,-0.752671494709208,1.74322606898709,-0.990554574277883,0,-0.407580831329324,-0.750274750428463,1.73735129351887,-0.987076543090409,0
700,13.98,-0.404888500279366,0.752651537675397,-1.74317715133927,0,-0.407431569814845,0.750406518349082,-1.73767427622244,0,-0.404888500279366,-0.752651537675397,1.74317715133927,-0.990525613663869,0,-0.407431569814845,-0.750406518349082,1.73767427622244,-0.987267757873356,0
701,14,-0.404891786285083,0.752648636792728,-1.74317004084589,0,-0.407244213476661,0.750571916343224,-1.73807969122073,0,-0.404891786285083,-0.752648636792728,1.74317004084589,-0.990521404053158,0,-0.407244213476661,-0.750571916343224,1.73807969122073,-0.987507774877503,0
702,14.02,-0.404891786285083,0.752648636792728,-1.74317004084589,5.91036e-07,-0.407037702586087,0.750754223957689,-1.73852655420471,0,-0.404891786285083,-0.752648636792728,1.74317004084589,-0.990521404053158,5.91036e-07,-0.407037702586087,-0.750754223957689,1.73852655420471,-0.987772330247017,0
703,14.04,-0.404891786285083,0.752648636792728,-1.74317004084589,4.657152e-06,-0.406827959399703,0.75093938503977,-1.73898041146074,1.03427802239996e-06,-0.404891786285083,-0.752648636792728,1.74317004084589,-0.990521404053158,4.657152e-06,-0.406827959399703,-0.75093938503977,1.73898041146074,-0.988041026420972,1.03427802239996e-06
704,14.06,-0.404891786285083,0.752648636792728,-1.74317004084589,1.5479748e-05,-0.406624666563287,0.751118851759137,-1.73942031098977,5.64572647210034e-06,-0.404891786285083,-0.752648636792728,1.74317004084589,-0.990521404053158,1.5479748e-05,-0.406624666563287,-0.751118851759137,1.73942031098977,-0.988301459230632,5.64572647210034e-06
705,14.08,-0.404891786285083,0.752648636792728,-1.74317004084589,3.6132864e-05,-0.40643337565031,0.751287723192101,-1.73983423990143,1.69815958777553e-05,-0.404891786285083,-0.752648636792728,1.74317004084589,-0.990521404053158,3.6132864e-05,-0.40643337565031,-0.751287723192101,1.73983423990143,-0.988546516709329,1.69815958777553e-05
706,14.1,-0.404891786285083,0.752648636792728,-1.74317004084589,6.94875e-05,-0.406256937527914,0.751443482595904,-1.7402160292862,3.83344026370269e-05,-0.404891786285083,-0.752648636792728,1.74317004084589,-0.990521404053158,6.94875e-05,-0.406256937527914,-0.751443482595904,1.7402160292862,-0.9887725466903,3.83344026370269e-05
707,14.12,-0.404891786285083,0.752648636792728,-1.74317004084589,0.000118215936,-0.406096468604764,0.751585144406059,-1.74056326337946,7.29150404443627e-05,-0.404891786285083,-0.752648636792728,1.74317004084589,-0.990521404053158,0.000118215936,-0.406096468604764,-0.751585144406059,1.74056326337946,-0.988978118973398,7.29150404443627e-05
708,14.14,-0.404891786285083,0.752648636792728,-1.74317004084589,0.000184796052,-0.405951999958086,0.751712681187619,-1.74087587493407,0.000123746188091157,-0.404891786285083,-0.752648636792728,1.74317004084589,-0.990521404053158,0.000184796052,-0.405951999958086,-0.751712681187619,1.74087587493407,-0.989163193746447,0.000123746188091157
709,14.16,-0.404891786285083,0.752648636792728,-1.74317004084589,0.000271515648,-0.40582291022316,0.751826641480759,-1.7411552085033,0.000193617343186197,-0.404891786285083,-0.752648636792728,1.74317004084589,-0.990521404053158,0.000271515648,-0.40582291022316,-0.751826641480759,1.7411552085033,-0.989328567022544,0.000193617343186197
710,14.18,-0.404891786285083,0.752648636792728,-1.74317004084589,0.000380476764,-0.405708211424681,0.751927897469122,-1.74140340193855,0.000285070835325415,-0.404891786285083,-0.752648636792728,1.74317004084589,-0.990521404053158,0.000380476764,-0.405708211424681,-0.751927897469122,1.74140340193855,-0.989475504469427,0.000285070835325415
711,14.2,-0.404891786285083,0.752648636792728,-1.74317004084589,0.0005136,-0.405606735140009,0.752017480635084,-1.74162298355599,0.000400402905474756,-0.404891786285083,-0.752648636792728,1.74317004084589,-0.990521404053158,0.0005136,-0.405606735140009,-0.752017480635084,1.74162298355599,-0.989605502920907,0.000400402905474756
712,14.22,-0.404891786285083,0.752648636792728,-1.74317004084589,0.000672628836,-0.405517251415009,0.752096476780967,-1.74181661481805,0.000541671668551257,-0.404891786285083,-0.752648636792728,1.74317004084589,-0.990521404053158,0.000672628836,-0.405517251415009,-0.752096476780967,1.74181661481805,-0.989720138037084,0.000541671668551257
713,14.24,-0.404891786285083,0.752648636792728,-1.74317004084589,0.000859133952,-0.405438542574813,0.752165960868967,-1.7419869306164,0.000710707819032891,-0.404891786285083,-0.752648636792728,1.74317004084589,-0.990521404053158,0.000859133952,-0.405438542574813,-0.752165960868967,1.7419869306164,-0.989820969747434,0.000710707819032891
714,14.26,-0.404891786285083,0.752648636792728,-1.74317004084589,0.001074517548,-0.405369447019105,0.752226958358718,-1.74213644450459,0.000909126042869428,-0.404891786285083,-0.752648636792728,1.74317004084589,-0.990521404053158,0.001074517548,-0.405369447019105,-0.752226958358718,1.74213644450459,-0.989909486145872,0.000909126042869428
715,14.28,-0.404891786285083,0.752648636792728,-1.74317004084589,0.001320017664,-0.40530888325632,0.752280423989928,-1.74226749669116,0.00113833618415974,-0.404891786285083,-0.752648636792728,1.74317004084589,-0.990521404053158,0.001320017664,-0.40530888325632,-0.752280423989928,1.74226749669116,-0.989987072701227,0.00113833618415974
716,14.3,-0.404891786285083,0.752648636792728,-1.74317004084589,0.0015967125,-0.405255861119799,0.752327231880767,-1.74238222976928,0.00139955376714697,-0.404891786285083,-0.752648636792728,1.74317004084589,-0.990521404053158,0.0015967125,-0.405255861119799,-0.752327231880767,1.74238222976928,-0.990054997888517,0.00139955376714697
717,14.32,-0.404891786285083,0.752648636792728,-1.74317004084589,0.001905524736,-0.405209484844498,0.752368172811748,-1.74248258205923,0.00169380974831702,-0.404891786285083,-0.752648636792728,1.74317004084589,-0.990521404053158,0.001905524736,-0.405209484844498,-0.752368172811748,1.74248258205923,-0.990114409247477,0.00169380974831702
718,14.34,-0.404891786285083,0.752648636792728,-1.74317004084589,0.002247225852,-0.405168951136941,0.752403955929577,-1.74257029178466,0.00202195950386618,-0.404891786285083,-0.752648636792728,1.74317004084589,-0.990521404053158,0.002247225852,-0.405168951136941,-0.752403955929577,1.74257029178466,-0.99016633585508,0.00202195950386618
719,14.36,-0.404891786285083,0.752648636792728,-1.74317004084589,0.002622440448,-0.405133544318332,0.752435213034799,-1.74264690758236,0.0023846911148015,-0.404891786285083,-0.752648636792728,1.74317004084589,-0.990521404053158,0.002622440448,-0.405133544318332,-0.752435213034799,1.74264690758236,-0.990211694547565,0.0023846911148015
720,14.38,-0.404891786285083,0.752648636792728,-1.74317004084589,0.003031650564,-0.405102629905837,0.75246250424825,-1.74271380239153,0.00278253303213583,-0.404891786285083,-0.752648636792728,1.74317004084589,-0.990521404053158,0.003031650564,-0.405102629905837,-0.75246250424825,1.74271380239153,-0.99025129814328,0.00278253303213583
721,14.4,-0.404891786285083,0.752648636792728,-1.74317004084589,0.0034752,-0.40507564751351,0.7524863242781,-1.7427721888152,0.00321586120706107,-0.404891786285083,-0.752648636792728,1.74317004084589,-0.990521404053158,0.0034752,-0.40507564751351,-0.7524863242781,1.7427721888152,-0.990285864537104,0.00321586120706107
722,14.42,-0.404891786285083,0.752648636792728,-1.74317004084589,0.003953298636,-0.405052103628977,0.752507108796595,-1.74282313475064,0.00368490576539458,-0.404891786285083,-0.752648636792728,1.74317004084589,-0.990521404053158,0.003953298636,-0.405052103628977,-0.752507108796595,1.74282313475064,-0.99031602595404,0.00368490576539458
723,14.44,-0.404891786285083,0.752648636792728,-1.74317004084589,0.004466026752,-0.405031564604501,0.752525240627537,-1.7428675785557,0.00418975729691678,-0.404891786285083,-0.752648636792728,1.74317004084589,-0.990521404053158,0.004466026752,-0.405031564604501,-0.752525240627537,1.7428675785557,-0.990342337928167,0.00418975729691678
724,14.46,-0.404891786285083,0.752648636792728,-1.74317004084589,0.005013339348,-0.405013650057039,0.75254105557271,-1.74290634333035,0.00473037282086512,-0.404891786285083,-0.752648636792728,1.74317004084589,-0.990521404053158,0.005013339348,-0.405013650057039,-0.75254105557271,1.74290634333035,-0.990365287757643,0.00473037282086512
725,14.48,-0.404891786285083,0.752648636792728,-1.74317004084589,0.005595070464,-0.404998026777683,0.752554847788615,-1.74294015009576,0.00530658147992973,-0.404891786285083,-0.752648636792728,1.74317004084589,-0.990521404053158,0.005595070464,-0.404998026777683,-0.752554847788615,1.74294015009576,-0.990385302307149,0.00530658147992973
726,14.5,-0.404891786285083,0.752648636792728,-1.74317004084589,0.0062109375,-0.404984403190366,0.752566874678322,-1.74296962978501,0.00591809000706926,-0.404891786285083,-0.752648636792728,1.74317004084589,-0.990521404053158,0.0062109375,-0.404984403190366,-0.752566874678322,1.74296962978501,-0.990402755106693,0.00591809000706926
727,14.52,-0.404891786285083,0.752648636792728,-1.74317004084589,0.006860545536,-0.404972524361764,0.752577361296723,-1.742995334041,0.00656448800245642,-0.404891786285083,-0.752648636792728,1.74317004084589,-0.990521404053158,0.006860545536,-0.404972524361764,-0.752577361296723,1.742995334041,-0.990417972744278,0.00656448800245642
728,14.54,-0.404891786285083,0.752648636792728,-1.74317004084589,0.007543391652,-0.404962167541536,0.752586504287603,-1.74301774486679,0.00724525305185657,-0.404891786285083,-0.752648636792728,1.74317004084589,-0.990521404053158,0.007543391652,-0.404962167541536,-0.752586504287603,1.74301774486679,-0.990431240579184,0.00724525305185657
729,14.56,-0.404891786285083,0.752648636792728,-1.74317004084589,0.008258869248,-0.404953138199141,0.752594475382337,-1.74303728320142,0.00795975571264394,-0.404891786285083,-0.752648636792728,1.74317004084589,-0.990521404053158,0.008258869248,-0.404953138199141,-0.752594475382337,1.74303728320142,-0.990442807819087,0.00795975571264394
730,14.58,-0.404891786285083,0.752648636792728,-1.74317004084589,0.009006272364,-0.404945266517142,0.752601424495592,-1.74305431650798,0.00870726438936226,-0.404891786285083,-0.752648636792728,1.74317004084589,-0.990521404053158,0.009006272364,-0.404945266517142,-0.752601424495592,1.74305431650798,-0.990452892012391,0.00870726438936226
731,14.6,-0.404891786285083,0.752648636792728,-1.74317004084589,0.0097848,-0.40493840429866,0.752607482455431,-1.74306916546544,0.00948695011712991,-0.404891786285083,-0.752648636792728,1.74317004084589,-0.990521404053158,0.0097848,-0.40493840429866,-0.752607482455431,1.74306916546544,-0.990461683010004,0.00948695011712991
732,14.62,-0.404891786285083,0.752648636792728,-1.74317004084589,0.010593560436,-0.404932422247027,0.752612763404827,-1.74308210985513,0.0102978912681647,-0.404891786285083,-0.752648636792728,1.74317004084589,-0.990521404053158,0.010593560436,-0.404932422247027,-0.752612763404827,1.74308210985513,-0.990469346450299,0.0102978912681647
733,14.64,-0.404891786285083,0.752648636792728,-1.74317004084589,0.011431575552,-0.40492720757757,0.75261736690998,-1.74309339372857,0.0111390781941783,-0.404891786285083,-0.752648636792728,1.74317004084589,-0.990521404053158,0.011431575552,-0.40492720757757,-0.75261736690998,1.74309339372857,-0.99047602681859,0.0111390781941783
734,14.66,-0.404891786285083,0.752648636792728,-1.74317004084589,0.012297785148,-0.404922661924197,0.752621379808382,-1.74310322993733,0.0120094178152775,-0.404891786285083,-0.752648636792728,1.74317004084589,-0.990521404053158,0.012297785148,-0.404922661924197,-0.752621379808382,1.74310322993733,-0.990481850128947,0.0120094178152775
735,14.68,-0.404891786285083,0.752648636792728,-1.74317004084589,0.013191051264,-0.404918699506608,0.752624877826797,-1.74311180409893,0.0129077381642466,-0.404891786285083,-0.752648636792728,1.74317004084589,-0.990521404053158,0.013191051264,-0.404918699506608,-0.752624877826797,1.74311180409893,-0.99048692627213,0.0129077381642466
736,14.7,-0.404891786285083,0.752648636792728,-1.74317004084589,0.0141101625,-0.404915245527194,0.752627926996483,-1.74311927806576,0.0138327928936136,-0.404891786285083,-0.752648636792728,1.74317004084589,-0.990521404053158,0.0141101625,-0.404915245527194,-0.752627926996483,1.74311927806576,-0.990491351069281,0.0138327928936136
737,14.72,-0.404891786285083,0.752648636792728,-1.74317004084589,0.015053838336,-0.404912234769861,0.752630584890144,-1.74312579295707,0.0147832657516759,-0.404891786285083,-0.752648636792728,1.74317004084589,-0.990521404053158,0.015053838336,-0.404912234769861,-0.752630584890144,1.74312579295707,-0.990495208066926,0.0147832657516759
738,14.74,-0.404891786285083,0.752648636792728,-1.74317004084589,0.016020733452,-0.40490961037607,0.752632901702445,-1.74313147180741,0.0157577750326343,-0.404891786285083,-0.752648636792728,1.74317004084589,-0.990521404053158,0.016020733452,-0.40490961037607,-0.752632901702445,1.74313147180741,-0.990498570104963,0.0157577750326343
739,14.76,-0.404891786285083,0.752648636792728,-1.74317004084589,0.017009442048,-0.404907322776156,0.752634921193436,-1.74313642187915,0.0167548780051342,-0.404891786285083,-0.752648636792728,1.74317004084589,-0.990521404053158,0.017009442048,-0.404907322776156,-0.752634921193436,1.74313642187915,-0.990501500685713,0.0167548780051342
740,14.78,-0.404891786285083,0.752648636792728,-1.74317004084589,0.018018502164,-0.404905328756565,0.752636681512003,-1.74314073668086,0.0177730753227948,-0.404891786285083,-0.752648636792728,1.74317004084589,-0.990521404053158,0.018018502164,-0.404905328756565,-0.752636681512003,1.74314073668086,-0.99050405516886,0.0177730753227948
741,14.8,-0.404891786285083,0.752648636792728,-1.74317004084589,0.0190464,-0.404903590645951,0.752638215914372,-1.74314449772849,0.0188108154197161,-0.404891786285083,-0.752648636792728,1.74317004084589,-0.990521404053158,0.0190464,-0.404903590645951,-0.752638215914372,1.74314449772849,-0.990506281814121,0.0188108154197161
742,14.82,-0.404891786285083,0.752648636792728,-1.74317004084589,0.020091574236,-0.404902075605147,0.752639553390927,-1.74314777608177,0.0198664988934556,-0.404891786285083,-0.752648636792728,1.74317004084589,-0.990521404053158,0.020091574236,-0.404902075605147,-0.752639553390927,1.74314777608177,-0.990508222690839,0.0198664988934556
743,14.84,-0.404891786285083,0.752648636792728,-1.74317004084589,0.021152420352,-0.404900755007863,0.752640719212933,-1.7431506336843,0.0209384828775565,-0.404891786285083,-0.752648636792728,1.74317004084589,-0.990521404053158,0.021152420352,-0.404900755007863,-0.752640719212933,1.7431506336843,-0.990509914471362,0.0209384828775565
744,14.86,-0.404891786285083,0.752648636792728,-1.74317004084589,0.022227294948,-0.404899603900581,0.752641735409328,-1.74315312453228,0.0220250854053572,-0.404891786285083,-0.752648636792728,1.74317004084589,-0.990521404053158,0.022227294948,-0.404899603900581,-0.752641735409328,1.74315312453228,-0.990511389122948,0.0220250854053572
745,14.88,-0.404891786285083,0.752648636792728,-1.74317004084589,0.023314520064,-0.404898600531592,0.752642621182501,-1.74315529569361,0.0231245897665328,-0.404891786285083,-0.752648636792728,1.74317004084589,-0.990521404053158,0.023314520064,-0.404898600531592,-0.752642621182501,1.74315529569361,-0.990512674511108,0.0231245897665328
746,14.9,-0.404891786285083,0.752648636792728,-1.74317004084589,0.0244123875,-0.404897725940338,0.752643393270814,-1.7431571881965,0.0242352488575715,-0.404891786285083,-0.752648636792728,1.74317004084589,-0.990521404053158,0.0244123875,-0.404897725940338,-0.752643393270814,1.7431571881965,-0.990513794925686,0.0242352488575715
747,14.92,-0.404891786285083,0.752648636792728,-1.74317004084589,0.025519163136,-0.404896963599376,0.752644066264678,-1.74315883780421,0.0253552895271949,-0.404891786285083,-0.752648636792728,1.74317004084589,-0.990521404053158,0.025519163136,-0.404896963599376,-0.752644066264678,1.74315883780421,-0.990514771539532,0.0253552895271949
748,14.94,-0.404891786285083,0.752648636792728,-1.74317004084589,0.026633091252,-0.404896299102227,0.752644652882119,-1.7431602756905,0.0264829169175595,-0.404891786285083,-0.752648636792728,1.74317004084589,-0.990521404053158,0.026633091252,-0.404896299102227,-0.752644652882119,1.7431602756905,-0.990515622808384,0.0264829169175595
749,14.96,-0.404891786285083,0.752648636792728,-1.74317004084589,0.027752398848,-0.404895719891252,0.752645164209008,-1.74316152902849,0.0276163188019401,-0.404891786285083,-0.752648636792728,1.74317004084589,-0.990521404053158,0.027752398848,-0.404895719891252,-0.752645164209008,1.74316152902849,-0.990516364819487,0.0276163188019401
750,14.98,-0.404891786285083,0.752648636792728,-1.74317004084589,0.028875299964,-0.40489521502042,0.75264560990849,-1.74316262150398,0.0287536699194786,-0.404891786285083,-0.752648636792728,1.74317004084589,-0.990521404053158,0.028875299964,-0.40489521502042,-0.75264560990849,1.74316262150398,-0.990517011595495,0.0287536699194786
751,15,-0.404891786285083,0.752648636792728,-1.74317004084589,0.03,-0.404894774948507,0.752645998403548,-1.74316357376296,0.029893136307486,-0.404891786285083,-0.752648636792728,1.74317004084589,-0.990521404053158,0.03,-0.404894774948507,-0.752645998403548,1.74316357376296,-0.990517575359407,0.029893136307486
752,15.02,-0.404891786285083,0.752648636792728,-1.74317004084589,0.031124700036,-0.404894391358823,0.752646337036151,-1.74316440380165,0.0310328796317024,-0.404891786285083,-0.752648636792728,1.74317004084589,-0.990521404053158,0.031124700036,-0.404894391358823,-0.752646337036151,1.74316440380165,-0.990518066765504,0.0310328796317024
753,15.04,-0.404891786285083,0.752648636792728,-1.74317004084589,0.032247601152,-0.404894057002062,0.752646632205975,-1.74316512730664,0.0321710615148545,-0.404891786285083,-0.752648636792728,1.74317004084589,-0.990521404053158,0.032247601152,-0.404894057002062,-0.752646632205975,1.74316512730664,-0.990518495100668,0.0321710615148545
754,15.06,-0.404891786285083,0.752648636792728,-1.74317004084589,0.033366908748,-0.404893765559327,0.75264688949134,-1.74316575795121,0.0333058478637937,-0.404891786285083,-0.752648636792728,1.74317004084589,-0.990521404053158,0.033366908748,-0.404893765559327,-0.75264688949134,1.74316575795121,-0.990518868459866,0.0333058478637937
755,15.08,-0.404891786285083,0.752648636792728,-1.74317004084589,0.034480836864,-0.404893511522716,0.752647113754615,-1.74316630765373,0.0344354131954487,-0.404891786285083,-0.752648636792728,1.74317004084589,-0.990521404053158,0.034480836864,-0.404893511522716,-0.752647113754615,1.74316630765373,-0.990519193899117,0.0344354131954487
756,15.1,-0.404891786285083,0.752648636792728,-1.74317004084589,0.0355876125,-0.404893290091244,0.752647309234104,-1.74316678680293,0.0355579449617913,-0.404891786285083,-0.752648636792728,1.74317004084589,-0.990521404053158,0.0355876125,-0.404893290091244,-0.752647309234104,1.74316678680293,-0.990519477568829,0.0355579449617913
757,15.12,-0.404891786285083,0.752648636792728,-1.74317004084589,0.036685479936,-0.404893097080115,0.752647479624142,-1.74316720445417,0.0366716478739777,-0.404891786285083,-0.752648636792728,1.74317004084589,-0.990521404053158,0.036685479936,-0.404893097080115,-0.752647479624142,1.74316720445417,-0.990519724830029,0.0366716478739777
758,15.14,-0.404891786285083,0.752648636792728,-1.74317004084589,0.037772705052,-0.404892928841636,0.752647628144909,-1.74316756850058,0.0377747482258022,-0.404891786285083,-0.752648636792728,1.74317004084589,-0.990521404053158,0.037772705052,-0.404892928841636,-0.752647628144909,1.74316756850058,-0.990519940355675,0.0377747482258022
759,15.16,-0.404891786285083,0.752648636792728,-1.74317004084589,0.038847579648,-0.404892782196286,0.752647757603282,-1.74316788582224,0.0388654982165789,-0.404891786285083,-0.752648636792728,1.74317004084589,-0.990521404053158,0.038847579648,-0.404892782196286,-0.752647757603282,1.74316788582224,-0.990520128218961,0.0388654982165789
760,15.18,-0.404891786285083,0.752648636792728,-1.74317004084589,0.039908425764,-0.404892654372628,0.752647870445883,-1.74316816241618,0.039942180273544,-0.404891786285083,-0.752648636792728,1.74317004084589,-0.990521404053158,0.039908425764,-0.404892654372628,-0.752647870445883,1.74316816241618,-0.990520291970301,0.039942180273544
761,15.2,-0.404891786285083,0.752648636792728,-1.74317004084589,0.0409536,-0.404892542954932,0.752647968805318,-1.74316840350974,0.0410031113738604,-0.404891786285083,-0.752648636792728,1.74317004084589,-0.990521404053158,0.0409536,-0.404892542954932,-0.752647968805318,1.74316840350974,-0.990520434704419,0.0410031113738604
762,15.22,-0.404891786285083,0.752648636792728,-1.74317004084589,0.041981497836,-0.40489244583752,0.752648054540475,-1.74316861365931,0.042046647366289,-0.404891786285083,-0.752648636792728,1.74317004084589,-0.990521404053158,0.041981497836,-0.40489244583752,-0.752648054540475,1.74316861365931,-0.99052055911884,0.042046647366289
763,15.24,-0.404891786285083,0.752648636792728,-1.74317004084589,0.042990557952,-0.404892361184975,0.75264812927166,-1.74316879683652,0.0430711872925829,-0.404891786285083,-0.752648636792728,1.74317004084589,-0.990521404053158,0.042990557952,-0.404892361184975,-0.75264812927166,1.74316879683652,-0.990520667564865,0.0430711872925829
764,15.26,-0.404891786285083,0.752648636792728,-1.74317004084589,0.043979266548,-0.404892287397453,0.752648194411213,-1.74316895650322,0.0440751777086505,-0.404891786285083,-0.752648636792728,1.74317004084589,-0.990521404053158,0.043979266548,-0.404892287397453,-0.752648194411213,1.74316895650322,-0.990520762092012,0.0440751777086505
765,15.28,-0.404891786285083,0.752648636792728,-1.74317004084589,0.044946161664,-0.404892223080445,0.752648251190206,-1.74316909567695,0.0450571170055253,-0.404891786285083,-0.752648636792728,1.74317004084589,-0.990521404053158,0.044946161664,-0.404892223080445,-0.752648251190206,1.74316909567695,-0.990520844486746,0.0450571170055253
766,15.3,-0.404891786285083,0.752648636792728,-1.74317004084589,0.0458898375,-0.404892167018425,0.752648300681702,-1.74316921698794,0.0460155597301746,-0.404891786285083,-0.752648636792728,1.74317004084589,-0.990521404053158,0.0458898375,-0.404892167018425,-0.752648300681702,1.74316921698794,-0.990520916306243,0.0460155597301746
767,15.32,-0.404891786285083,0.752648636792728,-1.74317004084589,0.046808948736,-0.40489211815188,0.752648343821041,-1.74316932272886,0.0469491209061746,-0.404891786285083,-0.752648636792728,1.74317004084589,-0.990521404053158,0.046808948736,-0.40489211815188,-0.752648343821041,1.74316932272886,-0.990520978907817,0.0469491209061746
768,15.34,-0.404891786285083,0.752648636792728,-1.74317004084589,0.047702214852,-0.404892075557281,0.752648381423512,-1.74316941489809,0.0478564803542729,-0.404891786285083,-0.752648636792728,1.74317004084589,-0.990521404053158,0.047702214852,-0.404892075557281,-0.752648381423512,1.74316941489809,-0.990521033474576,0.0478564803542729
769,15.36,-0.404891786285083,0.752648636792728,-1.74317004084589,0.048568424448,-0.404892038429634,0.752648414199763,-1.74316949523754,0.0487363870128579,-0.404891786285083,-0.752648636792728,1.74317004084589,-0.990521404053158,0.048568424448,-0.404892038429634,-0.752648414199763,1.74316949523754,-0.990521081037774,0.0487363870128579
770,15.38,-0.404891786285083,0.752648636792728,-1.74317004084589,0.049406439564,-0.404892006067263,0.752648442769232,-1.74316956526554,0.0495876632583505,-0.404891786285083,-0.752648636792728,1.74317004084589,-0.990521404053158,0.049406439564,-0.404892006067263,-0.752648442769232,1.74316956526554,-0.990521122496309,0.0495876632583505
771,15.4,-0.404891786285083,0.752648636792728,-1.74317004084589,0.0502152,-0.404891977858554,0.752648467671854,-1.74316962630556,0.0504092092255302,-0.404891786285083,-0.752648636792728,1.74317004084589,-0.990521404053158,0.0502152,-0.404891977858554,-0.752648467671854,1.74316962630556,-0.990521158633703,0.0504092092255302
772,15.42,-0.404891786285083,0.752648636792728,-1.74317004084589,0.050993727636,-0.404891953270389,0.752648489378262,-1.74316967951118,0.0512000071278077,-0.404891786285083,-0.752648636792728,1.74317004084589,-0.990521404053158,0.050993727636,-0.404891953270389,-0.752648489378262,1.74316967951118,-0.990521190132918,0.0512000071278077
773,15.44,-0.404891786285083,0.752648636792728,-1.74317004084589,0.051741130752,-0.404891931838078,0.752648508298685,-1.74316972588794,0.051959125577452,-0.404891786285083,-0.752648636792728,1.74317004084589,-0.990521404053158,0.051741130752,-0.404891931838078,-0.752648508298685,1.74316972588794,-0.990521217589257,0.051959125577452
774,15.46,-0.404891786285083,0.752648636792728,-1.74317004084589,0.052456608348,-0.404891913156572,0.752648524790701,-1.74316976631232,0.0526857239057802,-0.404891786285083,-0.752648636792728,1.74317004084589,-0.990521404053158,0.052456608348,-0.404891913156572,-0.752648524790701,1.74316976631232,-0.990521241521616,0.0526857239057802
775,15.48,-0.404891786285083,0.752648636792728,-1.74317004084589,0.053139454464,-0.404891896872809,0.752648539165991,-1.74316980154828,0.0533790564833145,-0.404891786285083,-0.752648636792728,1.74317004084589,-0.990521404053158,0.053139454464,-0.404891896872809,-0.752648539165991,1.74316980154828,-0.990521262382293,0.0533790564833145
776,15.5,-0.404891786285083,0.752648636792728,-1.74317004084589,0.0537890625,-0.404891882679042,0.752648551696235,-1.74316983226177,0.0540384770399154,-0.404891786285083,-0.752648636792728,1.74317004084589,-0.990521404053158,0.0537890625,-0.404891882679042,-0.752648551696235,1.74316983226177,-0.990521280565534,0.0540384770399154
777,15.52,-0.404891786285083,0.752648636792728,-1.74317004084589,0.054404929536,-0.404891870307023,0.752648562618241,-1.74316985903322,0.0546634429848904,-0.404891786285083,-0.752648636792728,1.74317004084589,-0.990521404053158,0.054404929536,-0.404891870307023,-0.752648562618241,1.74316985903322,-0.990521296414984,0.0546634429848904
778,15.54,-0.404891786285083,0.752648636792728,-1.74317004084589,0.054986660652,-0.404891859522934,0.752648572138424,-1.7431698823686,0.0552535197270864,-0.404891786285083,-0.752648636792728,1.74317004084589,-0.990521404053158,0.054986660652,-0.404891859522934,-0.752648572138424,1.7431698823686,-0.99052131023018,0.0552535197270864
779,15.56,-0.404891786285083,0.752648636792728,-1.74317004084589,0.055533973248,-0.404891850122967,0.752648580436706,-1.74316990270892,0.0558083849949659,-0.404891786285083,-0.752648636792728,1.74317004084589,-0.990521404053158,0.055533973248,-0.404891850122967,-0.752648580436706,1.74316990270892,-0.990521322272218,0.0558083849949659
780,15.58,-0.404891786285083,0.752648636792728,-1.74317004084589,0.056046701364,-0.404891841929471,0.752648587669916,-1.74316992043859,0.0563278331566707,-0.404891786285083,-0.752648636792728,1.74317004084589,-0.990521404053158,0.056046701364,-0.404891841929471,-0.752648587669916,1.74316992043859,-0.990521332768677,0.0563278331566707
781,15.6,-0.404891786285083,0.752648636792728,-1.74317004084589,0.0565248,-0.404891834787598,0.752648593974755,-1.74316993589269,0.0568117795400755,-0.404891786285083,-0.752648636792728,1.74317004084589,-0.990521404053158,0.0565248,-0.404891834787598,-0.752648593974755,1.74316993589269,-0.990521341917933,0.0568117795400755
782,15.62,-0.404891786285083,0.752648636792728,-1.74317004084589,0.056968349436,-0.404891828562374,0.752648599470377,-1.74316994936327,0.0572602647528317,-0.404891786285083,-0.752648636792728,1.74317004084589,-0.990521404053158,0.056968349436,-0.404891828562374,-0.752648599470377,1.74316994936327,-0.990521349892895,0.0572602647528317
783,15.64,-0.404891786285083,0.752648636792728,-1.74317004084589,0.0573775595519999,-0.404891823136148,0.752648604260644,-1.74316996110493,0.0576734590024048,-0.404891786285083,-0.752648636792728,1.74317004084589,-0.990521404053158,0.0573775595519999,-0.404891823136148,-0.752648604260644,1.74316996110493,-0.990521356844283,0.0576734590024048
784,15.66,-0.404891786285083,0.752648636792728,-1.74317004084589,0.057752774148,-0.40489181840637,0.752648608436088,-1.74316997133956,0.0580516664161052,-0.404891786285083,-0.752648636792728,1.74317004084589,-0.990521404053158,0.057752774148,-0.40489181840637,-0.752648608436088,1.74316997133956,-0.99052136290347,0.0580516664161052
785,15.68,-0.404891786285083,0.752648636792728,-1.74317004084589,0.0580944752639999,-0.404891814283651,0.75264861207562,-1.74316998026059,0.0583953293611139,-0.404891786285083,-0.752648636792728,1.74317004084589,-0.990521404053158,0.0580944752639999,-0.404891814283651,-0.75264861207562,1.74316998026059,-0.99052136818497,0.0583953293611139
786,15.7,-0.404891786285083,0.752648636792728,-1.74317004084589,0.0584032875,-0.404891810690077,0.752648615248023,-1.74316998803662,0.058705032764504,-0.404891786285083,-0.752648636792728,1.74317004084589,-0.990521404053158,0.0584032875,-0.404891810690077,-0.752648615248023,1.74316998803662,-0.990521372788598,0.058705032764504
787,15.72,-0.404891786285083,0.752648636792728,-1.74317004084589,0.058679982336,-0.404891807557733,0.752648618013254,-1.74316999481461,0.0589815084332586,-0.404891786285083,-0.752648636792728,1.74317004084589,-0.990521404053158,0.058679982336,-0.404891807557733,-0.752648618013254,1.74316999481461,-0.990521376801357,0.0589815084332586
788,15.74,-0.404891786285083,0.752648636792728,-1.74317004084589,0.058925482452,-0.404891804827421,0.752648620423571,-1.74317000072266,0.0592256393742855,-0.404891786285083,-0.752648636792728,1.74317004084589,-0.990521404053158,0.058925482452,-0.404891804827421,-0.752648620423571,1.74317000072266,-0.990521380299084,0.0592256393742855
789,15.76,-0.404891786285083,0.752648636792728,-1.74317004084589,0.059140866048,-0.40489180244754,0.752648622524527,-1.74317000587241,0.0594384641144302,-0.404891786285083,-0.752648636792728,1.74317004084589,-0.990521404053158,0.059140866048,-0.40489180244754,-0.752648622524527,1.74317000587241,-0.990521383347884,0.0594384641144302
790,15.78,-0.404891786285083,0.752648636792728,-1.74317004084589,0.0593273711639999,-0.404891800373113,0.752648624355829,-1.7431700103612,0.0596211810204857,-0.404891786285083,-0.752648636792728,1.74317004084589,-0.990521404053158,0.0593273711639999,-0.404891800373113,-0.752648624355829,1.7431700103612,-0.990521386005374,0.0596211810204857
791,15.8,-0.404891786285083,0.752648636792728,-1.74317004084589,0.0594864,-0.404891798564936,0.752648625952087,-1.74317001427387,0.0597751526192017,-0.404891786285083,-0.752648636792728,1.74317004084589,-0.990521404053158,0.0594864,-0.404891798564936,-0.752648625952087,1.74317001427387,-0.99052138832178,0.0597751526192017
792,15.82,-0.404891786285083,0.752648636792728,-1.74317004084589,0.059619523236,-0.404891796988835,0.752648627343466,-1.74317001768435,0.0599019099172913,-0.404891786285083,-0.752648636792728,1.74317004084589,-0.990521404053158,0.059619523236,-0.404891796988835,-0.752648627343466,1.74317001768435,-0.990521390340879,0.0599019099172913
793,15.84,-0.404891786285083,0.752648636792728,-1.74317004084589,0.059728484352,-0.404891795615025,0.752648628556265,-1.74317002065709,0.0600031567214375,-0.404891786285083,-0.752648636792728,1.74317004084589,-0.990521404053158,0.059728484352,-0.404891795615025,-0.752648628556265,1.74317002065709,-0.990521392100829,0.0600031567214375
794,15.86,-0.404891786285083,0.752648636792728,-1.74317004084589,0.0598152039480001,-0.404891794417541,0.752648629613403,-1.74317002324829,0.0600807739582979,-0.404891786285083,-0.752648636792728,1.74317004084589,-0.990521404053158,0.0598152039480001,-0.404891794417541,-0.752648629613403,1.74317002324829,-0.990521393634892,0.0600807739582979
795,15.88,-0.404891786285083,0.752648636792728,-1.74317004084589,0.059881784064,-0.404891793373752,0.752648630534858,-1.74317002550692,0.0601368239945091,-0.404891786285083,-0.752648636792728,1.74317004084589,-0.990521404053158,0.059881784064,-0.404891793373752,-0.752648630534858,1.74317002550692,-0.990521394972061,0.0601368239945091
796,15.9,-0.404891786285083,0.752648636792728,-1.74317004084589,0.0599305124999999,-0.404891792463933,0.752648631338046,-1.74317002747565,0.0601735549566901,-0.404891786285083,-0.752648636792728,1.74317004084589,-0.990521404053158,0.0599305124999999,-0.404891792463933,-0.752648631338046,1.74317002747565,-0.990521396137606,0.0601735549566901
797,15.92,-0.404891786285083,0.752648636792728,-1.74317004084589,0.059963867136,-0.404891791670887,0.752648632038146,-1.7431700291917,0.0601934050514453,-0.404891786285083,-0.752648636792728,1.74317004084589,-0.990521404053158,0.059963867136,-0.404891791670887,-0.752648632038146,1.7431700291917,-0.990521397153555,0.0601934050514453
798,15.94,-0.404891786285083,0.752648636792728,-1.74317004084589,0.059984520252,-0.404891790979627,0.75264863264839,-1.7431700306875,0.0601990068853666,-0.404891786285083,-0.752648636792728,1.74317004084589,-0.990521404053158,0.059984520252,-0.404891790979627,-0.75264863264839,1.7431700306875,-0.990521398039109,0.0601990068853666
799,15.96,-0.404891786285083,0.752648636792728,-1.74317004084589,0.0599953428479999,-0.404891790377089,0.75264863318031,-1.74317003199131,0.0601931917850361,-0.404891786285083,-0.752648636792728,1.74317004084589,-0.990521404053158,0.0599953428479999,-0.404891790377089,-0.75264863318031,1.74317003199131,-0.990521398811003,0.0601931917850361
800,15.98,-0.404891786285083,0.752648636792728,-1.74317004084589,0.059999408964,-0.404891789851887,0.752648633643958,-1.74317003312778,0.060178994117027,-0.404891786285083,-0.752648636792728,1.74317004084589,-0.990521404053158,0.059999408964,-0.404891789851887,-0.752648633643958,1.74317003312778,-0.990521399483826,0.060178994117027
801,16,-0.404891786285083,0.752648636792728,-1.74317004084589,0.06,-0.404891789394093,0.752648634048098,-1.74317003411839,0.0601596556079057,-0.404891786285083,-0.752648636792728,1.74317004084589,-0.990521404053158,0.06,-0.404891789394093,-0.752648634048098,1.74317003411839,-0.990521400070293,0.0601596556079057
802,16.02,-0.404891786285083,0.752648636792728,-1.74317004084589,0.059999408964,-0.404891788995056,0.752648634400367,-1.74317003498185,0.0601386296642325,-0.404891786285083,-0.752648636792728,1.74317004084589,-0.990521404053158,0.059999408964,-0.404891788995056,-0.752648634400367,1.74317003498185,-0.990521400581487,0.0601386296642325
803,16.04,-0.404891786285083,0.752648636792728,-1.74317004084589,0.059995342848,-0.404891788647235,0.752648634707423,-1.74317003573449,0.0601174754053181,-0.404891786285083,-0.752648636792728,1.74317004084589,-0.990521404053158,0.059995342848,-0.404891788647235,-0.752648634707423,1.74317003573449,-0.990521401027071,0.0601174754053181
804,16.06,-0.404891786285083,0.752648636792728,-1.74317004084589,0.059984520252,-0.404891788344057,0.752648634975069,-1.74317003639053,0.060094720006102,-0.404891786285083,-0.752648636792728,1.74317004084589,-0.990521404053158,0.059984520252,-0.404891788344057,-0.752648634975069,1.74317003639053,-0.990521401415465,0.060094720006102
805,16.08,-0.404891786285083,0.752648636792728,-1.74317004084589,0.059963867136,-0.404891788079791,0.752648635208363,-1.74317003696237,0.0600675321249253,-0.404891786285083,-0.752648636792728,1.74317004084589,-0.990521404053158,0.059963867136,-0.404891788079791,-0.752648635208363,1.74317003696237,-0.990521401754009,0.0600675321249253
806,16.1,-0.404891786285083,0.752648636792728,-1.74317004084589,0.0599305125,-0.404891787849443,0.752648635411714,-1.74317003746081,0.0600325785572758,-0.404891786285083,-0.752648636792728,1.74317004084589,-0.990521404053158,0.0599305125,-0.404891787849443,-0.752648635411714,1.74317003746081,-0.990521402049101,0.0600325785572758
807,16.12,-0.404891786285083,0.752648636792728,-1.74317004084589,0.059881784064,-0.404891787648659,0.752648635588965,-1.74317003789528,0.0599864540086196,-0.404891786285083,-0.752648636792728,1.74317004084589,-0.990521404053158,0.059881784064,-0.404891787648659,-0.752648635588965,1.74317003789528,-0.990521402306319,0.0599864540086196
808,16.14,-0.404891786285083,0.752648636792728,-1.74317004084589,0.059815203948,-0.404891787473647,0.752648635743466,-1.74317003827399,0.0599258890067527,-0.404891786285083,-0.752648636792728,1.74317004084589,-0.990521404053158,0.059815203948,-0.404891787473647,-0.752648635743466,1.74317003827399,-0.990521402530523,0.0599258890067527
809,16.16,-0.404891786285083,0.752648636792728,-1.74317004084589,0.059728484352,-0.404891787321096,0.752648635878137,-1.74317003860409,0.0598478435565251,-0.404891786285083,-0.752648636792728,1.74317004084589,-0.990521404053158,0.059728484352,-0.404891787321096,-0.752648635878137,1.74317003860409,-0.990521402725951,0.0598478435565251
810,16.18,-0.404891786285083,0.752648636792728,-1.74317004084589,0.059619523236,-0.404891787188126,0.752648635995524,-1.74317003889182,0.0597495428399901,-0.404891786285083,-0.752648636792728,1.74317004084589,-0.990521404053158,0.059619523236,-0.404891787188126,-0.752648635995524,1.74317003889182,-0.990521402896296,0.0597495428399901
811,16.2,-0.404891786285083,0.752648636792728,-1.74317004084589,0.0594864,-0.404891787072221,0.752648636097844,-1.74317003914262,0.059628484278962,-0.404891786285083,-0.752648636792728,1.74317004084589,-0.990521404053158,0.0594864,-0.404891787072221,-0.752648636097844,1.74317003914262,-0.990521403044778,0.059628484278962
812,16.22,-0.404891786285083,0.752648636792728,-1.74317004084589,0.059327371164,-0.404891786971193,0.752648636187031,-1.74317003936123,0.0594824311046389,-0.404891786285083,-0.752648636792728,1.74317004084589,-0.990521404053158,0.059327371164,-0.404891786971193,-0.752648636187031,1.74317003936123,-0.990521403174202,0.0594824311046389
813,16.24,-0.404891786285083,0.752648636792728,-1.74317004084589,0.059140866048,-0.404891786883132,0.752648636264771,-1.74317003955179,0.0593094001557907,-0.404891786285083,-0.752648636792728,1.74317004084589,-0.990521404053158,0.059140866048,-0.404891786883132,-0.752648636264771,1.74317003955179,-0.990521403287015,0.0593094001557907
814,16.26,-0.404891786285083,0.752648636792728,-1.74317004084589,0.058925482452,-0.404891786806374,0.752648636332534,-1.74317003971788,0.0591076477554467,-0.404891786285083,-0.752648636792728,1.74317004084589,-0.990521404053158,0.058925482452,-0.404891786806374,-0.752648636332534,1.74317003971788,-0.990521403385348,0.0591076477554467
815,16.28,-0.404891786285083,0.752648636792728,-1.74317004084589,0.058679982336,-0.404891786739467,0.752648636391599,-1.74317003986266,0.0588756555107051,-0.404891786285083,-0.752648636792728,1.74317004084589,-0.990521404053158,0.058679982336,-0.404891786739467,-0.752648636391599,1.74317003986266,-0.99052140347106,0.0588756555107051
816,16.3,-0.404891786285083,0.752648636792728,-1.74317004084589,0.0584032875,-0.404891786681147,0.752648636443084,-1.74317003998886,0.0586121168533219,-0.404891786285083,-0.752648636792728,1.74317004084589,-0.990521404053158,0.0584032875,-0.404891786681147,-0.752648636443084,1.74317003998886,-0.990521403545772,0.0586121168533219
817,16.32,-0.404891786285083,0.752648636792728,-1.74317004084589,0.058094475264,-0.404891786630313,0.75264863648796,-1.74317004009885,0.0583159246227729,-0.404891786285083,-0.752648636792728,1.74317004084589,-0.990521404053158,0.058094475264,-0.404891786630313,-0.75264863648796,1.74317004009885,-0.990521403610894,0.0583159246227729
818,16.34,-0.404891786285083,0.752648636792728,-1.74317004084589,0.057752774148,-0.404891786586003,0.752648636527077,-1.74317004019473,0.0579861597428035,-0.404891786285083,-0.752648636792728,1.74317004084589,-0.990521404053158,0.057752774148,-0.404891786586003,-0.752648636527077,1.74317004019473,-0.990521403667658,0.0579861597428035
819,16.36,-0.404891786285083,0.752648636792728,-1.74317004084589,0.057377559552,-0.404891786547381,0.752648636561173,-1.74317004027831,0.0576220809281844,-0.404891786285083,-0.752648636792728,1.74317004084589,-0.990521404053158,0.057377559552,-0.404891786547381,-0.752648636561173,1.74317004027831,-0.990521403717136,0.0576220809281844
820,16.38,-0.404891786285083,0.752648636792728,-1.74317004084589,0.056968349436,-0.404891786513715,0.752648636590892,-1.74317004035116,0.0572231153130592,-0.404891786285083,-0.752648636792728,1.74317004084589,-0.990521404053158,0.056968349436,-0.404891786513715,-0.752648636590892,1.74317004035116,-0.990521403760264,0.0572231153130592
821,16.4,-0.404891786285083,0.752648636792728,-1.74317004084589,0.0565248,-0.404891786484371,0.752648636616798,-1.74317004041465,0.0567888498808426,-0.404891786285083,-0.752648636792728,1.74317004084589,-0.990521404053158,0.0565248,-0.404891786484371,-0.752648636616798,1.74317004041465,-0.990521403797857,0.0567888498808426
822,16.42,-0.404891786285083,0.752648636792728,-1.74317004084589,0.056046701364,-0.404891786458793,0.752648636639378,-1.74317004047,0.0563190235800092,-0.404891786285083,-0.752648636792728,1.74317004084589,-0.990521404053158,0.056046701364,-0.404891786458793,-0.752648636639378,1.74317004047,-0.990521403830624,0.0563190235800092
823,16.44,-0.404891786285083,0.752648636792728,-1.74317004084589,0.055533973248,-0.404891786436497,0.75264863665906,-1.74317004051825,0.0558135200211074,-0.404891786285083,-0.752648636792728,1.74317004084589,-0.990521404053158,0.055533973248,-0.404891786436497,-0.75264863665906,1.74317004051825,-0.990521403859186,0.0558135200211074
824,16.46,-0.404891786285083,0.752648636792728,-1.74317004084589,0.054986660652,-0.404891786417063,0.752648636676217,-1.7431700405603,0.055272360663379,-0.404891786285083,-0.752648636792728,1.74317004084589,-0.990521404053158,0.054986660652,-0.404891786417063,-0.752648636676217,1.7431700405603,-0.990521403884082,0.055272360663379
825,16.48,-0.404891786285083,0.752648636792728,-1.74317004084589,0.054404929536,-0.404891786400124,0.752648636691171,-1.74317004059695,0.0546956984122864,-0.404891786285083,-0.752648636792728,1.74317004084589,-0.990521404053158,0.054404929536,-0.404891786400124,-0.752648636691171,1.74317004059695,-0.990521403905783,0.0546956984122864
826,16.5,-0.404891786285083,0.752648636792728,-1.74317004084589,0.0537890625,-0.404891786385359,0.752648636704205,-1.7431700406289,0.0540838115611048,-0.404891786285083,-0.752648636792728,1.74317004084589,-0.990521404053158,0.0537890625,-0.404891786385359,-0.752648636704205,1.7431700406289,-0.990521403924698,0.0540838115611048
827,16.52,-0.404891786285083,0.752648636792728,-1.74317004084589,0.053139454464,-0.404891786372489,0.752648636715567,-1.74317004065675,0.0534370980201943,-0.404891786285083,-0.752648636792728,1.74317004084589,-0.990521404053158,0.053139454464,-0.404891786372489,-0.752648636715567,1.74317004065675,-0.990521403941186,0.0534370980201943
828,16.54,-0.404891786285083,0.752648636792728,-1.74317004084589,0.052456608348,-0.40489178636127,0.752648636725471,-1.74317004068103,0.0527560697865881,-0.404891786285083,-0.752648636792728,1.74317004084589,-0.990521404053158,0.052456608348,-0.40489178636127,-0.752648636725471,1.74317004068103,-0.990521403955557,0.0527560697865881
829,16.56,-0.404891786285083,0.752648636792728,-1.74317004084589,0.051741130752,-0.404891786351492,0.752648636734103,-1.74317004070219,0.052041347614216,-0.404891786285083,-0.752648636792728,1.74317004084589,-0.990521404053158,0.051741130752,-0.404891786351492,-0.752648636734103,1.74317004070219,-0.990521403968084,0.052041347614216
830,16.58,-0.404891786285083,0.752648636792728,-1.74317004084589,0.050993727636,-0.404891786342968,0.752648636741628,-1.74317004072063,0.0512936558515746,-0.404891786285083,-0.752648636792728,1.74317004084589,-0.990521404053158,0.050993727636,-0.404891786342968,-0.752648636741628,1.74317004072063,-0.990521403979004,0.0512936558515746
831,16.6,-0.404891786285083,0.752648636792728,-1.74317004084589,0.0502152,-0.404891786335539,0.752648636748186,-1.74317004073671,0.0505138174191112,-0.404891786285083,-0.752648636792728,1.74317004084589,-0.990521404053158,0.0502152,-0.404891786335539,-0.752648636748186,1.74317004073671,-0.990521403988521,0.0505138174191112
832,16.62,-0.404891786285083,0.752648636792728,-1.74317004084589,0.049406439564,-0.404891786329063,0.752648636753903,-1.74317004075072,0.049702748903169,-0.404891786285083,-0.752648636792728,1.74317004084589,-0.990521404053158,0.049406439564,-0.404891786329063,-0.752648636753903,1.74317004075072,-0.990521403996818,0.049702748903169
833,16.64,-0.404891786285083,0.752648636792728,-1.74317004084589,0.048568424448,-0.404891786323418,0.752648636758886,-1.74317004076294,0.0488614557471636,-0.404891786285083,-0.752648636792728,1.74317004084589,-0.990521404053158,0.048568424448,-0.404891786323418,-0.752648636758886,1.74317004076294,-0.990521404004049,0.0488614557471636
834,16.66,-0.404891786285083,0.752648636792728,-1.74317004084589,0.047702214852,-0.404891786318498,0.75264863676323,-1.74317004077358,0.0479910275238669,-0.404891786285083,-0.752648636792728,1.74317004084589,-0.990521404053158,0.047702214852,-0.404891786318498,-0.75264863676323,1.74317004077358,-0.990521404010352,0.0479910275238669
835,16.68,-0.404891786285083,0.752648636792728,-1.74317004084589,0.046808948736,-0.404891786314209,0.752648636767016,-1.74317004078286,0.0470926332753419,-0.404891786285083,-0.752648636792728,1.74317004084589,-0.990521404053158,0.046808948736,-0.404891786314209,-0.752648636767016,1.74317004078286,-0.990521404015846,0.0470926332753419
836,16.7,-0.404891786285083,0.752648636792728,-1.74317004084589,0.0458898375,-0.404891786310471,0.752648636770316,-1.74317004079095,0.0461675169093066,-0.404891786285083,-0.752648636792728,1.74317004084589,-0.990521404053158,0.0458898375,-0.404891786310471,-0.752648636770316,1.74317004079095,-0.990521404020635,0.0461675169093066
837,16.72,-0.404891786285083,0.752648636792728,-1.74317004084589,0.044946161664,-0.404891786307213,0.752648636773193,-1.743170040798,0.0452169926425614,-0.404891786285083,-0.752648636792728,1.74317004084589,-0.990521404053158,0.044946161664,-0.404891786307213,-0.752648636773193,1.743170040798,-0.990521404024809,0.0452169926425614
838,16.74,-0.404891786285083,0.752648636792728,-1.74317004084589,0.043979266548,-0.404891786304372,0.7526486367757,-1.74317004080415,0.0442424404836743,-0.404891786285083,-0.752648636792728,1.74317004084589,-0.990521404053158,0.043979266548,-0.404891786304372,-0.7526486367757,1.74317004080415,-0.990521404028448,0.0442424404836743
839,16.76,-0.404891786285083,0.752648636792728,-1.74317004084589,0.042990557952,-0.404891786301897,0.752648636777886,-1.7431700408095,0.0432453017484069,-0.404891786285083,-0.752648636792728,1.74317004084589,-0.990521404053158,0.042990557952,-0.404891786301897,-0.752648636777886,1.7431700408095,-0.990521404031619,0.0432453017484069
840,16.78,-0.404891786285083,0.752648636792728,-1.74317004084589,0.041981497836,-0.404891786299739,0.752648636779791,-1.74317004081417,0.0422270746024511,-0.404891786285083,-0.752648636792728,1.74317004084589,-0.990521404053158,0.041981497836,-0.404891786299739,-0.752648636779791,1.74317004081417,-0.990521404034384,0.0422270746024511
841,16.8,-0.404891786285083,0.752648636792728,-1.74317004084589,0.0409536,-0.404891786297858,0.752648636781451,-1.74317004081824,0.0411893096269408,-0.404891786285083,-0.752648636792728,1.74317004084589,-0.990521404053158,0.0409536,-0.404891786297858,-0.752648636781451,1.74317004081824,-0.990521404036794,0.0411893096269408
842,16.82,-0.404891786285083,0.752648636792728,-1.74317004084589,0.039908425764,-0.404891786296218,0.752648636782899,-1.74317004082179,0.0401336054029641,-0.404891786285083,-0.752648636792728,1.74317004084589,-0.990521404053158,0.039908425764,-0.404891786296218,-0.752648636782899,1.74317004082179,-0.990521404038894,0.0401336054029641
843,16.84,-0.404891786285083,0.752648636792728,-1.74317004084589,0.038847579648,-0.404891786294789,0.75264863678416,-1.74317004082489,0.0390616041119196,-0.404891786285083,-0.752648636792728,1.74317004084589,-0.990521404053158,0.038847579648,-0.404891786294789,-0.75264863678416,1.74317004082489,-0.990521404040725,0.0390616041119196
844,16.86,-0.404891786285083,0.752648636792728,-1.74317004084589,0.037772705052,-0.404891786293543,0.75264863678526,-1.74317004082758,0.0379749871490887,-0.404891786285083,-0.752648636792728,1.74317004084589,-0.990521404053158,0.037772705052,-0.404891786293543,-0.75264863678526,1.74317004082758,-0.990521404042321,0.0379749871490887
845,16.88,-0.404891786285083,0.752648636792728,-1.74317004084589,0.036685479936,-0.404891786292458,0.752648636786218,-1.74317004082993,0.0368754707482314,-0.404891786285083,-0.752648636792728,1.74317004084589,-0.990521404053158,0.036685479936,-0.404891786292458,-0.752648636786218,1.74317004082993,-0.990521404043712,0.0368754707482314
846,16.9,-0.404891786285083,0.752648636792728,-1.74317004084589,0.0355876125,-0.404891786291511,0.752648636787054,-1.74317004083198,0.0357648016153752,-0.404891786285083,-0.752648636792728,1.74317004084589,-0.990521404053158,0.0355876125,-0.404891786291511,-0.752648636787054,1.74317004083198,-0.990521404044924,0.0357648016153752
847,16.92,-0.404891786285083,0.752648636792728,-1.74317004084589,0.034480836864,-0.404891786290686,0.752648636787782,-1.74317004083376,0.0346447525702729,-0.404891786285083,-0.752648636792728,1.74317004084589,-0.990521404053158,0.034480836864,-0.404891786290686,-0.752648636787782,1.74317004083376,-0.990521404045981,0.0346447525702729
848,16.94,-0.404891786285083,0.752648636792728,-1.74317004084589,0.033366908748,-0.404891786289967,0.752648636788417,-1.74317004083532,0.0335171181942562,-0.404891786285083,-0.752648636792728,1.74317004084589,-0.990521404053158,0.033366908748,-0.404891786289967,-0.752648636788417,1.74317004083532,-0.990521404046902,0.0335171181942562
849,16.96,-0.404891786285083,0.752648636792728,-1.74317004084589,0.032247601152,-0.40489178628934,0.75264863678897,-1.74317004083668,0.0323837104834224,-0.404891786285083,-0.752648636792728,1.74317004084589,-0.990521404053158,0.032247601152,-0.40489178628934,-0.75264863678897,1.74317004083668,-0.990521404047705,0.0323837104834224
850,16.98,-0.404891786285083,0.752648636792728,-1.74317004084589,0.031124700036,-0.404891786288794,0.752648636789453,-1.74317004083786,0.031246354506272,-0.404891786285083,-0.752648636792728,1.74317004084589,-0.990521404053158,0.031124700036,-0.404891786288794,-0.752648636789453,1.74317004083786,-0.990521404048405,0.031246354506272
851,17,-0.404891786285083,0.752648636792728,-1.74317004084589,0.03,-0.404891786288318,0.752648636789873,-1.74317004083889,0.0301068840650565,-0.404891786285083,-0.752648636792728,1.74317004084589,-0.990521404053158,0.03,-0.404891786288318,-0.752648636789873,1.74317004083889,-0.990521404049015,0.0301068840650565
852,17.02,-0.404891786285083,0.752648636792728,-1.74317004084589,0.028875299964,-0.404891786287903,0.75264863679024,-1.74317004083979,0.0289671373602213,-0.404891786285083,-0.752648636792728,1.74317004084589,-0.990521404053158,0.028875299964,-0.404891786287903,-0.75264863679024,1.74317004083979,-0.990521404049547,0.0289671373602213
853,17.04,-0.404891786285083,0.752648636792728,-1.74317004084589,0.027752398848,-0.404891786287541,0.752648636790559,-1.74317004084057,0.0278289526574301,-0.404891786285083,-0.752648636792728,1.74317004084589,-0.990521404053158,0.027752398848,-0.404891786287541,-0.752648636790559,1.74317004084057,-0.99052140405001,0.0278289526574301
854,17.06,-0.404891786285083,0.752648636792728,-1.74317004084589,0.026633091252,-0.404891786287225,0.752648636790837,-1.74317004084125,0.0266941639567426,-0.404891786285083,-0.752648636792728,1.74317004084589,-0.990521404053158,0.026633091252,-0.404891786287225,-0.752648636790837,1.74317004084125,-0.990521404050415,0.0266941639567426
855,17.08,-0.404891786285083,0.752648636792728,-1.74317004084589,0.025519163136,-0.40489178628695,0.75264863679108,-1.74317004084185,0.0255645966635883,-0.404891786285083,-0.752648636792728,1.74317004084589,-0.990521404053158,0.025519163136,-0.40489178628695,-0.75264863679108,1.74317004084185,-0.990521404050767,0.0255645966635883
856,17.1,-0.404891786285083,0.752648636792728,-1.74317004084589,0.0244123875,-0.404891786286711,0.752648636791292,-1.74317004084237,0.0244420632612373,-0.404891786285083,-0.752648636792728,1.74317004084589,-0.990521404053158,0.0244123875,-0.404891786286711,-0.752648636791292,1.74317004084237,-0.990521404051074,0.0244420632612373
857,17.12,-0.404891786285083,0.752648636792728,-1.74317004084589,0.023314520064,-0.404891786286502,0.752648636791476,-1.74317004084282,0.023328358984522,-0.404891786285083,-0.752648636792728,1.74317004084589,-0.990521404053158,0.023314520064,-0.404891786286502,-0.752648636791476,1.74317004084282,-0.990521404051341,0.023328358984522
858,17.14,-0.404891786285083,0.752648636792728,-1.74317004084589,0.022227294948,-0.40489178628632,0.752648636791637,-1.74317004084321,0.0222252574945983,-0.404891786285083,-0.752648636792728,1.74317004084589,-0.990521404053158,0.022227294948,-0.40489178628632,-0.752648636791637,1.74317004084321,-0.990521404051574,0.0222252574945983
859,17.16,-0.404891786285083,0.752648636792728,-1.74317004084589,0.021152420352,-0.404891786286161,0.752648636791777,-1.74317004084355,0.0211345065545786,-0.404891786285083,-0.752648636792728,1.74317004084589,-0.990521404053158,0.021152420352,-0.404891786286161,-0.752648636791777,1.74317004084355,-0.990521404051778,0.0211345065545786
860,17.18,-0.404891786285083,0.752648636792728,-1.74317004084589,0.020091574236,-0.404891786286023,0.752648636791899,-1.74317004084385,0.0200578237058878,-0.404891786285083,-0.752648636792728,1.74317004084589,-0.990521404053158,0.020091574236,-0.404891786286023,-0.752648636791899,1.74317004084385,-0.990521404051955,0.0200578237058878
861,17.2,-0.404891786285083,0.752648636792728,-1.74317004084589,0.0190464,-0.404891786285902,0.752648636792006,-1.74317004084411,0.0189968919452246,-0.404891786285083,-0.752648636792728,1.74317004084589,-0.990521404053158,0.0190464,-0.404891786285902,-0.752648636792006,1.74317004084411,-0.990521404052109,0.0189968919452246
862,17.22,-0.404891786285083,0.752648636792728,-1.74317004084589,0.018018502164,-0.404891786285797,0.752648636792098,-1.74317004084434,0.0179533554020273,-0.404891786285083,-0.752648636792728,1.74317004084589,-0.990521404053158,0.018018502164,-0.404891786285797,-0.752648636792098,1.74317004084434,-0.990521404052244,0.0179533554020273
863,17.24,-0.404891786285083,0.752648636792728,-1.74317004084589,0.017009442048,-0.404891786285705,0.752648636792179,-1.74317004084454,0.0169288150163591,-0.404891786285083,-0.752648636792728,1.74317004084589,-0.990521404053158,0.017009442048,-0.404891786285705,-0.752648636792179,1.74317004084454,-0.990521404052361,0.0169288150163591
864,17.26,-0.404891786285083,0.752648636792728,-1.74317004084589,0.016020733452,-0.404891786285626,0.75264863679225,-1.74317004084471,0.0159248242171456,-0.404891786285083,-0.752648636792728,1.74317004084589,-0.990521404053158,0.016020733452,-0.404891786285626,-0.75264863679225,1.74317004084471,-0.990521404052464,0.0159248242171456
865,17.28,-0.404891786285083,0.752648636792728,-1.74317004084589,0.015053838336,-0.404891786285556,0.752648636792311,-1.74317004084486,0.0149428846007043,-0.404891786285083,-0.752648636792728,1.74317004084589,-0.990521404053158,0.015053838336,-0.404891786285556,-0.752648636792311,1.74317004084486,-0.990521404052553,0.0149428846007043
866,17.3,-0.404891786285083,0.752648636792728,-1.74317004084589,0.0141101625,-0.404891786285495,0.752648636792365,-1.743170040845,0.0139844416095173,-0.404891786285083,-0.752648636792728,1.74317004084589,-0.990521404053158,0.0141101625,-0.404891786285495,-0.752648636792365,1.743170040845,-0.99052140405263,0.0139844416095173
867,17.32,-0.404891786285083,0.752648636792728,-1.74317004084589,0.013191051264,-0.404891786285442,0.752648636792411,-1.74317004084511,0.0130508802112089,-0.404891786285083,-0.752648636792728,1.74317004084589,-0.990521404053158,0.013191051264,-0.404891786285442,-0.752648636792411,1.74317004084511,-0.990521404052698,0.0130508802112089
868,17.34,-0.404891786285083,0.752648636792728,-1.74317004084589,0.012297785148,-0.404891786285396,0.752648636792452,-1.74317004084521,0.012143520577692,-0.404891786285083,-0.752648636792728,1.74317004084589,-0.990521404053158,0.012297785148,-0.404891786285396,-0.752648636792452,1.74317004084521,-0.990521404052757,0.012143520577692
869,17.36,-0.404891786285083,0.752648636792728,-1.74317004084589,0.011431575552,-0.404891786285356,0.752648636792487,-1.7431700408453,0.0112636137644568,-0.404891786285083,-0.752648636792728,1.74317004084589,-0.990521404053158,0.011431575552,-0.404891786285356,-0.752648636792487,1.7431700408453,-0.990521404052809,0.0112636137644568
870,17.38,-0.404891786285083,0.752648636792728,-1.74317004084589,0.010593560436,-0.404891786285321,0.752648636792518,-1.74317004084537,0.0104123373899767,-0.404891786285083,-0.752648636792728,1.74317004084589,-0.990521404053158,0.010593560436,-0.404891786285321,-0.752648636792518,1.74317004084537,-0.990521404052854,0.0104123373899767
871,17.4,-0.404891786285083,0.752648636792728,-1.74317004084589,0.0097848,-0.404891786285291,0.752648636792545,-1.74317004084544,0.00959079131521364,-0.404891786285083,-0.752648636792728,1.74317004084589,-0.990521404053158,0.0097848,-0.404891786285291,-0.752648636792545,1.74317004084544,-0.990521404052893,0.00959079131521364
872,17.42,-0.404891786285083,0.752648636792728,-1.74317004084589,0.00900627236399997,-0.404891786285264,0.752648636792569,-1.7431700408455,0.00879999332320503,-0.404891786285083,-0.752648636792728,1.74317004084589,-0.990521404053158,0.00900627236399997,-0.404891786285264,-0.752648636792569,1.7431700408455,-0.990521404052927,0.00879999332320503
873,17.44,-0.404891786285083,0.752648636792728,-1.74317004084589,0.00825886924799998,-0.404891786285241,0.752648636792589,-1.74317004084555,0.00804087479871964,-0.404891786285083,-0.752648636792728,1.74317004084589,-0.990521404053158,0.00825886924799998,-0.404891786285241,-0.752648636792589,1.74317004084555,-0.990521404052957,0.00804087479871964
874,17.46,-0.404891786285083,0.752648636792728,-1.74317004084589,0.00754339165199999,-0.404891786285221,0.752648636792607,-1.74317004084559,0.00731427640796966,-0.404891786285083,-0.752648636792728,1.74317004084589,-0.990521404053158,0.00754339165199999,-0.404891786285221,-0.752648636792607,1.74317004084559,-0.990521404052982,0.00731427640796966
875,17.48,-0.404891786285083,0.752648636792728,-1.74317004084589,0.006860545536,-0.404891786285203,0.752648636792623,-1.74317004084563,0.00662094377837165,-0.404891786285083,-0.752648636792728,1.74317004084589,-0.990521404053158,0.006860545536,-0.404891786285203,-0.752648636792623,1.74317004084563,-0.990521404053005,0.00662094377837165
876,17.5,-0.404891786285083,0.752648636792728,-1.74317004084589,0.0062109375,-0.404891786285188,0.752648636792636,-1.74317004084566,0.00596152317834659,-0.404891786285083,-0.752648636792728,1.74317004084589,-0.990521404053158,0.0062109375,-0.404891786285188,-0.752648636792636,1.74317004084566,-0.990521404053025,0.00596152317834659
877,17.52,-0.404891786285083,0.752648636792728,-1.74317004084589,0.00559507046399996,-0.404891786285174,0.752648636792648,-1.74317004084569,0.0053365571971532,-0.404891786285083,-0.752648636792728,1.74317004084589,-0.990521404053158,0.00559507046399996,-0.404891786285174,-0.752648636792648,1.74317004084569,-0.990521404053042,0.0053365571971532
878,17.54,-0.404891786285083,0.752648636792728,-1.74317004084589,0.00501333934800001,-0.404891786285163,0.752648636792658,-1.74317004084572,0.0047464804247489,-0.404891786285083,-0.752648636792728,1.74317004084589,-0.990521404053158,0.00501333934800001,-0.404891786285163,-0.752648636792658,1.74317004084572,-0.990521404053057,0.0047464804247489
879,17.56,-0.404891786285083,0.752648636792728,-1.74317004084589,0.004466026752,-0.404891786285152,0.752648636792667,-1.74317004084574,0.0041916151316739,-0.404891786285083,-0.752648636792728,1.74317004084589,-0.990521404053158,0.004466026752,-0.404891786285152,-0.752648636792667,1.74317004084574,-0.99052140405307,0.0041916151316739
880,17.58,-0.404891786285083,0.752648636792728,-1.74317004084589,0.00395329863599998,-0.404891786285144,0.752648636792675,-1.74317004084576,0.00367216694895447,-0.404891786285083,-0.752648636792728,1.74317004084589,-0.990521404053158,0.00395329863599998,-0.404891786285144,-0.752648636792675,1.74317004084576,-0.990521404053081,0.00367216694895447
881,17.6,-0.404891786285083,0.752648636792728,-1.74317004084589,0.00347519999999997,-0.404891786285136,0.752648636792682,-1.74317004084577,0.00318822054802222,-0.404891786285083,-0.752648636792728,1.74317004084589,-0.990521404053158,0.00347519999999997,-0.404891786285136,-0.752648636792682,1.74317004084577,-0.990521404053091,0.00318822054802222
882,17.62,-0.404891786285083,0.752648636792728,-1.74317004084589,0.00303165056400004,-0.404891786285129,0.752648636792688,-1.74317004084579,0.00273973532064712,-0.404891786285083,-0.752648636792728,1.74317004084589,-0.990521404053158,0.00303165056400004,-0.404891786285129,-0.752648636792688,1.74317004084579,-0.9905214040531,0.00273973532064712
883,17.64,-0.404891786285083,0.752648636792728,-1.74317004084589,0.00262244044800006,-0.404891786285123,0.752648636792693,-1.7431700408458,0.00232654105888095,-0.404891786285083,-0.752648636792728,1.74317004084589,-0.990521404053158,0.00262244044800006,-0.404891786285123,-0.752648636792693,1.7431700408458,-0.990521404053107,0.00232654105888095
884,17.66,-0.404891786285083,0.752648636792728,-1.74317004084589,0.00224722585200002,-0.404891786285118,0.752648636792698,-1.74317004084581,0.00194833363501078,-0.404891786285083,-0.752648636792728,1.74317004084589,-0.990521404053158,0.00224722585200002,-0.404891786285118,-0.752648636792698,1.74317004084581,-0.990521404053114,0.00194833363501078
885,17.68,-0.404891786285083,0.752648636792728,-1.74317004084589,0.00190552473600005,-0.404891786285114,0.752648636792702,-1.74317004084582,0.00160467068151986,-0.404891786285083,-0.752648636792728,1.74317004084589,-0.990521404053158,0.00190552473600005,-0.404891786285114,-0.752648636792702,1.74317004084582,-0.99052140405312,0.00160467068151986
886,17.7,-0.404891786285083,0.752648636792728,-1.74317004084589,0.00159671249999997,-0.40489178628511,0.752648636792705,-1.74317004084583,0.0012949672710551,-0.404891786285083,-0.752648636792728,1.74317004084589,-0.990521404053158,0.00159671249999997,-0.40489178628511,-0.752648636792705,1.74317004084583,-0.990521404053125,0.0012949672710551
887,17.72,-0.404891786285083,0.752648636792728,-1.74317004084589,0.00132001766399999,-0.404891786285106,0.752648636792708,-1.74317004084584,0.00101849159639989,-0.404891786285083,-0.752648636792728,1.74317004084589,-0.990521404053158,0.00132001766399999,-0.404891786285106,-0.752648636792708,1.74317004084584,-0.990521404053129,0.00101849159639989
888,17.74,-0.404891786285083,0.752648636792728,-1.74317004084589,0.00107451754799998,-0.404891786285104,0.752648636792711,-1.74317004084584,0.00077436065045145,-0.404891786285083,-0.752648636792728,1.74317004084589,-0.990521404053158,0.00107451754799998,-0.404891786285104,-0.752648636792711,1.74317004084584,-0.990521404053133,0.00077436065045145
889,17.76,-0.404891786285083,0.752648636792728,-1.74317004084589,0.000859133951999949,-0.404891786285101,0.752648636792713,-1.74317004084585,0.000561535906201909,-0.404891786285083,-0.752648636792728,1.74317004084589,-0.990521404053158,0.000859133951999949,-0.404891786285101,-0.752648636792713,1.74317004084585,-0.990521404053136,0.000561535906201909
890,17.78,-0.404891786285083,0.752648636792728,-1.74317004084589,0.000672628836000048,-0.404891786285099,0.752648636792715,-1.74317004084585,0.000378818996722697,-0.404891786285083,-0.752648636792728,1.74317004084589,-0.990521404053158,0.000672628836000048,-0.404891786285099,-0.752648636792715,1.74317004084585,-0.990521404053139,0.000378818996722697
891,17.8,-0.404891786285083,0.752648636792728,-1.74317004084589,0.00051360000000001,-0.404891786285097,0.752648636792717,-1.74317004084586,0.000224847395151189,-0.404891786285083,-0.752648636792728,1.74317004084589,-0.990521404053158,0.00051360000000001,-0.404891786285097,-0.752648636792717,1.74317004084586,-0.990521404053142,0.000224847395151189
892,17.82,-0.404891786285083,0.752648636792728,-1.74317004084589,0.000380476764,-0.404891786285095,0.752648636792718,-1.74317004084586,9.80900946798751e-05,-0.404891786285083,-0.752648636792728,1.74317004084589,-0.990521404053158,0.000380476764,-0.404891786285095,-0.752648636792718,1.74317004084586,-0.990521404053144,9.80900946798751e-05
893,17.84,-0.404891786285083,0.752648636792728,-1.74317004084589,0.000271515648000022,-0.404891786285093,0.752648636792719,-1.74317004084587,0,-0.404891786285083,-0.752648636792728,1.74317004084589,-0.990521404053158,0.000271515648000022,-0.404891786285093,-0.752648636792719,1.74317004084587,-0.990521404053146,0
894,17.86,-0.404891786285083,0.752648636792728,-1.74317004084589,0.000184796051999926,-0.404891786285092,0.752648636792721,-1.74317004084587,0,-0.404891786285083,-0.752648636792728,1.74317004084589,-0.990521404053158,0.000184796051999926,-0.404891786285092,-0.752648636792721,1.74317004084587,-0.990521404053147,0
895,17.88,-0.404891786285083,0.752648636792728,-1.74317004084589,0.000118215936000039,-0.404891786285091,0.752648636792722,-1.74317004084587,0,-0.404891786285083,-0.752648636792728,1.74317004084589,-0.990521404053158,0.000118215936000039,-0.404891786285091,-0.752648636792722,1.74317004084587,-0.990521404053149,0
896,17.9,-0.404891786285083,0.752648636792728,-1.74317004084589,6.94875000001038e-05,-0.40489178628509,0.752648636792722,-1.74317004084587,0,-0.404891786285083,-0.752648636792728,1.74317004084589,-0.990521404053158,6.94875000001038e-05,-0.40489178628509,-0.752648636792722,1.74317004084587,-0.99052140405315,0
897,17.92,-0.404891786285083,0.752648636792728,-1.74317004084589,3.61328639999839e-05,-0.404891786285089,0.752648636792723,-1.74317004084587,0,-0.404891786285083,-0.752648636792728,1.74317004084589,-0.990521404053158,3.61328639999839e-05,-0.404891786285089,-0.752648636792723,1.74317004084587,-0.990521404053151,0
898,17.94,-0.404891786285083,0.752648636792728,-1.74317004084589,1.5479748000008e-05,-0.404891786285088,0.752648636792724,-1.74317004084588,0,-0.404891786285083,-0.752648636792728,1.74317004084589,-0.990521404053158,1.5479748000008e-05,-0.404891786285088,-0.752648636792724,1.74317004084588,-0.990521404053152,0
899,17.96,-0.404891786285083,0.752648636792728,-1.74317004084589,4.65715200014677e-06,-0.404891786285088,0.752648636792724,-1.74317004084588,0,-0.404891786285083,-0.752648636792728,1.74317004084589,-0.990521404053158,4.65715200014677e-06,-0.404891786285088,-0.752648636792724,1.74317004084588,-0.990521404053153,0
900,17.98,-0.404891786285083,0.752648636792728,-1.74317004084589,5.91035999981948e-07,-0.404891786285087,0.752648636792725,-1.74317004084588,0,-0.404891786285083,-0.752648636792728,1.74317004084589,-0.990521404053158,5.91035999981948e-07,-0.404891786285087,-0.752648636792725,1.74317004084588,-0.990521404053153,0
901,18,-0.404891786285083,0.752648636792728,-1.74317004084589,0,-0.404891786285087,0.752648636792725,-1.74317004084588,0,-0.404891786285083,-0.752648636792728,1.74317004084589,-0.990521404053158,0,-0.404891786285087,-0.752648636792725,1.74317004084588,-0.990521404053154,0
902,18.02,-0.404887797858053,0.752657057517856,-1.74317239654922,0,-0.404891786285086,0.752648636792726,-1.74317004084588,0,-0.404887797858053,-0.752657057517856,1.74317239654922,-0.990515339031367,0,-0.404891786285086,-0.752648636792726,1.74317004084588,-0.990521404053155,0
903,18.04,-0.404860358908545,0.752714989090847,-1.74318860294448,0,-0.404886864734728,0.752659027611577,-1.74317294768422,0,-0.404860358908545,-0.752714989090847,1.74318860294448,-0.990473613853633,0,-0.404886864734728,-0.752659027611577,1.74317294768422,-0.990513920072642,0
904,18.06,-0.404787325904767,0.752869182923517,-1.74323173876955,0,-0.404864186384031,0.752706908181068,-1.7431863423047,0,-0.404787325904767,-0.752869182923517,1.74323173876955,-0.990362555846029,0,-0.404864186384031,-0.752706908181068,1.7431863423047,-0.990479434123636,0
905,18.08,-0.404647954620941,0.753163436087234,-1.74331405628365,0,-0.404806360984817,0.75282899435402,-1.74322049599106,0,-0.404647954620941,-0.753163436087234,1.74331405628365,-0.990150620196415,0,-0.404806360984817,-0.75282899435402,1.74322049599106,-0.990391501637044,0
906,18.1,-0.404422870985092,0.753638652861671,-1.74344699848565,0,-0.404693685022848,0.753066885958186,-1.74328704632219,0,-0.404422870985092,-0.753638652861671,1.74344699848565,-0.989808345623982,0,-0.404693685022848,-0.753066885958186,1.74328704632219,-0.990220160364005,0
907,18.12,-0.404094041926843,0.754332906283574,-1.74364121633238,0,-0.404505622433019,0.753463940577434,-1.7433981226104,0,-0.404094041926843,-0.754332906283574,1.74364121633238,-0.989308310048801,0,-0.404505622433019,-0.753463940577434,1.7433981226104,-0.989934182032967,0
908,18.14,-0.403644746225205,0.755281499695513,-1.74390658595688,0,-0.404221768309695,0.754063238879988,-1.74356577670067,0,-0.403644746225205,-0.755281499695513,1.74390658595688,-0.988625086261367,0,-0.404221768309695,-0.754063238879988,1.74356577670067,-0.989502537820683,0
909,18.16,-0.403059545356366,0.756517028294645,-1.74425222588679,0,-0.403822462699617,0.754906288723751,-1.74380162044327,0,-0.403059545356366,-0.756517028294645,1.74425222588679,-0.987735197592145,0,-0.403822462699617,-0.754906288723751,1.74380162044327,-0.988895331719521,0
910,18.18,-0.402324254341485,0.758069440681477,-1.74468651426259,0,-0.403289168726565,0.756032226825584,-1.74411660236022,0,-0.402324254341485,-0.758069440681477,1.74468651426259,-0.986617073581117,0,-0.403289168726565,-0.756032226825584,1.74411660236022,-0.988084375534639,0
911,18.2,-0.401425912594483,0.759966100408618,-1.74521710605595,0,-0.402604693023977,0.757477353364161,-1.74452087745014,0,-0.401425912594483,-0.759966100408618,1.74521710605595,-0.98525100564733,0,-0.402604693023977,-0.757477353364161,1.74452087745014,-0.987043524085977,0
912,18.22,-0.400352754769835,0.762231847529543,-1.74585095028798,0,-0.401753301568976,0.759274887420796,-1.74502373877264,0,-0.400352754769835,-0.762231847529543,1.74585095028798,-0.983619102758438,0,-0.401753301568976,-0.759274887420796,1.74502373877264,-0.985748851351842,0
913,18.24,-0.399094181610359,0.764889060147353,-1.7465943072476,0,-0.400720766957763,0.761454867167371,-1.74563358952586,0,-0.399094181610359,-0.764889060147353,1.7465943072476,-0.98170524710025,0,-0.400720766957763,-0.761454867167371,1.74563358952586,-0.984178722358493,0
914,18.26,-0.39764073079501,0.767957715963532,-1.74745276570981,0,-0.39949437148875,0.76404414335696,-1.74635794122547,0,-0.39764073079501,-0.767957715963532,1.74745276570981,-0.979495049746279,0,-0.39949437148875,-0.76404414335696,1.74635794122547,-0.982313797868506,0
915,18.28,-0.39598404778667,0.771455453826707,-1.74843126015399,0,-0.398062882440909,0.767066431518392,-1.74720342830607,0,-0.39598404778667,-0.771455453826707,1.74843126015399,-0.976975806327281,0,-0.398062882440909,-0.767066431518392,1.74720342830607,-0.980136996787682,0
916,18.3,-0.394116856679938,0.775397635281408,-1.74953408798222,0,-0.396416510492034,0.770542399747351,-1.74817583268091,0,-0.394116856679938,-0.775397635281408,1.74953408798222,-0.974136452700811,0,-0.396416510492034,-0.770542399747351,1.74817583268091,-0.977633432933557,0
917,18.32,-0.392032931048926,0.779797406116827,-1.75076492673759,0,-0.39454685851813,0.774489776805703,-1.74928011398264,0,-0.392032931048926,-0.779797406116827,1.75076492673759,-0.970967520620759,0,-0.39454685851813,-0.774489776805703,1.74928011398264,-0.974790337176939,0
918,18.34,-0.389727064795045,0.784665757915579,-1.75212685132248,0,-0.392446865503414,0.77892347054373,-1.7505204426921,0,-0.389727064795045,-0.784665757915579,1.75212685132248,-0.967461093406904,0,-0.392446865503414,-0.77892347054373,1.7505204426921,-0.971596972148367,0
919,18.36,-0.3871950429948,0.790011589602457,-1.75362235121691,0,-0.390110748594198,0.783855690241178,-1.75190023436323,0,-0.3871950429948,-0.790011589602457,1.75362235121691,-0.963610761614455,0,-0.390110748594198,-0.783855690241178,1.75190023436323,-0.968044544122053,0
920,18.38,-0.384433612747581,0.795841768993196,-1.7552533476968,0,-0.387533945190856,0.7892960688679,-1.75342218382563,0,-0.384433612747581,-0.795841768993196,1.7552533476968,-0.959411578703599,0,-0.387533945190856,-0.7892960688679,1.75342218382563,-0.964126114957729,0
921,18.4,-0.381440454023451,0.802161194343232,-1.75702121105228,0,-0.384713056212867,0.795251782867772,-1.75508829869414,0,-0.381440454023451,-0.802161194343232,1.75702121105228,-0.954860016709051,0,-0.384713056212867,-0.795251782867772,1.75508829869414,-0.959836515826367,0
922,18.42,-0.378214150510943,0.808972855896457,-1.75892677780605,0,-0.381645791171029,0.801727668127183,-1.75689993181113,0,-0.378214150510943,-0.808972855896457,1.75892677780605,-0.94995392190959,0,-0.381645791171029,-0.801727668127183,1.75689993181113,-0.955172263683942,0
923,18.44,-0.374754160464846,0.816277897433983,-1.7609703679316,0,-0.378330915354984,0.808726331477461,-1.75885781243935,0,-0.374754160464846,-0.816277897433983,1.7609703679316,-0.944692470497616,0,-0.378330915354984,-0.808726331477461,1.75885781243935,-0.950131480961889,0
924,18.46,-0.371060787554,0.8240756778229,-1.76315180207159,0,-0.37476819923635,0.81624825751953,-1.76096207614624,0,-0.371060787554,-0.8240756778229,1.76315180207159,-0.939076124248691,0,-0.37476819923635,-0.81624825751953,1.76096207614624,-0.944713818626706,0
925,18.48,-0.367135151709086,0.832363832565036,-1.76547041875612,0,-0.370958370058995,0.824291910830861,-1.76321229339633,0,-0.367135151709086,-0.832363832565036,1.76547041875612,-0.933106586191084,0,-0.370958370058995,-0.824291910830861,1.76321229339633,-0.93892038256547,0
926,18.5,-0.362979159970417,0.841138335345712,-1.76792509162103,0,-0.366903065511904,0.832853833775476,-1.76560749691372,0,-0.362979159970417,-0.841138335345712,1.76792509162103,-0.92678675627532,0,-0.366903065511904,-0.832853833775476,1.76560749691372,-0.932753663138244,0
927,18.52,-0.35859547733573,0.85039355958251,-1.77051424662623,0,-0.362604789338599,0.841928740225327,-1.76814620790064,0,-0.35859547733573,-0.85039355958251,1.77051424662623,-0.920120687043724,0,-0.362604789338599,-0.841928740225327,1.76814620790064,-0.926217467675314,0
928,18.54,-0.353987497607979,0.860122339974024,-1.77323587927399,0,-0.358066868718021,0.851509605541605,-1.77082646120981,0,-0.353987497607979,-0.860122339974024,1.77323587927399,-0.91311353929997,0,-0.358066868718021,-0.851509605541605,1.77082646120981,-0.919316855668208,0
929,18.56,-0.349159314243122,0.870316034048622,-1.77608757182724,0,-0.353293413246965,0.861587753174699,-1.77364582957084,0,-0.349159314243122,-0.870316034048622,1.77608757182724,-0.905771537778622,0,-0.353293413246965,-0.861587753174699,1.77364582957084,-0.912058076396136,0
930,18.58,-0.344115691197918,0.88096458371321,-1.7790665105279,0,-0.348289275358065,0.872152938233296,-1.77660144696869,0,-0.344115691197918,-0.88096458371321,1.7790665105279,-0.898101926814686,0,-0.348289275358065,-0.872152938233296,1.77660144696869,-0.904448508735397,0
931,18.6,-0.338862033777712,0.892056576801984,-1.78216950281514,0,-0.343060012016305,0.88319342835416,-1.77969003126713,0,-0.338862033777712,-0.892056576801984,1.78216950281514,-0.890112926013153,0,-0.343060012016305,-0.88319342835416,1.77969003126713,-0.896496602912973,0
932,18.62,-0.333404359484233,0.903579308625195,-1.78539299454374,0,-0.337611847548685,0.89469608217946,-1.78290790616275,0,-0.333404359484233,-0.903579308625195,1.78539299454374,-0.881813685918544,0,-0.337611847548685,-0.89469608217946,1.78290790616275,-0.888211823983289,0
933,18.64,-0.327749268863381,0.915518843517903,-1.78873308720236,0,-0.331951637474514,0.906646425721514,-1.78625102254806,0,-0.327749268863381,-0.915518843517903,1.78873308720236,-0.873214243684458,0,-0.331951637474514,-0.906646425721514,1.78625102254806,-0.879604596826549,0
934,18.66,-0.321903916353019,0.927860076388745,-1.79218555513187,0,-0.326086833216777,0.919028726867308,-1.78971497935422,0,-0.321903916353019,-0.927860076388745,1.79218555513187,-0.86432547874312,0,-0.326086833216777,-0.919028726867308,1.78971497935422,-0.870686252486911,0
935,18.68,-0.315875981130766,0.940586794268684,-1.79574586274361,0,-0.320025447587606,0.931826068248681,-1.79329504393646,0,-0.315875981130766,-0.940586794268684,1.79574586274361,-0.855159068474922,0,-0.320025447587606,-0.931826068248681,1.79329504393646,-0.861468975687779,0
936,18.7,-0.309673637961787,0.953681737859777,-1.79940918173775,0,-0.313776020952699,0.945020418679029,-1.7969861720586,0,-0.309673637961787,-0.953681737859777,1.79940918173775,-0.845727443877973,0,-0.313776020952699,-0.945020418679029,1.7969861720586,-0.851965753379568,0
937,18.72,-0.303305528046585,0.967126663083927,-1.80317040832157,0,-0.307347587990448,0.958592703334419,-1.80078302752622,0,-0.303305528046585,-0.967126663083927,1.80317040832157,-0.836043745237644,0,-0.307347587990448,-0.958592703334419,1.80078302752622,-0.842190324191797,0
938,18.74,-0.296780729868792,0.980902402631652,-1.80702418042777,0,-0.300749644971442,0.972522872836046,-1.80468000151255,0,-0.296780729868792,-0.980902402631652,1.80702418042777,-0.826121777796115,0,-0.300749644971442,-0.972522872836046,1.80468000151255,-0.832157128676501,0
939,18.76,-0.290108730042961,0.994988927510832,-1.81096489493275,0,-0.293992117492916,0.986789971372149,-1.8086712316156,0,-0.290108730042961,-0.994988927510832,1.81096489493275,-0.815975967421919,0,-0.293992117492916,-0.986789971372149,1.8086712316156,-0.821881260243456,0
940,18.78,-0.283299394162357,1.00936540859548,-1.81498672487497,0,-0.287085328610719,1.00137220398068,-1.81275062068057,0,-0.283299394162357,-1.00936540859548,1.81498672487497,-0.805621316279491,0,-0.287085328610719,-1.00137220398068,1.81275062068057,-0.811378416699894,0
941,18.8,-0.276362937646746,1.02401027817449,-1.8190836366732,0,-0.2800399673184,1.01624700309905,-1.81691185541712,0,-0.276362937646746,-1.02401027817449,1.8190836366732,-0.795073358498711,0,-0.2800399673184,-1.01624700309905,1.81691185541712,-0.800664852318068,0
942,18.82,-0.269309896590193,1.03890129150042,-1.82324940734487,0,-0.272867057329339,1.03139109447415,-1.82114842483779,0,-0.269309896590193,-1.03890129150042,1.82324940734487,-0.784348115844453,0,-0.272867057329339,-1.03139109447415,1.82114842483779,-0.789757330363642,0
943,18.84,-0.262151098608846,1.0540155883382,-1.82747764172433,0,-0.265577926123322,1.04678056251395,-1.82545363854015,0,-0.262151098608846,-1.0540155883382,1.82747764172433,-0.773462053386128,0,-0.265577926123322,-1.04678056251395,1.82545363854015,-0.778673076026199,0
944,18.86,-0.254897633688731,1.06932975451397,-1.83176178968121,0,-0.25818417422382,1.06239091515209,-1.82982064485268,0,-0.254897633688731,-1.06932975451397,1.83176178968121,-0.762432035167235,0,-0.25818417422382,-1.06239091515209,1.82982064485268,-0.767429729700593,0
945,18.88,-0.247560825033544,1.08481988346376,-1.83609516333866,0,-0.250697644676531,1.07819714828751,-1.83424244886184,0,-0.247560825033544,-1.08481988346376,1.83609516333866,-0.751275279874901,0,-0.250697644676531,-1.07819714828751,1.83424244886184,-0.75604530057433,0
946,18.9,-0.240152199912439,1.10046163778229,-1.84047095429173,0,-0.243130392703431,1.09417380985357,-1.83871193033542,0,-0.240152199912439,-1.10046163778229,1.84047095429173,-0.740009316509432,0,-0.243130392703431,-1.09417380985357,1.83871193033542,-0.744538120481851,0
947,18.92,-0.232683460507825,1.11623031077175,-1.8448822508256,0,-0.235494655509895,1.11029506356392,-1.84322186155549,0,-0.232683460507825,-1.11623031077175,1.8448822508256,-0.728651940053856,0,-0.235494655509895,-1.11029506356392,1.84322186155549,-0.732926797991571,0
948,18.94,-0.225166454763152,1.13210088799049,-1.84932205513396,0,-0.22780282222528,1.12653475237667,-1.84776492507256,0,-0.225166454763152,-1.13210088799049,1.84932205513396,-0.717221167143472,0,-0.22780282222528,-1.12653475237667,1.84776492507256,-0.721230172695885,0
949,18.96,-0.217613147230703,1.14804810880186,-1.85378330053725,0,-0.220067403959866,1.14286646171287,-1.85233373139096,0,-0.217613147230703,-1.14804810880186,1.85378330053725,-0.705735191735392,0,-0.220067403959866,-1.14286646171287,1.85233373139096,-0.709467269678091,0
950,18.98,-0.210035589919391,1.16404652792291,-1.858258868701,0,-0.212301003963261,1.15926358246073,-1.85692083659436,0,-0.210035589919391,-1.16404652792291,1.858258868701,-0.694212340778093,0,-0.212301003963261,-1.15926358246073,1.85692083659436,-0.69765725413363,0
951,19,-0.202445893142542,1.18007057697318,-1.86274160685414,0,-0.204516287871253,1.17569937379317,-1.86151875991897,0,-0.202445893142542,-1.18007057697318,1.86274160685414,-0.682671029880956,0,-0.204516287871253,-1.17569937379317,1.86151875991897,-0.685819386125798,0
952,19.02,-0.194856196365693,1.19609462602345,-1.86722434500727,0,-0.196725954029762,1.19214702582254,-1.86612000128126,0,-0.194856196365693,-1.19609462602345,1.86722434500727,-0.67112971898382,0,-0.196725954029762,-1.19214702582254,1.86612000128126,-0.673972975458722,0
953,19.04,-0.18727863905438,1.2120930451445,-1.87169991317102,0,-0.188942703886013,1.20857972211343,-1.87071705876598,0,-0.18727863905438,-1.2120930451445,1.87169991317102,-0.659606868026521,0,-0.188942703886013,-1.20857972211343,1.87071705876598,-0.662137336652547,0
954,19.06,-0.179725331521932,1.22804026595587,-1.87616115857431,0,-0.18117921243831,1.22497070207179,-1.87530244607952,0,-0.179725331521932,-1.22804026595587,1.87616115857431,-0.648120892618441,0,-0.18117921243831,-1.22497070207179,1.87530244607952,-0.650331744007724,0
955,19.08,-0.172208325777258,1.24391084317461,-1.88060096288267,0,-0.173448098736872,1.24129332322617,-1.87986870997314,0,-0.172208325777258,-1.24391084317461,1.88060096288267,-0.636690119708056,0,-0.173448098736872,-1.24129332322617,1.87986870997314,-0.638575386746973,0
956,19.1,-0.164739586372644,1.25967951616406,-1.88501225941654,0,-0.165761896429212,1.25752112341496,-1.88440844763991,0,-0.164739586372644,-1.25967951616406,1.88501225941654,-0.62533274325248,0,-0.165761896429212,-1.25752112341496,1.88440844763991,-0.626887324224953,0
957,19.12,-0.15733096125154,1.2753212704826,-1.88938805036961,0,-0.158133024344319,1.27362788289176,-1.88891432408871,0,-0.15733096125154,-1.2753212704826,1.88938805036961,-0.614066779887011,0,-0.158133024344319,-1.27362788289176,1.88891432408871,-0.61528644119695,0
958,19.14,-0.149994152596352,1.29081139943239,-1.89372142402706,0,-0.150573757110666,1.28958768635923,-1.89337908949824,0,-0.149994152596352,-1.29081139943239,1.89372142402706,-0.602910024594677,0,-0.150573757110666,-1.28958768635923,1.89337908949824,-0.603791403139007,0
959,19.16,-0.142740687676237,1.30612556560815,-1.89800557198394,0,-0.143096195803716,1.30537498494071,-1.89779559655361,0,-0.142740687676237,-1.30612556560815,1.89800557198394,-0.591880006375784,0,-0.143096195803716,-1.30537498494071,1.89779559655361,-0.592420611612902,0
960,19.18,-0.13558188969489,1.32123986244594,-1.9022338063634,0,-0.135712238619135,1.32096465809758,-1.90215681776779,0,-0.13558188969489,-1.32123986244594,1.9022338063634,-0.58099394391746,0,-0.135712238619135,-1.32096465809758,1.90215681776779,-0.581192159670217,0
961,19.2,-0.128528848638337,1.33613087577187,-1.90639957703507,0,-0.128433551568401,1.33633207549932,-1.9064558627898,0,-0.128528848638337,-1.33613087577187,1.90639957703507,-0.570268701263202,0,-0.128433551568401,-1.33633207549932,1.9064558627898,-0.570123787290476,0
962,19.22,-0.121592392122727,1.35077574535088,-1.9104964888333,0,-0.121271539193956,1.35145315885233,-1.91068599570131,0,-0.121592392122727,-1.35077574535088,1.9104964888333,-0.559720743482422,0,-0.121271539193956,-1.35145315885233,1.91068599570131,-0.559232836848985,0
963,19.24,-0.114783056242122,1.36515222643553,-1.91451831877552,0,-0.114237315301373,1.36630444369274,-1.9148406523033,0,-0.114783056242122,-1.36515222643553,1.91451831877552,-0.549366092339994,0,-0.114237315301373,-1.36630444369274,1.9148406523033,-0.548536208610554,0
964,19.26,-0.108111056416291,1.37923875131471,-1.91845903328051,0,-0.107341673706367,1.38086314114802,-1.91891345739382,0,-0.108111056416291,-1.37923875131471,1.91845903328051,-0.539220281965798,0,-0.107341673706367,-1.38086314114802,1.91891345739382,-0.538050316245797,0
965,19.28,-0.101586258238498,1.39301449086243,-1.9223128053867,0,-0.100595058994747,1.39510719967116,-1.92289824203825,0,-0.101586258238498,-1.39301449086243,1.9223128053867,-0.529298314524268,0,-0.100595058994747,-1.39510719967116,1.92289824203825,-0.527791042367094,0
966,19.3,-0.0952181483232968,1.40645941608658,-1.92607403197052,0,-0.0940075372936239,1.4090153667511,-1.92678906083279,0,-0.0952181483232968,-1.40645941608658,1.92607403197052,-0.51961461588394,0,-0.0940075372936239,-1.4090153667511,1.92678906083279,-0.517773694081692,0
967,19.32,-0.0890158051543177,1.41955435967767,-1.92973735096467,0,-0.0875887670524668,1.42256725060244,-1.9305802091622,0,-0.0890158051543177,-1.41955435967767,1.92973735096467,-0.510182991286991,0,-0.0875887670524668,-1.42256725060244,1.9305802091622,-0.50801295855976,0
968,19.34,-0.0829878699320649,1.43228107755761,-1.93329765857641,0,-0.0813479698327153,1.43574338183697,-1.93426624045245,0,-0.0829878699320649,-1.43228107755761,1.93329765857641,-0.501016581018793,0,-0.0813479698327153,-1.43574338183697,1.93426624045245,-0.498522858615472,0
969,19.36,-0.0771425174217026,1.44462231042846,-1.93675012650591,0,-0.0752939011048598,1.44852527511956,-1.93784198341899,0,-0.0771425174217026,-1.44462231042846,1.93675012650591,-0.492127816077454,0,-0.0752939011048598,-1.44852527511956,1.93784198341899,-0.489316708299435,0
970,19.38,-0.0714874268008503,1.45656184532116,-1.94009021916453,0,-0.0694348210520319,1.46089549081017,-1.9413025593112,0,-0.0714874268008503,-1.45656184532116,1.94009021916453,-0.483528373843368,0,-0.0694348210520319,-1.46089549081017,1.9413025593112,-0.480407068501023,0
971,19.4,-0.0660297525073714,1.46808457714437,-1.94331371089313,0,-0.0637784653792667,1.47283769659403,-1.94464339915336,0,-0.0660297525073714,-1.46808457714437,1.94331371089313,-0.47522913374876,0,-0.0637784653792667,-1.47283769659403,1.94464339915336,-0.47180570255933,0
972,19.42,-0.0607760950871655,1.47917657023315,-1.94641670318037,0,-0.0583320161277102,1.48433672910122,-1.94786026098287,0,-0.0607760950871655,-1.47917657023315,1.94641670318037,-0.467240132947226,0,-0.0583320161277102,-1.48433672910122,1.94786026098287,-0.463523531881652,0
973,19.44,-0.0557324720419609,1.48982511989774,-1.94939564188103,0,-0.0531020724931412,1.49537865551732,-1.95094924708584,0,-0.0557324720419609,-1.48982511989774,1.94939564188103,-0.45957052198329,0,-0.0531020724931412,-1.49537865551732,1.95094924708584,-0.455570591568518,0
974,19.46,-0.0509042886771044,1.50001881397234,-1.95224733443428,0,-0.0480946216482407,1.50595083518599,-1.95390682123042,0,-0.0509042886771044,-1.50001881397234,1.95224733443428,-0.452228520461943,0,-0.0480946216482407,-1.50595083518599,1.95390682123042,-0.447955986044433,0
975,19.48,-0.0462963089493533,1.50974759436385,-1.95496896708204,0,-0.0433150095681468,1.51604198120467,-1.95672982589827,0,-0.0462963089493533,-1.50974759436385,1.95496896708204,-0.445221372718188,0,-0.0433150095681468,-1.51604198120467,1.95672982589827,-0.440687844693604,0
976,19.5,-0.0419126263146669,1.51900281860065,-1.95755812208724,0,-0.038767911858858,1.52564222201432,-1.95941549951433,0,-0.0419126263146669,-1.51900281860065,1.95755812208724,-0.438555303486593,0,-0.038767911858858,-1.52564222201432,1.95941549951433,-0.433773277500006,0
977,19.52,-0.0377566345759975,1.52777732138132,-1.96001279495215,0,-0.034457304588127,1.53474316298384,-1.96196149367507,0,-0.0377566345759975,-1.52777732138132,1.96001279495215,-0.432235473570828,0,-0.034457304588127,-1.53474316298384,1.96196149367507,-0.427218330691232,0
978,19.54,-0.0338309987310836,1.53606547612346,-1.96233141163668,0,-0.0303864351185221,1.5433379479899,-1.96436589037555,0,-0.0338309987310836,-1.53606547612346,1.96233141163668,-0.426265935513222,0,-0.0303864351185221,-1.5433379479899,1.96436589037555,-0.421027942385644,0
979,19.56,-0.0301376258202375,1.54386325651238,-1.96451284577667,0,-0.0265577929423803,1.55142132099284,-1.96662721923522,0,-0.0301376258202375,-1.54386325651238,1.96451284577667,-0.420649589264296,0,-0.0265577929423803,-1.55142132099284,1.96662721923522,-0.415205898242388,0
980,19.58,-0.0266776357741403,1.5511682980499,-1.96655643590222,0,-0.0229730805184074,1.55898968760902,-1.96874447472295,0,-0.0266776357741403,-1.5511682980499,1.96655643590222,-0.415388137852323,0,-0.0229730805184074,-1.55898968760902,1.96874447472295,-0.40975478711393,0
981,19.6,-0.0234513322616318,1.55797995960313,-1.96846200265599,0,-0.0196331841097143,1.56604117668023,-1.97071713338099,0,-0.0234513322616318,-1.55797995960313,1.96846200265599,-0.410482043052862,0,-0.0196331841097143,-1.56604117668023,1.97071713338099,-0.404675956700766,0
982,19.62,-0.0204581735375026,1.56429938495316,-1.97022986601148,0,-0.0165381446231077,1.57257570184033,-1.97254517104837,0,-0.0204581735375026,-1.56429938495316,1.97022986601148,-0.405930481058314,0,-0.0165381446231077,-1.57257570184033,1.97254517104837,-0.399969469208038,0
983,19.64,-0.0176967432902833,1.5701295643439,-1.97186086249136,0,-0.0136871284494671,1.57859502307974,-1.97422908008355,0,-0.0176967432902833,-1.5701295643439,1.97186086249136,-0.401731298147459,0,-0.0136871284494671,-1.57859502307974,1.97422908008355,-0.395634057003809,0
984,19.66,-0.0151647214900384,1.57547539603078,-1.97335636238579,0,-0.011078398305078,1.58410280830775,-1.97576988658654,0,-0.0151647214900384,-1.57547539603078,1.97335636238579,-0.397880966355009,0,-0.011078398305078,-1.58410280830775,1.97576988658654,-0.391667078278787,0
985,19.68,-0.0128588552361579,1.58034374782953,-1.97471828697069,0,-0.00870928407379196,1.58910469491324,-1.97716916762055,0,-0.0128588552361579,-1.58034374782953,1.97471828697069,-0.394374539141154,0,-0.00870928407379196,-1.58910469491324,1.97716916762055,-0.388064472707309,0
986,19.7,-0.0107749296051451,1.58474351866495,-1.97594912572605,0,-0.00657615364990974,1.59360835132375,-1.97842906843317,0,-0.0107749296051451,-1.58474351866495,1.97594912572605,-0.391205607061101,0,-0.00657615364990974,-1.59360835132375,1.97842906843317,-0.384820717109423,0
987,19.72,-0.00890773849841359,1.58868570011965,-1.97705195355428,0,-0.00467438378169421,1.59762353856332,-1.97955231967725,0,-0.00890773849841359,-1.58868570011965,1.97705195355428,-0.388366253434631,0,-0.00467438378169421,-1.59762353856332,1.97955231967725,-0.381928781113925,0
988,19.74,-0.00725105549007299,1.59218343798283,-1.97803044799846,0,-0.00299833091543275,1.60116217180908,-1.98054225463133,0,-0.00725105549007299,-1.59218343798283,1.97803044799846,-0.385847010015634,0,-0.00299833091543275,-1.60116217180908,1.98054225463133,-0.37938008282224,0
989,19.76,-0.00579760467472373,1.59525209379901,-1.97888890646067,0,-0.00154130203997781,1.60423838194691,-1.98140282641993,0,-0.00579760467472373,-1.59525209379901,1.97888890646067,-0.383636812661662,0,-0.00154130203997781,-1.60423838194691,1.98140282641993,-0.377164444473021,0
990,19.78,-0.00453903151524859,1.59790930641682,-1.97963226342029,0,-0.000295525531705895,1.60686857712613,-1.98213862523352,0,-0.00453903151524859,-1.59790930641682,1.97963226342029,-0.381722957003475,0,-0.000295525531705895,-1.60686857712613,1.98213862523352,-0.375270048107389,0
991,19.8,-0.00346587369060036,1.60017505353774,-1.98026610765232,0,0.000747878000162184,1.60907150431354,-1.98275489554826,0,-0.00346587369060036,-1.60017505353774,1.98026610765232,-0.380091054114582,0,0.000747878000162184,-1.60907150431354,1.98275489554826,-0.37368339123472,0
992,19.82,-0.00256753194359877,1.60207171326488,-1.98079669944568,0,0.00159892486792162,1.61086831084666,-1.98325755334558,0,-0.00256753194359877,-1.60207171326488,1.98079669944568,-0.378724986180795,0,0.00159892486792162,-1.61086831084666,1.98325755334558,-0.372389242498923,0
993,19.84,-0.00183224092871803,1.60362412565171,-1.98123098782148,0,0.00226879745946892,1.6122826059865,-1.98365320333163,0,-0.00183224092871803,-1.60362412565171,1.98123098782148,-0.377606862169768,0,0.00226879745946892,-1.6122826059865,1.98365320333163,-0.371370597345127,0
994,19.86,-0.00124704005987802,1.60485965425085,-1.98157662775139,0,0.00276987339214601,1.61334052246976,-1.9839491561565,0,-0.00124704005987802,-1.60485965425085,1.98157662775139,-0.376716973500545,0,0.00276987339214601,-1.61334052246976,1.9839491561565,-0.370608633686744,0
995,19.88,-0.000797744358240315,1.60580824766278,-1.9818419973759,0,0.00311575466637458,1.61407077806056,-1.98415344563341,0,-0.000797744358240315,-1.60580824766278,1.9818419973759,-0.376033749713112,0,0.00311575466637458,-1.61407077806056,1.98415344563341,-0.370082667572848,0
996,19.9,-0.000468915299992101,1.60650250108469,-1.98203621522262,0,0.0033212968191073,1.61450473710189,-1.98427484595772,0,-0.000468915299992101,-1.60650250108469,1.98203621522262,-0.375533714137932,0,0.0033212968191073,-1.61450473710189,1.98427484595772,-0.369770108855827,0
997,19.92,-0.000243831664142491,1.60697771785913,-1.98216915742462,0,0.00340263807711964,1.61467647206661,-1.9843228889259,0,-0.000243831664142491,-1.60697771785913,1.98216915742462,-0.375191439565498,0,0.00340263807711964,-1.61467647206661,1.9843228889259,-0.369646416859283,0
998,19.94,-0.00010446038031614,1.60727197102284,-1.98225147493873,0,0.0033772285101627,1.61462282510821,-1.98430788115436,0,-0.00010446038031614,-1.60727197102284,1.98225147493873,-0.374979503915884,0,0.0033772285101627,-1.61462282510821,1.98430788115436,-0.369685056046149,0
999,19.96,-3.14273765390505e-05,1.60742616485551,-1.98229461076379,0,0.00326385918399468,1.61438346961132,-1.98424092129829,0,-3.14273765390505e-05,-1.60742616485551,1.98229461076379,-0.374868445908281,0,0.00326385918399468,-1.61438346961132,1.98424092129829,-0.369857451686973,0
1000,19.98,-3.98842702986624e-06,1.6074840964285,-1.98231081715905,0,0.00308269131330684,1.61400097174196,-1.98413391727034,0,-3.98842702986624e-06,-1.6074840964285,1.98231081715905,-0.374826720730546,0,0.00308269131330684,-1.61400097174196,1.98413391727034,-0.370132945528381,0
1001,20,0,1.60749251715363,-1.98231317286238,0,0.00285528541455752,1.61352085199765,-1.98399960345932,0,0,-1.60749251715363,1.98231317286238,-0.374820655708754,0,0.00285528541455752,-1.61352085199765,1.98399960345932,-0.370478751461672,0
1002,20.02,0,1.60749251715363,-1.98231317286238,0,0.00260463045872563,1.6129916467573,-1.98385155794883,0,0,-1.60749251715363,1.98231317286238,-0.374820655708754,0,0.00260463045872563,-1.6129916467573,1.98385155794883,-0.370859911191529,0
1003,20.04,0,1.60749251715363,-1.98231317286238,0,0.00235005226687748,1.61245415842895,-1.98370119523908,0,0,-1.60749251715363,1.98231317286238,-0.374820655708754,0,0.00235005226687748,-1.61245415842895,1.98370119523908,-0.371247036810133,0
1004,20.06,0,1.60749251715363,-1.98231317286238,0,0.00210330326109349,1.61193319978092,-1.98355545671816,0,0,-1.60749251715363,1.98231317286238,-0.374820655708754,0,0.00210330326109349,-1.61193319978092,1.98355545671816,-0.37162225693724,0
1005,20.08,0,1.60749251715363,-1.98231317286238,0,0.00187112172717935,1.61144299728701,-1.98341832225138,0,0,-1.60749251715363,1.98231317286238,-0.374820655708754,0,0.00187112172717935,-1.61144299728701,1.98341832225138,-0.371975324964364,0
1006,20.1,0,1.60749251715363,-1.98231317286238,0,0.00165696793774367,1.61099085658534,-1.98329183559575,0,0,-1.60749251715363,1.98231317286238,-0.374820655708754,0,0.00165696793774367,-1.61099085658534,1.98329183559575,-0.372300979010415,0
1007,20.12,0,1.60749251715363,-1.98231317286238,0,0.00146219694657253,1.61057963858706,-1.98317679709304,0,0,-1.60749251715363,1.98231317286238,-0.374820655708754,0,0.00146219694657253,-1.61057963858706,1.98317679709304,-0.372597158505979,0
1008,20.14,0,1.60749251715363,-1.98231317286238,0,0.00128684647400695,1.61020942293076,-1.98307322902218,0,0,-1.60749251715363,1.98231317286238,-0.374820655708754,0,0.00128684647400695,-1.61020942293076,1.98307322902218,-0.372863806091428,0
1009,20.16,0,1.60749251715363,-1.98231317286238,0,0.00113016233150732,1.60987861730589,-1.98298068593328,0,0,-1.60749251715363,1.98231317286238,-0.374820655708754,0,0.00113016233150732,-1.60987861730589,1.98298068593328,-0.37310206862739,0
1010,20.18,0,1.60749251715363,-1.98231317286238,0,0.000990945352747255,1.60958468992488,-1.9828984595571,0,0,-1.60749251715363,1.98231317286238,-0.374820655708754,0,0.000990945352747255,-1.60958468992488,1.9828984595571,-0.373313769632223,0
1011,20.2,0,1.60749251715363,-1.98231317286238,0,0.000867777351381325,1.60932464658542,-1.98282571226361,0,0,-1.60749251715363,1.98231317286238,-0.374820655708754,0,0.000867777351381325,-1.60932464658542,1.98282571226361,-0.373501065678183,0
1012,20.22,0,1.60749251715363,-1.98231317286238,0,0.000759165456506514,1.60909533540448,-1.98276156231146,0,0,-1.60749251715363,1.98231317286238,-0.374820655708754,0,0.000759165456506514,-1.60909533540448,1.98276156231146,-0.373666226906982,0
1013,20.24,0,1.60749251715363,-1.98231317286238,0,0.000663631701321367,1.60889363596588,-1.98270513676221,0,0,-1.60749251715363,1.98231317286238,-0.374820655708754,0,0.000663631701321367,-1.60889363596588,1.98270513676221,-0.373811500796333,0
1014,20.26,0,1.60749251715363,-1.98231317286238,0,0.000579766180157412,1.60871657155023,-1.98265560287667,0,0,-1.60749251715363,1.98231317286238,-0.374820655708754,0,0.000579766180157412,-1.60871657155023,1.98265560287667,-0.37393903132644,0
1015,20.28,0,1.60749251715363,-1.98231317286238,0,0.000506256220252752,1.60856137072497,-1.98261218534477,0,0,-1.60749251715363,1.98231317286238,-0.374820655708754,0,0.000506256220252752,-1.60856137072497,1.98261218534477,-0.374050814619797,0
1016,20.3,0,1.60749251715363,-1.98231317286238,0,0.000441899995499846,1.60842549608697,-1.98257417432634,0,0,-1.60749251715363,1.98231317286238,-0.374820655708754,0,0.000441899995499846,-1.60842549608697,1.98257417432634,-0.374148678239369,0
1017,20.32,0,1.60749251715363,-1.98231317286238,0,0.000385610260828108,1.60830665214683,-1.98254092765672,0,0,-1.60749251715363,1.98231317286238,-0.374820655708754,0,0.000385610260828108,-1.60830665214683,1.98254092765672,-0.374234275509888,0
1018,20.34,0,1.60749251715363,-1.98231317286238,0,0.000336412009591942,1.60820278038302,-1.98251186946317,0,0,-1.60749251715363,1.98231317286238,-0.374820655708754,0,0.000336412009591942,-1.60820278038302,1.98251186946317,-0.374309089080154,0
1019,20.36,0,1.60749251715363,-1.98231317286238,0,0.000293436578466564,1.60811204679556,-1.98248648668301,0,0,-1.60749251715363,1.98231317286238,-0.374820655708754,0,0.000293436578466564,-1.60811204679556,1.98248648668301,-0.374374439887458,0
1020,20.38,0,1.60749251715363,-1.98231317286238,0,0.000255913856652675,1.6080328254574,-1.98246432446209,0,0,-1.60749251715363,1.98231317286238,-0.374820655708754,0,0.000255913856652675,-1.6080328254574,1.98246432446209,-0.374431499004692,0
1021,20.4,0,1.60749251715363,-1.98231317286238,0,0.000223163669298235,1.60796368032236,-1.98244498106555,0,0,-1.60749251715363,1.98231317286238,-0.374820655708754,0,0.000223163669298235,-1.60796368032236,1.98244498106555,-0.374481300743194,0
1022,20.42,0,1.60749251715363,-1.98231317286238,0,0.000194587010113637,1.60790334671458,-1.9824281026995,0,0,-1.60749251715363,1.98231317286238,-0.374820655708754,0,0.000194587010113637,-1.60790334671458,1.9824281026995,-0.374524755984919,0
1023,20.44,0,1.60749251715363,-1.98231317286238,0,0.000169657534198336,1.60785071336748,-1.98241337848639,0,0,-1.60749251715363,1.98231317286238,-0.374820655708754,0,0.000169657534198336,-1.60785071336748,1.98241337848639,-0.374562665118906,0
1024,20.46,0,1.60749251715363,-1.98231317286238,0,0.000147913547281222,1.60780480551067,-1.98240053573356,0,0,-1.60749251715363,1.98231317286238,-0.374820655708754,0,0.000147913547281222,-1.60780480551067,1.98240053573356,-0.374595730222893,0
1025,20.48,0,1.60749251715363,-1.98231317286238,0,0.000128950613239705,1.60776476926229,-1.98238933556701,0,0,-1.60749251715363,1.98231317286238,-0.374820655708754,0,0.000128950613239705,-1.60776476926229,1.98238933556701,-0.374624566304719,0
1026,20.5,0,1.60749251715363,-1.98231317286238,0,0.000112414828285207,1.60772985742893,-1.9823795689589,0,0,-1.60749251715363,1.98231317286238,-0.374820655708754,0,0.000112414828285207,-1.60772985742893,1.9823795689589,-0.374649711529977,0
1027,20.52,0,1.60749251715363,-1.98231317286238,0,9.79967641810994e-05,1.60769941671789,-1.98237105315017,0,0,-1.60749251715363,1.98231317286238,-0.374820655708754,0,9.79967641810994e-05,-1.60769941671789,1.98237105315017,-0.374671636432282,0
1028,20.54,0,1.60749251715363,-1.98231317286238,0,8.54260551513911e-05,1.6076728763087,-1.98236362845343,0,0,-1.60749251715363,1.98231317286238,-0.374820655708754,0,8.54260551513911e-05,-1.6076728763087,1.98236362845343,-0.374690752144724,0
1029,20.56,0,1.60749251715363,-1.98231317286238,0,7.44665875275105e-05,1.60764973769698,-1.98235715541174,0,0,-1.60749251715363,1.98231317286238,-0.374820655708754,0,7.44665875275105e-05,-1.60764973769698,1.98235715541174,-0.374707417714751,0
1030,20.58,0,1.60749251715363,-1.98231317286238,0,6.49122434520817e-05,1.60762956570822,-1.98235151228475,0,0,-1.60749251715363,1.98231317286238,-0.374820655708754,0,6.49122434520817e-05,-1.60762956570822,1.98235151228475,-0.374721946576527,0
1031,20.6,0,1.60749251715363,-1.98231317286238,0,5.658314726874e-05,1.60761198057278,-1.98234659283166,0,0,-1.60749251715363,1.98231317286238,-0.374820655708754,0,5.658314726874e-05,-1.60761198057278,1.98234659283166,-0.374734612258881,0
1032,20.62,0,1.60749251715363,-1.98231317286238,0,4.93223636679863e-05,1.60759665095475,-1.98234230436104,0,0,-1.60749251715363,1.98231317286238,-0.374820655708754,0,4.93223636679863e-05,-1.60759665095475,1.98234230436104,-0.374745653406289,0
1033,20.64,0,1.60749251715363,-1.98231317286238,0,4.29929989608146e-05,1.60758328783188,-1.98233856601872,0,0,-1.60749251715363,1.98231317286238,-0.374820655708754,0,4.29929989608146e-05,-1.60758328783188,1.98233856601872,-0.374755278186832,0
1034,20.66,0,1.60749251715363,-1.98231317286238,0,3.7475660178079e-05,1.60757163913104,-1.98233530728707,0,0,-1.60749251715363,1.98231317286238,-0.374820655708754,0,3.7475660178079e-05,-1.60757163913104,1.98233530728707,-0.374763668156035,0
1035,20.68,0,1.60749251715363,-1.98231317286238,0,3.26662305013145e-05,1.60756148503143,-1.9823324666711,0,0,-1.60749251715363,1.98231317286238,-0.374820655708754,0,3.26662305013145e-05,-1.60756148503143,1.9823324666711,-0.374770981639666,0
1036,20.7,0,1.60749251715363,-1.98231317286238,0,2.84739234752033e-05,1.60755263385655,-1.98232999054916,0,0,-1.60749251715363,1.98231317286238,-0.374820655708754,0,2.84739234752033e-05,-1.60755263385655,1.98232999054916,-0.374777356692607,0
1037,20.72,0,1.60749251715363,-1.98231317286238,0,2.48195823205284e-05,1.60754491848351,-1.98232783216853,0,0,-1.60749251715363,1.98231317286238,-0.374820655708754,0,2.48195823205284e-05,-1.60754491848351,1.98232783216853,-0.374782913685018,0
1038,20.74,0,1.60749251715363,-1.98231317286238,0,2.16341943349024e-05,1.60753819320649,-1.98232595076791,0,0,-1.60749251715363,1.98231317286238,-0.374820655708754,0,2.16341943349024e-05,-1.60753819320649,1.98232595076791,-0.374787757561414,0
1039,20.76,0,1.60749251715363,-1.98231317286238,0,1.88575937701302e-05,1.60753233099817,-1.98232431081131,0,0,-1.60749251715363,1.98231317286238,-0.374820655708754,0,1.88575937701302e-05,-1.60753233099817,1.98232431081131,-0.374791979813145,0
1040,20.78,0,1.60749251715363,-1.98231317286238,0,1.6437329680462e-05,1.60752722111939,-1.9823228813194,0,0,-1.60749251715363,1.98231317286238,-0.374820655708754,0,1.6437329680462e-05,-1.60752722111939,1.9823228813194,-0.374795660200008,0
1041,20.8,0,1.60749251715363,-1.98231317286238,0,1.43276780394427e-05,1.60752276703349,-1.98232163528597,0,0,-1.60749251715363,1.98231317286238,-0.374820655708754,0,1.43276780394427e-05,-1.60752276703349,1.98232163528597,-0.374798868252476,0
1042,20.82,0,1.60749251715363,-1.98231317286238,0,1.24887799332533e-05,1.60751888458676,-1.98232054916897,0,0,-1.60749251715363,1.98231317286238,-0.374820655708754,0,1.24887799332533e-05,-1.60751888458676,1.98232054916897,-0.374801664582208,0
1043,20.84,0,1.60749251715363,-1.98231317286238,0,1.08858898722096e-05,1.60751550042139,-1.9823196024465,0,0,-1.60749251715363,1.98231317286238,-0.374820655708754,0,1.08858898722096e-05,-1.60751550042139,1.9823196024465,-0.374804102025109,0
1044,20.86,0,1.60749251715363,-1.98231317286238,0,9.48872024069498e-06,1.60751255059146,-1.98231877722966,0,0,-1.60749251715363,1.98231317286238,-0.374820655708754,0,9.48872024069498e-06,-1.60751255059146,1.98231877722966,-0.374806226638195,0
1045,20.88,0,1.60749251715363,-1.98231317286238,0,8.27086965215842e-06,1.60750997935599,-1.98231805792486,0,0,-1.60749251715363,1.98231317286238,-0.374820655708754,0,8.27086965215842e-06,-1.60750997935599,1.98231805792486,-0.374808078568869,0
1046,20.9,0,1.60749251715363,-1.98231317286238,0,7.20932451295015e-06,1.60750773812662,-1.98231743093949,0,0,-1.60749251715363,1.98231317286238,-0.374820655708754,0,7.20932451295015e-06,-1.60750773812662,1.98231743093949,-0.374809692812869,0
1047,20.92,0,1.60749251715363,-1.98231317286238,0,6.28402444890704e-06,1.60750578455007,-1.98231688442518,0,0,-1.60749251715363,1.98231317286238,-0.374820655708754,0,6.28402444890704e-06,-1.60750578455007,1.98231688442518,-0.374811099875104,0
1048,20.94,0,1.60749251715363,-1.98231317286238,0,5.477483432525e-06,1.60750408170829,-1.98231640805408,0,0,-1.60749251715363,1.98231317286238,-0.374820655708754,0,5.477483432525e-06,-1.60750408170829,1.98231640805408,-0.374812326345792,0
1049,20.96,0,1.60749251715363,-1.98231317286238,0,4.77445948539477e-06,1.60750259742103,-1.98231599282375,0,0,-1.60749251715363,1.98231317286238,-0.374820655708754,0,4.77445948539477e-06,-1.60750259742103,1.98231599282375,-0.374813395402723,0
1050,20.98,0,1.60749251715363,-1.98231317286238,0,4.16166673770085e-06,1.60750130363798,-1.9823156308871,0,0,-1.60749251715363,1.98231317286238,-0.374820655708754,0,4.16166673770085e-06,-1.60750130363798,1.9823156308871,-0.374814327249122,0
1051,21,0,1.60749251715363,-1.98231317286238,0,3.62752441957647e-06,1.60750017590877,-1.98231531540412,0,0,-1.60749251715363,1.98231317286238,-0.374820655708754,0,3.62752441957647e-06,-1.60750017590877,1.98231531540412,-0.374815139495347,0
