sample,time_s,segment_index,q1_rad,q2_rad,q3_rad,q4_m,q1dot,q2dot,q3dot,q4dot,q1ddot,q2ddot,q3ddot,q4ddot,stamp_x_m,stamp_y_m,stamp_z_m
1,0,1,0,-0.887304869591048,2.12841448644512,0,0,-0,-0,0,0,-0,-0,0,0.28,0,0.18
2,0.02,1,5.79217844650567e-06,-0.887306651740555,2.12841163913442,0,0.000864452027605456,-0.000265976397086701,-0.000424946077557147,0,0.0855720188942775,-0.0263289766813098,-0.0420653692935358,0,0.280000968577092,1.62181557521108e-06,0.179999269006971
3,0.04,1,4.56402916852794e-05,-0.887318912290882,2.12839205065654,0,0.0033883062026825,-0.00104252109687611,-0.00166561866293596,0,0.165957854825265,-0.0510622578061766,-0.0815813222662513,0,0.280007631715954,1.27796299944939e-05,0.179994239888542
4,0.06,1,0.000151702202104338,-0.887351545639987,2.128339912896,0,0.00746889727065174,-0.00229804584039373,-0.00367154971876511,0,0.241263348261602,-0.074232408590038,-0.118599887822653,0,0.280025363926935,4.24804646786602e-05,0.179980852851762
5,0.08,1,0.000354103635093836,-0.887413820933691,2.12824041669229,0,0.0130056767863065,-0.00400161367297384,-0.00639331178576336,0,0.311594339671927,-0.0958719942483316,-0.153173094867247,0,0.280059191740783,9.91699819818073e-05,0.179955300841879
6,0.1,1,0.000680980515233527,-0.887514395091763,2.12807973102828,0,0.019900213113813,-0.00612293894425946,-0.00978251798273966,0,0.377056669524878,-0.116013579996495,-0.185352972304541,0,0.280113792517283,0.000190752064238539,0.179914020430923
7,0.12,1,0.00115852130248021,-0.887661325834011,2.1278449822187,0,0.0280561914267101,-0.00863238730820235,-0.013791822006593,0,0.437756178289093,-0.134689731049966,-0.21519154903904,0,0.280193491195358,0.000324610273593701,0.17985368178142
8,0.14,1,0.0018110093283552,-0.887862084706363,2.12752423309858,0,0.0373794137079094,-0.0115009757230631,-0.0183749181323127,0,0.493798706433212,-0.151933012624182,-0.242740853975252,0,0.280302255615514,0.000507630554646734,0.179771177987845
9,0.16,1,0.00266086513213175,-0.888123570106956,2.12710646221162,0,0.0477777987496955,-0.0147003724514108,-0.0234865412129779,0,0.545290094425872,-0.16777598993458,-0.268052916017683,0,0.280443690965544,0.000746224599957991,0.179663614067144
10,0.18,1,0.00372868879702256,-0.888452120312221,2.12658154299872,0,0.0591613821537255,-0.0182028970601237,-0.0290824666797582,0,0.592336182735713,-0.182251228196599,-0.291179764070839,0,0.280621033825867,0.00104635335423203,0.179528295839894
11,0.2,1,0.00503330228636718,-0.88885352650297,2.12594022298637,0,0.0714423163310295,-0.0219815204203885,-0.035119510541913,0,0.635042811831373,-0.195391292625676,-0.312173427039227,0,0.280837146222645,0.00141355018722174,0.179362718915374
12,0.22,1,0.0065917917798195,-0.889333045790483,2.12517410297507,0,0.0845348705020101,-0.0260098647077007,-0.0415555293867921,0,0.67351582218149,-0.207228748437248,-0.331085933827353,0,0.281094510035363,0.00185294331853862,0.179164557966853
13,0.24,1,0.00841955000953518,-0.88989541424259,2.12427561622781,0,0.098355430696443,-0.0302622034018647,-0.0483494203798354,0,0.707861054254704,-0.217796160846753,-0.347969313339725,0,0.281395222051125,0.00236927712985682,0.178931656457796
14,0.26,1,0.0105303185963591,-0.890544859909763,2.1232380076585,0,0.112822499753476,-0.0347134612869933,-0.0554611212645728,0,0.738184348519652,-0.227126095069629,-0.362875594480848,0,0.281740989910351,0.0029669320515548,0.178662016955288
15,0.28,1,0.012936230386013,-0.891285115851198,2.12205531302038,0,0.127856697321632,-0.0393392144515086,-0.0628516103626244,0,0.764591545444973,-0.235251116321314,-0.375856806155229,0,0.28213312914765,0.00364994276162824,0.178353792143904
16,0.3,1,0.0156478517852824,-0.892119433160903,2.12072233809448,0,0.143380759858802,-0.0441156902881408,-0.0704829065737004,0,0.787188485499306,-0.242203789817244,-0.386964977267375,0,0.282572561497023,0.00442201448462822,0.178005276631307
17,0.32,1,0.0186742250982049,-0.893050593993784,2.11923463787807,0,0.159319540632255,-0.0490197674939295,-0.0783180693756012,0,0.806081009151289,-0.248016680772858,-0.396252136721792,0,0.283059814601451,0.00528653722727469,0.177614899616232
18,0.34,1,0.0220229108622567,-0.894080924591729,2.11758849577305,0,0.175600009718629,-0.0540289760702226,-0.0863211988242173,0,0.821374956869562,-0.252722354403593,-0.403770313422986,0,0.283595023242945,0.00624659783507686,0.177181218470036
19,0.36,1,0.0257000301845408,-0.895212308309699,2.11578090277447,0,0.192151254003937,-0.059121497322677,-0.0944574355535292,0,0.833176169122761,-0.256353375924886,-0.409571536275465,0,0.284177932189305,0.00730498980054998,0.176702913264732
20,0.38,1,0.0297103070779742,-0.89644619864181,2.11380953665887,0,0.208904477183563,-0.0642761638612581,-0.102692960775608,0,0.841590486379527,-0.258942310552177,-0.413707834183735,0,0.284807900737562,0.00846422079823473,0.176178782263396
21,0.4,1,0.0340571107974751,-0.897783632247418,2.1116727411728,0,0.225792999762266,-0.0694724596002403,-0.110994996280614,0,0.846723749108497,-0.260521723500901,-0.416231236052302,0,0.285483909020463,0.00972651796447836,0.175607738372983
22,0.42,1,0.0387424981761508,-0.899225241977211,2.10936950522121,0,0.242752259054175,-0.0746905197582066,-0.119331804436799,0,0.848681797778311,-0.261124179986497,-0.417193770785673,0,0.286204566130733,0.0110938309806058,0.174988806544946
23,0.44,1,0.0437672559614848,-0.900771269899291,2.10689944205591,0,0.259719809182795,-0.0799111308580489,-0.127672688190503,0,0.847570472857606,-0.260782245224402,-0.416647467288355,0,0.286968120107373,0.0125678330564703,0.174321122095593
24,0.46,1,0.0491309431515244,-0.90242158032526,2.10426276846401,0,0.276635321081001,-0.0851157307269677,-0.135987991066158,0,0.843495614815021,-0.259528484430054,-0.414644354464853,0,0.287772469818364,0.0141499199472115,0.173603929905868
25,0.48,1,0.0548319333310683,-0.904175672836306,2.10146028395634,0,0.293440582491041,-0.0902864084964723,-0.144249097166286,0,0.836563064119195,-0.25739546281889,-0.411236461219675,0,0.288615178764129,0.0158412071691333,0.172836584449156
26,0.5,1,0.0608674570078537,-0.906032695309293,2.0984933499559,0,0.310079497964538,-0.0954059046023807,-0.152428431171497,0,0.826878661238767,-0.254415745606349,-0.406475816457326,0,0.289493490815448,0.0176425256107405,0.172018550585818
27,0.52,1,0.0672336439487441,-0.907991456942844,2.0953638689863,0,0.326498088862485,-0.10045761078482,-0.160499458340495,0,0.814548246642375,-0.250621898007867,-0.400414449082315,0,0.290404347887864,0.0195544157618961,0.171149405054438
28,0.54,1,0.0739255655159165,-0.910050441283425,2.09207426386018,0,0.34264449335525,-0.105425570088225,-0.168436684510069,0,0.799677660798657,-0.246046485238882,-0.393104387999146,0,0.29134440954145,0.0215771208075821,0.17022883858217
29,0.56,1,0.080937277003049,-0.912207819251437,2.0886274568677,0,0.358468966422573,-0.110294476861341,-0.176215656095103,0,0.782372744176251,-0.240722072514832,-0.384597662112327,0,0.29231007448005,0.0237105788526321,0.169256658530209
30,0.58,1,0.0882618599715084,-0.914461462167296,2.0850268489649,0,0.373923879853567,-0.115049676757221,-0.183812960088568,0,0.762739337243798,-0.234681225051155,-0.374946300326365,0,0.293297503907521,0.0259544145598459,0.168232791985062
31,0.6,1,0.0958914645865373,-0.916808954777525,2.0812762989622,0,0.388963722246716,-0.119677166733226,-0.191206224061526,0,0.740883280469935,-0.227956508063288,-0.364202331545765,0,0.294302646680116,0.0283079304958972,0.167157289202204
32,0.62,1,0.103817351953442,-0.919247608280836,2.07738010271282,0,0.403545099009879,-0.124163595051028,-0.198374116163131,0,0.716910414323301,-0.220580486766669,-0.352417784675034,0,0.295321266173967,0.0307700984872218,0.166030327305623
33,0.64,1,0.112029936453779,-0.921774473354217,2.07334297230121,0,0.417626732360287,-0.128496261276604,-0.205296345120624,0,0.690926579272534,-0.212585726376735,-0.339644688618679,0,0.296348968764957,0.0333395512914746,0.164852214144817
34,0.66,1,0.120518828081543,-0.92438635317902,2.06917001523149,0,0.431169461324544,-0.132663116280245,-0.211953660239337,0,0.663037615786273,-0.204004792108924,-0.325935072281206,0,0.297381233795234,0.0360145748890402,0.163623392209923
35,0.68,1,0.129272874779357,-0.927079816467044,2.06486671361591,0,0.444136241738626,-0.136652762236545,-0.218327851402694,0,0.633349364333156,-0.194870249178674,-0.311340964567122,0,0.298413444876715,0.0387931016934172,0.162344442505807
36,0.7,1,0.138280204774654,-0.929851210486625,2.06043890336325,0,0.456492146247882,-0.140454452624412,-0.224401749072208,0,0.601967665381822,-0.185214662801422,-0.295914394380934,0,0.299440922357497,0.0416727049690244,0.161016088287114
37,0.72,1,0.14752826891587,-0.932696674088718,2.05589275336729,0,0.468204364307035,-0.144058092227058,-0.230159224287481,0,0.56899835940091,-0.175070598192605,-0.279707390627147,0,0.300458956752709,0.04465059473016,0.159639198558432
38,0.74,1,0.157003883008627,-0.935612150732988,2.05123474469523,0,0.479242202180179,-0.147454237132008,-0.235585188666207,0,0.534547286859058,-0.164470620567663,-0.262771982210269,0,0.301462842917487,0.0477236153755776,0.15821479124677
39,0.76,1,0.166693270151925,-0.938593401513892,2.04647164977615,0,0.489577082940782,-0.150634094731093,-0.240665594404168,0,0.498720288224905,-0.153447295142031,-0.245160198034806,0,0.302447914717116,0.0508882452896127,0.156744035957552
40,0.78,1,0.176582103074325,-0.941636018186766,2.04161051158942,0,0.499182546471684,-0.153589523720454,-0.245387434275238,0,0.461623203967089,-0.142033187131147,-0.226924067005264,0,0.303409579928408,0.0541405986132725,0.15522825623008
41,0.8,1,0.18665554647014,-0.944735436193914,2.03665862285315,0,0.508034249465098,-0.156313034100541,-0.249738741631381,0,0.423361874554248,-0.13026086175045,-0.208115618026151,0,0.304343355087867,0.0574764293575247,0.153668931214025
42,0.82,1,0.196898299335621,-0.94788694769069,2.03162350521263,0,0.516109965422611,-0.15879778717611,-0.253708590402651,0,0.384042140455022,-0.118162884215377,-0.188786880001972,0,0.30524489998652,0.0608911379966327,0.152067696694742
43,0.84,1,0.207294637305143,-0.951085714571587,2.02651288842879,0,0.523389584655181,-0.161037595556229,-0.25728709509719,0,0.34376984213805,-0.105771819741366,-0.168989881837235,0,0.306110051499139,0.064379780642283,0.150426345402115
44,0.86,1,0.217828454987395,-0.954326781496324,2.02133468956659,0,0.529855114283139,-0.163026923154275,-0.260465410801233,0,0.302650820071969,-0.0931202335438534,-0.148776652436445,0,0.306934856427383,0.0679370808600214,0.148746826545102
45,0.88,1,0.228483308301567,-0.957605088915928,2.01609699218349,0,0.53549067823619,-0.16476088518793,-0.263235733179104,0,0.260790914725417,-0.0802406908382776,-0.128199220704109,0,0.30771560303251,0.0715574441488206,0.147031244522033
46,0.9,1,0.239242456813535,-0.960915486098824,2.01080802551789,0,0.54028251725341,-0.166235248179188,-0.265591298473217,0,0.218295966567034,-0.067165756840076,-0.107309615544734,0,0.308448850934211,0.0752349750631224,0.145281856765046
47,0.92,1,0.250088906072052,-0.964252744156921,2.00547614367756,0,0.54421898888325,-0.167446429954352,-0.267526383504077,0,0.175271816065459,-0.0539279967646865,-0.0861598658628266,0,0.309131459057864,0.0789634969152062,0.14350107068557
48,0.94,1,0.261005449944933,-0.967611569071694,2.00010980482806,0,0.547290567483532,-0.168391499644031,-0.269036305670277,0,0.131824303689329,-0.0405599758275465,-0.0648020005628927,0,0.309760611323327,0.0827365739549808,0.141691439696569
49,0.96,1,0.271974712955242,-0.970986614720277,1.99471755038124,0,0.549489844221451,-0.169068177683145,-0.270117422948502,0,0.0880592699072827,-0.0270942592440934,-0.043288048549439,0,0.310333839784283,0.086547535885074,0.139855658296049
50,0.98,1,0.282979192617483,-0.974372495901544,1.98930798418358,0,0.550811527073574,-0.169474835810922,-0.270767133893527,0,0.0440825551879614,-0.0135634122297657,-0.0216700387269731,0,0.310849044947925,0.090389504532164,0.137996556205201
51,1,1,0.294001301773784,-0.977763801362195,1.98388975170474,0,0.551252440825845,-0.169610497070899,-0.270983877638218,0,0,-0,-0,0,0.311304513030317,0.0942554224616023,0.136117091563227
52,1.02,1,0.305023410930085,-0.981155106822846,1.97847151922589,0,0.550811527073574,-0.169474835810922,-0.270767133893527,0,-0.0440825551879604,0.0135634122297654,0.0216700387269726,-0,0.311698929932641,0.0981380832922131,0.134220343189408
53,1.04,1,0.316027890592326,-0.984540988004112,1.97306195302824,0,0.54948984422145,-0.169068177683145,-0.270117422948502,0,-0.0880592699072835,0.0270942592440936,0.0432880485494393,-0,0.312031391757337,0.102030163442343,0.132309501931186
54,1.06,1,0.326997153602635,-0.987916033652695,1.96766969858141,0,0.547290567483532,-0.168391499644031,-0.269036305670277,0,-0.131824303689329,0.0405599758275465,0.0648020005628928,-0,0.312301411720363,0.105924255017322,0.130387861124801
55,1.08,1,0.337913697475516,-0.991274858567468,1.96230335973192,0,0.54421898888325,-0.167446429954351,-0.267526383504076,0,-0.175271816065458,0.0539279967646863,0.0861598658628262,-0,0.312508923355715,0.109812899532915,0.128458806202395
56,1.1,1,0.348760146734033,-0.994612116625565,1.95697147789159,0,0.54028251725341,-0.166235248179188,-0.265591298473217,0,-0.218295966567035,0.0671657568400762,0.107309615544734,-0,0.312654279950396,0.113688622159454,0.126525803486267
57,1.12,1,0.359519295246001,-0.997922513808461,1.95168251122599,0,0.53549067823619,-0.16476088518793,-0.263235733179104,0,-0.260790914725417,0.0802406908382776,0.128199220704109,-0,0.312738250191343,0.117543966167315,0.124592388217136
58,1.14,1,0.370174148560173,-1.00120082122806,1.94644481384289,0,0.529855114283139,-0.163026923154275,-0.260465410801233,0,-0.302650820071969,0.0931202335438534,0.148776652436445,-0,0.312762010049778,0.121371527256364,0.122662151868828
59,1.16,1,0.380707966242425,-1.0044418881528,1.94126661498068,0,0.523389584655181,-0.161037595556229,-0.25728709509719,0,-0.34376984213805,0.105771819741366,0.168989881837235,-0,0.312727130972151,0.125163987459869,0.120738728806565
60,1.18,1,0.391104304211947,-1.0076406550337,1.93615599819684,0,0.516109965422611,-0.15879778717611,-0.25370859040265,0,-0.384042140455022,0.118162884215377,0.188786880001972,-0,0.312635564489623,0.128914148326988,0.118825782350171
61,1.2,1,0.401347057077428,-1.01079216653048,1.93112088055633,0,0.508034249465099,-0.156313034100541,-0.249738741631382,0,-0.423361874554249,0.130260861750451,0.208115618026151,-0,0.312489623399139,0.13261496310704,0.116926990306803
62,1.22,1,0.411420500473243,-1.01389158453762,1.92616899182006,0,0.499182546471684,-0.153589523720454,-0.245387434275238,0,-0.461623203967088,0.142033187131147,0.226924067005264,-0,0.312291959707868,0.136259567682819,0.115046030040392
63,1.24,1,0.421309333395643,-1.0169342012105,1.92130785363333,0,0.489577082940782,-0.150634094731094,-0.240665594404168,0,-0.498720288224906,0.153447295142031,0.245160198034807,-0,0.31204553956858,0.139841310028809,0.113186563146814
64,1.26,1,0.430998720538941,-1.0199154519914,1.91654475871424,0,0.479242202180178,-0.147454237132008,-0.235585188666206,0,-0.534547286859059,0.164470620567663,0.26277198221027,-0,0.311753615465824,0.143353778002612,0.11135221980484
65,1.28,1,0.440474334631698,-1.02283092863567,1.91188675004219,0,0.468204364307034,-0.144058092227058,-0.230159224287481,0,-0.568998359400911,0.175070598192606,0.279707390627148,-0,0.311419695941134,0.146790825313519,0.109546582873332
66,1.3,1,0.449722398772913,-1.02567639223776,1.90734060004623,0,0.456492146247883,-0.140454452624412,-0.224401749072208,0,-0.601967665381823,0.185214662801422,0.295914394380934,-0,0.311047513169633,0.150146595550136,0.107773171804807
67,1.32,1,0.458729728768211,-1.02844778625735,1.90291278979357,0,0.444136241738625,-0.136652762236545,-0.218327851402694,0,-0.633349364333154,0.194870249178673,0.311340964567121,-0,0.310640988720009,0.153415544188631,0.106035426444559
68,1.34,1,0.467483775466024,-1.03114124954537,1.89860948817799,0,0.431169461324544,-0.132663116280245,-0.211953660239337,0,-0.663037615786272,0.204004792108924,0.325935072281206,-0,0.310204197844864,0.156592458543464,0.104336690783053
69,1.36,1,0.475972667093789,-1.03375312937017,1.89443653110827,0,0.417626732360287,-0.128496261276604,-0.205296345120624,0,-0.690926579272533,0.212585726376735,0.339644688618678,-0,0.309741332658794,0.159672475662782,0.102680196727232
70,1.38,1,0.484185251594126,-1.03627999444355,1.89039940069666,0,0.403545099009879,-0.124163595051028,-0.198374116163131,0,-0.7169104143233,0.220580486766669,0.352417784675033,-0,0.309256664567325,0.162651098209977,0.101069047953964
71,1.4,1,0.49211113896103,-1.03871864794686,1.88650320444728,0,0.388963722246716,-0.119677166733226,-0.191206224061526,0,-0.740883280469935,0.227956508063288,0.364202331545764,-0,0.308754506311199,0.165524208410574,0.0995062039059511
72,1.42,1,0.499740743576059,-1.04106614055709,1.88275265444458,0,0.373923879853566,-0.115049676757221,-0.183812960088567,0,-0.762739337243799,0.234681225051156,0.374946300326365,-0,0.308239173987596,0.168288080178806,0.0979944639873111
73,1.44,1,0.507065326544519,-1.04331978347295,1.87915204654178,0,0.358468966422574,-0.110294476861342,-0.176215656095103,0,-0.782372744176253,0.240722072514833,0.384597662112328,-0,0.307714949403099,0.170939389570258,0.0965364520125522
74,1.46,1,0.514077038031651,-1.04547716144096,1.87570523954929,0,0.34264449335525,-0.105425570088225,-0.168436684510069,0,-0.799677660798655,0.246046485238882,0.393104387999146,-0,0.307186043102772,0.173475223735294,0.0951346009591022
75,1.48,1,0.520768959598824,-1.04753614578155,1.87241563442318,0,0.326498088862485,-0.10045761078482,-0.160499458340494,0,-0.814548246642374,0.250621898007867,0.400414449082315,-0,0.306656558406026,0.175893088571959,0.0937911380697677
76,1.5,1,0.527135146539714,-1.0494949074151,1.86928615345358,0,0.310079497964538,-0.0954059046023807,-0.152428431171497,0,-0.826878661238767,0.254415745606349,0.406475816457326,-0,0.306130456763353,0.178190915296373,0.0925080703476561
77,1.52,1,0.5331706702165,-1.05135192988808,1.86631921945313,0,0.29344058249104,-0.0902864084964721,-0.144249097166286,0,-0.836563064119195,0.25739546281889,0.411236461219675,-0,0.305611524728802,0.180367066162901,0.0912871704821925
78,1.54,1,0.538871660396043,-1.05310602239913,1.86351673494546,0,0.276635321081,-0.0851157307269676,-0.135987991066158,0,-0.84349561481502,0.259528484430053,0.414644354464852,-0,0.305103342821636,0.182420339575357,0.0901299632409192
79,1.56,1,0.544235347586083,-1.0547563328251,1.86088006135356,0,0.259719809182795,-0.079911130858049,-0.127672688190503,0,-0.847570472857607,0.260782245224402,0.416647467288355,-0,0.304609256527186,0.184349974834152,0.0890377123578111
80,1.58,1,0.549260105371417,-1.05630236074718,1.85840999818827,0,0.242752259054176,-0.0746905197582068,-0.119331804436799,0,-0.848681797778313,0.261124179986497,0.417193770785674,-0,0.304132349661714,0.186155656762461,0.0880114079448527
81,1.6,1,0.553945492750093,-1.05774397047697,1.85610676223668,0,0.225792999762266,-0.0694724596002402,-0.110994996280614,0,-0.846723749108498,0.260521723500901,0.416231236052303,-0,0.303675420299293,0.187837520447445,0.0870517544495982
82,1.62,1,0.558292296469593,-1.05908140408258,1.85396996675061,0,0.208904477183564,-0.0642761638612584,-0.102692960775608,0,-0.841590486379529,0.258942310552177,0.413707834183736,-0,0.303240959430371,0.189396156320354,0.0861591591773316
83,1.64,1,0.562302573363026,-1.06031529441469,1.85199860063501,0,0.192151254003938,-0.0591214973226774,-0.0944574355535299,0,-0.833176169122763,0.256353375924887,0.409571536275466,-0,0.302831132491825,0.190832615782352,0.0853337213922134
84,1.66,1,0.565979692685311,-1.06144667813266,1.85019100763642,0,0.17560000971863,-0.0540289760702229,-0.0863211988242176,0,-0.821374956869563,0.252722354403593,0.403770313422987,-0,0.302447763876821,0.192148417561529,0.0845752220073716
85,1.68,1,0.569328378449362,-1.06247700873061,1.84854486553141,0,0.159319540632254,-0.0490197674939294,-0.078318069375601,0,-0.806081009151287,0.248016680772857,0.396252136721791,-0,0.302092324499535,0.193345554961247,0.0838831138691956
86,1.7,1,0.572354751762285,-1.06340816956349,1.84705716531499,0,0.143380759858802,-0.0441156902881407,-0.0704829065737001,0,-0.787188485499305,0.242203789817243,0.386964977267374,-0,0.301765922454557,0.194426504131301,0.0832565126360022
87,1.72,1,0.575066373161555,-1.06424248687319,1.8457241903891,0,0.127856697321631,-0.0393392144515085,-0.0628516103626243,0,-0.764591545444973,0.235251116321313,0.375856806155229,-0,0.301469296773177,0.195394233461984,0.082694188245691
88,1.74,1,0.577472284951209,-1.06498274281463,1.84454149575097,0,0.112822499753477,-0.0347134612869934,-0.0554611212645729,0,-0.738184348519651,0.227126095069629,0.362875594480847,-0,0.301202814238584,0.196252214167761,0.0821945569608132
89,1.76,1,0.579583053538033,-1.0656321884818,1.84350388718166,0,0.0983554306964407,-0.0302622034018639,-0.0483494203798343,0,-0.707861054254701,0.217796160846752,0.347969313339724,-0,0.300966469178606,0.197004432092534,0.0817556739725767
90,1.78,1,0.581410811767748,-1.06619455693391,1.84260540043441,0,0.0845348705020108,-0.0260098647077009,-0.0415555293867925,0,-0.673515822181489,0.207228748437247,0.331085933827352,-0,0.30075988610789,0.197655400733299,0.0813752265375024
91,1.8,1,0.5829693012612,-1.06667407622142,1.84183928042311,0,0.071442316331028,-0.0219815204203881,-0.0351195105419123,0,-0.635042811831372,0.195391292625675,0.312173427039226,-0,0.300582325040579,0.198210175444062,0.0810505276116336
92,1.82,1,0.584273914750545,-1.06707548241217,1.84119796041075,0,0.0591613821537266,-0.0182028970601241,-0.0290824666797587,0,-0.592336182735716,0.1822512281966,0.29117976407084,-0,0.300432689239403,0.198674368747999,0.0807785099372231
93,1.84,1,0.585341738415436,-1.06740403261743,1.84067304119786,0,0.0477777987496969,-0.0147003724514113,-0.0234865412129786,0,-0.545290094425872,0.16777598993458,0.268052916017683,-0,0.300309535107149,0.199054166653735,0.0805557205255426
94,1.86,1,0.586191594219213,-1.06766551801803,1.8402552703109,0,0.0373794137079075,-0.0115009757230625,-0.0183749181323118,0,-0.493798706433212,0.151933012624182,0.242740853975252,-0,0.300211083861241,0.199356345841967,0.0803783154667711
95,1.88,1,0.586844082245087,-1.06786627689038,1.83993452119077,0,0.0280561914267102,-0.0086323873082024,-0.0137918220065931,0,-0.437756178289095,0.134689731049966,0.215191549039041,-0,0.300135234561513,0.199588291561948,0.0802420549836952
96,1.9,1,0.587321623032333,-1.06801320763263,1.8396997723812,0,0.0199002131138135,-0.00612293894425961,-0.0097825179827399,0,-0.377056669524877,0.116013579996495,0.185352972304541,-0,0.300079577984708,0.199758016054109,0.0801422986301077
97,1.92,1,0.587648499912474,-1.0681137817907,1.83953908671719,0,0.0130056767863076,-0.00400161367297418,-0.0063933117857639,0,-0.311594339671932,0.095871994248333,0.153173094867249,-0,0.300041410756761,0.199874177295373,0.0800740005172976
98,1.94,1,0.587850901345463,-1.0681760570844,1.83943959051347,0,0.00746889727065224,-0.00229804584039388,-0.00367154971876535,0,-0.241263348261604,0.0742324085900384,0.118599887822654,-0,0.300017749065288,0.199946097847587,0.080031704432799
99,1.96,1,0.587956963255881,-1.06820869043351,1.83938745275294,0,0.00338830620268254,-0.00104252109687612,-0.00166561866293598,0,-0.165957854825264,0.0510622578061762,0.0815813222662507,-0,0.300005341179912,0.199983783576505,0.0800095386946961
100,1.98,1,0.587996811369121,-1.06822095098383,1.83936786427506,0,0.000864452027605099,-0.000265976397086591,-0.000424946077556972,0,-0.085572018894278,0.02632897668131,0.042065369293536,-0,0.300000677907196,0.199997941998157,0.0800012105622919
101,2,1,0.588002603547568,-1.06822273313334,1.83936501696436,0,0,-0,-0,0,0,-0,-0,0,0.3,0.2,0.08
102,2.02,2,0.588002603547568,-1.06822244389632,1.83936502377624,6.89542e-07,0,4.31670973266218e-05,1.0166381167492e-06,0.0001029105,0,0.00427310660404943,0.000100636904486285,0.0101871,0.300000001221518,0.200000000814346,0.079999408978438
103,2.04,2,0.588002603547568,-1.06822045404919,1.83936507063958,5.433344e-06,0,0.000169197756443169,3.98481480390138e-06,0.000403368,0,0.00828723705027768,0.000195174602640068,0.0197568,0.300000009624476,0.200000006416317,0.079995342961766
104,2.06,2,0.588002603547568,-1.06821515776361,1.83936519537361,1.8059706e-05,0,0.000372965306470326,8.78379067079271e-06,0.0008891505,0,0.0120476765663954,0.000283737568059971,0.0287217,0.300000031984693,0.200000021323129,0.0799845206301435
105,2.08,2,0.588002603547568,-1.06820505068759,1.83936543340765,4.2155008e-05,0,0.000649448781082986,1.52953157987318e-05,0.001548288,0,0.0155597103801132,0.000366450274344617,0.0370944,0.300000074633034,0.200000049755356,0.0799638680186662
106,2.1,2,0.588002603547568,-1.06818872783144,1.83936581783095,8.106875e-05,0,0.000993732918510259,2.34036297409998e-05,0.0023690625,0,0.0188286237191417,0.000443437195092628,0.0448875,0.300000143447738,0.200000095631826,0.0799305141974731
107,2.12,2,0.588002603547568,-1.06816488145364,1.83936637944241,0.000137918592,0,0.00140100816153546,3.29954615228502e-05,0.003340008,0,0.0218597018111916,0.000514822803902627,0.0521136,0.30000024384267,0.20000016256178,0.0798817869518512
108,2.14,2,0.588002603547568,-1.06813229894678,1.83936714680043,0.000215595394,0,0.00186657065749614,4.3960029641509e-05,0.0044499105,0,0.0246582298839736,0.000580731574373237,0.0587853,0.300000380752812,0.200000253835208,0.0798152084623378
109,2.16,2,0.588002603547568,-1.06808986072346,1.83936814627267,0.000316768256,0,0.00238582225828402,5.61890420661746e-05,0.005687808,0,0.0272294931651981,0.000641287980103079,0.0649152,0.300000558618178,0.200000372412119,0.0797284909848163
110,2.18,2,0.588002603547568,-1.0680365381022,1.83936940208584,0.000443889558,0,0.00295427052034508,6.95766962380178e-05,0.0070429905,0,0.0295787768825759,0.000696616494690777,0.0705159,0.300000781367188,0.200000520911459,0.0796195325306026
111,2.2,2,0.588002603547568,-1.06797139119332,1.83937093637549,0.0005992,0,0.00356752870467949,8.40196790701822e-05,0.008505,0,0.0317113662638177,0.000746841591734952,0.0756,0.300001052400442,0.200000701600295,0.0794864125465193
112,2.22,2,0.588002603547568,-1.06789356678491,1.83937276923581,0.000784733642,0,0.00422131577684162,9.94171669477833e-05,0.0100636305,0,0.033632546536634,0.000792087744834228,0.0801801,0.30000137457567,0.20000091638378,0.0793273875949531
113,2.24,2,0.588002603547568,-1.06780229622869,1.83937491876942,0.001002322944,0,0.00491145640694008,0.000115670825727909,0.011708928,0,0.0353476029287354,0.000832479427587227,0.0842688,0.300001750194561,0.200001166796374,0.079140887033892
114,2.26,2,0.588002603547568,-1.06769689332591,1.83937740113713,0.001253603806,0,0.00563388096963768,0.000132684810739621,0.0134311905,0,0.0368618206678327,0.000868141113592571,0.0878787,0.300002180992046,0.200001453994697,0.0789255086969396
115,2.28,2,0.588002603547568,-1.06757675221331,1.83938023060777,0.001540020608,0,0.00638462554415143,0.000150365766783952,0.015220968,0,0.0381804849816365,0.000899197276448883,0.0910224,0.300002668128519,0.200001778752346,0.0786800145733025
116,2.3,2,0.588002603547568,-1.067441345249,1.83938341960795,0.00186283125,0,0.00715983191425258,0.000168622828133907,0.0170690625,0,0.0393088810978573,0.000925772389754785,0.0937125,0.300003212185379,0.200002141456919,0.078403326487751
117,2.32,2,0.588002603547568,-1.06729022089834,1.83938697877187,0.002223112192,0,0.00795574756826658,0.000187367618534465,0.018966528,0,0.0402522942442059,0.0009479909271089,0.0959616,0.300003813164194,0.200002542109463,0.0780945217805487
118,2.34,2,0.588002603547568,-1.06712300161991,1.83939091699109,0.002621763494,0,0.00876872569907308,0.000206514251202576,0.0209046705,0,0.0410160096483928,0.00096597736210985,0.0977823,0.300004470489717,0.200002980326478,0.0777528289873536
119,2.36,2,0.588002603547568,-1.06693938175137,1.83939524146433,0.003059513856,0,0.00959522520410595,0.000225979328827162,0.022875048,0,0.0416053125381288,0.000979856168356257,0.0991872,0.30000518301688,0.200003455344587,0.0773776235190912
120,2.38,2,0.588002603547568,-1.06673912539539,1.83939995774727,0.003536925658,0,0.0104318106853533,0.00024568194356912,0.0248694705,0,0.0420254881411244,0.000989751819446746,0.1001889,0.300005949041863,0.200003966027909,0.0769684233417999
121,2.4,2,0.588002603547568,-1.06652206430556,1.83940506980231,0.0040544,0,0.0112751524493574,0.000265543677061316,0.02688,0,0.0422818216850902,0.000995788788979936,0.1008,0.300006766317228,0.200004510878152,0.0765248846564543
122,2.42,2,0.588002603547568,-1.06628809577228,1.8394105800484,0.004612181742,0,0.0121220265072148,0.000285488600408593,0.0288989505,0,0.042379598397737,0.000998091550554453,0.1010331,0.30000763207109,0.200005088047394,0.0760467975787698
123,2.44,2,0.588002603547568,-1.0660371805087,1.83941648941078,0.005210364544,0,0.0129693145745761,0.000305443274187761,0.030918888,0,0.0423241035067753,0.000996784577768917,0.1009008,0.300008543030215,0.200005695353477,0.0755340818189936
124,2.46,2,0.588002603547568,-1.06576934053659,1.83942279737081,0.005848895906,0,0.0138140040716465,0.000325336748447606,0.0329326305,0,0.0421206222399158,0.000991992344221951,0.1004157,0.300009495446897,0.200006330297931,0.0749867823616901
125,2.48,2,0.588002603547568,-1.06548465707229,1.83942950201576,0.006527582208,0,0.0146531881231849,0.000345100562708887,0.034933248,0,0.0417744398248691,0.000983839323512177,0.0995904,0.300010485129429,0.200006990086286,0.0744050651455263
126,2.5,2,0.588002603547568,-1.0651832684126,1.83943660008856,0.00724609375,0,0.0154840655585047,0.000364668745964332,0.0369140625,0,0.0412908414893459,0.000972449989238219,0.0984375,0.300011507475938,0.200007671650625,0.0737892127430661
127,2.52,2,0.588002603547568,-1.06486536782066,1.83944408703763,0.008003969792,0,0.0163039409114736,0.000383977816678645,0.038868648,0,0.0406751124610568,0.000957948814998699,0.0969696,0.300012557511315,0.20000837167421,0.0731396200405835
128,2.54,2,0.588002603547568,-1.06453120141192,1.83945195706665,0.008800623594,0,0.0171102244205133,0.000402966782788501,0.0407908305,0,0.0399325379677124,0.000940460274392239,0.0951993,0.30001362992696,0.200009086617973,0.0724567899179007
129,2.56,2,0.588002603547568,-1.06418106604,1.83946020318434,0.009635347456,0,0.0179004320285998,0.000421577141702546,0.042674688,0,0.0390684032370234,0.000920108841017461,0.0931392,0.300014719123009,0.200009812748673,0.0717413289282624
130,2.58,2,0.588002603547568,-1.06381530718262,1.83946881725429,0.010507317758,0,0.0186721853832633,0.000439752880301401,0.0445145505,0,0.0380879934967003,0.000897018988472989,0.0908019,0.300015819252733,0.200010546168489,0.0709939429782557
131,2.6,2,0.588002603547568,-1.0634343168275,1.83947779004471,0.0114156,0,0.0194232118365883,0.000457440474937658,0.046305,0,0.0369965939744539,0.000871315190357445,0.0882,0.30001692426872,0.200011282845814,0.0702154330077819
132,2.62,2,0.588002603547568,-1.06303853135828,1.83948711127822,0.012359153842,0,0.0201513444452134,0.000474588891435883,0.0480408705,0,0.0357994898979948,0.00084312192026945,0.0853461,0.300018027970508,0.200012018647005,0.0694066906700906
133,2.64,2,0.588002603547568,-1.06262842944041,1.83949676968166,0.013336838144,0,0.0208545219703314,0.000491149585092611,0.049717248,0,0.0345019664950336,0.000812563651807628,0.0822528,0.300019124053263,0.200012749368842,0.0685686940118834
134,2.66,2,0.588002603547568,-1.06220452990708,1.83950675303588,0.014347416006,0,0.0215307888776895,0.000507076500676353,0.0513294705,0,0.033109308993281,0.000779764858570602,0.0789327,0.300020206157149,0.200013470771433,0.0677025031534914
135,2.68,2,0.588002603547568,-1.06176738964511,1.83951704822551,0.015389559808,0,0.0221782953375888,0.000522326072427591,0.052873128,0,0.0316268026204475,0.000744850014156992,0.0753984,0.300021267916979,0.200014178611319,0.0668092559691363
136,2.7,2,0.588002603547568,-1.06131760148088,1.83952764128876,0.01646185625,0,0.0227952972248849,0.00053685722405878,0.0543440625,0,0.0300597326042438,0.000707943592165424,0.0716625,0.300022303011782,0.200014868674521,0.0658901637672745
137,2.72,2,0.588002603547568,-1.06085579206622,1.8395385174672,0.017562811392,0,0.0233801561189875,0.000550631368754346,0.055738368,0,0.0284133841723806,0.000669170066194517,0.0677376,0.3000233052139,0.200015536809267,0.0649465069710312
138,2.74,2,0.588002603547568,-1.06038261976434,1.83954966125559,0.018690855694,0,0.0239313393038605,0.000563612409170689,0.0570523905,0,0.0266930425525685,0.000628653909842896,0.0636363,0.300024268437244,0.200016178958163,0.0639796307987232
139,2.76,2,0.588002603547568,-1.0598987725357,1.8395610564516,0.019844349056,0,0.024447419768022,0.000575766737436181,0.058282728,0,0.0249039929725181,0.000586519596709183,0.0593712,0.300025186784336,0.200016791189557,0.0629909409444708
140,2.78,2,0.588002603547568,-1.05940496582396,1.83957268620566,0.021021585858,0,0.0249270762045443,0.000587063235151167,0.0594262305,0,0.0230515206599401,0.000542891600391999,0.0549549,0.3000260545918,0.200017369727867,0.0619818992588981
141,2.8,2,0.588002603547568,-1.05890194044187,1.83958453307073,0.0222208,0,0.0253690930110541,0.000597473273387962,0.06048,0,0.0211409108425451,0.000497894394489968,0.0504,0.300026866473953,0.200017910982636,0.0609540194299167
142,2.82,2,0.588002603547568,-1.05839046045719,1.83959657905205,0.023440169942,0,0.0257723602897321,0.000606970712690857,0.0614413905,0,0.0191774487480437,0.000451652452601712,0.0457190999999999,0.30002761736418,0.20001841157612,0.059908862663588
143,2.84,2,0.588002603547568,-1.05787131107858,1.83960880565702,0.024677823744,0,0.0261358738473132,0.000615531903076113,0.062308008,0,0.0171664196041467,0.000404290248325855,0.0409248000000001,0.300028302553777,0.200018868369185,0.0588480333650582
144,2.86,2,0.588002603547568,-1.05734529654152,1.83962119394489,0.025931844106,0,0.0264587351950867,0.000623135684031965,0.0630777105,0,0.0151131086385645,0.000355932255261017,0.0360297000000001,0.300028917728004,0.200019278485336,0.0577731748195557
145,2.88,2,0.588002603547568,-1.05681323799423,1.83963372457663,0.027200273408,0,0.026740151548896,0.000629763384518618,0.063748608,0,0.0130228010790078,0.000306702947005821,0.0310464,0.300029458999058,0.200019639332705,0.0566859648734432
146,2.9,2,0.588002603547568,-1.05627597138355,1.83964637786464,0.02848111875,0,0.0269794358291386,0.000635398822968252,0.0643190625,0,0.0109007821531873,0.00025672679715889,0.0259875,0.30002992293575,0.200019948623834,0.0555881116153117
147,2.92,2,0.588002603547568,-1.05573434534087,1.83965913382263,0.029772356992,0,0.0271760066607665,0.00064002830728502,0.064787688,0,0.00875233708881368,0.000206128279318847,0.0208656,0.300030306589659,0.200020204393106,0.0544813490571043
148,2.94,2,0.588002603547568,-1.05518921906807,1.83967197221533,0.031071939794,0,0.0273293883732856,0.000643640634845043,0.0651533505,0,0.00658275111359747,0.000155031867084314,0.0156933,0.300030607517579,0.200020405011719,0.0533674328152565
149,2.96,2,0.588002603547568,-1.05464146022333,1.83968487260834,0.032377798656,0,0.0274392110007562,0.00064622709249642,0.065415168,0,0.00439730945524933,0.000103562034053912,0.0104831999999999,0.30003082380011,0.200020549200074,0.0522481357918386
150,2.98,2,0.588002603547568,-1.05409194280717,1.83969781441786,0.033687849958,0,0.0275052102817927,0.000647781456559218,0.0655725105,0,0.00220129734148002,5.18432538262682e-05,0.00524790000000003,0.300030954056244,0.200020636037496,0.0511252438556849
151,3,2,0.588002603547568,-1.05354154504824,1.83971077696053,0.035,0,0.0275272276595639,0.00064829999282548,0.065625,0,0,0,0,0.300030997453851,0.200020664969234,0.0500005515234938
152,3.02,2,0.588002603547568,-1.05299114728931,1.8397237395032,0.036312150042,0,0.0275052102817927,0.000647781456559218,0.0655725105,-0,-0.00220129734147997,-5.1843253826267e-05,-0.00524789999999991,0.300030953715992,0.200020635810661,0.0488758576408845
153,3.04,2,0.588002603547568,-1.05244162987315,1.83973668131272,0.037622201344,0,0.0274392110007561,0.000646227092496419,0.065415168,-0,-0.00439730945524937,-0.000103562034053913,-0.0104832,0.300030823123015,0.200020548748677,0.0477529610633932
154,3.06,2,0.588002603547568,-1.05189387102841,1.83974958170572,0.038928060206,0,0.0273293883732856,0.000643640634845043,0.0651533505,-0,-0.00658275111359749,-0.000155031867084314,-0.0156933,0.300030606510413,0.200020404340275,0.0466336563373934
155,3.08,2,0.588002603547568,-1.05134874475561,1.83976242009843,0.040227643008,0,0.0271760066607664,0.000640028307285019,0.064787688,-0,-0.00875233708881364,-0.000206128279318846,-0.0208655999999999,0.300030305262461,0.200020203508308,0.0455197293809272
156,3.1,2,0.588002603547568,-1.05080711871293,1.83977517605642,0.04151888125,0,0.0269794358291386,0.000635398822968252,0.0643190625,-0,-0.0109007821531873,-0.00025672679715889,-0.0259875000000001,0.300029921301693,0.200019947534462,0.0444129531644315
157,3.12,2,0.588002603547568,-1.05026985210225,1.83978782934443,0.042799726592,0,0.026740151548896,0.000629763384518618,0.063748608,-0,-0.0130228010790078,-0.000306702947005821,-0.0310464,0.30002945707426,0.200019638049507,0.0433150833913469
158,3.14,2,0.588002603547568,-1.04973779355496,1.83980035997616,0.044068155894,0,0.0264587351950867,0.000623135684031964,0.0630777105,-0,-0.0151131086385645,-0.000355932255261017,-0.0360297000000001,0.300028915531314,0.200019277020876,0.0422278541785973
159,3.16,2,0.588002603547568,-1.0492117790179,1.83981274826404,0.045322176256,0,0.0261358738473132,0.000615531903076113,0.062308008,-0,-0.0171664196041466,-0.000404290248325854,-0.0409248,0.300028300106517,0.200018866737678,0.0411529737369313
160,3.18,2,0.588002603547568,-1.04869262963929,1.839824974869,0.046559830058,0,0.0257723602897321,0.000606970712690857,0.0614413905,-0,-0.0191774487480437,-0.000451652452601712,-0.0457190999999999,0.300027614689852,0.200018409793235,0.0400921200511137
161,3.2,2,0.588002603547568,-1.04818114965461,1.83983702085033,0.0477792,0,0.0253690930110542,0.000597473273387962,0.0604800000000001,-0,-0.0211409108425451,-0.000497894394489969,-0.0504,0.300026863597926,0.200017909065284,0.0390469365599629
162,3.22,2,0.588002603547568,-1.04767812427252,1.83984886771539,0.048978414142,0,0.0249270762045443,0.000587063235151166,0.0594262305,-0,-0.0230515206599401,-0.000542891600391998,-0.0549548999999999,0.300026051540966,0.200017367693977,0.038019027836228
163,3.24,2,0.588002603547568,-1.04718431756078,1.83986049746945,0.050155650944,0,0.024447419768022,0.000575766737436182,0.0582827280000001,-0,-0.0249039929725182,-0.000586519596709184,-0.0593712000000001,0.300025183586755,0.200016789057836,0.0370099552663039
164,3.26,2,0.588002603547568,-1.04670047033214,1.83987189266547,0.051309144306,0,0.0239313393038605,0.000563612409170688,0.0570523905,-0,-0.0266930425525686,-0.000628653909842897,-0.0636363000000001,0.300024265121774,0.20001617674785,0.0360212327297828
165,3.28,2,0.588002603547568,-1.04622729803026,1.83988303645385,0.0524371886080001,0,0.0233801561189875,0.000550631368754345,0.0557383679999999,-0,-0.0284133841723807,-0.000669170066194518,-0.0677376000000001,0.300023301809822,0.200015534539881,0.0350543222788432
166,3.3,2,0.588002603547568,-1.0457654886156,1.8398939126323,0.05353814375,0,0.0227952972248849,0.000536857224058781,0.0543440625000001,-0,-0.0300597326042439,-0.000707943592165425,-0.0716625000000001,0.300022299548421,0.200014866365614,0.0341106298174831
167,3.32,2,0.588002603547568,-1.04531570045137,1.83990450569555,0.054610440192,0,0.0221782953375888,0.00052232607242759,0.0528731279999999,-0,-0.0316268026204474,-0.000744850014156991,-0.0753983999999998,0.300021264423338,0.200014176282226,0.0331915007805999
168,3.34,2,0.588002603547568,-1.0448785601894,1.83991480088518,0.055652583994,0,0.0215307888776895,0.000507076500676353,0.0513294705,-0,-0.0331093089932809,-0.000779764858570601,-0.0789326999999999,0.300020202661546,0.200013468441031,0.0322982158129296
169,3.36,2,0.588002603547568,-1.04445466065607,1.8399247842394,0.056663161856,0,0.0208545219703314,0.000491149585092611,0.049717248,-0,-0.0345019664950336,-0.000812563651807628,-0.0822527999999999,0.300019120582988,0.200012747055326,0.0314319864478518
170,3.38,2,0.588002603547568,-1.0440445587382,1.83993444264284,0.057640846158,0,0.0201513444452134,0.000474588891435883,0.0480408705,-0,-0.0357994898979948,-0.000843121920269449,-0.0853460999999999,0.300018024551503,0.200012016367668,0.0305939507860766
171,3.4,2,0.588002603547568,-1.04364877326898,1.83994376387635,0.0585844,0,0.0194232118365883,0.000457440474937659,0.046305,-0,-0.0369965939744539,-0.000871315190357444,-0.0882,0.300016920925283,0.200011280616855,0.029785169174226
172,3.42,2,0.588002603547568,-1.04326778291386,1.83995273666677,0.059492682242,0,0.0186721853832633,0.0004397528803014,0.0445145504999999,-0,-0.0380879934967004,-0.00089701898847299,-0.0908019000000001,0.300015816007252,0.200010544004835,0.0290066198833277
173,3.44,2,0.588002603547568,-1.04290202405648,1.83996135073672,0.060364652544,0,0.0179004320285998,0.000421577141702546,0.042674688,-0,-0.0390684032370234,-0.000920108841017463,-0.0931392000000001,0.300014715995735,0.200009810663823,0.0282591947872374
174,3.46,2,0.588002603547568,-1.04255188868456,1.83996959685441,0.061199376406,0,0.0171102244205133,0.000402966782788501,0.0407908305,-0,-0.0399325379677123,-0.000940460274392238,-0.0951992999999999,0.300013626935811,0.200009084623874,0.0275436950410101
175,3.48,2,0.588002603547568,-1.04221772227582,1.83997746688343,0.061996030208,0,0.0163039409114736,0.000383977816678645,0.038868648,-0,-0.0406751124610568,-0.000957948814998699,-0.0969696,0.300012554671726,0.200008369781151,0.0268608267592407
176,3.5,2,0.588002603547568,-1.04189982168388,1.83998495383249,0.06275390625,0,0.0154840655585047,0.000364668745964332,0.0369140625,-0,-0.0412908414893459,-0.000972449989238219,-0.0984375,0.300011504800747,0.200007669867165,0.0262111966943927
177,3.52,2,0.588002603547568,-1.04159843302418,1.8399920519053,0.0634724177920001,0,0.0146531881231848,0.000345100562708886,0.034933248,-0,-0.0417744398248691,-0.000983839323512177,-0.0995904,0.30001048262881,0.200006988419207,0.0255953079151401
178,3.54,2,0.588002603547568,-1.04131374955989,1.83999875655024,0.064151104094,0,0.0138140040716465,0.000325336748447606,0.0329326305,-0,-0.0421206222399158,-0.000991992344221949,-0.1004157,0.300009493128336,0.200006328752224,0.0250135554847386
179,3.56,2,0.588002603547568,-1.04104590958778,1.84000506451028,0.064789635456,0,0.0129693145745762,0.000305443274187761,0.0309188880000001,-0,-0.0423241035067754,-0.000996784577768918,-0.1009008,0.300008540898526,0.200005693932351,0.0244662221394522
180,3.58,2,0.588002603547568,-1.0407949943242,1.84001097387266,0.065387818258,0,0.0121220265072148,0.000285488600408593,0.0288989505000001,-0,-0.0423795983977371,-0.000998091550554455,-0.1010331,0.300007630128472,0.200005086752314,0.0239534739670516
181,3.6,2,0.588002603547568,-1.04056102579092,1.84001648411875,0.0659456,0,0.0112751524493574,0.000265543677061316,0.02688,-0,-0.0422818216850903,-0.000995788788979937,-0.1008,0.300006764563364,0.20000450970891,0.0234753560854065
182,3.62,2,0.588002603547568,-1.04034396470109,1.84002159617379,0.066463074342,0,0.0104318106853533,0.000245681943569121,0.0248694705000001,-0,-0.0420254881411245,-0.000989751819446748,-0.1001889,0.300005947474059,0.200003964982706,0.0230317883211878
183,3.64,2,0.588002603547568,-1.04014370834511,1.84002631245673,0.0669404861439999,0,0.00959522520410602,0.000225979328827163,0.0228750480000002,-0,-0.0416053125381289,-0.00097985616835626,-0.0991872000000002,0.30000518163023,0.200003454420154,0.0226225608886969
184,3.66,2,0.588002603547568,-1.03996008847657,1.84003063692997,0.067378236506,0,0.00876872569907311,0.000206514251202576,0.0209046705000001,-0,-0.0410160096483929,-0.000965977362109852,-0.0977823000000002,0.300004469277305,0.200002979518203,0.0222473300688358
185,3.68,2,0.588002603547568,-1.03979286919814,1.84003457514919,0.067776887808,0,0.00795574756826656,0.000187367618534464,0.018966528,-0,-0.0402522942442058,-0.000947990927108897,-0.0959615999999997,0.30000381211732,0.200002541411547,0.0219056138882306
186,3.7,2,0.588002603547568,-1.03964174484748,1.84003813431311,0.06813716875,0,0.00715983191425255,0.000168622828133907,0.0170690624999999,-0,-0.0393088810978572,-0.000925772389754783,-0.0937124999999998,0.300003211293807,0.200002140862538,0.0215967877985161
187,3.72,2,0.588002603547568,-1.03950633788317,1.84004132331329,0.068459979392,0,0.00638462554415142,0.000150365766783952,0.015220968,-0,-0.0381804849816364,-0.000899197276448882,-0.0910224,0.300002667380742,0.200001778253828,0.0213200803557892
188,3.74,2,0.588002603547568,-1.03938619677057,1.84004415278393,0.068746396194,0,0.00563388096963769,0.000132684810739622,0.0134311905,-0,-0.0368618206678327,-0.000868141113592569,-0.0878786999999999,0.300002180375563,0.200001453583709,0.021074568900232
189,3.76,2,0.588002603547568,-1.03928079386779,1.84004663515164,0.0689976770560001,0,0.00491145640693996,0.000115670825727907,0.0117089279999997,-0,-0.0353476029287353,-0.000832479427587224,-0.0842687999999997,0.300001749696165,0.20000116646411,0.0208591752359065
190,3.78,2,0.588002603547568,-1.03918952331157,1.84004878468524,0.0692152663579999,0,0.00422131577684165,9.94171669477841e-05,0.0100636305000001,-0,-0.0336325465366339,-0.000792087744834227,-0.0801800999999998,0.300001374181733,0.200000916121155,0.020672661310715
191,3.8,2,0.588002603547568,-1.03911169890316,1.84005061754557,0.0694008,0,0.00356752870467941,8.40196790701804e-05,0.00850499999999983,-0,-0.0317113662638176,-0.000746841591734951,-0.0755999999999999,0.300001052097202,0.200000701398134,0.0205136248965173
192,3.82,2,0.588002603547568,-1.03904655199428,1.84005215183522,0.069556110442,0,0.00295427052034514,6.95766962380192e-05,0.00704299050000014,-0,-0.0295787768825761,-0.00069661649469078,-0.0705159000000004,0.300000781141027,0.200000520760685,0.020380495269397
193,3.84,2,0.588002603547568,-1.03899322937302,1.84005340764839,0.069683231744,0,0.00238582225828409,5.61890420661762e-05,0.00568780800000017,-0,-0.0272294931651981,-0.000641287980103079,-0.0649152,0.300000558455895,0.20000037230393,0.0202715288900556
194,3.86,2,0.588002603547568,-1.0389507911497,1.84005440712063,0.0697844046060001,0,0.00186657065749604,4.39600296415067e-05,0.00444991049999977,-0,-0.0246582298839736,-0.000580731574373237,-0.0587853000000001,0.300000380641878,0.200000253761252,0.0201848050843187
195,3.88,2,0.588002603547568,-1.03891820864284,1.84005517447865,0.069862081408,0,0.00140100816153547,3.29954615228504e-05,0.00334000800000002,-0,-0.0218597018111917,-0.000514822803902629,-0.0521136000000002,0.300000243771467,0.200000162514311,0.0201182217237283
196,3.9,2,0.588002603547568,-1.03889436226504,1.84005573609011,0.0699189312499999,0,0.000993732918510283,2.34036297410004e-05,0.00236906250000006,-0,-0.0188286237191417,-0.000443437195092628,-0.0448875,0.300000143405782,0.200000095603855,0.0200694909061941
197,3.92,2,0.588002603547568,-1.03887803940889,1.84005612051341,0.069957844992,0,0.000649448781083041,1.52953157987331e-05,0.00154828800000013,-0,-0.0155597103801134,-0.000366450274344622,-0.0370944000000005,0.300000074611181,0.200000049740787,0.0200361346366707
198,3.94,2,0.588002603547568,-1.03886793233287,1.84005635854745,0.069981940294,0,0.000372965306470351,8.7837906707933e-06,0.00088915050000006,-0,-0.0120476765663955,-0.000283737568059972,-0.0287217000000002,0.300000031975321,0.200000021316881,0.0200154805078262
199,3.96,2,0.588002603547568,-1.03886263604729,1.84005648328147,0.0699945666559998,0,0.000169197756443171,3.98481480390142e-06,0.000403368000000004,-0,-0.00828723705027763,-0.000195174602640066,-0.0197567999999999,0.300000009621655,0.200000006414436,0.0200046573806593
200,3.98,2,0.588002603547568,-1.03886064620016,1.84005653014482,0.069999310458,0,4.3167097326604e-05,1.01663811674878e-06,0.000102910499999958,-0,-0.00427310660404946,-0.000100636904486285,-0.0101871000000001,0.30000000122116,0.200000000814107,0.0200005910650219
201,4,2,0.588002603547568,-1.03886035696314,1.8400565369567,0.07,0,0,0,0,0,0,0,0,0.3,0.2,0.02
202,4.02,3,0.588002603547568,-1.03886064620016,1.84005653014482,0.069999310458,0,-4.31670973266218e-05,-1.0166381167492e-06,-0.0001029105,0,-0.00427310660404943,-0.000100636904486285,-0.0101871,0.30000000122116,0.200000000814107,0.0200005910650219
203,4.04,3,0.588002603547568,-1.03886263604729,1.84005648328147,0.069994566656,0,-0.000169197756443169,-3.98481480390138e-06,-0.000403368,0,-0.00828723705027768,-0.000195174602640068,-0.0197568,0.300000009621655,0.200000006414436,0.0200046573806591
204,4.06,3,0.588002603547568,-1.03886793233287,1.84005635854745,0.069981940294,0,-0.000372965306470326,-8.78379067079271e-06,-0.0008891505,0,-0.0120476765663954,-0.000283737568059971,-0.0287217,0.300000031975321,0.200000021316881,0.0200154805078262
205,4.08,3,0.588002603547568,-1.03887803940889,1.84005612051341,0.069957844992,0,-0.000649448781082986,-1.52953157987318e-05,-0.001548288,0,-0.0155597103801132,-0.000366450274344617,-0.0370944,0.300000074611181,0.200000049740787,0.0200361346366707
206,4.1,3,0.588002603547568,-1.03889436226504,1.84005573609011,0.06991893125,0,-0.000993732918510259,-2.34036297409998e-05,-0.0023690625,0,-0.0188286237191417,-0.000443437195092628,-0.0448875,0.300000143405782,0.200000095603855,0.020069490906194
207,4.12,3,0.588002603547568,-1.03891820864284,1.84005517447865,0.069862081408,0,-0.00140100816153546,-3.29954615228502e-05,-0.003340008,0,-0.0218597018111916,-0.000514822803902627,-0.0521136,0.300000243771467,0.200000162514311,0.0201182217237282
208,4.14,3,0.588002603547568,-1.0389507911497,1.84005440712063,0.069784404606,0,-0.00186657065749614,-4.3960029641509e-05,-0.0044499105,0,-0.0246582298839736,-0.000580731574373237,-0.0587853,0.300000380641878,0.200000253761252,0.0201848050843187
209,4.16,3,0.588002603547568,-1.03899322937302,1.84005340764839,0.069683231744,0,-0.00238582225828402,-5.61890420661746e-05,-0.005687808,0,-0.0272294931651981,-0.000641287980103079,-0.0649152,0.300000558455895,0.20000037230393,0.0202715288900556
210,4.18,3,0.588002603547568,-1.03904655199428,1.84005215183522,0.069556110442,0,-0.00295427052034508,-6.95766962380178e-05,-0.0070429905,0,-0.0295787768825759,-0.000696616494690777,-0.0705159,0.300000781141027,0.200000520760685,0.020380495269397
211,4.2,3,0.588002603547568,-1.03911169890316,1.84005061754557,0.0694008,0,-0.00356752870467949,-8.40196790701822e-05,-0.008505,0,-0.0317113662638177,-0.000746841591734952,-0.0756,0.300001052097202,0.200000701398134,0.0205136248965173
212,4.22,3,0.588002603547568,-1.03918952331157,1.84004878468524,0.069215266358,0,-0.00422131577684162,-9.94171669477833e-05,-0.0100636305,0,-0.033632546536634,-0.000792087744834228,-0.0801801,0.300001374181733,0.200000916121155,0.020672661310715
213,4.24,3,0.588002603547568,-1.03928079386779,1.84004663515164,0.068997677056,0,-0.00491145640694008,-0.000115670825727909,-0.011708928,0,-0.0353476029287354,-0.000832479427587227,-0.0842688,0.300001749696165,0.20000116646411,0.0208591752359065
214,4.26,3,0.588002603547568,-1.03938619677057,1.84004415278393,0.068746396194,0,-0.00563388096963768,-0.000132684810739621,-0.0134311905,0,-0.0368618206678327,-0.000868141113592571,-0.0878787,0.300002180375563,0.200001453583709,0.021074568900232
215,4.28,3,0.588002603547568,-1.03950633788317,1.84004132331329,0.068459979392,0,-0.00638462554415143,-0.000150365766783952,-0.015220968,0,-0.0381804849816365,-0.000899197276448883,-0.0910224,0.300002667380742,0.200001778253828,0.0213200803557892
216,4.3,3,0.588002603547568,-1.03964174484748,1.84003813431311,0.06813716875,0,-0.00715983191425258,-0.000168622828133907,-0.0170690625,0,-0.0393088810978573,-0.000925772389754785,-0.0937125,0.300003211293807,0.200002140862538,0.0215967877985162
217,4.32,3,0.588002603547568,-1.03979286919814,1.84003457514919,0.067776887808,0,-0.00795574756826658,-0.000187367618534465,-0.018966528,0,-0.0402522942442059,-0.0009479909271089,-0.0959616,0.30000381211732,0.200002541411547,0.0219056138882305
218,4.34,3,0.588002603547568,-1.03996008847657,1.84003063692997,0.067378236506,0,-0.00876872569907308,-0.000206514251202576,-0.0209046705,0,-0.0410160096483928,-0.00096597736210985,-0.0977823,0.300004469277305,0.200002979518203,0.0222473300688358
219,4.36,3,0.588002603547568,-1.04014370834511,1.84002631245673,0.066940486144,0,-0.00959522520410595,-0.000225979328827162,-0.022875048,0,-0.0416053125381288,-0.000979856168356257,-0.0991872,0.30000518163023,0.200003454420154,0.0226225608886969
220,4.38,3,0.588002603547568,-1.04034396470109,1.84002159617379,0.066463074342,0,-0.0104318106853533,-0.00024568194356912,-0.0248694705,0,-0.0420254881411244,-0.000989751819446746,-0.1001889,0.300005947474059,0.200003964982706,0.0230317883211879
221,4.4,3,0.588002603547568,-1.04056102579092,1.84001648411875,0.0659456,0,-0.0112751524493574,-0.000265543677061316,-0.02688,0,-0.0422818216850902,-0.000995788788979936,-0.1008,0.300006764563364,0.20000450970891,0.0234753560854065
222,4.42,3,0.588002603547568,-1.0407949943242,1.84001097387266,0.065387818258,0,-0.0121220265072148,-0.000285488600408593,-0.0288989505,0,-0.042379598397737,-0.000998091550554453,-0.1010331,0.300007630128472,0.200005086752314,0.0239534739670516
223,4.44,3,0.588002603547568,-1.04104590958778,1.84000506451028,0.064789635456,0,-0.0129693145745761,-0.000305443274187761,-0.030918888,0,-0.0423241035067753,-0.000996784577768917,-0.1009008,0.300008540898526,0.200005693932351,0.0244662221394522
224,4.46,3,0.588002603547568,-1.04131374955989,1.83999875655024,0.064151104094,0,-0.0138140040716465,-0.000325336748447606,-0.0329326305,0,-0.0421206222399158,-0.000991992344221951,-0.1004157,0.300009493128336,0.200006328752224,0.0250135554847386
225,4.48,3,0.588002603547568,-1.04159843302418,1.8399920519053,0.063472417792,0,-0.0146531881231849,-0.000345100562708887,-0.034933248,0,-0.0417744398248691,-0.000983839323512177,-0.0995904,0.30001048262881,0.200006988419207,0.0255953079151401
226,4.5,3,0.588002603547568,-1.04189982168388,1.83998495383249,0.06275390625,0,-0.0154840655585047,-0.000364668745964332,-0.0369140625,0,-0.0412908414893459,-0.000972449989238219,-0.0984375,0.300011504800747,0.200007669867165,0.0262111966943927
227,4.52,3,0.588002603547568,-1.04221772227582,1.83997746688343,0.061996030208,0,-0.0163039409114736,-0.000383977816678645,-0.038868648,0,-0.0406751124610568,-0.000957948814998699,-0.0969696,0.300012554671726,0.200008369781151,0.0268608267592407
228,4.54,3,0.588002603547568,-1.04255188868456,1.83996959685441,0.061199376406,0,-0.0171102244205133,-0.000402966782788501,-0.0407908305,0,-0.0399325379677124,-0.000940460274392239,-0.0951993,0.300013626935811,0.200009084623874,0.0275436950410101
229,4.56,3,0.588002603547568,-1.04290202405648,1.83996135073672,0.060364652544,0,-0.0179004320285998,-0.000421577141702546,-0.042674688,0,-0.0390684032370234,-0.000920108841017461,-0.0931392,0.300014715995735,0.200009810663823,0.0282591947872374
230,4.58,3,0.588002603547568,-1.04326778291386,1.83995273666677,0.059492682242,0,-0.0186721853832633,-0.000439752880301401,-0.0445145505,0,-0.0380879934967003,-0.000897018988472989,-0.0908019,0.300015816007252,0.200010544004835,0.0290066198833278
231,4.6,3,0.588002603547568,-1.04364877326898,1.83994376387635,0.0585844,0,-0.0194232118365883,-0.000457440474937658,-0.046305,0,-0.0369965939744539,-0.000871315190357445,-0.0882,0.300016920925283,0.200011280616855,0.0297851691742261
232,4.62,3,0.588002603547568,-1.0440445587382,1.83993444264284,0.057640846158,0,-0.0201513444452134,-0.000474588891435883,-0.0480408705,0,-0.0357994898979948,-0.00084312192026945,-0.0853461,0.300018024551503,0.200012016367668,0.0305939507860766
233,4.64,3,0.588002603547568,-1.04445466065607,1.8399247842394,0.056663161856,0,-0.0208545219703314,-0.000491149585092611,-0.049717248,0,-0.0345019664950336,-0.000812563651807628,-0.0822528,0.300019120582988,0.200012747055326,0.0314319864478518
234,4.66,3,0.588002603547568,-1.0448785601894,1.83991480088518,0.055652583994,0,-0.0215307888776895,-0.000507076500676353,-0.0513294705,0,-0.033109308993281,-0.000779764858570602,-0.0789327,0.300020202661546,0.200013468441031,0.0322982158129297
235,4.68,3,0.588002603547568,-1.04531570045137,1.83990450569555,0.054610440192,0,-0.0221782953375888,-0.000522326072427591,-0.052873128,0,-0.0316268026204475,-0.000744850014156992,-0.0753984,0.300021264423338,0.200014176282226,0.0331915007805999
236,4.7,3,0.588002603547568,-1.0457654886156,1.8398939126323,0.05353814375,0,-0.0227952972248849,-0.00053685722405878,-0.0543440625,0,-0.0300597326042438,-0.000707943592165424,-0.0716625,0.300022299548421,0.200014866365614,0.0341106298174831
237,4.72,3,0.588002603547568,-1.04622729803026,1.83988303645385,0.052437188608,0,-0.0233801561189875,-0.000550631368754346,-0.055738368,0,-0.0284133841723806,-0.000669170066194517,-0.0677376,0.300023301809822,0.200015534539881,0.0350543222788433
238,4.74,3,0.588002603547568,-1.04670047033214,1.83987189266547,0.051309144306,0,-0.0239313393038605,-0.000563612409170689,-0.0570523905,0,-0.0266930425525685,-0.000628653909842896,-0.0636363,0.300024265121774,0.20001617674785,0.0360212327297828
239,4.76,3,0.588002603547568,-1.04718431756078,1.83986049746945,0.050155650944,0,-0.024447419768022,-0.000575766737436181,-0.058282728,0,-0.0249039929725181,-0.000586519596709183,-0.0593712,0.300025183586755,0.200016789057836,0.0370099552663039
240,4.78,3,0.588002603547568,-1.04767812427252,1.83984886771539,0.048978414142,0,-0.0249270762045443,-0.000587063235151167,-0.0594262305,0,-0.0230515206599401,-0.000542891600391999,-0.0549549,0.300026051540966,0.200017367693977,0.038019027836228
241,4.8,3,0.588002603547568,-1.04818114965461,1.83983702085033,0.0477792,0,-0.0253690930110541,-0.000597473273387962,-0.06048,0,-0.0211409108425451,-0.000497894394489968,-0.0504,0.300026863597926,0.200017909065284,0.0390469365599629
242,4.82,3,0.588002603547568,-1.04869262963929,1.839824974869,0.046559830058,0,-0.0257723602897321,-0.000606970712690857,-0.0614413905,0,-0.0191774487480437,-0.000451652452601712,-0.0457190999999999,0.300027614689852,0.200018409793235,0.0400921200511138
243,4.84,3,0.588002603547568,-1.0492117790179,1.83981274826404,0.045322176256,0,-0.0261358738473132,-0.000615531903076113,-0.062308008,0,-0.0171664196041467,-0.000404290248325855,-0.0409248000000001,0.300028300106517,0.200018866737678,0.0411529737369313
244,4.86,3,0.588002603547568,-1.04973779355496,1.83980035997616,0.044068155894,0,-0.0264587351950867,-0.000623135684031965,-0.0630777105,0,-0.0151131086385645,-0.000355932255261017,-0.0360297000000001,0.300028915531314,0.200019277020876,0.0422278541785973
245,4.88,3,0.588002603547568,-1.05026985210225,1.83978782934443,0.042799726592,0,-0.026740151548896,-0.000629763384518618,-0.063748608,0,-0.0130228010790078,-0.000306702947005821,-0.0310464,0.30002945707426,0.200019638049507,0.0433150833913469
246,4.9,3,0.588002603547568,-1.05080711871293,1.83977517605642,0.04151888125,0,-0.0269794358291386,-0.000635398822968252,-0.0643190625,0,-0.0109007821531873,-0.00025672679715889,-0.0259875,0.300029921301693,0.200019947534462,0.0444129531644315
247,4.92,3,0.588002603547568,-1.05134874475561,1.83976242009843,0.040227643008,0,-0.0271760066607665,-0.00064002830728502,-0.064787688,0,-0.00875233708881368,-0.000206128279318847,-0.0208656,0.300030305262461,0.200020203508308,0.0455197293809273
248,4.94,3,0.588002603547568,-1.05189387102841,1.83974958170572,0.038928060206,0,-0.0273293883732856,-0.000643640634845043,-0.0651533505,0,-0.00658275111359747,-0.000155031867084314,-0.0156933,0.300030606510413,0.200020404340275,0.0466336563373934
249,4.96,3,0.588002603547568,-1.05244162987315,1.83973668131272,0.037622201344,0,-0.0274392110007562,-0.00064622709249642,-0.065415168,0,-0.00439730945524933,-0.000103562034053912,-0.0104831999999999,0.300030823123015,0.200020548748677,0.0477529610633932
250,4.98,3,0.588002603547568,-1.05299114728931,1.8397237395032,0.036312150042,0,-0.0275052102817927,-0.000647781456559218,-0.0655725105,0,-0.00220129734148002,-5.18432538262682e-05,-0.00524790000000003,0.300030953715992,0.200020635810661,0.0488758576408845
251,5,3,0.588002603547568,-1.05354154504824,1.83971077696053,0.035,0,-0.0275272276595639,-0.00064829999282548,-0.065625,0,-0,-0,-0,0.300030997453851,0.200020664969234,0.0500005515234938
252,5.02,3,0.588002603547568,-1.05409194280717,1.83969781441786,0.033687849958,0,-0.0275052102817927,-0.000647781456559218,-0.0655725105,-0,0.00220129734147997,5.1843253826267e-05,0.00524789999999991,0.300030954056244,0.200020636037496,0.0511252438556849
253,5.04,3,0.588002603547568,-1.05464146022333,1.83968487260834,0.032377798656,0,-0.0274392110007561,-0.000646227092496419,-0.065415168,-0,0.00439730945524937,0.000103562034053913,0.0104832,0.30003082380011,0.200020549200074,0.0522481357918386
254,5.06,3,0.588002603547568,-1.05518921906807,1.83967197221533,0.031071939794,0,-0.0273293883732856,-0.000643640634845043,-0.0651533505,-0,0.00658275111359749,0.000155031867084314,0.0156933,0.300030607517579,0.200020405011719,0.0533674328152565
255,5.08,3,0.588002603547568,-1.05573434534087,1.83965913382263,0.029772356992,0,-0.0271760066607664,-0.000640028307285019,-0.064787688,-0,0.00875233708881364,0.000206128279318846,0.0208655999999999,0.300030306589659,0.200020204393106,0.0544813490571043
256,5.1,3,0.588002603547568,-1.05627597138355,1.83964637786464,0.02848111875,0,-0.0269794358291386,-0.000635398822968252,-0.0643190625,-0,0.0109007821531873,0.00025672679715889,0.0259875000000001,0.30002992293575,0.200019948623834,0.0555881116153117
257,5.12,3,0.588002603547568,-1.05681323799423,1.83963372457663,0.027200273408,0,-0.026740151548896,-0.000629763384518618,-0.063748608,-0,0.0130228010790078,0.000306702947005821,0.0310464,0.300029458999058,0.200019639332705,0.0566859648734432
258,5.14,3,0.588002603547568,-1.05734529654152,1.83962119394489,0.025931844106,0,-0.0264587351950867,-0.000623135684031964,-0.0630777105,-0,0.0151131086385645,0.000355932255261017,0.0360297000000001,0.300028917728004,0.200019278485336,0.0577731748195557
259,5.16,3,0.588002603547568,-1.05787131107858,1.83960880565702,0.024677823744,0,-0.0261358738473132,-0.000615531903076113,-0.062308008,-0,0.0171664196041466,0.000404290248325854,0.0409248,0.300028302553777,0.200018868369185,0.0588480333650582
260,5.18,3,0.588002603547568,-1.05839046045719,1.83959657905205,0.023440169942,0,-0.0257723602897321,-0.000606970712690857,-0.0614413905,-0,0.0191774487480437,0.000451652452601712,0.0457190999999999,0.30002761736418,0.20001841157612,0.059908862663588
261,5.2,3,0.588002603547568,-1.05890194044187,1.83958453307073,0.0222208,0,-0.0253690930110542,-0.000597473273387962,-0.0604800000000001,-0,0.0211409108425451,0.000497894394489969,0.0504,0.300026866473953,0.200017910982636,0.0609540194299166
262,5.22,3,0.588002603547568,-1.05940496582396,1.83957268620566,0.021021585858,0,-0.0249270762045443,-0.000587063235151166,-0.0594262305,-0,0.0230515206599401,0.000542891600391998,0.0549548999999999,0.3000260545918,0.200017369727867,0.0619818992588981
263,5.24,3,0.588002603547568,-1.0598987725357,1.8395610564516,0.019844349056,0,-0.024447419768022,-0.000575766737436182,-0.0582827280000001,-0,0.0249039929725182,0.000586519596709184,0.0593712000000001,0.300025186784336,0.200016791189557,0.0629909409444708
264,5.26,3,0.588002603547568,-1.06038261976434,1.83954966125559,0.018690855694,0,-0.0239313393038605,-0.000563612409170688,-0.0570523905,-0,0.0266930425525686,0.000628653909842897,0.0636363000000001,0.300024268437244,0.200016178958163,0.0639796307987232
265,5.28,3,0.588002603547568,-1.06085579206622,1.8395385174672,0.0175628113919999,0,-0.0233801561189875,-0.000550631368754345,-0.0557383679999999,-0,0.0284133841723807,0.000669170066194518,0.0677376000000001,0.3000233052139,0.200015536809267,0.0649465069710313
266,5.3,3,0.588002603547568,-1.06131760148088,1.83952764128876,0.01646185625,0,-0.0227952972248849,-0.000536857224058781,-0.0543440625000001,-0,0.0300597326042439,0.000707943592165425,0.0716625000000001,0.300022303011782,0.200014868674521,0.0658901637672745
267,5.32,3,0.588002603547568,-1.06176738964511,1.83951704822551,0.015389559808,0,-0.0221782953375888,-0.00052232607242759,-0.0528731279999999,-0,0.0316268026204474,0.000744850014156991,0.0753983999999998,0.300021267916979,0.200014178611319,0.0668092559691363
268,5.34,3,0.588002603547568,-1.06220452990708,1.83950675303588,0.014347416006,0,-0.0215307888776895,-0.000507076500676353,-0.0513294705,-0,0.0331093089932809,0.000779764858570601,0.0789326999999999,0.300020206157149,0.200013470771433,0.0677025031534914
269,5.36,3,0.588002603547568,-1.06262842944041,1.83949676968166,0.013336838144,0,-0.0208545219703314,-0.000491149585092611,-0.049717248,-0,0.0345019664950336,0.000812563651807628,0.0822527999999999,0.300019124053263,0.200012749368842,0.0685686940118834
270,5.38,3,0.588002603547568,-1.06303853135828,1.83948711127822,0.012359153842,0,-0.0201513444452134,-0.000474588891435883,-0.0480408705,-0,0.0357994898979948,0.000843121920269449,0.0853460999999999,0.300018027970508,0.200012018647005,0.0694066906700906
271,5.4,3,0.588002603547568,-1.0634343168275,1.83947779004471,0.0114156,0,-0.0194232118365883,-0.000457440474937659,-0.046305,-0,0.0369965939744539,0.000871315190357444,0.0882,0.30001692426872,0.200011282845814,0.0702154330077819
272,5.42,3,0.588002603547568,-1.06381530718262,1.83946881725429,0.010507317758,0,-0.0186721853832633,-0.0004397528803014,-0.0445145504999999,-0,0.0380879934967004,0.00089701898847299,0.0908019000000001,0.300015819252733,0.200010546168489,0.0709939429782557
273,5.44,3,0.588002603547568,-1.06418106604,1.83946020318434,0.00963534745599997,0,-0.0179004320285998,-0.000421577141702546,-0.042674688,-0,0.0390684032370234,0.000920108841017463,0.0931392000000001,0.300014719123009,0.200009812748673,0.0717413289282624
274,5.46,3,0.588002603547568,-1.06453120141192,1.83945195706665,0.008800623594,0,-0.0171102244205133,-0.000402966782788501,-0.0407908305,-0,0.0399325379677123,0.000940460274392238,0.0951992999999999,0.30001362992696,0.200009086617973,0.0724567899179007
275,5.48,3,0.588002603547568,-1.06486536782066,1.83944408703763,0.00800396979200001,0,-0.0163039409114736,-0.000383977816678645,-0.038868648,-0,0.0406751124610568,0.000957948814998699,0.0969696,0.300012557511315,0.20000837167421,0.0731396200405835
276,5.5,3,0.588002603547568,-1.0651832684126,1.83943660008856,0.00724609375,0,-0.0154840655585047,-0.000364668745964332,-0.0369140625,-0,0.0412908414893459,0.000972449989238219,0.0984375,0.300011507475938,0.200007671650625,0.0737892127430661
277,5.52,3,0.588002603547568,-1.06548465707229,1.83942950201576,0.00652758220799995,0,-0.0146531881231848,-0.000345100562708886,-0.034933248,-0,0.0417744398248691,0.000983839323512177,0.0995904,0.300010485129429,0.200006990086286,0.0744050651455263
278,5.54,3,0.588002603547568,-1.06576934053659,1.83942279737081,0.005848895906,0,-0.0138140040716465,-0.000325336748447606,-0.0329326305,-0,0.0421206222399158,0.000991992344221949,0.1004157,0.300009495446897,0.200006330297931,0.0749867823616902
279,5.56,3,0.588002603547568,-1.0660371805087,1.83941648941078,0.00521036454400001,0,-0.0129693145745762,-0.000305443274187761,-0.0309188880000001,-0,0.0423241035067754,0.000996784577768918,0.1009008,0.300008543030215,0.200005695353477,0.0755340818189936
280,5.58,3,0.588002603547568,-1.06628809577228,1.8394105800484,0.00461218174199998,0,-0.0121220265072148,-0.000285488600408593,-0.0288989505000001,-0,0.0423795983977371,0.000998091550554455,0.1010331,0.30000763207109,0.200005088047394,0.0760467975787698
281,5.6,3,0.588002603547568,-1.06652206430556,1.83940506980231,0.00405439999999997,0,-0.0112751524493574,-0.000265543677061316,-0.02688,-0,0.0422818216850903,0.000995788788979937,0.1008,0.300006766317228,0.200004510878152,0.0765248846564544
282,5.62,3,0.588002603547568,-1.06673912539539,1.83939995774727,0.00353692565800004,0,-0.0104318106853533,-0.000245681943569121,-0.0248694705000001,-0,0.0420254881411245,0.000989751819446748,0.1001889,0.300005949041863,0.200003966027909,0.0769684233418
283,5.64,3,0.588002603547568,-1.06693938175137,1.83939524146433,0.00305951385600008,0,-0.00959522520410602,-0.000225979328827163,-0.0228750480000002,-0,0.0416053125381289,0.00097985616835626,0.0991872000000002,0.30000518301688,0.200003455344587,0.0773776235190912
284,5.66,3,0.588002603547568,-1.06712300161991,1.83939091699109,0.00262176349400002,0,-0.00876872569907311,-0.000206514251202576,-0.0209046705000001,-0,0.0410160096483929,0.000965977362109852,0.0977823000000002,0.300004470489717,0.200002980326478,0.0777528289873536
285,5.68,3,0.588002603547568,-1.06729022089834,1.83938697877187,0.00222311219200005,0,-0.00795574756826656,-0.000187367618534464,-0.018966528,-0,0.0402522942442058,0.000947990927108897,0.0959615999999997,0.300003813164194,0.200002542109463,0.0780945217805487
286,5.7,3,0.588002603547568,-1.067441345249,1.83938341960795,0.00186283124999996,0,-0.00715983191425255,-0.000168622828133907,-0.0170690624999999,-0,0.0393088810978572,0.000925772389754783,0.0937124999999998,0.300003212185379,0.200002141456919,0.0784033264877511
287,5.72,3,0.588002603547568,-1.06757675221331,1.83938023060777,0.00154002060799999,0,-0.00638462554415142,-0.000150365766783952,-0.015220968,-0,0.0381804849816364,0.000899197276448882,0.0910224,0.300002668128519,0.200001778752346,0.0786800145733025
288,5.74,3,0.588002603547568,-1.06769689332591,1.83937740113713,0.00125360380599998,0,-0.00563388096963769,-0.000132684810739622,-0.0134311905,-0,0.0368618206678327,0.000868141113592569,0.0878786999999999,0.300002180992046,0.200001453994697,0.0789255086969396
289,5.76,3,0.588002603547568,-1.06780229622869,1.83937491876942,0.00100232294399995,0,-0.00491145640693996,-0.000115670825727907,-0.0117089279999997,-0,0.0353476029287353,0.000832479427587224,0.0842687999999997,0.300001750194561,0.200001166796374,0.0791408870338921
290,5.78,3,0.588002603547568,-1.06789356678491,1.83937276923581,0.00078473364200006,0,-0.00422131577684165,-9.94171669477841e-05,-0.0100636305000001,-0,0.0336325465366339,0.000792087744834227,0.0801800999999998,0.30000137457567,0.20000091638378,0.079327387594953
291,5.8,3,0.588002603547568,-1.06797139119332,1.83937093637549,0.000599200000000008,0,-0.00356752870467941,-8.40196790701804e-05,-0.00850499999999983,-0,0.0317113662638176,0.000746841591734951,0.0755999999999999,0.300001052400442,0.200000701600295,0.0794864125465193
292,5.82,3,0.588002603547568,-1.0680365381022,1.83936940208584,0.000443889557999996,0,-0.00295427052034514,-6.95766962380192e-05,-0.00704299050000014,-0,0.0295787768825761,0.00069661649469078,0.0705159000000004,0.300000781367188,0.200000520911459,0.0796195325306026
293,5.84,3,0.588002603547568,-1.06808986072346,1.83936814627267,0.000316768256000022,0,-0.00238582225828409,-5.61890420661762e-05,-0.00568780800000017,-0,0.0272294931651981,0.000641287980103079,0.0649152,0.300000558618178,0.200000372412119,0.0797284909848163
294,5.86,3,0.588002603547568,-1.06813229894678,1.83936714680043,0.000215595393999915,0,-0.00186657065749604,-4.39600296415067e-05,-0.00444991049999977,-0,0.0246582298839736,0.000580731574373237,0.0587853000000001,0.300000380752812,0.200000253835208,0.0798152084623378
295,5.88,3,0.588002603547568,-1.06816488145364,1.83936637944241,0.000137918592000047,0,-0.00140100816153547,-3.29954615228504e-05,-0.00334000800000002,-0,0.0218597018111917,0.000514822803902629,0.0521136000000002,0.30000024384267,0.20000016256178,0.0798817869518512
296,5.9,3,0.588002603547568,-1.06818872783144,1.83936581783095,8.10687500001211e-05,0,-0.000993732918510283,-2.34036297410004e-05,-0.00236906250000006,-0,0.0188286237191417,0.000443437195092628,0.0448875,0.300000143447738,0.200000095631826,0.079930514197473
297,5.92,3,0.588002603547568,-1.06820505068759,1.83936543340765,4.21550079999777e-05,0,-0.000649448781083041,-1.52953157987331e-05,-0.00154828800000013,-0,0.0155597103801134,0.000366450274344622,0.0370944000000005,0.300000074633034,0.200000049755356,0.0799638680186662
298,5.94,3,0.588002603547568,-1.06821515776361,1.83936519537361,1.80597060000093e-05,0,-0.000372965306470351,-8.7837906707933e-06,-0.00088915050000006,-0,0.0120476765663955,0.000283737568059972,0.0287217000000002,0.300000031984693,0.200000021323129,0.0799845206301435
299,5.96,3,0.588002603547568,-1.06822045404919,1.83936507063958,5.4333440001747e-06,0,-0.000169197756443171,-3.98481480390142e-06,-0.000403368000000004,-0,0.00828723705027763,0.000195174602640066,0.0197567999999999,0.300000009624476,0.200000006416317,0.0799953429617658
300,5.98,3,0.588002603547568,-1.06822244389632,1.83936502377624,6.89541999984722e-07,0,-4.3167097326604e-05,-1.01663811674878e-06,-0.000102910499999958,-0,0.00427310660404946,0.000100636904486285,0.0101871000000001,0.300000001221518,0.200000000814346,0.079999408978438
301,6,3,0.588002603547568,-1.06822273313334,1.83936501696436,0,0,-0,-0,-0,0,-0,-0,-0,0.3,0.2,0.08
302,6.02,4,0.587991019190675,-1.06822328416341,1.83936496251559,0,-0.00172890405521091,-8.22383258843263e-05,-8.12619073818467e-06,0,-0.171144037788555,-0.00814076357238786,-0.000804410800345553,0,0.300002321738868,0.199996527937843,0.0799998033852221
303,6.04,4,0.587911322964197,-1.06822707505292,1.83936458792757,0,-0.00677661240536501,-0.000322341345492529,-3.18514175490361e-05,0,-0.331915709650531,-0.015788147534328,-0.00156006943097319,0,0.300018293378954,0.199972640661486,0.0799984507456928
304,6.06,4,0.587699199143359,-1.06823716509108,1.83936359090369,0,-0.0149377945413035,-0.000710542156332072,-7.02105864605873e-05,0,-0.482526696523205,-0.0229522208574621,-0.00226797083412206,0,0.300060795075974,0.199909054754756,0.0799948504842496
305,6.08,4,0.58729439627738,-1.06825642024287,1.83936168825022,0,-0.026011353572613,-0.00123727523534325,-0.000122258502345654,0,-0.623188679343854,-0.0296430525134321,-0.0029291099520313,0,0.300141864974185,0.199787686552546,0.079987979977469
306,6.1,4,0.586640642517101,-1.06828751717658,1.83935861547835,0,-0.039800426227626,-0.00189317643889921,-0.000187069868921836,0,-0.754113339049755,-0.0358707114738797,-0.00354448172694005,0,0.300272688371608,0.199591608187838,0.0799768841315927
307,6.12,4,0.585685560942607,-1.06833294729141,1.8393541264062,0,-0.0561123828534201,-0.0026690830028059,-0.000263739288751514,0,-0.875512356578186,-0.0416452667104467,-0.00411508110108746,0,0.300463579985039,0.199304999160852,0.0799606739367522
308,6.14,4,0.584380584890857,-1.06839502074511,1.83934799276086,0,-0.0747588274158188,-0.00355603354230215,-0.000351381263241853,0,-0.987597412866424,-0.046976787194775,-0.00464190301671265,0,0.300723961459388,0.198913095016218,0.0799385250200614
309,6.16,4,0.582680873283304,-1.06847587048149,1.83934000378039,0,-0.095555597499391,-0.00454526805205959,-0.0004491301926448,0,-1.09058018885174,-0.0518753418985062,-0.00512594241605478,0,0.301062336005267,0.198402134592309,0.0799096761980933
310,6.18,4,0.580545225953523,-1.06857745625807,1.83932996581588,0,-0.118322764307451,-0.0056282279061827,-0.000556140376057085,0,-1.18467236547143,-0.0563509997932822,-0.00556819424135299,0,0.301486261805383,0.197759307187503,0.0798734280292086
311,6.2,4,0.577935998974833,-1.06870156867364,1.83931770193343,0,-0.142884632662059,-0.00679655585820879,-0.000671586011420221,0,-1.27008562366275,-0.0604138298507448,-0.00596965343484641,0,0.302002325606434,0.196972700867707,0.0798291413661474
312,6.22,4,0.574819019987929,-1.06884983319585,1.83930305151619,0,-0.16906974100402,-0.00804209604110801,-0.000794661195520503,0,-1.34703164436298,-0.0640739010425357,-0.00633131493877418,0,0.302616117710005,0.196031253016105,0.0797762359092511
313,6.24,4,0.571163503528497,-1.06902371418882,1.8392858698664,0,-0.196710861392886,-0.00935689396728335,-0.000924579923989011,0,-1.41572210850941,-0.0673412823402968,-0.00665417369537546,0,0.303332209394099,0.194924704098567,0.0797141887606317
314,6.26,4,0.566941966354849,-1.06922451894069,1.83926602780739,0,-0.225644999506953,-0.0107331965285706,-0.00106057609130161,0,-1.4763686970393,-0.0702260427156699,-0.00693922464688938,0,0.304154133635946,0.193643555486261,0.0796425329795578
315,6.28,4,0.562130142775542,-1.06945340169126,1.83924341128562,0,-0.255713394643263,-0.0121634519962385,-0.00120190349077893,0,-1.52918309088995,-0.0727382511402967,-0.00718746273555507,0,0.305084369866072,0.192179032041132,0.0795608561392825
316,6.3,4,0.556706899977003,-1.06971136765951,1.83921792097269,0,-0.286761519717604,-0.0136403100209885,-0.00134783581458642,0,-1.57437697099861,-0.0748879765858191,-0.00739988290361169,0,0.306124333361633,0.190523050030705,0.0794687988854906
317,6.32,4,0.550654153351158,-1.06999927707126,1.83918947186736,0,-0.31863908126451,-0.0151566216329549,-0.00149766665373427,0,-1.61216201830258,-0.0766852880238787,-0.00757748009329837,0,0.307274369782305,0.188668190797387,0.0793660534965037
318,6.34,4,0.543956781823054,-1.07031784918672,1.83915799289759,0,-0.351200019437258,-0.0167054392417048,-0.00165070949807748,0,-1.64274991373912,-0.0781402544261175,-0.00772124924685426,0,0.30853375526222,0.186607680465278,0.079252362445333
319,6.36,4,0.536602543178486,-1.07066766632808,1.83912342652256,0,-0.384302508007874,-0.0182800166362384,-0.00180629773631583,0,-1.66635233824552,-0.0792629447641771,-0.00783218530651848,0,0.309900702394463,0.184335375826047,0.0791275169636358
320,6.38,4,0.528581989391619,-1.07104917790711,1.83908572833469,0,-0.417808954367126,-0.0198738089849883,-0.00196378465599387,0,-1.68318097275905,-0.0800634280096995,-0.0079112832145302,0,0.311372372378021,0.181845756406065,0.078991355607589
321,6.4,4,0.519888381952617,-1.07146270445274,1.83904486666163,0,-0.451585999524532,-0.0214804728358204,-0.00212254344350094,0,-1.69344749821699,-0.0805517731343263,-0.00795953791312854,0,0.312944893538312,0.17913392258151,0.0788437628256583
322,6.42,4,0.510517607195266,-1.07190844163866,1.83900082216835,0,-0.485504518108351,-0.023093866116033,-0.00228196718407118,0,-1.69736359555662,-0.0807380491096995,-0.00797794434455265,0,0.31461338637925,0.176195599477852,0.0786846675282086
323,6.44,4,0.500468091624598,-1.07238646431087,1.83895358745911,0,-0.51943961836559,-0.0247080481323576,-0.00244146886178348,0,-1.69514094571521,-0.0806323249074607,-0.00796749745104167,0,0.316371995274776,0.173027146266843,0.0785140416588687
324,6.46,4,0.489740717244519,-1.07289673051535,1.8389031666795,0,-0.553270642162001,-0.0263172795709583,-0.00260048135956154,0,-1.68699122963004,-0.0802446694992518,-0.00792919217483474,0,0.318213926859004,0.16962557035908,0.078331898767537
325,6.48,4,0.478338736885431,-1.07343908552555,1.83884957511847,0,-0.586881164982082,-0.0279160224974321,-0.00275845745917383,0,-1.67312612823839,-0.0795851518567144,-0.007864023458171,0,0.320131495124631,0.16598854588506,0.0781382925848886
326,6.5,4,0.46626768953186,-1.07401326587005,1.83879283881034,0,-0.620158995929075,-0.029498940356809,-0.0029148698412336,0,-1.65375732247753,-0.0786638409514906,-0.00777298624328959,0,0.322116173187586,0.16211443576359,0.0779333155982234
327,6.52,4,0.45353531565008,-1.07461890336012,1.83873299413683,0,-0.65299617772497,-0.0310608979735515,-0.00306921108519889,0,-1.62909649328475,-0.077490805755222,-0.00765707547242966,0,0.324158651620865,0.158002316574884,0.0777170976284772
328,6.54,4,0.440151472515735,-1.07525552911731,1.83867008742908,0,-0.685288986710501,-0.0325969615515552,-0.00322099366937252,0,-1.59935532159731,-0.0760761152395504,-0.00751728608783034,0,0.326248903201298,0.153652005387702,0.0774898044081986
329,6.56,4,0.42612804954147,-1.07592257760106,1.83860417456969,0,-0.716937932845147,-0.0341023986741484,-0.0033697499709021,0,-1.5647454883525,-0.0744298383761176,-0.00735461303173077,0,0.328376253849193,0.149064087636696,0.0772516361602909
330,6.58,4,0.411478883604551,-1.07661939063624,1.83853532059471,0,-0.747847759707134,-0.0355726783040924,-0.00351503226578001,0,-1.5254786744876,-0.0725620441365654,-0.00717005124637011,0,0.330529459472405,0.144239945108499,0.0770028261773014
331,6.6,4,0.396219674374493,-1.0773452214408,1.83846359929569,0,-0.777927444493432,-0.0370034707835812,-0.00365641272884342,0,-1.48176656093987,-0.0704828014925356,-0.00696459567398747,0,0.332696788353774,0.139181783073862,0.0767436394010418
332,6.62,4,0.380367899640684,-1.07809923865331,1.8383890928217,0,-0.807090198019758,-0.0383906478342416,-0.00379348343377429,0,-1.4338208286466,-0.0682021794156699,-0.00673924125682202,0,0.334866108644733,0.133892655598903,0.0764743710023205
333,6.64,4,0.36394273064001,-1.07888053036057,1.83831189128134,0,-0.835253464720574,-0.0397302825571333,-0.00392585635309935,0,-1.38185315854507,-0.0657302468776103,-0.00649498293711289,0,0.337024980449411,0.128376488081556,0.0761953449605671
334,6.66,4,0.346964947384481,-1.0796881081252,1.83823209234476,0,-0.862338922649088,-0.041018649432749,-0.00405316335819011,0,-1.32607523157255,-0.0630770728499985,-0.00623281565709922,0,0.339160751904008,0.122638096089763,0.0759069126431382
335,6.68,4,0.329456853988853,-1.08052091101321,1.83814980084572,0,-0.888272483477252,-0.0422522243210139,-0.00417505621926288,0,-1.26669872866631,-0.0602527263044761,-0.00595373435902015,0,0.341260658577433,0.116683199625668,0.0756094513840974
336,6.7,4,0.311442193998259,-1.08137780962163,1.83806512838358,0,-0.912984292495764,-0.0434276844612862,-0.00429120660537874,0,-1.20393533076364,-0.0572672762126852,-0.00565873398511482,0,0.343311925442798,0.110518432004565,0.0753033630622757
337,6.72,4,0.292946065715828,-1.08225761010605,1.83797819292531,0,-0.936408728614069,-0.0445419084723571,-0.00440130608444356,0,-1.13799671880182,-0.0541307915462673,-0.00534880947762238,0,0.34530187059763,0.104151342617862,0.0749890726784283
338,6.74,4,0.273994837530314,-1.08315905820824,1.83788911840756,0,-0.958484404360358,-0.0455919763524504,-0.00450506612320798,0,-1.06909457371812,-0.0508533412768644,-0.00502495577878196,0,0.347218009845401,0.0975903929447839,0.0746670269313206
339,6.76,4,0.254616063243718,-1.08408084328371,1.83779803433864,0,-0.979154165881563,-0.0465751694792227,-0.00460221808726744,0,-0.99744057644981,-0.0474449943761182,-0.00468816783083271,0,0.34904816119445,0.090844945286481,0.0743376927925923
340,6.78,4,0.234838397398918,-1.08502160232935,1.83770507540056,0,-0.998365092943368,-0.0474889706097638,-0.00469251324106216,0,-0.923246407934177,-0.0439158198156705,-0.00433944057601377,0,0.350780548284479,0.0839252438169606,0.0740015560802661
341,6.8,4,0.214691510607288,-1.08597992401095,1.83761038105106,0,-1.0160684989302,-0.0483310638805958,-0.00477572274787713,0,-0.846723749108497,-0.0402758865671631,-0.00397976895656427,0,0.352403901717429,0.0768423876757167,0.0736591200307858
342,6.82,4,0.194206004876327,-1.08695435269086,1.83751409512563,0,-1.03221993084522,-0.0490993348076742,-0.00485163766984212,0,-0.768084280910045,-0.0365352636022379,-0.00361014791472336,0,0.353907557250281,0.0696082959648527,0.0733109038694916
343,6.84,4,0.173413328937283,-1.08794339245552,1.83741636543952,0,-1.04677916931036,-0.0497918702863868,-0.00492006896793171,0,-0.687539684276101,-0.0327040198925365,-0.00323157239273019,0,0.355281549803592,0.062235664656272,0.072957441379458
344,6.86,4,0.152345693572778,-1.08894551114308,1.83731734338976,0,-1.05971022856628,-0.0504069585915547,-0.00498084750196524,0,-0.605301640143938,-0.0287922244097008,-0.00284503733282389,0,0.356516702252289,0.0547379155594563,0.0725992794686436
345,6.88,4,0.131035986944434,-1.08995914437097,1.83721718355723,0,-1.07098135647238,-0.0509430893774315,-0.00503382403060684,0,-0.521581829450835,-0.0248099461253725,-0.00245153767724359,0,0.357604707995146,0.0471291376445749,0.0722369767353209
346,6.9,4,0.109517689920498,-1.09098269956352,1.83711604330861,0,-1.08056503450682,-0.0513989536777039,-0.00507886921136542,0,-0.436591933134069,-0.0207672540111935,-0.00205206836822845,0,0.358538206346538,0.0394240211562469,0.0718711020317762
347,6.92,4,0.087824791403464,-1.09201455997951,1.83701408239847,0,-1.0884379777665,-0.0517734439054913,-0.00511587360059468,0,-0.350543632130918,-0.0166742170388056,-0.00164762434801761,0,0.359310849858385,0.031637785087291,0.0715022330262908
348,6.94,4,0.0659917036577026,-1.09305308873979,1.83691146257125,0,-1.09458113496706,-0.0520656538533457,-0.00514474765349308,0,-0.263648607378658,-0.0125409041798504,-0.0012392005588502,0,0.359917362760927,0.0237860987063761,0.0711309547634311
349,6.96,4,0.0440531776370838,-1.09409663285484,1.8368083471633,0,-1.0989796884429,-0.0522748786932525,-0.0051654217241039,0,-0.176118539814565,-0.00837738440596985,-0.000827791942965359,0,0.360353589806984,0.0158849979459558,0.0707578582226979
350,6.98,4,0.0220442183126017,-1.09514352725239,1.83670490070491,0,-1.10162305414715,-0.0524006149766293,-0.00517784606531517,0,-0.0881651103759228,-0.00419372668880589,-0.000414393442602257,0,0.360616534914134,0.00795079755473282,0.0703835388755988
351,7,4,0,-1.09619209880498,1.8366012885223,0,-1.10250488165169,-0.0524425606343271,-0.00518199082885973,0,-0,-0,-0,0,0.360704389120854,0,0.0700085952412246
352,7.02,4,-0.0220442183126017,-1.09724067035757,1.83649767633969,0,-1.10162305414715,-0.0524006149766293,-0.00517784606531517,0,0.0881651103759207,0.00419372668880579,0.000414393442602247,-0,0.360616547503853,-0.00795079783230829,0.069633627440424
353,7.04,4,-0.0440531776370838,-1.09828756475512,1.83639422988129,0,-1.0989796884429,-0.0522748786932524,-0.0051654217241039,0,0.176118539814567,0.00837738440596992,0.000827791942965367,-0,0.360353614842046,-0.0158849990495438,0.0692592357486848
354,7.06,4,-0.0659917036577029,-1.09933110887018,1.83629111447334,0,-1.09458113496706,-0.0520656538533457,-0.00514474765349308,0,0.263648607378658,0.0125409041798504,0.0012392005588502,-0,0.359917399955135,-0.0237861011644546,0.0688860191478388
355,7.08,4,-0.0878247914034644,-1.10036963763045,1.83618849464612,0,-1.0884379777665,-0.0517734439054912,-0.00511587360059467,0,0.350543632130916,0.0166742170388055,0.0016476243480176,-0,0.359310898788777,-0.0316377893956755,0.0685145738767141
356,7.1,4,-0.109517689920498,-1.10140149804645,1.83608653373598,0,-1.08056503450682,-0.0513989536777039,-0.00507886921136542,0,0.43659193313407,0.0207672540111936,0.00205206836822846,-0,0.358538266460812,-0.0394240277662717,0.0681454919808696
357,7.12,4,-0.131035986944434,-1.102425053239,1.83598539348737,0,-1.07098135647238,-0.0509430893774316,-0.00503382403060684,0,0.521581829450835,0.0248099461253725,0.00245153767724359,-0,0.357604778621277,-0.0471291469524743,0.0677793598615471
358,7.14,4,-0.152345693572778,-1.10343868646689,1.83588523365483,0,-1.05971022856628,-0.0504069585915547,-0.00498084750196524,0,0.605301640143938,0.0287922244097008,0.00284503733282389,-0,0.356516782610114,-0.0547379278972229,0.067416756823979
359,7.16,4,-0.173413328937282,-1.10444080515444,1.83578621160508,0,-1.04677916931036,-0.0497918702863868,-0.00492006896793171,0,0.6875396842761,0.0327040198925365,0.00323157239273019,-0,0.355281639018083,-0.0622356802842244,0.067058253625192
360,7.18,4,-0.194206004876327,-1.1054298449191,1.83568848191896,0,-1.03221993084522,-0.0490993348076741,-0.00485163766984212,0,0.768084280910045,0.0365352636022379,0.00361014791472336,-0,0.353907654366204,-0.0696083150660948,0.066704411021444
361,7.2,4,-0.214691510607287,-1.10640427359901,1.83559219599353,0,-1.0160684989302,-0.0483310638805959,-0.00477572274787713,0,0.846723749108498,0.0402758865671632,0.00397976895656427,-0,0.352404005715049,-0.0768424103526093,0.066355778315428
362,7.22,4,-0.234838397398918,-1.10736259528062,1.83549750164404,0,-0.998365092943367,-0.0474889706097637,-0.00469251324106216,0,0.923246407934176,0.0439158198156705,0.00433944057601376,-0,0.350780658095971,-0.0839252700896725,0.0660128919033739
363,7.24,4,-0.254616063243718,-1.10830335432625,1.83540454270596,0,-0.979154165881565,-0.0465751694792228,-0.00460221808726745,0,0.997440576449812,0.0474449943761183,0.00468816783083272,-0,0.349048275720651,-0.0908449750936184,0.0656762738221693
364,7.26,4,-0.273994837530314,-1.10922513940173,1.83531345863704,0,-0.958484404360357,-0.0455919763524503,-0.00450506612320798,0,1.06909457371812,0.0508533412768645,0.00502495577878197,-0,0.347218127972564,-0.097590426146046,0.065346430296615
365,7.28,4,-0.292946065715829,-1.11012658750391,1.83522438411928,0,-0.936408728614068,-0.044541908472357,-0.00440130608444355,0,1.13799671880182,0.0541307915462674,0.00534880947762239,-0,0.345301991213833,-0.104151378998608,0.065023850286923
366,7.3,4,-0.311442193998259,-1.11100638798833,1.83513744866102,0,-0.912984292495766,-0.0434276844612863,-0.00429120660537875,0,1.20393533076365,0.0572672762126852,0.00565873398511483,-0,0.343312047453708,-0.110518471282124,0.0647090040365492
367,7.32,4,-0.329456853988853,-1.11186328659675,1.83505277619887,0,-0.88827248347725,-0.0422522243210138,-0.00417505621926288,0,1.26669872866631,0.060252726304476,0.00595373435902013,-0,0.341260780921133,-0.116683241457195,0.0644023416204495
368,7.34,4,-0.34696494738448,-1.11269608948477,1.83497048469983,0,-0.862338922649088,-0.041018649432749,-0.00405316335819011,0,1.32607523157254,0.0630770728499984,0.00623281565709921,-0,0.339160873564636,-0.122638140081373,0.0641042914938326
369,7.36,4,-0.363942730640011,-1.11350366724939,1.83489068576326,0,-0.835253464720574,-0.0397302825571333,-0.00392585635309935,0,1.38185315854507,0.0657302468776103,0.00649498293711289,-0,0.337025100469412,-0.128376533798483,0.0638152590414705
370,7.38,4,-0.380367899640685,-1.11428495895665,1.83481348422289,0,-0.807090198019758,-0.0383906478342416,-0.00379348343377429,0,1.4338208286466,0.0682021794156698,0.00673924125682201,-0,0.334866226135563,-0.133892702576363,0.0635356251276194
371,7.4,4,-0.396219674374493,-1.11503897616916,1.8347389777489,0,-0.777927444493432,-0.0370034707835812,-0.00365641272884343,0,1.48176656093987,0.0704828014925356,0.00696459567398747,-0,0.332696902504918,-0.139181830828335,0.0632657446465883
372,7.42,4,-0.411478883604551,-1.11576480697372,1.83466725644988,0,-0.747847759707132,-0.0355726783040923,-0.00351503226578001,0,1.5254786744876,0.0725620441365654,0.00717005124637011,-0,0.330529569558662,-0.144239993149106,0.0630059450739857
373,7.44,4,-0.42612804954147,-1.1164616200089,1.8345984024749,0,-0.716937932845148,-0.0341023986741484,-0.0033697499709021,0,1.56474548835251,0.0744298383761177,0.00735461303173078,-0,0.328376359236174,-0.149064135476374,0.0627565250186589
374,7.46,4,-0.440151472515735,-1.11712866849265,1.83453248961551,0,-0.685288986710501,-0.0325969615515552,-0.00322099366937252,0,1.59935532159731,0.0760761152395503,0.00751728608783033,-0,0.326249003349157,-0.153652052553896,0.0625177527753358
375,7.48,4,-0.453535315650079,-1.11776529424985,1.83446958290777,0,-0.65299617772497,-0.0310608979735515,-0.00306921108519889,0,1.62909649328475,0.077490805755222,0.00765707547242966,-0,0.324158746086309,-0.158002362619495,0.0622898648779653
376,7.5,4,-0.46626768953186,-1.11837093173992,1.83440973823426,0,-0.620158995929075,-0.029498940356809,-0.0029148698412336,0,1.65375732247753,0.0786638409514906,0.00777298624328959,-0,0.32211626162424,-0.162114480271937,0.062073064653748
377,7.52,4,-0.478338736885432,-1.11894511208442,1.83435300192613,0,-0.586881164982081,-0.0279160224974321,-0.00275845745917382,0,1.67312612823839,0.0795851518567145,0.007864023458171,-0,0.320131577281858,-0.165988588483676,0.0618675207778389
378,7.54,4,-0.489740717244519,-1.11948746709461,1.8342994103651,0,-0.553270642162001,-0.0263172795709583,-0.00260048135956154,0,1.68699122963004,0.0802446694992516,0.00792919217483473,-0,0.318214002579314,-0.169625610722181,0.0616733658287005
379,7.56,4,-0.500468091624598,-1.11999773329909,1.83424898958549,0,-0.519439618365591,-0.0247080481323576,-0.00244146886178349,0,1.69514094571521,0.0806323249074608,0.00796749745104168,-0,0.316372064489963,-0.173027184121351,0.061490694844077
380,7.58,4,-0.510517607195266,-1.12047575597131,1.83420175487625,0,-0.485504518108352,-0.0230938661160331,-0.00228196718407119,0,1.69736359555663,0.0807380491096997,0.00797794434455267,-0,0.314613449105408,-0.176195634606914,0.0613195638775604
381,7.6,4,-0.519888381952618,-1.12092149315722,1.83415771038297,0,-0.451585999524531,-0.0214804728358203,-0.00212254344350094,0,1.693447498217,0.0805517731343264,0.00795953791312855,-0,0.312944949869885,-0.17913395482647,0.0611599885557148
382,7.62,4,-0.528581989391619,-1.12133501970285,1.83411684870991,0,-0.417808954367129,-0.0198738089849884,-0.00196378465599388,0,1.68318097275906,0.0800634280096997,0.00791128321453022,-0,0.311372422481054,-0.181845785666927,0.0610119426357226
383,7.64,4,-0.536602543178485,-1.12171653128188,1.83407915052203,0,-0.384302508007876,-0.0182800166362385,-0.00180629773631584,0,1.66635233824553,0.0792629447641773,0.0078321853065185,-0,0.309900746499208,-0.184335402060464,0.0608753565635207
384,7.66,4,-0.543956781823054,-1.12206634842324,1.834044584147,0,-0.35120001943726,-0.0167054392417049,-0.00165070949807749,0,1.64274991373913,0.0781402544261176,0.00772124924685427,-0,0.308533793655236,-0.186607703686179,0.0607501160323903
385,7.68,4,-0.550654153351157,-1.1223849205387,1.83401310517724,0,-0.318639081264509,-0.0151566216329548,-0.00149766665373426,0,1.61216201830257,0.0766852880238785,0.00757748009329835,-0,0.307274402798215,-0.188668211069341,0.0606360605419675
386,7.7,4,-0.556706899977003,-1.12267282995046,1.83398465607191,0,-0.286761519717603,-0.0136403100209884,-0.00134783581458641,0,1.57437697099861,0.0748879765858189,0.00739988290361168,-0,0.306124361374645,-0.190523067465206,0.0605329819576456
387,7.72,4,-0.562130142775542,-1.12293079591871,1.83395916575897,0,-0.255713394643263,-0.0121634519962385,-0.00120190349077893,0,1.52918309088995,0.0727382511402967,0.00718746273555507,-0,0.305084393281408,-0.192179046790943,0.060440623070335
388,7.74,4,-0.56694196635485,-1.12315967866927,1.8339365492372,0,-0.225644999506953,-0.0107331965285706,-0.00106057609130161,0,1.4763686970393,0.0702260427156698,0.00693922464688936,-0,0.304154152881263,-0.193643567739034,0.0603586761565569
389,7.76,4,-0.571163503528498,-1.12336048342114,1.83391670717819,0,-0.196710861392881,-0.00935689396728313,-0.00092457992398899,0,1.4157221085094,0.0673412823402966,0.00665417369537544,-0,0.303332224911021,-0.194924714069917,0.06028678153884
390,7.78,4,-0.574819019987928,-1.12353436441411,1.83389952552841,0,-0.169069741004022,-0.00804209604110807,-0.00079466119552051,0,1.34703164436298,0.0640739010425356,0.00633131493877417,-0,0.302616129945838,-0.196031260942337,0.0602245261463952
391,7.8,4,-0.577935998974833,-1.12368262893632,1.83388487511117,0,-0.142884632662056,-0.00679655585820865,-0.000671586011420207,0,1.27008562366274,0.0604138298507447,0.0059696534348464,-0,0.302002335006133,-0.196972706998402,0.0601714420760386
392,7.82,4,-0.580545225953523,-1.12380674135189,1.83387261122871,0,-0.118322764307453,-0.00562822790618281,-0.000556140376057096,0,1.18467236547143,0.0563509997932825,0.00556819424135302,-0,0.301486268803847,-0.197759311778132,0.0601270051533331
393,7.84,4,-0.582680873283304,-1.12390832712847,1.8338625732642,0,-0.0955555974993938,-0.00454526805205972,-0.000449130192644813,0,1.09058018885174,0.0518753418985062,0.00512594241605478,-0,0.301062341019991,-0.198402137897047,0.0600906334939112
394,7.86,4,-0.584380584890859,-1.12398917686485,1.83385458428373,0,-0.074758827415815,-0.00355603354230197,-0.000351381263241835,0,0.987597412866424,0.046976787194775,0.00464190301671266,-0,0.300723964883535,-0.198913097281111,0.0600616860649393
395,7.88,4,-0.585685560942606,-1.12405125031855,1.83384845063839,0,-0.0561123828534204,-0.00266908300280592,-0.000263739288751516,0,0.87551235657819,0.0416452667104469,0.00411508110108747,-0,0.300463582180936,-0.199305000617446,0.0600394612466712
396,7.9,4,-0.586640642517099,-1.12409668043339,1.83384396156624,0,-0.039800426227627,-0.00189317643889925,-0.000187069868921841,0,0.754113339049755,0.0358707114738797,0.00354448172694005,-0,0.300272689664696,-0.199591609047354,0.0600231953940267
397,7.92,4,-0.58729439627738,-1.12412777736709,1.83384088879437,0,-0.0260113535726152,-0.00123727523534336,-0.000122258502345665,0,0.623188679343863,0.0296430525134325,0.00292910995203135,-0,0.30014186564741,-0.199787687000675,0.0600120613981204
398,7.94,4,-0.587699199143359,-1.12414703251888,1.8338389861409,0,-0.0149377945413045,-0.00071054215633212,-7.0210586460592e-05,0,0.482526696523208,0.0229522208574623,0.00226797083412208,-0,0.300060795364612,-0.199909054947055,0.0600051672476442
399,7.96,4,-0.587911322964194,-1.12415712255705,1.83383798911702,0,-0.00677661240536507,-0.000322341345492533,-3.18514175490364e-05,0,0.331915709650529,0.0157881475343279,0.00156006943097318,-0,0.300018293465827,-0.199972640719389,0.0600015545899892
400,7.98,4,-0.587991019190675,-1.12416091344656,1.83383761452901,0,-0.0017289040552102,-8.22383258842924e-05,-8.12619073818132e-06,0,0.171144037788556,0.0081407635723879,0.000804410800345558,-0,0.300002321749894,-0.199996527945194,0.0600001972919716
401,8,4,-0.588002603547568,-1.12416146447662,1.83383756008024,0,-0,-0,-0,0,-0,-0,-0,0,0.3,-0.2,0.0600000000000001
402,8.02,5,-0.588002603547568,-1.12416119369794,1.83383759410111,6.89542e-07,0,4.04122883304284e-05,5.07743469520636e-06,0.0001029105,0,0.00400040833977978,0.000502614747606286,0.0101871,0.300000001225667,-0.200000000817111,0.0599994090613694
403,8.04,5,-0.588002603547568,-1.12415933083755,1.83383782815249,5.433344e-06,0,0.00015840000698926,1.99015132385519e-05,0.000403368,0,0.00775836768926988,0.000974767995357646,0.0197568,0.300000009657162,-0.200000006438108,0.0599953436151913
404,8.06,5,-0.588002603547568,-1.12415437254678,1.83383845111641,1.8059706e-05,0,0.000349163655556475,4.38692222655617e-05,0.0008891505,0,0.0112788259870476,0.00141708140651643,0.0287217,0.30000003209331,-0.20000002139554,0.0599845228016502
405,8.08,5,-0.588002603547568,-1.12414491047739,1.83383963993895,4.2155008e-05,0,0.000608002692383599,7.63899816770074e-05,0.001548288,0,0.0145667311716904,0.00183017664434497,0.0370944,0.300000074886454,-0.200000049924302,0.0599638730856599
406,8.1,5,-0.588002603547568,-1.12412962930237,1.83384155987894,8.106875e-05,0,0.000930315534593705,0.000116885644638908,0.0023690625,0,0.0176270311817755,0.00221467537210562,0.0448875,0.300000143934733,-0.200000095956489,0.0599305239364522
407,8.12,5,-0.588002603547568,-1.12410730473679,1.83384436475657,0.000137918592,0,0.00131159955808142,0.000164790497582529,0.003340008,0,0.0204646739558802,0.00257119925306073,0.0521136,0.300000244670282,-0.200000163113521,0.0598818035068863
408,8.14,5,-0.588002603547568,-1.1240768015586,1.83384819720214,0.000215595394,0,0.0017474510975129,0.000219551260204382,0.0044499105,0,0.023084607432582,0.00290036995047264,0.0587853,0.300000382044641,-0.200000254696427,0.0598152343125695
409,8.16,5,-0.588002603547568,-1.12403707162948,1.83385318890464,0.000316768256,0,0.00223356544632586,0.000280627085466229,0.005687808,0,0.0254917795504582,0.00320280912760369,0.0649152,0.300000560512589,-0.200000373675059,0.0597285289108636
410,8.18,5,-0.588002603547568,-1.12398715191566,1.83385946086046,0.000443889558,0,0.00276573685672957,0.000347489559595073,0.0070429905,0,0.027691138248086,0.00347913844771624,0.0705159,0.300000784015443,-0.200000522676962,0.0596195855798464
411,8.2,5,-0.588002603547568,-1.12392616250872,1.83386712362205,0.0005992,0,0.00333985853970483,0.00041962270208317,0.008505,0,0.0296876314640429,0.00372997957407263,0.0756,0.300001055964744,-0.200000703976496,0.0594864839972857
412,8.22,5,-0.588002603547568,-1.12385330464645,1.83387627754658,0.000784733642,0,0.00395192266500399,0.00049652296568802,0.0100636305,0,0.0314862071369062,0.00395595416993519,0.0801801,0.300001379227138,-0.200000919484759,0.0593274809196786
413,8.24,5,-0.588002603547568,-1.12376785873364,1.83388701304463,0.001002322944,0,0.00459802036115096,0.000577699236432368,0.011708928,0,0.0330918132052531,0.00415768389856629,0.0842688,0.300001756111144,-0.200001170740763,0.0591410058613964
414,8.26,5,-0.588002603547568,-1.12366918236294,1.83389941082879,0.001253603806,0,0.00527434171544119,0.00066267283360421,0.0134311905,0,0.0345093976076612,0.00433579042322826,0.0878787,0.300002188356385,-0.200001458904257,0.0589256567739724
415,8.28,5,-0.588002603547568,-1.12355670833565,1.8339135421624,0.001540020608,0,0.00597717577394167,0.000750977509756787,0.015220968,0,0.0357439082827076,0.00449089540718344,0.0910224,0.300002677125777,-0.200001784750518,0.0586801957255626
416,8.3,5,-0.588002603547568,-1.12342994268258,1.83392946910818,0.00186283125,0,0.00670291054149093,0.000842159450708585,0.0170690625,0,0.0368002931689698,0.00462362051369419,0.0937125,0.300003223001054,-0.20000214866737,0.0584035445806024
417,8.32,5,-0.588002603547568,-1.12328846268483,1.83394724477689,0.002223112192,0,0.00744803298169908,0.000935777275543341,0.018966528,0,0.0376835002050251,0.00473458740602285,0.0959616,0.300003825981935,-0.200002550654624,0.0580947806796805
418,8.34,5,-0.588002603547568,-1.12313191489467,1.83396691357601,0.002621763494,0,0.00820912901694775,0.00103140203661003,0.0209046705,0,0.0383984773294508,0.00482441774743177,0.0977823,0.300004485489162,-0.200002990326108,0.0577531325196419
419,8.36,5,-0.588002603547568,-1.1229600131563,1.83398851145841,0.003059513856,0,0.0089828835283901,0.0011286172195229,0.022875048,0,0.0389501724808243,0.00489373320118328,0.0991872,0.300005200371536,-0.200003466914357,0.0573779754339338
420,8.38,5,-0.588002603547568,-1.12277253662675,1.83401206617097,0.003536925658,0,0.00976608035595088,0.0012270187431614,0.0248694705,0,0.0393435335977229,0.00494315543053975,0.1001889,0.300005968917053,-0.200003979278035,0.0569688272731991
421,8.4,5,-0.588002603547568,-1.12256932779663,1.83403759750332,0.0040544,0,0.0105556022983264,0.00132621495967027,0.02688,0,0.0395835086187239,0.0049733060987635,0.1008,0.300006788868118,-0.200004525912079,0.0565253440861234
422,8.42,5,-0.588002603547568,-1.12235029051099,1.83406511753645,0.004612181742,0,0.0113484311129844,0.00142582665445947,0.0288989505,0,0.0396750454824047,0.00498480686911689,0.1010331,0.300007657440825,-0.20000510496055,0.0560473158005365
423,8.44,5,-0.588002603547568,-1.12211538799017,1.83409463089138,0.005210364544,0,0.0121416475161643,0.00152548704620422,0.030918888,0,0.0396230921273426,0.00497827940486226,0.1009008,0.300008571348169,-0.200005714232113,0.0555346619047659
424,8.46,5,-0.588002603547568,-1.12186464085058,1.83412613497786,0.005848895906,0,0.012932431182877,0.00162484178684499,0.0329326305,0,0.039432596492115,0.00495434536926197,0.1004157,0.300009526827073,-0.200006351218049,0.0549874271292411
425,8.48,5,-0.588002603547568,-1.12159812512553,1.83415962024299,0.006527582208,0,0.0137180607469049,0.00172354896158748,0.034933248,0,0.0391085065152992,0.00491362642557834,0.0995904,0.300010519669009,-0.200007013112673,0.0544057771283413
426,8.5,5,-0.588002603547568,-1.1213159702861,1.83419507041991,0.00724609375,0,0.0144959138008022,0.00182127908890265,0.0369140625,0,0.0386557701354725,0.00485674423707373,0.0984375,0.300011545254003,-0.200007696836002,0.0537899941624812
427,8.52,5,-0.588002603547568,-1.12101835726188,1.83423246277648,0.008003969792,0,0.0152634668958943,0.0019177151205267,0.038868648,0,0.0380793352912124,0.00478432046701049,0.0969696,0.300012598587752,-0.200008399058501,0.0531404727804229
428,8.54,5,-0.588002603547568,-1.12070551646191,1.8342717683639,0.008800623594,0,0.0160182955422783,0.00201255244146109,0.0407908305,0,0.037384149921096,0.00469697677865096,0.0951993,0.300013674341555,-0.200009116227703,0.052457715501807
429,8.56,5,-0.588002603547568,-1.12037772579538,1.83431295226542,0.009635347456,0,0.0167580742088229,0.00210549886997252,0.042674688,0,0.0365751619637008,0.00459533483525747,0.0931392,0.30001476689475,-0.2000098445965,0.0517423284998871
430,8.58,5,-0.588002603547568,-1.12003530869256,1.834355973845,0.010507317758,0,0.0174805763231683,0.00219627465759292,0.0445145505,0,0.0356573193576042,0.0044800163000924,0.0908019,0.30001587037931,-0.200010580252873,0.0509950172844563
431,8.6,5,-0.588002603547568,-1.11967863212555,1.83440078699592,0.0114156,0,0.0181836742717263,0.00228461248911948,0.046305,0,0.0346355700413834,0.00435164283641806,0.0882,0.300016978726241,-0.200011319150827,0.05021658238495
432,8.62,5,-0.588002603547568,-1.11930810462915,1.83444734038954,0.012359153842,0,0.01886533939968,0.00237025748261466,0.0480408705,0,0.0335148619536158,0.00421083610749682,0.0853461,0.30001808571342,-0.20001205714228,0.0494079150337075
433,8.64,5,-0.588002603547568,-1.11892417432167,1.83449557772389,0.013336838144,0,0.0195236420109844,0.00245296718940613,0.049717248,0,0.0323001430328787,0.00405821777659101,0.0822528,0.300019185014487,-0.200012790009658,0.0485699928493756
434,8.66,5,-0.588002603547568,-1.11852732692573,1.83454543797234,0.014347416006,0,0.0201567513683659,0.00253251159408682,0.0513294705,0,0.0309963612177495,0.003894409506963,0.0789327,0.300020270248416,-0.200013513498944,0.0477038755204355
435,8.68,5,-0.588002603547568,-1.11811808378914,1.83459685563233,0.015389559808,0,0.0207629356933223,0.00260867311451491,0.052873128,0,0.0296084644468054,0.0037200329618751,0.0753984,0.300021335029366,-0.20001422335291,0.046810700488829
436,8.7,5,-0.588002603547568,-1.11769699990567,1.83464976097394,0.01646185625,0,0.0213405621661232,0.00268124660181384,0.0543440625,0,0.028141400658624,0.00353570980458968,0.0716625,0.300022373016437,-0.200014915344291,0.0458916786336687
437,8.72,5,-0.588002603547568,-1.11726466193591,1.83470408028864,0.017562811392,0,0.0218880969258095,0.00275003934037227,0.055738368,0,0.0266001177917824,0.00334206169836907,0.0677376,0.300023377962951,-0.200015585308634,0.0449480899550024
438,8.74,5,-0.588002603547568,-1.11682168622806,1.83475973613792,0.018690855694,0,0.0224041050701939,0.00281487104784412,0.0570523905,0,0.0249895637848581,0.00313971030647563,0.0636363,0.300024343764872,-0.200016229176581,0.0439812792576123
439,8.76,5,-0.588002603547568,-1.11636871683881,1.83481664760193,0.019844349056,0,0.0228872506558605,0.00287557387514855,0.058282728,0,0.0233146865764284,0.0029292772921717,0.0593712,0.300025264508004,-0.200016843005336,0.0429926518348228
440,8.78,5,-0.588002603547568,-1.11590642355411,1.83487473052819,0.021021585858,0,0.0233362966981649,0.00293199240647,0.0594262305,0,0.0215804341050705,0.00271138431871963,0.0549549,0.300026134513624,-0.200017423009083,0.0419836691522909
441,8.8,5,-0.588002603547568,-1.11543549991001,1.83493389778023,0.0222208,0,0.0237501051712343,0.0029839836592581,0.06048,0,0.0197917543093619,0.00248665304938175,0.0504,0.300026948382196,-0.200017965588131,0.0409558445317529
442,8.82,5,-0.588002603547568,-1.11495666121349,1.83499405948628,0.023440169942,0,0.0241276370079676,0.00303141708422778,0.0614413905,0,0.0179535951278799,0.00225570514742042,0.0457190999999999,0.300027701034845,-0.200018467356563,0.0399107388347002
443,8.84,5,-0.588002603547568,-1.11447064256331,1.83505512328788,0.024677823744,0,0.0244679521000349,0.00307417456535918,0.062308008,0,0.0160709044992019,0.00201916227609798,0.0409248000000001,0.300028387752302,-0.200018925168201,0.0388499561459574
444,8.86,5,-0.588002603547568,-1.11397819687078,1.83511699458862,0.025931844106,0,0.0247702092978782,0.0031121504198977,0.0630777105,0,0.0141486303619051,0.00177764609867678,0.0360297000000001,0.300029004211015,-0.200019336140676,0.0377751394571337
445,8.88,5,-0.588002603547568,-1.11348009288062,1.83517957680274,0.027200273408,0,0.0250336664107108,0.003145251398354,0.063748608,0,0.012191720654567,0.00153177827841916,0.0310464,0.30002954651618,-0.200019697677453,0.0366879663499214
446,8.9,5,-0.588002603547568,-1.11297711319179,1.83524277160384,0.02848111875,0,0.0252576802065177,0.00317339668450397,0.0643190625,0,0.0102051233157647,0.00128218047858746,0.0259875,0.300030011231449,-0.200020007487632,0.0355901446792123
447,8.92,5,-0.588002603547568,-1.11247005227828,1.83530647917352,0.029772356992,0,0.0254417064120555,0.00319651789538876,0.064787688,0,0.00819378628407584,0.00102947436244405,0.0208656,0.300030395405094,-0.200020263603396,0.0344834082560066
448,8.94,5,-0.588002603547568,-1.11195971450999,1.83537059845006,0.031071939794,0,0.0255852997128521,0.00321455908131474,0.0651533505,0,0.00616265749807756,0.000774281593251241,0.0156933,0.300030696592461,-0.200020464394974,0.0333695125300868
449,8.96,5,-0.588002603547568,-1.1114469121735,1.83543502737707,0.032377798656,0,0.025688113753207,0.00322747672585356,0.065415168,0,0.00411668489634724,0.000517223834271398,0.0104831999999999,0.300030912874528,-0.200020608583018,0.0322502302724319
450,8.98,5,-0.588002603547568,-1.1109324634929,1.83549966315217,0.033687849958,0,0.0257499011361916,0.0032352397458421,0.0655725105,0,0.00206081641746232,0.000258922748766876,0.00524790000000003,0.300031042872457,-0.200020695248304,0.0311273472573463
451,9,5,-0.588002603547568,-1.11041719065068,1.83556440247564,0.035,0,0.0257705134236483,0.00323782949138249,0.065625,0,0,0,0,0.300031085758028,-0.200020723838686,0.0300026579442832
452,9.02,5,-0.588002603547568,-1.10990191780845,1.83562914179912,0.036312150042,0,0.0257499011361916,0.0032352397458421,0.0655725105,-0,-0.00206081641746227,-0.00025892274876687,-0.00524789999999991,0.300031041259885,-0.200020694173257,0.0288779611593392
453,9.04,5,-0.588002603547568,-1.10938746912786,1.83569377757422,0.037622201344,0,0.025688113753207,0.00322747672585356,0.065415168,-0,-0.00411668489634727,-0.000517223834271403,-0.0104832,0.300030909665542,-0.200020606443695,0.0277550557764027
454,9.06,5,-0.588002603547568,-1.10887466679136,1.83575820650123,0.038928060206,0,0.0255852997128521,0.00321455908131474,0.0651533505,-0,-0.00616265749807757,-0.000774281593251243,-0.0156933,0.300030691819154,-0.200020461212769,0.0266357363979386
455,9.08,5,-0.588002603547568,-1.10836432902307,1.83582232577776,0.040227643008,0,0.0254417064120555,0.00319651789538876,0.064787688,-0,-0.00819378628407581,-0.00102947436244404,-0.0208655999999999,0.300030389115049,-0.200020259410033,0.0255217890353965
456,9.1,5,-0.588002603547568,-1.10785726810957,1.83588603334745,0.04151888125,0,0.0252576802065177,0.00317339668450397,0.0643190625,-0,-0.0102051233157648,-0.00128218047858747,-0.0259875000000001,0.300030003487086,-0.200020002324724,0.0244149867892303
457,9.12,5,-0.588002603547568,-1.10735428842074,1.83594922814855,0.042799726592,0,0.0250336664107108,0.00314525139835401,0.063748608,-0,-0.012191720654567,-0.00153177827841916,-0.0310464,0.300029537393899,-0.200019691595933,0.023317085528521
458,9.14,5,-0.588002603547568,-1.10685618443058,1.83601181036267,0.044068155894,0,0.0247702092978782,0.0031121504198977,0.0630777105,-0,-0.0141486303619051,-0.00177764609867678,-0.0360297000000001,0.300028993800148,-0.200019329200099,0.0222298195701991
459,9.16,5,-0.588002603547568,-1.10636373873804,1.8360736816634,0.045322176256,0,0.0244679521000349,0.00307417456535918,0.062308008,-0,-0.0160709044992019,-0.00201916227609798,-0.0409248,0.300028376153895,-0.20001891743593,0.0211548973578635
460,9.18,5,-0.588002603547568,-1.10587772008786,1.83613474546501,0.046559830058,0,0.0241276370079675,0.00303141708422777,0.0614413905,-0,-0.0179535951278799,-0.00225570514742042,-0.0457190999999999,0.300027688360287,-0.200018458906858,0.0200939971402006
461,9.2,5,-0.588002603547568,-1.10539888139135,1.83619490717105,0.0477792,0,0.0237501051712343,0.0029839836592581,0.0604800000000001,-0,-0.0197917543093619,-0.00248665304938175,-0.0504,0.300026934751713,-0.200017956501142,0.0190487626490078
462,9.22,5,-0.588002603547568,-1.10492795774725,1.8362540744231,0.048978414142,0,0.0233362966981649,0.00293199240647,0.0594262305,-0,-0.0215804341050705,-0.00271138431871962,-0.0549548999999999,0.30002612005467,-0.20001741336978,0.0180207987768324
463,9.24,5,-0.588002603547568,-1.10446566446254,1.83631215734936,0.050155650944,0,0.0228872506558605,0.00287557387514856,0.0582827280000001,-0,-0.0233146865764284,-0.00292927729217171,-0.0593712000000001,0.300025249353566,-0.200016832902377,0.0170116672542386
464,9.26,5,-0.588002603547568,-1.10401269507329,1.83636906881337,0.051309144306,0,0.0224041050701939,0.00281487104784411,0.0570523905,-0,-0.0249895637848582,-0.00313971030647564,-0.0636363000000001,0.300024328051718,-0.200016218701145,0.0160228823267198
465,9.28,5,-0.588002603547568,-1.10356971936545,1.83642472466264,0.0524371886080001,0,0.0218880969258095,0.00275003934037226,0.0557383679999999,-0,-0.0266001177917825,-0.00334206169836908,-0.0677376000000001,0.30002336182985,-0.200015574553234,0.015055906431277
466,9.3,5,-0.588002603547568,-1.10313738139568,1.83647904397735,0.05353814375,0,0.0213405621661232,0.00268124660181384,0.0543440625000001,-0,-0.028141400658624,-0.00353570980458968,-0.0716625000000001,0.300022356602377,-0.200014904401585,0.0141121458726883
467,9.32,5,-0.588002603547568,-1.10271629751221,1.83653194931896,0.054610440192,0,0.0207629356933223,0.00260867311451491,0.0528731279999999,-0,-0.0296084644468054,-0.00372003296187509,-0.0753983999999998,0.300021318471798,-0.200014212314532,0.0131929464994968
468,9.34,5,-0.588002603547568,-1.10230705437562,1.83658336697894,0.055652583994,0,0.0201567513683659,0.00253251159408682,0.0513294705,-0,-0.0309963612177494,-0.00389440950696299,-0.0789326999999999,0.300020253681547,-0.200013502454365,0.0122995893797509
469,9.36,5,-0.588002603547568,-1.10191020697969,1.8366332272274,0.056663161856,0,0.0195236420109844,0.00245296718940613,0.049717248,-0,-0.0323001430328786,-0.00405821777659101,-0.0822527999999999,0.300019168567657,-0.200012779045105,0.0114332864765269
470,9.38,5,-0.588002603547568,-1.1015262766722,1.83668146456174,0.057640846158,0,0.01886533939968,0.00237025748261466,0.0480408705,-0,-0.0335148619536157,-0.00421083610749681,-0.0853460999999999,0.300018069509574,-0.200012046339716,0.0105951763232771
471,9.4,5,-0.588002603547568,-1.1011557491758,1.83672801795536,0.0585844,0,0.0181836742717263,0.00228461248911948,0.046305,-0,-0.0346355700413834,-0.00435164283641806,-0.0882,0.300016962880535,-0.200011308587023,0.00978631969903856
472,9.42,5,-0.588002603547568,-1.10079907260879,1.83677283110629,0.059492682242,0,0.0174805763231683,0.00219627465759291,0.0445145504999999,-0,-0.0356573193576042,-0.0044800163000924,-0.0908019000000001,0.300015854997853,-0.200010569998569,0.00900769530354831
473,9.44,5,-0.588002603547568,-1.10045665550597,1.83681585268586,0.060364652544,0,0.0167580742088229,0.00210549886997252,0.042674688,-0,-0.0365751619637009,-0.00459533483525748,-0.0931392000000001,0.300014752073516,-0.200009834715677,0.00826019543230672
474,9.46,5,-0.588002603547568,-1.10012886483945,1.83685703658739,0.061199376406,0,0.0160182955422783,0.00201255244146109,0.0407908305,-0,-0.037384149921096,-0.00469697677865095,-0.0951992999999999,0.300013660165465,-0.200009106776977,0.00754462165163522
475,9.48,5,-0.588002603547568,-1.09981602403947,1.83689634217481,0.061996030208,0,0.0152634668958943,0.0019177151205267,0.038868648,-0,-0.0380793352912124,-0.00478432046701049,-0.0969696,0.300012585129956,-0.200008390086637,0.00686168047377499
476,9.5,5,-0.588002603547568,-1.09951841101526,1.83693373453137,0.06275390625,0,0.0144959138008022,0.00182127908890265,0.0369140625,-0,-0.0386557701354725,-0.00485674423707373,-0.0984375,0.300011532575347,-0.200007688383565,0.00621197903207228
477,9.52,5,-0.588002603547568,-1.09923625617582,1.8369691847083,0.0634724177920001,0,0.0137180607469049,0.00172354896158748,0.034933248,-0,-0.0391085065152992,-0.00491362642557834,-0.0995904,0.300010507817713,-0.200007005211809,0.00559602075629678
478,9.54,5,-0.588002603547568,-1.09896974045077,1.83700266997342,0.064151104094,0,0.012932431182877,0.00162484178684499,0.0329326305,-0,-0.0394325964921149,-0.00495434536926196,-0.1004157,0.300009515838613,-0.200006343892409,0.00501420104813909
479,9.56,5,-0.588002603547568,-1.09871899331118,1.8370341740599,0.064789635456,0,0.0121416475161643,0.00152548704620423,0.0309188880000001,-0,-0.0396230921273426,-0.00497827940486227,-0.1009008,0.300008561245355,-0.200005707496904,0.00446680295692994
480,9.58,5,-0.588002603547568,-1.09848409079036,1.83706368741484,0.065387818258,0,0.0113484311129844,0.00142582665445947,0.0288989505000001,-0,-0.0396750454824047,-0.0049848068691169,-0.1010331,0.300007648234082,-0.200005098822721,0.00395399285562481
481,9.6,5,-0.588002603547568,-1.09826505350473,1.83709120744796,0.0659456,0,0.0105556022983263,0.00132621495967027,0.02688,-0,-0.0395835086187239,-0.00497330609876351,-0.1008,0.30000678055595,-0.200004520370634,0.00347581611709143
482,9.62,5,-0.588002603547568,-1.0980618446746,1.83711673878031,0.066463074342,0,0.00976608035595094,0.00122701874316141,0.0248694705000001,-0,-0.0393435335977229,-0.00494315543053976,-0.1001889,0.300005961486686,-0.200003974324457,0.00303219279073744
483,9.64,5,-0.588002603547568,-1.09787436814505,1.83714029349288,0.0669404861439999,0,0.00898288352839016,0.0011286172195229,0.0228750480000002,-0,-0.0389501724808244,-0.0048937332011833,-0.0991872000000002,0.300005193799721,-0.200003462533148,0.00262291327950841
484,9.66,5,-0.588002603547568,-1.09770246640669,1.83716189137527,0.067378236506,0,0.00820912901694778,0.00103140203661004,0.0209046705000001,-0,-0.0383984773294509,-0.00482441774743178,-0.0977823000000002,0.300004479743122,-0.200002986495415,0.00224763401728549
485,9.68,5,-0.588002603547568,-1.09754591861652,1.83718156017439,0.067776887808,0,0.00744803298169906,0.000935777275543338,0.018966528,-0,-0.037683500205025,-0.00473458740602284,-0.0959615999999997,0.300003821020438,-0.200002547346958,0.00190587314670254
486,9.7,5,-0.588002603547568,-1.09740443861877,1.8371993358431,0.06813716875,0,0.00670291054149091,0.000842159450708582,0.0170690624999999,-0,-0.0368002931689698,-0.00462362051369418,-0.0937124999999998,0.300003218775585,-0.20000214585039,0.00159700619740014
487,9.72,5,-0.588002603547568,-1.0972776729657,1.83721526278888,0.068459979392,0,0.00597717577394165,0.000750977509756785,0.015220968,-0,-0.0357439082827076,-0.00449089540718344,-0.0910224,0.300002673581802,-0.200001782387868,0.001320261764724
488,9.74,5,-0.588002603547568,-1.09716519893841,1.8372293941225,0.068746396194,0,0.0052743417154412,0.000662672833604211,0.0134311905,-0,-0.0345093976076611,-0.00433579042322825,-0.0878786999999999,0.300002185434661,-0.20000145695644,0.00107471718887264
489,9.76,5,-0.588002603547568,-1.09706652256771,1.83724179190666,0.0689976770560001,0,0.00459802036115086,0.000577699236432355,0.0117089279999997,-0,-0.033091813205253,-0.00415768389856627,-0.0842687999999997,0.300001753749073,-0.200001169166049,0.000859294234485372
490,9.78,5,-0.588002603547568,-1.09698107665491,1.8372525274047,0.0692152663579999,0,0.00395192266500402,0.000496522965688024,0.0100636305000001,-0,-0.0314862071369061,-0.00395595416993518,-0.0801800999999998,0.300001377360133,-0.200000918240089,0.000672754770659492
491,9.8,5,-0.588002603547568,-1.09690821879263,1.83726168132924,0.0694008,0,0.00333985853970476,0.000419622702083162,0.00850499999999983,-0,-0.0296876314640428,-0.00372997957407262,-0.0755999999999999,0.300001054527581,-0.200000703018387,0.000513696451371184
492,9.82,5,-0.588002603547568,-1.09684722938569,1.83726934409083,0.069556110442,0,0.00276573685672962,0.00034748955959508,0.00704299050000014,-0,-0.0276911382480862,-0.00347913844771626,-0.0705159000000004,0.300000782943588,-0.200000521962392,0.000380548396270705
493,9.84,5,-0.588002603547568,-1.09679730967187,1.83727561604665,0.069683231744,0,0.00223356544632592,0.000280627085466237,0.00568780800000017,-0,-0.0254917795504582,-0.0032028091276037,-0.0649152,0.300000559743475,-0.200000373162317,0.000271566871806683
494,9.86,5,-0.588002603547568,-1.09675757974275,1.83728060774914,0.0697844046060001,0,0.00174745109751281,0.000219551260204371,0.00444991049999977,-0,-0.023084607432582,-0.00290036995047264,-0.0587853000000001,0.300000381518886,-0.200000254345924,0.000184830972628405
495,9.88,5,-0.588002603547568,-1.09672707656456,1.83728444019471,0.069862081408,0,0.00131159955808142,0.00016479049758253,0.00334000800000002,-0,-0.0204646739558803,-0.00257119925306074,-0.0521136000000002,0.300000244332825,-0.20000016288855,0.000118238303203871
496,9.9,5,-0.588002603547568,-1.09670475199898,1.83728724507235,0.0699189312499999,0,0.000930315534593728,0.000116885644638911,0.00236906250000006,-0,-0.0176270311817755,-0.00221467537210562,-0.0448875,0.30000014373589,-0.200000095823927,6.95006595744091e-05
497,9.92,5,-0.588002603547568,-1.09668947082396,1.83728916501233,0.069957844992,0,0.00060800269238365,7.63899816770138e-05,0.00154828800000013,-0,-0.0145667311716906,-0.001830176644345,-0.0370944000000005,0.300000074782884,-0.200000049855256,3.61397111653394e-05
498,9.94,5,-0.588002603547568,-1.09668000875457,1.83729035383488,0.069981940294,0,0.000349163655556498,4.38692222655646e-05,0.00088915050000006,-0,-0.0112788259870477,-0.00141708140651643,-0.0287217000000002,0.300000032048894,-0.200000021365929,1.54826825496529e-05
499,9.96,5,-0.588002603547568,-1.09667505046381,1.8372909767988,0.0699945666559998,0,0.000158400006989262,1.99015132385521e-05,0.000403368000000004,-0,-0.00775836768926982,-0.000974767995357639,-0.0197567999999999,0.300000009643791,-0.200000006429194,4.65803505282636e-06
500,9.98,5,-0.588002603547568,-1.09667318760342,1.83729121085018,0.069999310458,0,4.04122883304117e-05,5.07743469520427e-06,0.000102910499999958,-0,-0.0040004083397798,-0.000502614747606289,-0.0101871000000001,0.30000000122397,-0.20000000081598,5.91148076226067e-07
501,10,5,-0.588002603547568,-1.09667291682473,1.83729124487105,0.07,0,0,0,0,0,0,0,0,0.3,-0.2,0
502,10.02,6,-0.588002603547568,-1.09667318760342,1.83729121085018,0.069999310458,0,-4.04122883304284e-05,-5.07743469520636e-06,-0.0001029105,0,-0.00400040833977978,-0.000502614747606286,-0.0101871,0.30000000122397,-0.20000000081598,5.91148076239945e-07
503,10.04,6,-0.588002603547568,-1.09667505046381,1.8372909767988,0.069994566656,0,-0.00015840000698926,-1.99015132385519e-05,-0.000403368,0,-0.00775836768926988,-0.000974767995357646,-0.0197568,0.300000009643791,-0.200000006429194,4.65803505264595e-06
504,10.06,6,-0.588002603547568,-1.09668000875457,1.83729035383488,0.069981940294,0,-0.000349163655556475,-4.38692222655617e-05,-0.0008891505,0,-0.0112788259870476,-0.00141708140651643,-0.0287217,0.300000032048894,-0.200000021365929,1.5482682549639e-05
505,10.08,6,-0.588002603547568,-1.09668947082396,1.83728916501233,0.069957844992,0,-0.000608002692383599,-7.63899816770074e-05,-0.001548288,0,-0.0145667311716904,-0.00183017664434497,-0.0370944,0.300000074782884,-0.200000049855256,3.61397111653672e-05
506,10.1,6,-0.588002603547568,-1.09670475199898,1.83728724507235,0.06991893125,0,-0.000930315534593705,-0.000116885644638908,-0.0023690625,0,-0.0176270311817755,-0.00221467537210562,-0.0448875,0.30000014373589,-0.200000095823927,6.95006595742842e-05
507,10.12,6,-0.588002603547568,-1.09672707656456,1.83728444019471,0.069862081408,0,-0.00131159955808142,-0.000164790497582529,-0.003340008,0,-0.0204646739558802,-0.00257119925306073,-0.0521136,0.300000244332825,-0.20000016288855,0.00011823830320383
508,10.14,6,-0.588002603547568,-1.09675757974275,1.83728060774914,0.069784404606,0,-0.0017474510975129,-0.000219551260204382,-0.0044499105,0,-0.023084607432582,-0.00290036995047264,-0.0587853,0.300000381518886,-0.200000254345924,0.000184830972628489
509,10.16,6,-0.588002603547568,-1.09679730967187,1.83727561604665,0.069683231744,0,-0.00223356544632586,-0.000280627085466229,-0.005687808,0,-0.0254917795504582,-0.00320280912760369,-0.0649152,0.300000559743475,-0.200000373162317,0.000271566871806656
510,10.18,6,-0.588002603547568,-1.09684722938569,1.83726934409083,0.069556110442,0,-0.00276573685672957,-0.000347489559595073,-0.0070429905,0,-0.027691138248086,-0.00347913844771624,-0.0705159,0.300000782943588,-0.200000521962392,0.000380548396270705
511,10.2,6,-0.588002603547568,-1.09690821879263,1.83726168132924,0.0694008,0,-0.00333985853970483,-0.00041962270208317,-0.008505,0,-0.0296876314640429,-0.00372997957407263,-0.0756,0.300001054527581,-0.200000703018387,0.000513696451371171
512,10.22,6,-0.588002603547568,-1.09698107665491,1.8372525274047,0.069215266358,0,-0.00395192266500399,-0.00049652296568802,-0.0100636305,0,-0.0314862071369062,-0.00395595416993519,-0.0801801,0.300001377360133,-0.200000918240089,0.000672754770659437
513,10.24,6,-0.588002603547568,-1.09706652256771,1.83724179190666,0.068997677056,0,-0.00459802036115096,-0.000577699236432368,-0.011708928,0,-0.0330918132052531,-0.00415768389856629,-0.0842688,0.300001753749073,-0.200001169166049,0.000859294234485428
514,10.26,6,-0.588002603547568,-1.09716519893841,1.8372293941225,0.068746396194,0,-0.00527434171544119,-0.00066267283360421,-0.0134311905,0,-0.0345093976076612,-0.00433579042322826,-0.0878787,0.300002185434661,-0.20000145695644,0.00107471718887266
515,10.28,6,-0.588002603547568,-1.0972776729657,1.83721526278888,0.068459979392,0,-0.00597717577394167,-0.000750977509756787,-0.015220968,0,-0.0357439082827076,-0.00449089540718344,-0.0910224,0.300002673581802,-0.200001782387868,0.00132026176472401
516,10.3,6,-0.588002603547568,-1.09740443861878,1.8371993358431,0.06813716875,0,-0.00670291054149093,-0.000842159450708585,-0.0170690625,0,-0.0368002931689698,-0.00462362051369419,-0.0937125,0.300003218775585,-0.20000214585039,0.00159700619740008
517,10.32,6,-0.588002603547568,-1.09754591861652,1.83718156017439,0.067776887808,0,-0.00744803298169908,-0.000935777275543341,-0.018966528,0,-0.0376835002050251,-0.00473458740602285,-0.0959616,0.300003821020438,-0.200002547346958,0.00190587314670249
518,10.34,6,-0.588002603547568,-1.09770246640669,1.83716189137527,0.067378236506,0,-0.00820912901694775,-0.00103140203661003,-0.0209046705,0,-0.0383984773294508,-0.00482441774743177,-0.0977823,0.300004479743122,-0.200002986495415,0.00224763401728548
519,10.36,6,-0.588002603547568,-1.09787436814505,1.83714029349288,0.066940486144,0,-0.0089828835283901,-0.0011286172195229,-0.022875048,0,-0.0389501724808243,-0.00489373320118328,-0.0991872,0.300005193799721,-0.200003462533148,0.00262291327950834
520,10.38,6,-0.588002603547568,-1.0980618446746,1.83711673878031,0.066463074342,0,-0.00976608035595088,-0.0012270187431614,-0.0248694705,0,-0.0393435335977229,-0.00494315543053975,-0.1001889,0.300005961486686,-0.200003974324457,0.0030321927907374
521,10.4,6,-0.588002603547568,-1.09826505350473,1.83709120744796,0.0659456,0,-0.0105556022983264,-0.00132621495967027,-0.02688,0,-0.0395835086187239,-0.0049733060987635,-0.1008,0.30000678055595,-0.200004520370634,0.00347581611709145
522,10.42,6,-0.588002603547568,-1.09848409079036,1.83706368741484,0.065387818258,0,-0.0113484311129844,-0.00142582665445947,-0.0288989505,0,-0.0396750454824047,-0.00498480686911689,-0.1010331,0.300007648234082,-0.200005098822721,0.00395399285562482
523,10.44,6,-0.588002603547568,-1.09871899331118,1.8370341740599,0.064789635456,0,-0.0121416475161643,-0.00152548704620422,-0.030918888,0,-0.0396230921273426,-0.00497827940486226,-0.1009008,0.300008561245355,-0.200005707496904,0.00446680295692994
524,10.46,6,-0.588002603547568,-1.09896974045077,1.83700266997342,0.064151104094,0,-0.012932431182877,-0.00162484178684499,-0.0329326305,0,-0.039432596492115,-0.00495434536926197,-0.1004157,0.300009515838613,-0.200006343892409,0.00501420104813909
525,10.48,6,-0.588002603547568,-1.09923625617582,1.8369691847083,0.063472417792,0,-0.0137180607469049,-0.00172354896158748,-0.034933248,0,-0.0391085065152992,-0.00491362642557834,-0.0995904,0.300010507817713,-0.200007005211809,0.00559602075629682
526,10.5,6,-0.588002603547568,-1.09951841101526,1.83693373453137,0.06275390625,0,-0.0144959138008022,-0.00182127908890265,-0.0369140625,0,-0.0386557701354725,-0.00485674423707373,-0.0984375,0.300011532575347,-0.200007688383565,0.00621197903207228
527,10.52,6,-0.588002603547568,-1.09981602403947,1.83689634217481,0.061996030208,0,-0.0152634668958943,-0.0019177151205267,-0.038868648,0,-0.0380793352912124,-0.00478432046701049,-0.0969696,0.300012585129956,-0.200008390086637,0.00686168047377499
528,10.54,6,-0.588002603547568,-1.10012886483945,1.83685703658739,0.061199376406,0,-0.0160182955422783,-0.00201255244146109,-0.0407908305,0,-0.037384149921096,-0.00469697677865096,-0.0951993,0.300013660165465,-0.200009106776977,0.00754462165163523
529,10.56,6,-0.588002603547568,-1.10045665550597,1.83681585268586,0.060364652544,0,-0.0167580742088229,-0.00210549886997252,-0.042674688,0,-0.0365751619637008,-0.00459533483525747,-0.0931392,0.300014752073516,-0.200009834715677,0.00826019543230676
530,10.58,6,-0.588002603547568,-1.10079907260879,1.83677283110629,0.059492682242,0,-0.0174805763231683,-0.00219627465759292,-0.0445145505,0,-0.0356573193576042,-0.0044800163000924,-0.0908019,0.300015854997853,-0.200010569998569,0.00900769530354834
531,10.6,6,-0.588002603547568,-1.1011557491758,1.83672801795536,0.0585844,0,-0.0181836742717263,-0.00228461248911948,-0.046305,0,-0.0346355700413834,-0.00435164283641806,-0.0882,0.300016962880535,-0.200011308587023,0.00978631969903858
532,10.62,6,-0.588002603547568,-1.1015262766722,1.83668146456174,0.057640846158,0,-0.01886533939968,-0.00237025748261466,-0.0480408705,0,-0.0335148619536158,-0.00421083610749682,-0.0853461,0.300018069509574,-0.200012046339716,0.0105951763232771
533,10.64,6,-0.588002603547568,-1.10191020697969,1.8366332272274,0.056663161856,0,-0.0195236420109844,-0.00245296718940613,-0.049717248,0,-0.0323001430328787,-0.00405821777659101,-0.0822528,0.300019168567657,-0.200012779045105,0.0114332864765269
534,10.66,6,-0.588002603547568,-1.10230705437562,1.83658336697894,0.055652583994,0,-0.0201567513683659,-0.00253251159408682,-0.0513294705,0,-0.0309963612177495,-0.003894409506963,-0.0789327,0.300020253681547,-0.200013502454365,0.0122995893797508
535,10.68,6,-0.588002603547568,-1.10271629751221,1.83653194931896,0.054610440192,0,-0.0207629356933223,-0.00260867311451491,-0.052873128,0,-0.0296084644468054,-0.0037200329618751,-0.0753984,0.300021318471798,-0.200014212314532,0.0131929464994968
536,10.7,6,-0.588002603547568,-1.10313738139568,1.83647904397735,0.05353814375,0,-0.0213405621661232,-0.00268124660181384,-0.0543440625,0,-0.028141400658624,-0.00353570980458968,-0.0716625,0.300022356602377,-0.200014904401585,0.0141121458726882
537,10.72,6,-0.588002603547568,-1.10356971936545,1.83642472466264,0.052437188608,0,-0.0218880969258095,-0.00275003934037227,-0.055738368,0,-0.0266001177917824,-0.00334206169836907,-0.0677376,0.30002336182985,-0.200015574553234,0.0150559064312771
538,10.74,6,-0.588002603547568,-1.10401269507329,1.83636906881337,0.051309144306,0,-0.0224041050701939,-0.00281487104784412,-0.0570523905,0,-0.0249895637848581,-0.00313971030647563,-0.0636363,0.300024328051718,-0.200016218701145,0.0160228823267198
539,10.76,6,-0.588002603547568,-1.10446566446254,1.83631215734936,0.050155650944,0,-0.0228872506558605,-0.00287557387514855,-0.058282728,0,-0.0233146865764284,-0.0029292772921717,-0.0593712,0.300025249353566,-0.200016832902377,0.0170116672542386
540,10.78,6,-0.588002603547568,-1.10492795774725,1.8362540744231,0.048978414142,0,-0.0233362966981649,-0.00293199240647,-0.0594262305,0,-0.0215804341050705,-0.00271138431871963,-0.0549549,0.30002612005467,-0.20001741336978,0.0180207987768324
541,10.8,6,-0.588002603547568,-1.10539888139135,1.83619490717105,0.0477792,0,-0.0237501051712343,-0.0029839836592581,-0.06048,0,-0.0197917543093619,-0.00248665304938175,-0.0504,0.300026934751713,-0.200017956501142,0.0190487626490078
542,10.82,6,-0.588002603547568,-1.10587772008786,1.83613474546501,0.046559830058,0,-0.0241276370079676,-0.00303141708422778,-0.0614413905,0,-0.0179535951278799,-0.00225570514742042,-0.0457190999999999,0.300027688360287,-0.200018458906858,0.0200939971402006
543,10.84,6,-0.588002603547568,-1.10636373873804,1.8360736816634,0.045322176256,0,-0.0244679521000349,-0.00307417456535918,-0.062308008,0,-0.0160709044992019,-0.00201916227609798,-0.0409248000000001,0.300028376153895,-0.20001891743593,0.0211548973578635
544,10.86,6,-0.588002603547568,-1.10685618443058,1.83601181036267,0.044068155894,0,-0.0247702092978782,-0.0031121504198977,-0.0630777105,0,-0.0141486303619051,-0.00177764609867678,-0.0360297000000001,0.300028993800148,-0.200019329200099,0.0222298195701991
545,10.88,6,-0.588002603547568,-1.10735428842074,1.83594922814855,0.042799726592,0,-0.0250336664107108,-0.003145251398354,-0.063748608,0,-0.012191720654567,-0.00153177827841916,-0.0310464,0.300029537393899,-0.200019691595933,0.023317085528521
546,10.9,6,-0.588002603547568,-1.10785726810957,1.83588603334745,0.04151888125,0,-0.0252576802065177,-0.00317339668450397,-0.0643190625,0,-0.0102051233157647,-0.00128218047858746,-0.0259875,0.300030003487086,-0.200020002324724,0.0244149867892303
547,10.92,6,-0.588002603547568,-1.10836432902307,1.83582232577776,0.040227643008,0,-0.0254417064120555,-0.00319651789538876,-0.064787688,0,-0.00819378628407584,-0.00102947436244405,-0.0208656,0.300030389115049,-0.200020259410033,0.0255217890353965
548,10.94,6,-0.588002603547568,-1.10887466679136,1.83575820650123,0.038928060206,0,-0.0255852997128521,-0.00321455908131474,-0.0651533505,0,-0.00616265749807756,-0.000774281593251241,-0.0156933,0.300030691819154,-0.200020461212769,0.0266357363979386
549,10.96,6,-0.588002603547568,-1.10938746912786,1.83569377757422,0.037622201344,0,-0.025688113753207,-0.00322747672585356,-0.065415168,0,-0.00411668489634724,-0.000517223834271398,-0.0104831999999999,0.300030909665542,-0.200020606443695,0.0277550557764027
550,10.98,6,-0.588002603547568,-1.10990191780845,1.83562914179912,0.036312150042,0,-0.0257499011361916,-0.0032352397458421,-0.0655725105,0,-0.00206081641746232,-0.000258922748766876,-0.00524790000000003,0.300031041259885,-0.200020694173257,0.0288779611593392
551,11,6,-0.588002603547568,-1.11041719065068,1.83556440247564,0.035,0,-0.0257705134236483,-0.00323782949138249,-0.065625,0,-0,-0,-0,0.300031085758028,-0.200020723838686,0.0300026579442832
552,11.02,6,-0.588002603547568,-1.1109324634929,1.83549966315217,0.033687849958,0,-0.0257499011361916,-0.0032352397458421,-0.0655725105,-0,0.00206081641746227,0.00025892274876687,0.00524789999999991,0.300031042872457,-0.200020695248304,0.0311273472573463
553,11.04,6,-0.588002603547568,-1.1114469121735,1.83543502737707,0.032377798656,0,-0.025688113753207,-0.00322747672585356,-0.065415168,-0,0.00411668489634727,0.000517223834271403,0.0104832,0.300030912874528,-0.200020608583018,0.0322502302724319
554,11.06,6,-0.588002603547568,-1.11195971450999,1.83537059845006,0.031071939794,0,-0.0255852997128521,-0.00321455908131474,-0.0651533505,-0,0.00616265749807757,0.000774281593251243,0.0156933,0.300030696592461,-0.200020464394974,0.0333695125300869
555,11.08,6,-0.588002603547568,-1.11247005227828,1.83530647917352,0.029772356992,0,-0.0254417064120555,-0.00319651789538876,-0.064787688,-0,0.00819378628407581,0.00102947436244404,0.0208655999999999,0.300030395405094,-0.200020263603396,0.0344834082560066
556,11.1,6,-0.588002603547568,-1.11297711319179,1.83524277160384,0.02848111875,0,-0.0252576802065177,-0.00317339668450397,-0.0643190625,-0,0.0102051233157648,0.00128218047858747,0.0259875000000001,0.300030011231449,-0.200020007487632,0.0355901446792123
557,11.12,6,-0.588002603547568,-1.11348009288062,1.83517957680274,0.027200273408,0,-0.0250336664107108,-0.00314525139835401,-0.063748608,-0,0.012191720654567,0.00153177827841916,0.0310464,0.30002954651618,-0.200019697677453,0.0366879663499214
558,11.14,6,-0.588002603547568,-1.11397819687078,1.83511699458862,0.025931844106,0,-0.0247702092978782,-0.0031121504198977,-0.0630777105,-0,0.0141486303619051,0.00177764609867678,0.0360297000000001,0.300029004211015,-0.200019336140676,0.0377751394571337
559,11.16,6,-0.588002603547568,-1.11447064256331,1.83505512328788,0.024677823744,0,-0.0244679521000349,-0.00307417456535918,-0.062308008,-0,0.0160709044992019,0.00201916227609798,0.0409248,0.300028387752302,-0.200018925168201,0.0388499561459574
560,11.18,6,-0.588002603547568,-1.11495666121349,1.83499405948628,0.023440169942,0,-0.0241276370079675,-0.00303141708422777,-0.0614413905,-0,0.0179535951278799,0.00225570514742042,0.0457190999999999,0.300027701034845,-0.200018467356563,0.0399107388347002
561,11.2,6,-0.588002603547568,-1.11543549991001,1.83493389778023,0.0222208,0,-0.0237501051712343,-0.0029839836592581,-0.0604800000000001,-0,0.0197917543093619,0.00248665304938175,0.0504,0.300026948382196,-0.200017965588131,0.0409558445317528
562,11.22,6,-0.588002603547568,-1.11590642355411,1.83487473052819,0.021021585858,0,-0.0233362966981649,-0.00293199240647,-0.0594262305,-0,0.0215804341050705,0.00271138431871962,0.0549548999999999,0.300026134513624,-0.200017423009083,0.0419836691522909
563,11.24,6,-0.588002603547568,-1.11636871683881,1.83481664760193,0.019844349056,0,-0.0228872506558605,-0.00287557387514856,-0.0582827280000001,-0,0.0233146865764284,0.00292927729217171,0.0593712000000001,0.300025264508004,-0.200016843005336,0.0429926518348228
564,11.26,6,-0.588002603547568,-1.11682168622806,1.83475973613792,0.018690855694,0,-0.0224041050701939,-0.00281487104784411,-0.0570523905,-0,0.0249895637848582,0.00313971030647564,0.0636363000000001,0.300024343764872,-0.200016229176581,0.0439812792576123
565,11.28,6,-0.588002603547568,-1.11726466193591,1.83470408028864,0.0175628113919999,0,-0.0218880969258095,-0.00275003934037226,-0.0557383679999999,-0,0.0266001177917825,0.00334206169836908,0.0677376000000001,0.300023377962951,-0.200015585308634,0.0449480899550024
566,11.3,6,-0.588002603547568,-1.11769699990567,1.83464976097394,0.01646185625,0,-0.0213405621661232,-0.00268124660181384,-0.0543440625000001,-0,0.028141400658624,0.00353570980458968,0.0716625000000001,0.300022373016437,-0.200014915344291,0.0458916786336687
567,11.32,6,-0.588002603547568,-1.11811808378914,1.83459685563233,0.015389559808,0,-0.0207629356933223,-0.00260867311451491,-0.0528731279999999,-0,0.0296084644468054,0.00372003296187509,0.0753983999999998,0.300021335029366,-0.20001422335291,0.046810700488829
568,11.34,6,-0.588002603547568,-1.11852732692573,1.83454543797234,0.014347416006,0,-0.0201567513683659,-0.00253251159408682,-0.0513294705,-0,0.0309963612177494,0.00389440950696299,0.0789326999999999,0.300020270248416,-0.200013513498944,0.0477038755204355
569,11.36,6,-0.588002603547568,-1.11892417432167,1.83449557772389,0.013336838144,0,-0.0195236420109844,-0.00245296718940613,-0.049717248,-0,0.0323001430328786,0.00405821777659101,0.0822527999999999,0.300019185014487,-0.200012790009658,0.0485699928493757
570,11.38,6,-0.588002603547568,-1.11930810462915,1.83444734038954,0.012359153842,0,-0.01886533939968,-0.00237025748261466,-0.0480408705,-0,0.0335148619536157,0.00421083610749681,0.0853460999999999,0.30001808571342,-0.20001205714228,0.0494079150337075
571,11.4,6,-0.588002603547568,-1.11967863212555,1.83440078699592,0.0114156,0,-0.0181836742717263,-0.00228461248911948,-0.046305,-0,0.0346355700413834,0.00435164283641806,0.0882,0.300016978726241,-0.200011319150827,0.05021658238495
572,11.42,6,-0.588002603547568,-1.12003530869256,1.834355973845,0.010507317758,0,-0.0174805763231683,-0.00219627465759291,-0.0445145504999999,-0,0.0356573193576042,0.0044800163000924,0.0908019000000001,0.30001587037931,-0.200010580252873,0.0509950172844563
573,11.44,6,-0.588002603547568,-1.12037772579538,1.83431295226542,0.00963534745599997,0,-0.0167580742088229,-0.00210549886997252,-0.042674688,-0,0.0365751619637009,0.00459533483525748,0.0931392000000001,0.30001476689475,-0.2000098445965,0.0517423284998871
574,11.46,6,-0.588002603547568,-1.12070551646191,1.8342717683639,0.008800623594,0,-0.0160182955422783,-0.00201255244146109,-0.0407908305,-0,0.037384149921096,0.00469697677865095,0.0951992999999999,0.300013674341555,-0.200009116227703,0.0524577155018071
575,11.48,6,-0.588002603547568,-1.12101835726188,1.83423246277648,0.00800396979200001,0,-0.0152634668958943,-0.0019177151205267,-0.038868648,-0,0.0380793352912124,0.00478432046701049,0.0969696,0.300012598587752,-0.200008399058501,0.0531404727804229
576,11.5,6,-0.588002603547568,-1.1213159702861,1.83419507041991,0.00724609375,0,-0.0144959138008022,-0.00182127908890265,-0.0369140625,-0,0.0386557701354725,0.00485674423707373,0.0984375,0.300011545254003,-0.200007696836002,0.0537899941624812
577,11.52,6,-0.588002603547568,-1.12159812512553,1.83415962024299,0.00652758220799995,0,-0.0137180607469049,-0.00172354896158748,-0.034933248,-0,0.0391085065152992,0.00491362642557834,0.0995904,0.300010519669009,-0.200007013112673,0.0544057771283414
578,11.54,6,-0.588002603547568,-1.12186464085058,1.83412613497786,0.005848895906,0,-0.012932431182877,-0.00162484178684499,-0.0329326305,-0,0.0394325964921149,0.00495434536926196,0.1004157,0.300009526827073,-0.200006351218049,0.0549874271292411
579,11.56,6,-0.588002603547568,-1.12211538799017,1.83409463089138,0.00521036454400001,0,-0.0121416475161643,-0.00152548704620423,-0.0309188880000001,-0,0.0396230921273426,0.00497827940486227,0.1009008,0.300008571348169,-0.200005714232113,0.0555346619047659
580,11.58,6,-0.588002603547568,-1.12235029051099,1.83406511753645,0.00461218174199998,0,-0.0113484311129844,-0.00142582665445947,-0.0288989505000001,-0,0.0396750454824047,0.0049848068691169,0.1010331,0.300007657440825,-0.20000510496055,0.0560473158005365
581,11.6,6,-0.588002603547568,-1.12256932779663,1.83403759750332,0.00405439999999997,0,-0.0105556022983263,-0.00132621495967027,-0.02688,-0,0.0395835086187239,0.00497330609876351,0.1008,0.300006788868118,-0.200004525912079,0.0565253440861234
582,11.62,6,-0.588002603547568,-1.12277253662675,1.83401206617097,0.00353692565800004,0,-0.00976608035595094,-0.00122701874316141,-0.0248694705000001,-0,0.0393435335977229,0.00494315543053976,0.1001889,0.300005968917053,-0.200003979278035,0.056968827273199
583,11.64,6,-0.588002603547568,-1.1229600131563,1.83398851145841,0.00305951385600008,0,-0.00898288352839016,-0.0011286172195229,-0.0228750480000002,-0,0.0389501724808244,0.0048937332011833,0.0991872000000002,0.300005200371536,-0.200003466914357,0.0573779754339338
584,11.66,6,-0.588002603547568,-1.12313191489467,1.83396691357601,0.00262176349400002,0,-0.00820912901694778,-0.00103140203661004,-0.0209046705000001,-0,0.0383984773294509,0.00482441774743178,0.0977823000000002,0.300004485489162,-0.200002990326108,0.0577531325196419
585,11.68,6,-0.588002603547568,-1.12328846268483,1.83394724477689,0.00222311219200005,0,-0.00744803298169906,-0.000935777275543338,-0.018966528,-0,0.037683500205025,0.00473458740602284,0.0959615999999997,0.300003825981935,-0.200002550654624,0.0580947806796805
586,11.7,6,-0.588002603547568,-1.12342994268258,1.83392946910818,0.00186283124999996,0,-0.00670291054149091,-0.000842159450708582,-0.0170690624999999,-0,0.0368002931689698,0.00462362051369418,0.0937124999999998,0.300003223001054,-0.20000214866737,0.0584035445806024
587,11.72,6,-0.588002603547568,-1.12355670833565,1.8339135421624,0.00154002060799999,0,-0.00597717577394165,-0.000750977509756785,-0.015220968,-0,0.0357439082827076,0.00449089540718344,0.0910224,0.300002677125777,-0.200001784750518,0.0586801957255626
588,11.74,6,-0.588002603547568,-1.12366918236294,1.83389941082879,0.00125360380599998,0,-0.0052743417154412,-0.000662672833604211,-0.0134311905,-0,0.0345093976076611,0.00433579042322825,0.0878786999999999,0.300002188356385,-0.200001458904257,0.0589256567739724
589,11.76,6,-0.588002603547568,-1.12376785873364,1.83388701304463,0.00100232294399995,0,-0.00459802036115086,-0.000577699236432355,-0.0117089279999997,-0,0.033091813205253,0.00415768389856627,0.0842687999999997,0.300001756111144,-0.200001170740763,0.0591410058613964
590,11.78,6,-0.588002603547568,-1.12385330464645,1.83387627754658,0.00078473364200006,0,-0.00395192266500402,-0.000496522965688024,-0.0100636305000001,-0,0.0314862071369061,0.00395595416993518,0.0801800999999998,0.300001379227138,-0.200000919484759,0.0593274809196785
591,11.8,6,-0.588002603547568,-1.12392616250872,1.83386712362205,0.000599200000000008,0,-0.00333985853970476,-0.000419622702083162,-0.00850499999999983,-0,0.0296876314640428,0.00372997957407262,0.0755999999999999,0.300001055964744,-0.200000703976496,0.0594864839972857
592,11.82,6,-0.588002603547568,-1.12398715191566,1.83385946086046,0.000443889557999996,0,-0.00276573685672962,-0.00034748955959508,-0.00704299050000014,-0,0.0276911382480862,0.00347913844771626,0.0705159000000004,0.300000784015443,-0.200000522676962,0.0596195855798464
593,11.84,6,-0.588002603547568,-1.12403707162948,1.83385318890464,0.000316768256000022,0,-0.00223356544632592,-0.000280627085466237,-0.00568780800000017,-0,0.0254917795504582,0.0032028091276037,0.0649152,0.300000560512589,-0.200000373675059,0.0597285289108636
594,11.86,6,-0.588002603547568,-1.1240768015586,1.83384819720214,0.000215595393999915,0,-0.00174745109751281,-0.000219551260204371,-0.00444991049999977,-0,0.023084607432582,0.00290036995047264,0.0587853000000001,0.300000382044641,-0.200000254696427,0.0598152343125696
595,11.88,6,-0.588002603547568,-1.12410730473679,1.83384436475657,0.000137918592000047,0,-0.00131159955808142,-0.00016479049758253,-0.00334000800000002,-0,0.0204646739558803,0.00257119925306074,0.0521136000000002,0.300000244670282,-0.200000163113521,0.0598818035068862
596,11.9,6,-0.588002603547568,-1.12412962930237,1.83384155987894,8.10687500001211e-05,0,-0.000930315534593728,-0.000116885644638911,-0.00236906250000006,-0,0.0176270311817755,0.00221467537210562,0.0448875,0.300000143934733,-0.200000095956489,0.059930523936452
597,11.92,6,-0.588002603547568,-1.12414491047739,1.83383963993895,4.21550079999777e-05,0,-0.00060800269238365,-7.63899816770138e-05,-0.00154828800000013,-0,0.0145667311716906,0.001830176644345,0.0370944000000005,0.300000074886454,-0.200000049924302,0.05996387308566
598,11.94,6,-0.588002603547568,-1.12415437254678,1.83383845111641,1.80597060000093e-05,0,-0.000349163655556498,-4.38692222655646e-05,-0.00088915050000006,-0,0.0112788259870477,0.00141708140651643,0.0287217000000002,0.30000003209331,-0.20000002139554,0.0599845228016502
599,11.96,6,-0.588002603547568,-1.12415933083755,1.83383782815249,5.4333440001747e-06,0,-0.000158400006989262,-1.99015132385521e-05,-0.000403368000000004,-0,0.00775836768926982,0.000974767995357639,0.0197567999999999,0.300000009657162,-0.200000006438108,0.0599953436151911
600,11.98,6,-0.588002603547568,-1.12416119369794,1.83383759410111,6.89541999984722e-07,0,-4.04122883304117e-05,-5.07743469520427e-06,-0.000102910499999958,-0,0.0040004083397798,0.000502614747606289,0.0101871000000001,0.300000001225667,-0.200000000817111,0.0599994090613694
601,12,6,-0.588002603547568,-1.12416146447662,1.83383756008024,0,0,-0,-0,-0,0,-0,-0,-0,0.3,-0.2,0.0600000000000001
602,12.02,7,-0.587996811369121,-1.12415913129705,1.83384046183971,0,0.000864452027605456,0.000348214722971027,0.000433072268295332,0,0.0855720188942775,0.0344697402536977,0.0428697800938814,0,0.30000074470569,-0.199997986529928,0.060001443267193
603,12.04,7,-0.587956963255882,-1.12414307985721,1.8338604249056,0,0.0033883062026825,0.00136486244236863,0.001697470080485,0,0.165957854825265,0.0668504053405046,0.0831413916972244,0,0.300005867500809,-0.199984134422407,0.0600113723166415
604,12.06,7,-0.587850901345463,-1.12410035646994,1.83391355969002,0,0.00746889727065174,0.0030085879967258,0.00374176030522569,0,0.241263348261602,0.0971846294475001,0.120867858656775,0,0.300019498243591,-0.199947263583205,0.0600377990633965
605,12.08,7,-0.587648499912474,-1.12401882602445,1.8340149585472,0,0.0130056767863065,0.00523888890831709,0.00651557028810902,0,0.311594339671927,0.125515046761764,0.156102204819279,0,0.30004549261585,-0.199876896447456,0.0600882262502384
606,12.1,7,-0.587321623032334,-1.12388715493267,1.83417871698308,0,0.019900213113813,0.00801611538315866,0.00996958785166149,0,0.377056669524878,0.151884291470375,0.188897454031481,0,0.30008742450495,-0.199763239352965,0.0601696551460377
607,12.12,7,-0.586844082245087,-1.12369479407559,1.83441795486481,0,0.0280561914267101,0.0113014703110083,0.0140555612953446,0,0.437756178289093,0.176334997760413,0.219306630140128,0,0.300148575164995,-0.199597162990393,0.0602885925363086
608,12.14,7,-0.586191594219212,-1.12343196174954,1.83474483763028,0,0.0373794137079094,0.0150570092653652,0.0187262993955545,0,0.493798706433212,0.198909799818957,0.247382756991965,0,0.300231920188496,-0.199370182286674,0.0604510572254113
609,12.16,7,-0.585341738415436,-1.12308962661257,1.8351705974977,0,0.0477777987496955,0.0192456405034704,0.0239356714056227,0,0.545290094425872,0.219651331833086,0.273178858433737,0,0.300340115205507,-0.199074436060075,0.0606625862429503
610,12.18,7,-0.584273914750545,-1.12265949063072,1.83570555467511,0,0.0591613821537255,0.0238311249663064,0.0296386070558152,0,0.592336182735713,0.238602227989881,0.296747958312192,0,0.300475481119516,-0.198702666766402,0.0609282409217539
611,12.2,7,-0.5829693012612,-1.1221339720244,1.83635913856992,0,0.0714423163310295,0.0287780762785973,0.0357910965533332,0,0.635042811831373,0.25580512247642,0.318143080474073,0,0.300639989588587,-0.198248200634586,0.0612526129916103
612,12.22,7,-0.581410811767748,-1.12150618821468,1.83713990899846,0,0.0845348705020101,0.0340519607488087,0.0423501905823127,0,0.67351582218149,0.271302649479784,0.337417248766127,0,0.300835249366524,-0.197704928465466,0.0616398308118241
613,12.24,7,-0.579583053538032,-1.1207699387696,1.8380555773955,0,0.098355430696443,0.039619097369148,0.0492740003038244,0,0.707861054254704,0.28513744318705,0.3546234870351,0,0.301062494032037,-0.197067287339395,0.0620935658466607
614,12.26,7,-0.577472284951209,-1.11991968835055,1.83911302802382,0,0.112822499753476,0.045446657815564,0.0565216973558744,0,0.738184348519652,0.297352137785299,0.369814819127737,0,0.301322571554116,-0.196330243446456,0.0626170394708551
615,12.28,7,-0.575066373161555,-1.11895054965856,1.84031833918371,0,0.127856697321632,0.0515026664477471,0.0640535138534033,0,0.764591545444973,0.30798936746161,0.383044268890784,0,0.301615936068571,-0.195489276217666,0.063213030177505
616,12.3,7,-0.572354751762285,-1.1178582663806,1.84167680442254,0,0.143380759858802,0.0577560003091293,0.0718307423882868,0,0.787188485499306,0.317091766403063,0.394364860170987,0,0.301942642173911,-0.194540363897062,0.0638838812477044
617,12.32,7,-0.569328378449363,-1.11663919613597,1.84319295374429,0,0.159319540632255,0.0641763891268844,0.0798157360293355,0,0.806081009151289,0.324701968796736,0.40382961681509,0,0.302302341993665,-0.193479970653607,0.0646315089300626
618,12.34,7,-0.565979692685311,-1.11529029342256,1.84487057481907,0,0.175600009718629,0.0707344153119275,0.0879719083222948,0,0.821374956869562,0.33086260882971,0.411491562669841,0,0.302694285196697,-0.192305035289172,0.0654574111686178
619,12.36,7,-0.562302573363027,-1.11380909256323,1.84671273419268,0,0.192151254003937,0.0774015139589153,0.096263733289845,0,0.833176169122761,0.335616320689064,0.417403721581984,0,0.303117322116183,-0.191012961555181,0.0663626769093781
620,12.38,7,-0.558292296469593,-1.11219369065209,1.84872179849616,0,0.208904477183563,0.0841499728462464,0.104656745431602,0,0.841590486379527,0.339005738561876,0.421619117398265,0,0.303569910061373,-0.189601610046816,0.0673479960086278
621,12.4,7,-0.553945492750093,-1.11044273050085,1.85089945565529,0,0.225792999762266,0.0909529324360606,0.113117539724115,0,0.846723749108497,0.341073496635227,0.424190773965431,0,0.304050122873213,-0.188069291600741,0.0684136697599962
622,12.42,7,-0.549260105371417,-1.10855538358514,1.85324673610016,0,0.242752259054175,0.0977843858742396,0.12161377162087,0,0.848681797778311,0.341862229096196,0.425171715130226,0,0.304555663735002,-0.186414762080975,0.0695596220519111
623,12.44,7,-0.544235347586083,-1.10653133299085,1.8557640339747,0,0.259719809182795,0.104619178990406,0.130114157052286,0,0.847570472857606,0.341414570131863,0.424614964739396,0,0.305083881211774,-0.184637218398767,0.070785411162251
624,12.46,7,-0.538871660396043,-1.1043707563604,1.8584511283462,0,0.276635321081001,0.111433010297926,0.13858847242572,0,0.843495614815021,0.339773153929306,0.422573546639688,0,0.305631788456667,-0.182736295576684,0.0720902421925928
625,12.48,7,-0.533170670216499,-1.10207430883916,1.86130720441491,0,0.293440582491041,0.118202430993904,0.14700755462546,0,0.836563064119195,0.336980614675604,0.419100484677846,0,0.3061960854887,-0.180712064635554,0.0734729801402692
626,12.5,7,-0.527135146539714,-1.09964310602167,1.86433087472348,0,0.310079497964538,0.12490484495919,0.155343301012731,0,0.826878661238767,0.333079586557839,0.414248802700616,0,0.306773184413829,-0.178565031055829,0.0749321636023533
627,12.52,7,-0.520768959598824,-1.09707870689805,1.86752020036659,0,0.326498088862485,0.131518508758371,0.163568669425693,0,0.814548246642375,0.328112703763089,0.408071524554745,0,0.307359237429673,-0.176296133543136,0.0764660191015681
628,12.54,7,-0.514077038031651,-1.09438309680027,1.87087271220045,0,0.34264449335525,0.138022531639781,0.171657678179441,0,0.799677660798657,0.322122600478433,0.400621674086977,0,0.307950167423765,-0.173906742811509,0.0780724760198817
629,12.56,7,-0.507065326544519,-1.09155867034852,1.87438543205233,0,0.358468966422573,0.14439687553549,0.179585406066005,0,0.782372744176251,0.31515191089095,0.391952275144058,0,0.308541700945612,-0.171398660087591,0.0797491821211206
630,12.58,7,-0.499740743576059,-1.08860821439747,1.87805489393011,0,0.373923879853567,0.150622355061314,0.187327992354348,0,0.762739337243798,0.307243269187721,0.382116351572735,0,0.309129403304298,-0.168774115035079,0.0814935196392773
631,12.6,7,-0.49211113896103,-1.08553489098268,1.88187716523182,0,0.388963722246716,0.156680637516808,0.19486263679037,0,0.740883280469935,0.298439309555824,0.371166927219752,0,0.309708715516115,-0.166035762801112,0.0833026219042884
632,12.62,7,-0.484185251594126,-1.08234222026686,1.8858478679552,0,0.403545099009879,0.162554242885269,0.202167599596905,0,0.716910414323301,0.288782666182339,0.359157025931856,0,0.310274992800957,-0.16318667989508,0.0851733904719066
633,12.64,7,-0.475972667093789,-1.07903406348622,1.88996219990717,0,0.417626732360287,0.168226543833738,0.209222201473723,0,0.690926579272534,0.278315973254345,0.346139671555791,0,0.310823544302402,-0.160230358625455,0.0871025127189344
634,12.66,7,-0.467483775466024,-1.0756146058968,1.89421495591346,0,0.431169461324544,0.173681765712994,0.216006823597527,0,0.663037615786273,0.267081864958923,0.332167887938305,0,0.311349673684957,-0.157170699841449,0.0890864798595563
635,12.68,7,-0.45872972876821,-1.07208833972075,1.89860054902808,0,0.444136241738626,0.178904986557559,0.222502907621957,0,0.633349364333156,0.25512297548315,0.317294698926142,0,0.311848720243276,-0.15401200375322,0.0911216053328774
636,12.7,7,-0.449722398772913,-1.06846004709275,1.90311303174289,0,0.456492146247882,0.183882137085698,0.228692955677587,0,0.601967665381822,0.242481939014107,0.301573128366049,0,0.312316100142864,-0.150758958636562,0.0932040435061312
637,12.72,7,-0.440474334631698,-1.06473478300624,1.90774611719712,0,0.468204364307035,0.188600000699415,0.234560530371925,0,0.56899835940091,0.229201389738873,0.285056200104769,0,0.31274734740026,-0.147416627264885,0.0953298086324521
638,12.74,7,-0.430998720538941,-1.06091785825979,1.91249320038693,0,0.479242202180179,0.193046213484459,0.240090254789415,0,0.534547286859058,0.215323961844527,0.267796937989051,0,0.313138154203446,-0.143990430952194,0.0974947939967108
639,12.76,7,-0.421309333395643,-1.05701482240341,1.91734737937493,0,0.489577082940782,0.197209264210316,0.245267812491435,0,0.498720288224905,0.200892289518149,0.249848365865639,0,0.313484410170728,-0.140486131134871,0.0996947911778234
640,12.78,7,-0.411420500473243,-1.0530314466849,1.92230147649974,0,0.499182546471684,0.201078494330218,0.250079947516301,0,0.461623203967089,0.185949006946818,0.231263507581278,0,0.313782240148853,-0.136909808466491,0.101925509351247
641,12.8,7,-0.401347057077428,-1.04897370699615,1.92734805958551,0,0.508034249465098,0.204644097981136,0.254514464379259,0,0.423361874554248,0.170536748317614,0.212095386982715,0,0.31402804015901,-0.13326783944781,0.104182594551211
642,12.82,7,-0.391104304211947,-1.04484776681946,1.93247946315145,0,0.516109965422611,0.207897121983784,0.258560228072493,0,0.384042140455022,0.154698147817615,0.192397027916695,0,0.31421851111271,-0.129566870662322,0.106461648808684
643,12.84,7,-0.380707966242425,-1.04065996017391,1.93768780962141,0,0.523389584655181,0.210829465842616,0.262207164065122,0,0.34376984213805,0.138475839633902,0.172221454229965,0,0.314350689938486,-0.125813790735558,0.108758249078298
644,12.86,7,-0.370174148560173,-1.03641677456161,1.94296503053336,0,0.529855114283139,0.213433881745829,0.265446258303198,0,0.302650820071969,0.121912457953554,0.151621689769269,0,0.314421977784714,-0.12201570018246,0.111067965865467
645,12.88,7,-0.359519295246001,-1.03212483391412,1.948302887749,0,0.53549067823619,0.215703974565361,0.268269557209711,0,0.260790914725417,0.10505063696365,0.130650758381353,0,0.314430164993539,-0.118179879350769,0.113386381463898
646,12.9,7,-0.348760146734033,-1.02779088153867,1.95369299466321,0,0.54028251725341,0.217634201856892,0.270670167684582,0,0.218295966567034,0.0879330108512695,0.109361683912963,0,0.314373452575457,-0.114313754708506,0.115709107713658
647,12.92,7,-0.337913697475516,-1.02342176306458,1.95912683741369,0,0.54421898888325,0.219219873859843,0.272642257104671,0,0.175271816065459,0.0706022138034921,0.0878074902108442,0,0.314250469953168,-0.110424863759359,0.118031803190935
648,12.94,7,-0.326997153602635,-1.01902440938953,1.9645957960904,0,0.547290567483532,0.220457153497376,0.27418105332377,0,0.131824303689329,0.0531008800073969,0.0660412011217429,0,0.314060288786201,-0.106520818900398,0.120350189742727
649,12.96,7,-0.316027890592326,-1.0146058196259,1.97009116594517,0,0.549489844221451,0.221343056376397,0.275282844672606,0,0.0880592699072827,0.0354716436500633,0.0441158404924043,0,0.313802432733908,-0.102609270561294,0.122660068282908
650,12.98,7,-0.305023410930085,-1.01017304404708,1.97560417860122,0,0.550811527073574,0.221875450787551,0.275944979958843,0,0.0440825551879614,0.0177571389185716,0.0220844321695754,0,0.313476883062906,-0.0986978699826113,0.12495733377038
651,13,7,-0.294001301773784,-1.00573316703384,1.98112602326268,0,0.551252440825845,0.222053057705226,0.276165868467077,0,0,0,0,0,0.313084080054996,-0.0947942320023863,0.127237989295481
652,13.02,7,-0.282979192617483,-1.00129329002059,1.98664786792414,0,0.550811527073574,0.221875450787551,0.275944979958843,0,-0.0440825551879604,-0.0177571389185712,-0.0220844321695748,-0,0.312624920222212,-0.0909058982247379,0.129498159207238
653,13.04,7,-0.271974712955242,-0.996860514441775,1.99216088058019,0,0.54948984422145,0.221343056376397,0.275282844672606,0,-0.0880592699072835,-0.0354716436500636,-0.0441158404924047,-0,0.312100749385929,-0.0870403009417639,0.131734101221534
654,13.06,7,-0.261005449944932,-0.99244192467814,1.99765625043496,0,0.547290567483532,0.220457153497376,0.27418105332377,0,-0.131824303689329,-0.053100880007397,-0.0660412011217431,-0,0.311513351725955,-0.0832047281703484,0.13394221745867
655,13.08,7,-0.250088906072052,-0.988044571003089,2.00312520911167,0,0.54421898888325,0.219219873859843,0.272642257104671,0,-0.175271816065458,-0.0706022138034918,-0.0878074902108438,-0,0.310864934952397,-0.079406290149087,0.136119064368023
656,13.1,7,-0.239242456813535,-0.983675452529001,2.00855905186215,0,0.54028251725341,0.217634201856892,0.270670167684582,0,-0.218295966567035,-0.0879330108512697,-0.109361683912963,-0,0.310158111796914,-0.0756518876176427,0.138261361507512
657,13.12,7,-0.228483308301567,-0.979341500153556,2.01394915877636,0,0.53549067823619,0.215703974565361,0.268269557209711,0,-0.260790914725417,-0.10505063696365,-0.130650758381353,-0,0.30939587806,-0.0719481821720127,0.140365999156182
658,13.14,7,-0.217828454987395,-0.975049559506059,2.019287015992,0,0.529855114283139,0.213433881745829,0.265446258303198,0,-0.302650820071969,-0.121912457953554,-0.151621689769269,-0,0.308581587486466,-0.068301568955045,0.142430044749341
659,13.16,7,-0.207294637305143,-0.970806373893766,2.02456423690395,0,0.523389584655181,0.210829465842616,0.262207164065122,0,-0.34376984213805,-0.138475839633902,-0.172221454229965,-0,0.307718923771772,-0.0647181519028354,0.144450748137154
660,13.18,7,-0.19689829933562,-0.96661856724821,2.02977258337391,0,0.516109965422611,0.207897121983784,0.258560228072493,0,-0.384042140455022,-0.154698147817615,-0.192397027916695,-0,0.306811870026844,-0.0612037217251935,0.146425545679331
661,13.2,7,-0.18665554647014,-0.962492627071525,2.03490398693985,0,0.508034249465099,0.204644097981137,0.254514464379259,0,-0.423361874554249,-0.170536748317614,-0.212095386982716,-0,0.30586467604814,-0.0577637367530746,0.14835206320031
662,13.22,7,-0.176582103074325,-0.958434887382772,2.03995057002562,0,0.499182546471684,0.201078494330218,0.2500799475163,0,-0.461623203967088,-0.185949006946818,-0.231263507581278,-0,0.304881823752968,-0.0544033067386559,0.150228117841089
663,13.24,7,-0.166693270151925,-0.954451511664262,2.04490466715043,0,0.489577082940782,0.197209264210316,0.245267812491436,0,-0.498720288224906,-0.200892289518149,-0.249848365865639,-0,0.303867991147219,-0.051127179645542,0.152051718855372
664,13.26,7,-0.157003883008627,-0.950548475807884,2.04975884613843,0,0.479242202180178,0.193046213484458,0.240090254789414,0,-0.534547286859059,-0.215323961844527,-0.267796937989052,-0,0.302828015194041,-0.0479397314183281,0.153821067408884
665,13.28,7,-0.147528268915869,-0.94673155106143,2.05450592932824,0,0.468204364307034,0.188600000699415,0.234560530371924,0,-0.568998359400911,-0.229201389738873,-0.28505620010477,-0,0.301766853947708,-0.0448449586733546,0.155534555451398
666,13.3,7,-0.138280204774654,-0.943006286974917,2.05913901478247,0,0.456492146247883,0.183882137085698,0.228692955677587,0,-0.601967665381823,-0.242481939014107,-0.301573128366049,-0,0.300689548307459,-0.0418464742067752,0.157190763741104
667,13.32,7,-0.129272874779357,-0.939377994346916,2.06365149749728,0,0.444136241738625,0.178904986557559,0.222502907621957,0,-0.633349364333154,-0.255122975483149,-0.317294698926141,-0,0.299601183731824,-0.0389475051728264,0.158788459110312
668,13.34,7,-0.120518828081544,-0.935851728170876,2.0680370906119,0,0.431169461324544,0.173681765712994,0.216006823597527,0,-0.663037615786272,-0.267081864958922,-0.332167887938305,-0,0.298506852235618,-0.0361508937451441,0.16032659106997
669,13.36,7,-0.112029936453778,-0.932432270581447,2.07228984661819,0,0.417626732360287,0.168226543833738,0.209222201473723,0,-0.690926579272533,-0.278315973254345,-0.346139671555791,-0,0.297411614969869,-0.033459100037674,0.16180428785807
670,13.38,7,-0.103817351953442,-0.929124113800807,2.07640417857016,0,0.403545099009879,0.162554242885269,0.202167599596905,0,-0.7169104143233,-0.288782666182338,-0.359157025931855,-0,0.296320465660243,-0.0308742070297572,0.16322085204352
671,13.4,7,-0.0958914645865372,-0.925931443084988,2.08037488129354,0,0.388963722246716,0.156680637516808,0.19486263679037,0,-0.740883280469935,-0.298439309555824,-0.371166927219752,-0,0.295238295152779,-0.0283979272126495,0.164575755802474
672,13.42,7,-0.0882618599715082,-0.9228581196702,2.08419715259525,0,0.373923879853566,0.150622355061313,0.187327992354347,0,-0.762739337243799,-0.307243269187721,-0.382116351572735,-0,0.294169857287584,-0.0260316106524386,0.165868635988337
673,13.44,7,-0.0809372770030488,-0.919907663719156,2.08786661447303,0,0.358468966422574,0.14439687553549,0.179585406066005,0,-0.782372744176253,-0.315151910890951,-0.391952275144059,-0,0.293119736292366,-0.0237762541471939,0.167099289119646
674,13.46,7,-0.0739255655159163,-0.917083237267398,2.09137933432491,0,0.34264449335525,0.138022531639781,0.171657678179441,0,-0.799677660798655,-0.322122600478432,-0.400621674086976,-0,0.292092315858938,-0.0216325111443679,0.168267666411679
675,13.48,7,-0.0672336439487441,-0.914387627169622,2.09473184615877,0,0.326498088862485,0.131518508758371,0.163568669425693,0,-0.814548246642374,-0.328112703763089,-0.408071524554744,-0,0.291091750037704,-0.0196007020779632,0.169373868978019
676,13.5,7,-0.0608674570078537,-0.911823228046,2.09792117180188,0,0.310079497964538,0.12490484495919,0.155343301012731,0,-0.826878661238767,-0.333079586557839,-0.414248802700616,-0,0.290121936058214,-0.0176808247837521,0.170418143327232
677,13.52,7,-0.0548319333310678,-0.909392025228513,2.10094484211045,0,0.29344058249104,0.118202430993904,0.147007554625459,0,-0.836563064119195,-0.336980614675605,-0.419100484677846,-0,0.289186489158546,-0.0158725646547463,0.171400877277414
678,13.54,7,-0.0491309431515244,-0.907095577707268,2.10380091817915,0,0.276635321081,0.111433010297926,0.13858847242572,0,-0.84349561481502,-0.339773153929305,-0.422573546639687,-0,0.288288719482952,-0.0141753042080176,0.172322596407505
679,13.56,7,-0.0437672559614848,-0.904935001076825,2.10648801255066,0,0.259719809182795,0.104619178990407,0.130114157052287,0,-0.847570472857607,-0.341414570131863,-0.424614964739397,-0,0.287431611086046,-0.0125881317476314,0.173183961158984
680,13.58,7,-0.0387424981761506,-0.902910950482527,2.1090053104252,0,0.242752259054176,0.0977843858742399,0.12161377162087,0,-0.848681797778313,-0.341862229096197,-0.425171715130227,-0,0.286617803062938,-0.0111098488266618,0.173985764694827
681,13.6,7,-0.0340571107974749,-0.901023603566821,2.11135259087007,0,0.225792999762266,0.0909529324360605,0.113117539724115,0,-0.846723749108498,-0.341073496635228,-0.424190773965431,-0,0.285849572808198,-0.0097389762337116,0.174728931614466
682,13.62,7,-0.0297103070779745,-0.899272643415581,2.1135302480292,0,0.208904477183564,0.0841499728462468,0.104656745431602,0,-0.841590486379529,-0.339005738561877,-0.421619117398266,-0,0.285128821392027,-0.00847375825583721,0.175414517613794
683,13.64,7,-0.0257000301845415,-0.89765724150444,2.11553931233267,0,0.192151254003938,0.0774015139589158,0.0962637332898457,0,-0.833176169122763,-0.335616320689064,-0.417403721581985,-0,0.284457061029511,-0.00731216499995794,0.176043710168231
684,13.66,7,-0.0220229108622569,-0.896176040645108,2.11738147170629,0,0.17560000971863,0.0707344153119277,0.0879719083222951,0,-0.821374956869563,-0.330862608829711,-0.411491562669842,-0,0.283835404607634,-0.00625189258847243,0.176617830304247
685,13.68,7,-0.0186742250982054,-0.894827137931702,2.11905909278107,0,0.159319540632254,0.0641763891268842,0.0798157360293353,0,-0.806081009151287,-0.324701968796736,-0.403829616815089,-0,0.283264557224639,-0.00529036108161112,0.177138335510762
686,13.7,7,-0.0156478517852822,-0.893608067687069,2.12057524210281,0,0.143380759858802,0.0577560003091291,0.0718307423882865,0,-0.787188485499305,-0.317091766403062,-0.394364860170986,-0,0.282744809686436,-0.00442471001877519,0.177606823826319
687,13.72,7,-0.0129362303860128,-0.892515784409113,2.12193370734165,0,0.127856697321631,0.0515026664477469,0.0640535138534032,0,-0.764591545444973,-0.30798936746161,-0.383044268890784,-0,0.282276033894602,-0.00365179151348627,0.178025039121003
688,13.74,7,-0.0105303185963589,-0.891546645717116,2.12313901850154,0,0.112822499753477,0.045446657815564,0.0565216973558745,0,-0.738184348519651,-0.297352137785299,-0.369814819127737,-0,0.281857680049109,-0.00296816088131391,0.178394877573656
689,13.76,7,-0.00841955000953465,-0.89069639529807,2.12419646912986,0,0.0983554306964407,0.0396190973691471,0.0492740003038233,0,-0.707861054254701,-0.285137443187049,-0.354623487035099,-0,0.281488775575591,-0.00237006482704754,0.17871839532506
690,13.78,7,-0.00659179177981994,-0.889960145852995,2.1251121375269,0,0.0845348705020108,0.034051960748809,0.042350190582313,0,-0.673515822181489,-0.271302649479783,-0.337417248766127,-0,0.281167925670666,-0.00185342726612952,0.178997817266466
691,13.8,7,-0.00503330228636722,-0.889332362043269,2.12589290795544,0,0.071442316331028,0.0287780762785967,0.0357910965533325,0,-0.635042811831372,-0.25580512247642,-0.318143080474073,-0,0.280893315338815,-0.00141383290575007,0.179235546900048
692,13.82,7,-0.00372868879702248,-0.88880684343695,2.12654649185025,0,0.0591613821537266,0.0238311249663069,0.0296386070558158,0,-0.592336182735716,-0.238602227989882,-0.296747958312193,-0,0.280662712769575,-0.0010465087627627,0.179434177183662
693,13.84,7,-0.00266086513213193,-0.888376707455106,2.12708144902766,0,0.0477777987496969,0.019245640503471,0.0239356714056234,0,-0.545290094425872,-0.219651331833086,-0.273178858433738,-0,0.280473473873614,-0.000746303848446692,0.17959650224663
694,13.86,7,-0.00181100932835443,-0.888034372318132,2.12750720889508,0,0.0373794137079075,0.0150570092653644,0.0187262993955536,0,-0.493798706433212,-0.198909799818957,-0.247382756991965,-0,0.280322547759727,-0.000507667303949156,0.179725529836165
695,13.88,7,-0.00115852130248062,-0.887771539992085,2.12783409166055,0,0.0280561914267102,0.0113014703110083,0.0140555612953446,0,-0.437756178289095,-0.176334997760413,-0.219306630140129,-0,0.280206482891411,-0.000324625324757182,0.179824494325509
696,13.9,7,-0.000680980515234464,-0.887579179135001,2.12807332954227,0,0.0199002131138135,0.00801611538315886,0.00996958785166174,0,-0.377056669524877,-0.151884291470375,-0.188897454031481,-0,0.280121433610852,-0.000190757267675442,0.179896870084847
697,13.92,7,-0.000354103635093694,-0.887447508043223,2.12823708797816,0,0.0130056767863076,0.00523888890831753,0.00651557028810957,0,-0.311594339671932,-0.125515046761765,-0.156102204819281,-0,0.280063166659593,-9.91713895150261e-05,0.179946384984534
698,13.94,7,-0.000151702202104476,-0.887365977597731,2.12833848683534,0,0.00746889727065224,0.003008587996726,0.00374176030522594,0,-0.241263348261604,-0.0971846294475007,-0.120867858656776,-0,0.280027067258871,-4.24807230779064e-05,0.179977033767163
699,13.96,7,-4.56402916867438e-05,-0.887323254210459,2.12839162161976,0,0.00338830620268254,0.00136486244236865,0.00169747008048502,0,-0.165957854825264,-0.0668504053405041,-0.0831413916972239,-0,0.280008144238741,-1.27796533865935e-05,0.179993090990303
700,13.98,7,-5.79217844631774e-06,-0.887307202770622,2.12841158468565,0,0.000864452027605099,0.000348214722970884,0.000433072268295153,0,-0.085572018894278,-0.0344697402536979,-0.0428697800938816,-0,0.280001033624238,-1.62181595192314e-06,0.179999123205395
701,14,7,0,-0.887304869591048,2.12841448644512,0,0,0,0,0,0,0,0,0,0.28,0,0.18
